epoch_ms,online_tick,tick_ms,engine_ms
1790164757437,1,14.0774,0.5183
1790164757476,2,0.7850,0.0306
1790164757533,3,14.0535,0.0269
1790164757573,4,4.9493,0.0299
1790164757624,5,6.1231,0.0301
1790164757674,6,5.2283,0.0249
1790164757725,7,6.9407,0.0307
1790164757774,8,5.5262,0.0313
1790164757819,9,0.6489,0.0257
1790164757875,10,5.7320,0.0318
1790164757919,11,0.6621,0.0264
1790164757969,12,0.8362,0.0280
1790164758019,13,0.8036,0.0290
1790164758068,14,0.6398,0.0278
1790164758118,15,0.6740,0.0273
1790164758169,16,0.6652,0.0284
1790164758219,17,0.6496,0.0261
1790164758269,18,0.3554,0.0159
1790164758318,19,0.3729,0.0153
1790164758370,20,1.0658,0.0209
1790164758419,21,0.5067,0.0198
1790164758469,22,0.6961,0.0290
1790164758519,23,0.4672,0.0164
1790164758569,24,0.4698,0.0200
1790164758619,25,0.5462,0.0250
1790164758669,26,0.5425,0.0223
1790164758718,27,0.4577,0.0171
1790164758768,28,0.5192,0.0147
1790164758818,29,0.5272,0.0192
1790164758869,30,0.3847,0.0145
1790164758919,31,0.3142,0.0104
1790164758969,32,0.3861,0.0130
1790164759019,33,0.3138,0.0109
1790164759069,34,0.3319,0.0108
1790164759119,35,0.7469,0.0248
1790164759169,36,0.4433,0.0258
1790164759219,37,0.3895,0.0202
1790164759269,38,0.3470,0.0168
1790164759319,39,0.3143,0.0155
1790164759368,40,0.2996,0.0124
1790164759418,41,0.2504,0.0109
1790164759469,42,0.4648,0.0218
1790164759519,43,0.6871,0.0188
1790164759569,44,0.4129,0.0179
1790164759619,45,0.2546,0.0127
1790164759669,46,0.2718,0.0407
1790164759718,47,0.5292,0.0441
1790164759769,48,0.5160,0.0271
1790164759819,49,0.4415,0.0233
1790164759869,50,0.4836,0.0280
1790164759918,51,0.3012,0.0165
1790164759969,52,0.3250,0.0165
1790164760019,53,0.2554,0.0125
1790164760069,54,0.2400,0.0124
1790164760119,55,0.4912,0.0284
1790164760169,56,0.5498,0.0304
1790164760218,57,0.5278,0.0277
1790164760269,58,0.5551,0.0302
1790164760318,59,0.5383,0.0283
1790164760369,60,0.5533,0.0268
1790164760419,61,0.4748,0.0272
1790164760469,62,0.4602,0.0271
1790164760519,63,0.4906,0.0312
1790164760569,64,0.5838,0.0312
1790164760620,65,0.7350,0.0318
1790164760669,66,0.6931,0.0317
1790164760719,67,0.4827,0.0276
1790164760769,68,0.4855,0.0311
1790164760819,69,0.4882,0.0307
1790164760869,70,0.5524,0.0302
1790164760918,71,0.4517,0.0270
1790164760969,72,0.5417,0.0315
1790164761018,73,0.4408,0.0268
1790164761069,74,0.3369,0.0191
1790164761118,75,0.4749,0.0351
1790164761169,76,0.4542,0.0420
1790164761218,77,0.6723,0.0298
1790164761269,78,0.5062,0.0269
1790164761318,79,0.3186,0.0231
1790164761369,80,0.3965,0.0197
1790164761419,81,0.3612,0.0211
1790164761469,82,0.2899,0.0211
1790164761518,83,0.3535,0.0286
1790164761569,84,0.3223,0.0228
1790164761619,85,0.3964,0.0264
1790164761670,86,0.4208,0.0220
1790164761718,87,0.3683,0.0171
1790164761769,88,0.2089,0.0149
1790164761819,89,0.2270,0.0149
1790164761869,90,0.3484,0.0226
1790164761918,91,0.2172,0.0170
1790164761969,92,0.2473,0.0175
1790164762019,93,0.3245,0.0266
1790164762069,94,0.3109,0.0265
1790164762119,95,0.4086,0.0313
1790164762169,96,0.2881,0.0247
1790164762218,97,0.2530,0.0207
1790164762269,98,0.2688,0.0207
1790164762319,99,0.2533,0.0206
1790164762368,100,0.2561,0.0170
1790164762419,101,0.2604,0.0176
1790164762468,102,0.4151,0.0141
1790164762518,103,0.2622,0.0215
1790164762569,104,0.2379,0.0181
1790164762619,105,0.2157,0.0146
1790164762669,106,0.1756,0.0130
1790164762718,107,0.1871,0.0120
1790164762769,108,0.1554,0.0108
1790164762819,109,0.2088,0.0147
1790164762868,110,0.3448,0.0221
1790164762919,111,0.2537,0.0156
1790164762969,112,0.2615,0.0163
1790164763019,113,0.2204,0.0155
1790164763069,114,0.2129,0.0147
1790164763870,115,2.0214,0.0470
1790164763876,116,5.1823,4.8231
1790164763876,117,0.2643,0.0185
1790164763877,118,0.1038,0.0095
1790164763877,119,0.0738,0.0090
1790164763877,120,0.4148,0.3274
1790164763877,121,0.2444,0.0092
1790164763878,122,0.2019,0.1098
1790164763878,123,0.0890,0.0074
1790164763878,124,0.2098,0.1585
1790164763878,125,0.0598,0.0070
1790164763878,126,0.1585,0.0103
1790164763878,127,0.0830,0.0083
1790164763879,128,0.7801,0.0141
1790164763879,129,0.1541,0.0102
1790164763880,130,0.3214,0.1697
1790164763919,131,0.6193,0.0283
1790164763969,132,0.5398,0.2464
1790164764018,133,0.2802,0.0261
1790164764069,134,0.4544,0.1843
1790164764119,135,0.3177,0.0298
1790164764169,136,0.5644,0.2994
1790164764219,137,0.3402,0.0243
1790164764269,138,0.4594,0.1849
1790164764319,139,0.2429,0.0226
1790164764369,140,0.4507,0.2266
1790164764420,141,0.2384,0.0156
1790164764468,142,0.3119,0.1376
1790164764519,143,0.1706,0.0131
1790164764569,144,0.4549,0.0273
1790164764619,145,0.4013,0.0169
1790164764668,146,0.2977,0.0134
1790164764719,147,0.2407,0.0118
1790164764769,148,0.3646,0.2206
1790164764819,149,0.1787,0.0144
1790164764869,150,0.3624,0.1910
1790164764920,151,0.5696,0.0248
1790164764969,152,0.4940,0.2423
1790164765019,153,0.2159,0.0156
1790164765069,154,0.1967,0.0134
1790164765119,155,0.3521,0.0261
1790164765168,156,0.5150,0.1994
1790164765219,157,0.2863,0.0175
1790164765269,158,0.4678,0.1390
1790164765319,159,0.2235,0.0157
1790164765369,160,0.9035,0.6061
1790164765419,161,0.2529,0.0134
1790164765469,162,0.2300,0.0142
1790164765520,163,0.2027,0.0116
1790164765569,164,0.4690,0.2805
1790164765619,165,0.3932,0.0195
1790164765669,166,0.3578,0.1380
1790164765718,167,0.3246,0.0134
1790164765768,168,0.3936,0.1305
1790164765819,169,0.1963,0.0124
1790164765868,170,0.3514,0.1754
1790164765919,171,0.4346,0.0168
1790164765969,172,0.5871,0.0172
1790164766019,173,0.2578,0.0211
1790164766069,174,0.2175,0.0162
1790164766119,175,0.3405,0.0275
1790164766169,176,0.5027,0.1893
1790164766219,177,0.3246,0.0265
1790164766269,178,0.4182,0.1430
1790164766319,179,0.4070,0.0227
1790164766369,180,0.4835,0.2518
1790164766418,181,0.2950,0.0188
1790164766469,182,0.2290,0.0162
1790164766519,183,0.2313,0.0178
1790164766568,184,0.3950,0.1475
1790164766618,185,0.3264,0.0259
1790164766670,186,0.4445,0.1527
1790164766719,187,0.3342,0.0256
1790164766768,188,0.4903,0.1657
1790164766819,189,0.2722,0.0265
1790164766868,190,0.4935,0.2600
1790164766919,191,0.2363,0.0304
1790164766969,192,0.4200,0.1851
1790164767019,193,0.2747,0.0380
1790164767069,194,0.3983,0.1585
1790164767118,195,0.2717,0.0259
1790164767169,196,0.4309,0.1652
1790164767219,197,0.2428,0.0170
1790164767268,198,0.2669,0.1025
1790164767319,199,0.1618,0.0142
1790164767369,200,0.2691,0.0857
1790164767419,201,0.2466,0.0155
1790164767469,202,0.4856,0.1218
1790164767520,203,1.2452,0.0131
1790164767575,204,6.0015,0.1198
1790164767620,205,1.0222,0.0276
1790164767671,206,2.5562,0.1232
1790164767719,207,0.2291,0.0173
1790164767771,208,1.9865,0.1606
1790164767820,209,1.4285,0.0278
1790164767869,210,0.4515,0.1743
1790164767919,211,0.2727,0.0177
1790164767969,212,0.3330,0.1332
1790164768019,213,0.2152,0.0190
1790164768076,214,8.0921,7.8546
1790164768121,215,2.5683,0.8648
1790164768170,216,1.9635,0.0408
1790164768222,217,3.9157,7.3907
1790164768279,218,5.6056,0.0432
1790164768325,219,3.8253,0.0427
1790164768430,220,0.6461,0.0697
1790164768431,221,0.2292,0.0151
1790164768482,222,5.1249,0.0433
1790164768530,223,7.9842,0.0816
1790164768571,224,0.6885,0.0486
1790164768621,225,0.4199,0.0447
1790164768671,226,0.4169,0.0432
1790164768723,227,2.4221,1.6178
1790164768788,228,3.6277,0.3541
1790164768823,229,0.3793,0.0428
1790164768871,230,0.5942,1.5404
1790164768923,231,4.7592,1.0416
1790164768988,232,0.4955,0.3632
1790164769026,233,3.7127,0.0436
1790164769070,234,1.4103,12.2510
1790164769193,235,6.8272,5.0666
1790164769196,236,1.9157,0.8494
1790164769218,237,0.3980,0.0392
1790164769277,238,0.7275,0.1024
1790164769320,239,2.2469,27.2683
1790164769390,240,20.7947,11.7982
1790164769429,241,8.8982,2.7767
1790164769473,242,0.4281,0.0691
1790164769520,243,1.1625,0.4079
1790164769570,244,1.3362,0.0396
1790164769621,245,2.3441,0.0378
1790164769672,246,0.4940,0.9203
1790164769720,247,0.3874,0.0387
1790164769769,248,0.4198,0.0401
1790164769832,249,0.7082,0.0830
1790164769874,250,0.7924,0.3450
1790164769921,251,0.4572,0.0473
1790164769983,252,0.5016,0.0382
1790164770019,253,0.4902,0.0424
1790164770077,254,7.9518,7.3984
1790164770120,255,0.4757,0.5560
1790164770177,256,1.4780,0.1043
1790164770243,257,0.6283,0.0406
1790164770275,258,0.4359,0.0912
1790164770322,259,0.4527,0.0456
1790164770370,260,0.6178,0.2276
1790164770421,261,0.4037,0.0370
1790164770470,262,0.4495,0.0401
1790164770520,263,0.4027,0.0391
1790164770569,264,0.6208,0.2879
1790164770620,265,0.4388,0.0404
1790164770669,266,1.0640,0.0387
1790164770719,267,0.4205,0.0469
1790164770769,268,0.4110,0.0438
1790164770819,269,0.4349,0.0455
1790164770868,270,1.1918,0.8048
1790164770919,271,0.4103,0.0500
1790164770976,272,0.4513,0.0421
1790164771019,273,0.5396,0.0616
1790164771068,274,0.4074,0.0482
1790164771119,275,1.7618,0.0421
1790164771172,276,1.0325,0.0371
1790164771219,277,0.4028,0.0408
1790164771283,278,0.3834,0.0450
1790164771319,279,0.4920,0.0485
1790164771368,280,0.7437,0.3279
1790164771426,281,6.4557,1.4110
1790164771469,282,0.5151,1.0240
1790164771519,283,0.4115,0.5691
1790164771568,284,0.3707,0.0376
1790164771623,285,0.4059,0.0487
1790164771669,286,0.3829,0.7650
1790164771718,287,0.3987,0.0401
1790164771769,288,0.5703,0.2062
1790164771818,289,0.4204,0.0477
1790164771869,290,0.5692,0.2067
1790164771919,291,0.3658,0.0361
1790164771969,292,0.5606,0.2203
1790164772018,293,0.3937,0.0393
1790164772068,294,0.4070,0.0510
1790164772122,295,0.4528,1.2459
1790164772168,296,0.5942,0.2025
1790164772219,297,0.3814,0.0378
1790164772274,298,0.6138,0.1633
1790164772319,299,0.6022,0.0385
1790164772369,300,0.6455,0.2367
1790164772419,301,0.4610,0.0389
1790164772469,302,0.3739,0.0387
1790164772519,303,0.9370,0.0355
1790164772569,304,0.3721,0.0417
1790164772619,305,0.3560,0.0390
1790164772669,306,0.4835,0.1670
1790164772719,307,0.3492,0.0369
1790164772768,308,0.8964,0.5021
1790164772819,309,0.2965,0.0330
1790164772869,310,0.4643,0.1659
1790164772919,311,0.3575,0.0383
1790164772969,312,0.4248,0.0404
1790164773019,313,0.3048,0.0349
1790164773068,314,0.4844,0.1277
1790164773119,315,0.3827,0.0364
1790164773169,316,0.4243,0.1482
1790164773219,317,0.3538,0.0405
1790164773269,318,0.3843,0.0416
1790164773319,319,0.2880,0.0338
1790164773369,320,0.7149,0.3138
1790164773419,321,0.3665,1.1024
1790164773468,322,0.4610,0.4428
1790164773519,323,0.3969,0.5203
1790164773569,324,0.5493,0.2283
1790164773619,325,0.3975,0.0672
1790164773669,326,0.4258,0.6310
1790164773718,327,0.3511,0.0304
1790164773769,328,0.3567,0.0333
1790164773819,329,0.3535,0.0351
1790164773869,330,0.6001,0.2185
1790164773919,331,0.6963,0.0330
1790164773969,332,0.4575,0.1656
1790164774019,333,0.3828,0.2682
1790164774068,334,0.6080,2.8744
1790164774119,335,0.3555,5.5884
1790164774169,336,0.5818,0.2183
1790164774219,337,0.3621,0.0296
1790164774269,338,0.3572,0.0274
1790164774319,339,0.4847,0.1848
1790164774369,340,0.6497,0.3034
1790164774419,341,0.3475,0.0325
1790164774469,342,0.5025,0.1801
1790164774519,343,0.3573,0.0308
1790164774568,344,0.3549,0.0310
1790164774619,345,0.5382,0.2019
1790164774669,346,0.3558,0.0334
1790164774719,347,0.3509,0.0296
1790164774769,348,0.4644,0.1490
1790164774818,349,0.3458,0.0295
1790164774869,350,0.5033,0.2112
1790164774919,351,0.3417,0.0292
1790164774968,352,0.5877,0.2234
1790164775019,353,0.3830,0.0353
1790164775069,354,0.5954,0.2564
1790164775118,355,0.3531,0.0338
1790164775169,356,0.3544,0.0325
1790164775219,357,0.3905,0.0347
1790164775269,358,0.4992,0.1630
1790164775319,359,0.3074,0.0294
1790164775369,360,0.6855,1.6344
1790164775426,361,0.3975,0.5797
1790164775468,362,0.4693,0.7117
1790164775518,363,0.3544,0.0329
1790164775569,364,0.3871,0.0292
1790164775619,365,0.3832,0.0406
1790164775668,366,0.4930,0.6979
1790164775719,367,0.3708,0.0316
1790164775769,368,0.5141,0.1599
1790164775819,369,0.3605,0.0366
1790164775873,370,2.6963,0.2463
1790164775919,371,0.3755,0.0329
1790164775968,372,0.5606,0.0623
1790164776020,373,0.4021,0.6081
1790164776073,374,0.3767,1.1915
1790164776118,375,0.3600,0.0322
1790164776169,376,0.4960,0.1632
1790164776220,377,0.4004,0.0336
1790164776269,378,0.6510,0.2974
1790164776319,379,0.8417,0.4812
1790164776369,380,0.6743,0.5652
1790164776419,381,0.4157,0.0753
1790164776469,382,0.4415,0.0766
1790164776519,383,0.4211,0.0367
1790164776569,384,1.0359,0.1759
1790164776618,385,0.6165,0.1174
1790164776669,386,0.6739,0.7204
1790164776719,387,0.3098,0.5600
1790164776768,388,0.3948,0.0253
1790164776819,389,0.3091,0.0216
1790164776869,390,0.4471,0.1649
1790164776919,391,0.3141,0.0240
1790164776969,392,0.4986,0.7390
1790164777019,393,0.3268,0.0242
1790164777069,394,0.4271,0.1844
1790164777120,395,0.3515,0.0244
1790164777169,396,0.2822,0.0255
1790164777219,397,0.3378,0.0210
1790164777268,398,0.2621,0.0235
1790164777319,399,0.4563,0.0438
1790164777369,400,0.6405,1.4403
1790164777419,401,0.3617,0.3115
1790164777469,402,0.5425,0.8142
1790164777519,403,0.5456,0.0268
1790164777569,404,0.4955,0.1518
1790164777619,405,0.3805,0.0324
1790164777669,406,0.3544,1.4200
1790164777719,407,0.3162,0.0249
1790164777768,408,0.4724,0.1784
1790164777819,409,0.3202,0.0281
1790164777869,410,0.5178,0.1867
1790164777919,411,0.3102,0.0246
1790164777969,412,0.4836,0.1791
1790164778019,413,0.3440,0.6215
1790164778068,414,0.4836,1.1992
1790164778119,415,0.3567,0.0239
1790164778169,416,0.3322,0.0235
1790164778219,417,0.3314,0.0232
1790164778269,418,0.3201,0.0280
1790164778318,419,0.3365,0.0408
1790164778370,420,0.7892,0.9635
1790164778419,421,0.3552,0.0691
1790164778469,422,0.6090,0.2088
1790164778518,423,0.3244,0.0257
1790164778568,424,0.5001,0.1837
1790164778619,425,0.4092,0.0888
1790164778669,426,0.3872,0.5086
1790164778719,427,0.3332,0.5635
1790164778769,428,0.3674,0.0241
1790164778820,429,0.3390,0.0304
1790164778869,430,0.5687,0.2573
1790164778918,431,0.3514,0.0421
1790164778969,432,0.4877,0.6467
1790164779020,433,0.3124,0.0256
1790164779069,434,0.5743,0.2667
1790164779120,435,0.5481,0.0308
1790164779169,436,0.5285,0.2036
1790164779218,437,0.3342,0.0312
1790164779269,438,0.4831,0.1658
1790164779319,439,0.3187,0.0409
1790164779369,440,0.4434,1.0462
1790164779419,441,0.3360,0.5238
1790164779468,442,0.3112,0.5296
1790164779519,443,0.2935,0.0353
1790164779569,444,0.3354,0.0237
1790164779618,445,0.3339,0.0385
1790164779669,446,0.3043,0.5700
1790164779719,447,0.2979,0.0221
1790164779769,448,0.5411,0.2438
1790164779818,449,0.3356,0.0304
1790164779869,450,0.3408,0.0236
1790164779919,451,0.3175,0.0256
1790164779969,452,0.5059,0.2244
1790164780019,453,0.3236,0.5519
1790164780068,454,0.3411,0.9719
1790164780119,455,0.3695,0.0258
1790164780169,456,0.4432,0.1628
1790164780218,457,0.3237,0.0271
1790164780269,458,0.3237,0.0250
1790164780318,459,0.4417,0.1441
1790164780369,460,0.7311,0.8379
1790164780418,461,0.3634,0.0738
1790164780469,462,0.3684,0.0254
1790164780518,463,0.3780,0.0308
1790164780569,464,0.5257,0.2298
1790164780618,465,0.3889,0.0794
1790164780668,466,0.3334,0.5183
1790164780718,467,0.3701,0.5162
1790164780769,468,0.3408,0.0322
1790164780818,469,0.3514,0.0565
1790164780870,470,0.4958,0.1748
1790164780918,471,0.3364,0.0919
1790164780969,472,0.4413,0.5828
1790164781018,473,0.3595,0.0713
1790164781069,474,0.3172,0.0241
1790164781119,475,0.3251,0.0228
1790164781169,476,0.3341,0.0259
1790164781219,477,0.2992,0.0218
1790164781269,478,0.5127,0.2115
1790164781318,479,0.3839,0.0792
1790164781369,480,0.5669,1.3072
1790164781419,481,0.3629,0.5969
1790164781468,482,0.3466,0.5413
1790164781518,483,0.3396,0.0218
1790164781570,484,0.4445,0.0250
1790164781619,485,0.4181,0.0791
1790164781670,486,0.4821,0.7008
1790164781721,487,3.0219,0.0692
1790164781768,488,0.4950,0.1660
1790164781819,489,0.4357,0.0215
1790164781870,490,0.3672,0.0221
1790164781919,491,0.3619,0.0247
1790164781969,492,0.3242,0.0348
1790164782019,493,0.3324,2.6260
1790164782069,494,0.4456,1.1301
1790164782119,495,0.3184,0.0230
1790164782169,496,0.5007,0.1964
1790164782219,497,0.3284,0.0217
1790164782269,498,0.4598,0.1509
1790164782319,499,0.3455,0.0667
1790164782369,500,0.4287,0.5100
1790164782419,501,0.2826,3.5011
1790164782469,502,0.3081,0.0199
1790164782520,503,0.6021,0.0253
1790164782569,504,0.4966,0.1533
1790164782619,505,0.3687,0.0635
1790164782669,506,0.4594,0.7475
1790164782719,507,0.3188,0.5172
1790164782769,508,0.5879,0.2844
1790164782819,509,0.3082,0.0214
1790164782870,510,0.5447,0.2205
1790164782919,511,0.3246,0.0339
1790164782969,512,0.5429,0.6548
1790164783019,513,0.3932,0.0704
1790164783069,514,0.6068,0.2257
1790164783119,515,0.3580,0.0212
1790164783169,516,0.4544,0.1509
1790164783219,517,0.2974,0.0231
1790164783269,518,0.3246,0.5008
1790164783320,519,0.3355,0.0666
1790164783369,520,0.5642,1.2050
1790164783419,521,0.2960,0.5300
1790164783469,522,0.4384,0.6018
1790164783519,523,0.3149,0.0267
1790164783569,524,0.4511,0.1578
1790164783619,525,0.4039,0.0720
1790164783669,526,0.4518,3.5580
1790164783719,527,0.2553,0.3756
1790164783769,528,0.3144,0.0201
1790164783819,529,0.3161,0.0193
1790164783868,530,0.5409,0.2300
1790164783919,531,0.4029,0.1624
1790164783969,532,0.5159,0.2074
1790164784019,533,0.3363,0.0594
1790164784069,534,0.2833,0.4081
1790164784119,535,0.3213,0.0215
1790164784169,536,0.2667,0.0196
1790164784219,537,0.2965,0.3729
1790164784269,538,0.4968,0.1783
1790164784319,539,0.4681,0.1789
1790164784369,540,0.6687,0.7372
1790164784419,541,0.3236,0.0512
1790164784468,542,0.5856,0.2882
1790164784519,543,0.3014,0.0235
1790164784569,544,0.3340,0.0263
1790164784619,545,0.3614,0.0584
1790164784669,546,0.3387,0.5552
1790164784719,547,0.3572,0.4767
1790164784768,548,0.4877,0.1901
1790164784819,549,0.3038,0.0187
1790164784869,550,0.5706,0.2453
1790164784919,551,0.3110,0.0312
1790164784968,552,0.4133,0.5523
1790164785019,553,0.3726,0.0503
1790164785070,554,0.2983,0.0206
1790164785119,555,0.3436,0.0192
1790164785168,556,0.4754,0.1815
1790164785219,557,0.3438,0.0257
1790164785269,558,0.4961,0.1942
1790164785318,559,0.3852,0.0671
1790164785369,560,0.6116,1.1451
1790164785418,561,0.3298,0.0358
1790164785468,562,0.3202,0.4850
1790164785518,563,0.3085,0.0195
1790164785568,564,0.5096,0.2192
1790164785619,565,0.3721,0.0713
1790164785668,566,0.5207,0.6863
1790164785719,567,0.3900,1.2046
1790164785769,568,0.4351,0.1400
1790164785819,569,0.3587,0.0208
1790164785869,570,0.5474,0.2680
1790164785919,571,0.3495,0.0640
1790164785969,572,0.3460,0.4757
1790164786018,573,0.2643,0.0193
1790164786069,574,0.3018,0.0218
1790164786122,575,0.3399,0.0245
1790164786169,576,0.4784,0.1497
1790164786219,577,0.3398,0.0226
1790164786268,578,0.3254,0.0224
1790164786318,579,0.3836,0.0685
1790164786369,580,0.6237,0.8044
1790164786419,581,0.3581,0.4914
1790164786468,582,0.3187,0.0215
1790164786518,583,0.3179,0.0222
1790164786569,584,0.4393,0.1479
1790164786620,585,0.3489,0.0626
1790164786668,586,0.3277,0.5465
1790164786720,587,0.2628,0.5952
1790164786769,588,0.4539,0.1427
1790164786818,589,0.3036,0.0199
1790164786868,590,0.4691,0.1535
1790164786919,591,0.4947,0.7547
1790164786968,592,0.6373,0.2962
1790164787019,593,0.3485,0.0560
1790164787069,594,0.3475,0.0221
1790164787119,595,0.3136,0.0210
1790164787169,596,0.4492,0.1375
1790164787219,597,0.3039,0.0190
1790164787268,598,0.4498,0.1499
1790164787319,599,1.3547,0.9344
1790164787369,600,0.4801,1.2577
1790164787421,601,2.8269,0.0321
1790164787469,602,0.4458,0.6112
1790164787519,603,0.3049,0.0202
1790164787569,604,0.4472,0.0209
1790164787619,605,0.3512,0.0598
1790164787669,606,0.4487,0.6155
1790164787719,607,0.2562,0.4891
1790164787769,608,0.5008,0.6743
1790164787819,609,0.3164,0.0187
1790164787869,610,0.4755,0.1464
1790164787918,611,0.3901,0.0528
1790164787969,612,0.2743,0.0203
1790164788019,613,0.3322,0.0270
1790164788069,614,0.4028,0.1711
1790164788119,615,0.3291,0.0217
1790164788169,616,0.4419,0.1471
1790164788219,617,0.3716,0.0567
1790164788269,618,0.2991,0.0236
1790164788319,619,0.3915,0.0712
1790164788369,620,0.6861,3.6315
1790164788419,621,0.3881,0.5945
1790164788469,622,0.3256,0.0208
1790164788519,623,0.3136,0.0227
1790164788568,624,0.7783,0.1910
1790164788619,625,0.3956,0.0696
1790164788668,626,0.3625,0.5855
1790164788719,627,0.3210,0.5381
1790164788768,628,0.3137,0.0204
1790164788818,629,0.3032,0.0215
1790164788868,630,0.5348,0.2150
1790164788919,631,0.3110,0.0275
1790164788969,632,0.9452,0.6116
1790164789019,633,0.3518,0.0583
1790164789069,634,0.4369,0.1401
1790164789119,635,0.3481,0.0208
1790164789168,636,0.5447,0.2378
1790164789219,637,0.3260,0.0207
1790164789268,638,0.4234,0.0595
1790164789318,639,0.3571,0.0663
1790164789369,640,0.6834,1.4501
1790164789419,641,0.3080,0.0296
1790164789469,642,0.4620,0.6285
1790164789519,643,0.2652,0.0197
1790164789569,644,0.3699,0.0243
1790164789618,645,0.3633,0.0572
1790164789669,646,0.3371,0.5234
1790164789719,647,0.3072,0.4730
1790164789768,648,0.4434,0.6500
1790164789819,649,0.3697,0.0231
1790164789868,650,0.4309,0.1622
1790164789918,651,0.2971,0.0456
1790164789969,652,0.5532,0.2155
1790164790019,653,0.3007,0.0229
1790164790069,654,0.3352,0.0222
1790164790119,655,0.3119,0.4959
1790164790169,656,0.2948,0.0223
1790164790219,657,0.3213,0.0201
1790164790269,658,0.4861,0.6620
1790164790319,659,0.3531,0.0672
1790164790368,660,0.8700,0.9535
1790164790419,661,0.3344,0.5728
1790164790469,662,0.3483,0.0222
1790164790519,663,0.3028,0.0227
1790164790568,664,0.4732,0.1826
1790164790620,665,0.3672,0.0583
1790164790669,666,0.5184,0.6690
1790164790718,667,0.2770,0.5024
1790164790769,668,0.3501,0.1057
1790164790818,669,0.3117,0.5072
1790164790869,670,0.4903,0.1809
1790164790918,671,0.3362,0.0547
1790164790969,672,0.3483,0.0251
1790164791019,673,0.3218,0.4935
1790164791069,674,0.3358,0.5109
1790164791118,675,0.3301,0.0207
1790164791168,676,0.3200,0.8833
1790164791219,677,0.3049,0.0186
1790164791269,678,0.4390,0.1160
1790164791319,679,0.4057,0.1671
1790164791369,680,0.6185,0.6845
1790164791419,681,0.3561,0.0299
1790164791468,682,0.3950,0.4517
1790164791519,683,0.2825,0.0164
1790164791569,684,0.4236,0.1508
1790164791619,685,0.3479,0.0547
1790164791669,686,0.4593,0.6420
1790164791719,687,0.3124,0.5036
1790164791769,688,0.2707,0.4507
1790164791819,689,0.2950,0.0190
1790164791868,690,0.5761,0.2694
1790164791919,691,0.3086,0.0170
1790164791969,692,0.4139,0.1299
1790164792019,693,0.3134,0.0186
1790164792069,694,0.3547,0.1080
1790164792118,695,0.3144,0.5173
1790164792169,696,0.4234,0.1132
1790164792219,697,0.3086,0.0260
1790164792269,698,0.3501,0.4850
1790164792318,699,0.4759,0.6117
1790164792369,700,0.4297,0.1617
1790164792419,701,0.4797,0.2023
1790164792469,702,0.4468,0.1164
1790164792519,703,0.3128,0.0182
1790164792568,704,0.4290,0.1162
1790164792619,705,0.5793,0.0516
1790164792669,706,0.3906,0.0888
1790164792719,707,0.3409,0.0529
1790164792769,708,0.6191,0.2373
1790164792818,709,0.3104,0.4660
1790164792869,710,0.4229,0.1147
1790164792919,711,0.3044,0.0227
1790164792968,712,0.3903,0.5854
1790164793018,713,0.3199,0.2936
1790164793069,714,0.3754,0.0732
1790164793118,715,0.3493,0.0258
1790164793168,716,0.4302,0.1526
1790164793219,717,0.3037,0.0220
1790164793268,718,0.3122,3.9723
1790164793319,719,0.4625,0.1628
1790164793369,720,0.4993,0.7435
1790164793419,721,0.3057,0.0308
1790164793469,722,0.4099,0.5693
1790164793518,723,0.3141,0.0158
1790164793569,724,0.4323,0.1345
1790164793619,725,0.3531,0.0501
1790164793669,726,0.3508,0.5024
1790164793719,727,0.6048,0.4301
1790164793769,728,0.3003,0.0175
1790164793818,729,0.2456,0.0166
1790164793869,730,0.7822,0.4764
1790164793918,731,0.3890,0.1476
1790164793968,732,0.4334,0.1181
1790164794019,733,0.3190,0.0256
1790164794069,734,0.5000,0.1436
1790164794119,735,0.3129,0.0172
1790164794169,736,0.4506,0.1509
1790164794219,737,0.2896,0.0193
1790164794269,738,0.3889,0.5381
1790164794319,739,0.6847,0.4602
1790164794369,740,0.4611,0.1345
1790164794418,741,0.3904,0.1425
1790164794469,742,0.4336,0.1322
1790164794519,743,0.3069,0.0181
1790164794569,744,0.3294,0.0199
1790164794618,745,0.3364,0.0434
1790164794669,746,0.3553,0.0509
1790164794719,747,0.3332,0.0487
1790164794768,748,0.4056,0.1229
1790164794819,749,0.3052,0.4777
1790164794869,750,0.4565,0.1401
1790164794919,751,0.3161,0.0303
1790164794969,752,0.3928,0.6039
1790164795018,753,0.3081,0.3446
1790164795068,754,0.5141,0.6533
1790164795119,755,0.3329,0.0191
1790164795169,756,0.4376,0.1136
1790164795219,757,0.3614,0.0751
1790164795269,758,0.3694,0.0230
1790164795318,759,0.4187,0.0825
1790164795369,760,0.4865,0.6464
1790164795419,761,0.3154,0.0302
1790164795469,762,0.3146,0.4594
1790164795519,763,0.3102,0.0201
1790164795569,764,0.4246,0.1454
1790164795618,765,0.3420,0.6443
1790164795669,766,0.3456,0.0514
1790164795719,767,0.3224,1.3691
1790164795769,768,0.4206,0.1310
1790164795818,769,0.3535,0.0255
1790164795868,770,0.4981,0.1690
1790164795919,771,0.8002,0.4903
1790164795969,772,0.3449,0.0533
1790164796019,773,0.3287,0.0445
1790164796069,774,0.3894,0.0219
1790164796118,775,0.3325,0.2281
1790164796169,776,0.2850,0.0223
1790164796219,777,0.2600,0.0188
1790164796269,778,0.3385,0.0997
1790164796319,779,0.2856,0.0433
1790164796370,780,0.4231,1.1970
1790164796419,781,0.7767,0.4898
1790164796469,782,0.3330,0.0316
1790164796518,783,0.3126,0.0213
1790164796568,784,0.3196,0.0273
1790164796619,785,0.3706,0.5030
1790164796668,786,0.4490,0.1479
1790164796719,787,0.3211,0.0460
1790164796769,788,0.4221,0.1210
1790164796819,789,0.3197,0.5205
1790164796869,790,0.4328,0.1197
1790164796919,791,0.2537,0.0249
1790164796969,792,0.3122,0.5553
1790164797019,793,0.3135,0.4454
1790164797068,794,0.8377,0.5638
1790164797119,795,0.3270,0.1897
1790164797169,796,0.4482,0.1469
1790164797219,797,0.3362,0.5226
1790164797269,798,0.4946,0.1748
1790164797319,799,0.3059,0.0255
1790164797369,800,0.4572,0.1184
1790164797419,801,0.3149,0.0335
1790164797469,802,0.3047,0.9738
1790164797519,803,0.4065,0.0213
1790164797569,804,0.4084,0.6412
1790164797619,805,0.3226,0.3303
1790164797669,806,0.5911,0.1195
1790164797719,807,0.3195,0.3286
1790164797769,808,0.5050,0.2508
1790164797819,809,0.3681,0.0201
1790164797869,810,0.3596,0.0983
1790164797919,811,0.4428,0.1551
1790164797969,812,0.5295,0.5329
1790164798018,813,0.3150,0.0192
1790164798068,814,0.4549,0.1555
1790164798118,815,0.3139,0.8889
1790164798169,816,0.3164,0.8486
1790164798218,817,0.2638,1.1175
1790164798269,818,0.3087,0.7578
1790164798318,819,0.3451,1.2272
1790164798370,820,0.5732,1.1830
1790164798419,821,0.3400,0.0478
1790164798468,822,0.4204,0.5230
1790164798520,823,0.3130,0.0189
1790164798570,824,0.4007,0.1088
1790164798618,825,0.4505,0.4639
1790164798669,826,0.3386,0.0463
1790164798719,827,0.3230,0.0207
1790164798771,828,0.3219,0.0261
1790164798819,829,0.3354,0.0438
1790164798868,830,0.4748,0.6529
1790164798920,831,0.3268,0.0301
1790164798969,832,0.4520,0.5333
1790164799019,833,0.3788,0.0156
1790164799071,834,0.3288,0.0230
1790164799120,835,0.3294,0.0171
1790164799178,836,0.4147,0.1285
1790164799219,837,0.5067,0.5392
1790164799268,838,0.4319,0.1317
1790164799321,839,0.4466,0.0217
1790164799369,840,0.5128,0.1637
1790164799419,841,0.3382,0.0360
1790164799468,842,0.3492,0.4517
1790164799519,843,0.3443,0.0341
1790164799568,844,0.2993,0.4441
1790164799619,845,0.3129,0.0179
1790164799668,846,0.3005,0.0169
1790164799719,847,0.2665,0.0150
1790164799768,848,0.4275,0.1578
1790164799819,849,0.3121,0.4687
1790164799869,850,0.3843,0.1300
1790164799919,851,0.3505,0.0487
1790164799969,852,0.7609,0.8900
1790164800019,853,0.3290,0.0481
1790164800069,854,0.3256,0.0283
1790164800119,855,0.3324,0.0286
1790164800169,856,0.4143,0.1173
1790164800218,857,0.3038,0.0274
1790164800269,858,0.4200,0.1187
1790164800319,859,0.4103,0.0541
1790164800368,860,0.4865,0.8961
1790164800419,861,0.3445,0.0518
1790164800469,862,0.3174,0.3914
1790164800518,863,0.2984,0.0189
1790164800569,864,0.4469,0.1650
1790164800618,865,0.3406,0.0317
1790164800668,866,0.3669,0.5081
1790164800719,867,0.3136,0.0253
1790164800769,868,0.3113,0.0242
1790164800818,869,0.3655,0.0341
1790164800869,870,0.4941,0.5554
1790164800919,871,0.3294,0.0319
1790164800970,872,0.5973,1.0699
1790164801019,873,0.3124,0.0241
1790164801069,874,0.2363,0.0156
1790164801119,875,0.2986,0.0216
1790164801168,876,0.4184,0.1098
1790164801218,877,0.3364,0.0215
1790164801268,878,0.2998,0.0173
1790164801319,879,0.4464,0.1498
1790164801368,880,0.5982,0.2749
1790164801419,881,0.3246,0.0327
1790164801469,882,0.3276,0.4354
1790164801519,883,0.3170,0.0304
1790164801568,884,0.4127,0.5551
1790164801619,885,0.3149,0.0223
1790164801669,886,0.3440,0.0241
1790164801719,887,0.3269,0.0251
1790164801768,888,0.5472,0.2233
1790164801819,889,0.3395,0.3881
1790164801868,890,0.5303,0.2052
1790164801919,891,0.6687,0.3706
1790164801969,892,0.4405,0.2432
1790164802019,893,0.3012,0.4099
1790164802069,894,0.4050,0.0468
1790164802119,895,0.3782,0.0221
1790164802169,896,0.4879,0.1535
1790164802219,897,0.7329,0.0236
1790164802269,898,0.4203,0.1043
1790164802319,899,0.3258,0.0351
1790164802369,900,0.4786,0.8249
1790164802418,901,0.3127,0.0524
1790164802469,902,0.5136,0.5658
1790164802519,903,0.3234,0.0431
1790164802569,904,0.3567,0.1047
1790164802619,905,0.3183,0.0301
1790164802669,906,0.6252,0.5045
1790164802718,907,0.2996,0.4257
1790164802769,908,0.4479,0.1526
1790164802819,909,0.7158,0.0416
1790164802868,910,0.4262,0.4757
1790164802918,911,0.2662,0.0441
1790164802969,912,0.3299,0.0225
1790164803019,913,0.3280,0.0236
1790164803068,914,0.4883,0.1685
1790164803118,915,0.3221,0.0241
1790164803169,916,0.3998,0.0979
1790164803219,917,0.2961,0.0263
1790164803269,918,0.3002,0.0235
1790164803320,919,1.0608,1.1865
1790164803368,920,0.3878,0.1275
1790164803418,921,0.3592,0.0627
1790164803469,922,0.3721,0.5040
1790164803519,923,0.3126,0.0312
1790164803570,924,0.4129,0.8528
1790164803618,925,0.3635,0.0229
1790164803668,926,0.3058,0.0219
1790164803718,927,0.2981,0.4609
1790164803769,928,0.3179,0.0307
1790164803819,929,0.3300,0.4987
1790164803869,930,0.4758,0.1864
1790164803919,931,0.3220,0.0478
1790164803968,932,0.4421,0.5930
1790164804019,933,0.2446,0.0190
1790164804069,934,0.3977,0.1018
1790164804119,935,0.2729,0.0195
1790164804169,936,0.3272,0.0491
1790164804219,937,0.2990,0.0271
1790164804269,938,0.3013,0.0234
1790164804319,939,0.2968,2.3184
1790164804369,940,0.4836,0.5745
1790164804419,941,0.3376,0.0524
1790164804469,942,0.4116,0.4754
1790164804519,943,0.3229,0.0449
1790164804569,944,0.3250,0.0233
1790164804620,945,0.3109,0.4353
1790164804668,946,0.2975,0.0272
1790164804718,947,0.3010,0.3662
1790164804768,948,0.5620,0.2834
1790164804820,949,0.3080,0.0279
1790164804868,950,0.3923,0.4835
1790164804919,951,0.6737,0.2959
1790164804968,952,0.4139,0.1374
1790164805019,953,0.2876,0.0244
1790164805069,954,0.2472,0.3719
1790164805119,955,0.3147,0.0193
1790164805168,956,0.3016,0.0193
1790164805219,957,0.2906,0.0196
1790164805268,958,0.3815,0.1068
1790164805319,959,0.4013,0.8088
1790164805369,960,0.5115,0.1444
1790164805419,961,0.3638,0.0517
1790164805469,962,0.6904,0.4048
1790164805518,963,0.3054,0.0362
1790164805569,964,0.4474,0.5458
1790164805619,965,0.3377,0.0441
1790164805669,966,0.4018,0.1066
1790164805719,967,0.2985,0.0219
1790164805769,968,0.3893,0.1033
1790164805819,969,0.3278,0.0539
1790164805869,970,0.4403,0.1263
1790164805918,971,0.2871,0.0525
1790164805969,972,0.3005,0.8701
1790164806019,973,0.3268,0.0184
1790164806070,974,1.1652,0.0216
1790164806119,975,0.3160,0.0221
1790164806168,976,0.4262,0.1114
1790164806218,977,0.3372,0.0413
1790164806270,978,0.7897,0.4940
1790164806319,979,0.2893,0.1170
1790164806370,980,0.5151,0.6485
1790164806419,981,0.3387,0.0548
1790164806469,982,0.3097,0.6579
1790164806519,983,0.3324,0.0443
1790164806569,984,0.3952,0.1127
1790164806619,985,0.2874,0.4618
1790164806669,986,0.3841,0.0977
1790164806719,987,0.3180,0.0199
1790164806769,988,0.6118,0.3661
1790164806818,989,0.2474,0.0199
1790164806869,990,0.3922,0.1015
1790164806918,991,0.3481,0.0523
1790164806969,992,0.4243,0.5418
1790164807018,993,0.3550,0.0337
1790164807070,994,0.4525,0.5235
1790164807119,995,0.3772,0.0203
1790164807169,996,0.4177,0.0977
1790164807219,997,0.2915,0.0168
1790164807268,998,0.3755,0.0946
1790164807320,999,0.7010,0.4382
1790164807369,1000,0.3629,0.0975
1790164807419,1001,0.3237,0.0529
1790164807469,1002,0.3317,0.0955
1790164807519,1003,0.3032,0.3801
1790164807569,1004,0.3870,0.4190
1790164807619,1005,0.3496,0.0524
1790164807669,1006,0.3334,0.0473
1790164807719,1007,0.4638,0.0209
1790164807769,1008,0.4678,0.1467
1790164807819,1009,0.3259,0.0520
1790164807869,1010,0.4267,0.1110
1790164807919,1011,0.2582,0.0288
1790164807969,1012,0.7539,0.7962
1790164808018,1013,0.2926,0.0274
1790164808070,1014,0.4033,0.0840
1790164808118,1015,0.3227,0.0214
1790164808169,1016,0.4169,0.1004
1790164808218,1017,0.2949,0.0224
1790164808269,1018,0.3433,0.0578
1790164808318,1019,0.3079,0.4342
1790164808368,1020,0.4989,0.5839
1790164808419,1021,0.3375,0.0572
1790164808469,1022,0.3221,0.4359
1790164808519,1023,0.3295,0.0510
1790164808569,1024,0.4222,0.1566
1790164808618,1025,0.3049,0.4337
1790164808669,1026,0.3346,0.0417
1790164808719,1027,0.3186,0.0231
1790164808769,1028,0.3241,0.0537
1790164808819,1029,0.3020,0.4366
1790164808869,1030,0.4330,0.1268
1790164808919,1031,0.3443,0.0567
1790164808969,1032,0.3269,0.4747
1790164809019,1033,0.3184,0.0355
1790164809068,1034,0.4075,0.7620
1790164809119,1035,0.4250,0.0226
1790164809169,1036,0.4023,0.1252
1790164809219,1037,0.3535,0.0276
1790164809269,1038,0.3823,0.1358
1790164809319,1039,0.3456,0.0536
1790164809368,1040,0.3436,0.4749
1790164809419,1041,0.3077,0.0449
1790164809468,1042,0.4304,0.1523
1790164809519,1043,0.3099,0.4753
1790164809569,1044,0.3595,0.4915
1790164809619,1045,0.3068,0.0213
1790164809669,1046,0.3498,0.0455
1790164809718,1047,0.6687,0.0219
1790164809769,1048,0.3523,0.1069
1790164809818,1049,0.3321,0.0473
1790164809869,1050,0.4388,0.0991
1790164809919,1051,0.2658,0.0324
1790164809969,1052,0.6649,0.7942
1790164810023,1053,0.2257,5.5698
1790164810070,1054,0.3160,2.0487
1790164810119,1055,0.2992,0.0224
1790164810169,1056,0.3851,0.5145
1790164810218,1057,0.2871,0.0221
1790164810269,1058,0.4131,0.1235
1790164810318,1059,0.3042,0.0287
1790164810369,1060,0.7451,0.7742
1790164810419,1061,0.3684,0.4971
1790164810469,1062,0.3048,0.6728
1790164810519,1063,0.3040,0.0659
1790164810568,1064,0.4752,0.2005
1790164810619,1065,0.2917,0.7584
1790164810669,1066,0.2514,0.2171
1790164810719,1067,0.2983,0.0274
1790164810769,1068,0.3986,0.1280
1790164810819,1069,0.2963,1.4443
1790164810869,1070,0.5663,0.2625
1790164810919,1071,0.4115,0.1238
1790164810969,1072,0.3073,0.4403
1790164811019,1073,0.2964,0.0246
1790164811069,1074,0.2886,0.0186
1790164811118,1075,0.3515,0.0173
1790164811169,1076,0.3738,0.1041
1790164811219,1077,0.2939,0.0194
1790164811269,1078,0.4311,0.1286
1790164811318,1079,0.3379,0.0543
1790164811369,1080,0.5857,0.6201
1790164811419,1081,0.3235,0.3981
1790164811469,1082,0.3571,0.0334
1790164811518,1083,0.3105,0.5605
1790164811569,1084,0.3857,0.0544
1790164811619,1085,0.3077,0.0218
1790164811669,1086,0.3892,0.1055
1790164811719,1087,0.3234,0.0532
1790164811769,1088,0.3913,0.1025
1790164811819,1089,0.2937,0.3813
1790164811869,1090,0.6847,0.3271
1790164811919,1091,0.8851,0.2020
1790164811969,1092,0.6347,0.1537
1790164812019,1093,0.3187,0.4913
1790164812068,1094,0.5127,0.5134
1790164812119,1095,0.3634,0.0528
1790164812169,1096,0.4153,0.9407
1790164812218,1097,0.2822,0.0191
1790164812268,1098,0.3456,0.1110
1790164812319,1099,0.2937,0.3819
1790164812368,1100,0.6301,0.6439
1790164812418,1101,0.2944,0.3716
1790164812469,1102,0.5035,0.4021
1790164812519,1103,0.3838,0.1121
1790164812570,1104,0.3761,0.0997
1790164812619,1105,0.2529,0.3541
1790164812669,1106,0.3001,0.3515
1790164812719,1107,0.3667,0.0161
1790164812769,1108,0.3578,0.1253
1790164812819,1109,0.2848,0.0177
1790164812869,1110,0.4111,0.1510
1790164812920,1111,0.4117,0.1066
1790164812968,1112,0.3115,0.0782
1790164813019,1113,0.2995,0.0205
1790164813069,1114,0.4043,0.1721
1790164813119,1115,0.3004,0.1614
1790164813169,1116,0.3096,0.0181
1790164813219,1117,0.2888,0.0179
1790164813269,1118,0.3761,0.1105
1790164813319,1119,0.3920,0.1174
1790164813370,1120,0.6342,0.3156
1790164813418,1121,0.3838,0.4066
1790164813468,1122,0.4001,0.1017
1790164813519,1123,0.2846,0.3557
1790164813569,1124,0.4757,0.1877
1790164813619,1125,0.2514,0.0173
1790164813668,1126,0.3197,0.0179
1790164813719,1127,0.3000,0.0179
1790164813768,1128,0.3249,0.0495
1790164813819,1129,0.3013,0.0227
1790164813868,1130,0.5638,0.2569
1790164813919,1131,0.3204,0.0476
1790164813969,1132,0.4428,0.1402
1790164814018,1133,0.3908,0.4075
1790164814069,1134,0.4137,0.4002
1790164814119,1135,0.3296,0.0324
1790164814168,1136,0.3955,0.4947
1790164814219,1137,0.2815,0.0722
1790164814269,1138,0.6794,0.3835
1790164814319,1139,0.4223,0.1180
1790164814369,1140,0.5607,0.2507
1790164814418,1141,0.2890,0.0168
1790164814469,1142,0.7195,0.4146
1790164814518,1143,0.3189,0.0994
1790164814569,1144,0.3058,0.2988
1790164814619,1145,0.4135,0.0191
1790164814669,1146,0.3131,0.0216
1790164814719,1147,0.2898,0.0185
1790164814769,1148,0.4066,0.1245
1790164814819,1149,0.2957,0.0234
1790164814869,1150,0.5499,0.2435
1790164814919,1151,0.3937,0.1142
1790164814969,1152,0.4476,0.5291
1790164815019,1153,0.3285,0.3514
1790164815069,1154,0.3148,0.0229
1790164815119,1155,0.3582,0.0454
1790164815169,1156,0.3831,0.1062
1790164815219,1157,0.3041,0.0236
1790164815269,1158,0.3103,0.4424
1790164815319,1159,0.3894,0.3685
1790164815369,1160,0.3500,0.3748
1790164815419,1161,0.7371,0.4514
1790164815469,1162,0.2822,0.0243
1790164815519,1163,0.2915,0.0180
1790164815569,1164,0.4141,0.1364
1790164815619,1165,0.3458,0.0207
1790164815668,1166,0.4192,0.0963
1790164815719,1167,0.3474,0.0195
1790164815769,1168,0.3250,0.0451
1790164815819,1169,0.3151,0.0243
1790164815869,1170,0.3884,0.0983
1790164815918,1171,0.3392,0.0468
1790164815969,1172,0.3235,0.4048
1790164816020,1173,0.3358,0.0300
1790164816068,1174,0.3139,0.4259
1790164816119,1175,0.3206,0.0310
1790164816168,1176,0.3146,0.3927
1790164816218,1177,0.3067,0.0221
1790164816269,1178,0.3844,0.1125
1790164816319,1179,0.3374,0.0570
1790164816368,1180,0.4866,0.7790
1790164816419,1181,0.2974,0.0219
1790164816471,1182,0.7149,0.4296
1790164816519,1183,0.7055,0.4196
1790164816569,1184,0.4212,0.0990
1790164816618,1185,0.3128,0.0205
1790164816669,1186,0.3992,0.0922
1790164816718,1187,0.3075,0.0266
1790164816769,1188,0.3888,0.5694
1790164816818,1189,0.2966,0.0183
1790164816869,1190,0.3334,0.0249
1790164816918,1191,0.3060,0.0301
1790164816969,1192,0.3957,0.7677
1790164817019,1193,0.3244,0.3749
1790164817069,1194,0.2927,0.0185
1790164817119,1195,0.4244,0.1187
1790164817169,1196,0.4063,0.4571
1790164817218,1197,0.3058,0.0277
1790164817269,1198,0.5118,0.4432
1790164817318,1199,0.3388,0.0558
1790164817368,1200,0.4308,0.4629
1790164817419,1201,0.3289,0.3943
1790164817469,1202,0.3358,0.2742
1790164817519,1203,0.2977,0.0172
1790164817569,1204,0.4173,0.1449
1790164817618,1205,0.3326,0.0477
1790164817668,1206,0.3979,0.6379
1790164817719,1207,0.5744,0.0240
1790164817769,1208,0.4259,0.1447
1790164817819,1209,0.2962,0.0218
1790164817870,1210,0.3550,0.0245
1790164817919,1211,0.3670,0.0322
1790164817969,1212,0.4105,0.4606
1790164818018,1213,0.2546,0.0251
1790164818069,1214,0.3758,0.3995
1790164818118,1215,0.3195,0.0235
1790164818169,1216,0.4156,0.3915
1790164818219,1217,0.2843,0.0153
1790164818269,1218,0.3327,0.0160
1790164818318,1219,0.2885,0.0289
1790164818369,1220,0.4536,0.1966
1790164818419,1221,0.2974,0.0259
1790164818469,1222,0.4648,0.1830
1790164818519,1223,0.2890,0.2947
1790164818569,1224,0.3524,0.3689
1790164818619,1225,0.3251,0.0189
1790164818669,1226,0.3583,0.0232
1790164818719,1227,0.2733,0.0154
1790164818768,1228,0.3056,0.4123
1790164818819,1229,0.2995,0.0185
1790164818869,1230,0.3860,0.3751
1790164818919,1231,0.2372,0.0162
1790164818969,1232,0.4370,0.2037
1790164819019,1233,0.6170,0.3273
1790164819069,1234,0.3879,0.0966
1790164819118,1235,0.5092,0.1497
1790164819169,1236,0.3078,0.6451
1790164819219,1237,0.3706,0.1064
1790164819268,1238,0.3096,0.0230
1790164819319,1239,0.3019,0.0269
1790164819369,1240,0.4071,0.4190
1790164819418,1241,0.3512,0.3790
1790164819469,1242,0.3595,0.3256
1790164819519,1243,0.2971,0.3596
1790164819569,1244,0.3208,0.3087
1790164819619,1245,0.3071,0.2802
1790164819669,1246,0.2275,0.3032
1790164819719,1247,0.2327,0.0145
1790164819769,1248,0.3394,0.1199
1790164819819,1249,0.2382,0.0171
1790164819868,1250,0.3165,0.0757
1790164819919,1251,0.3119,0.0970
1790164819969,1252,0.4211,0.4338
1790164820019,1253,0.2932,0.0162
1790164820069,1254,0.3646,0.1234
1790164820119,1255,0.3431,0.3938
1790164820168,1256,0.3000,0.0798
1790164820219,1257,0.3683,0.1041
1790164820268,1258,0.4628,0.1833
1790164820319,1259,0.3222,0.4102
1790164820369,1260,0.5166,0.1914
1790164820418,1261,0.3316,0.0229
1790164820468,1262,0.3518,0.3231
1790164820518,1263,0.2999,0.0201
1790164820569,1264,0.4156,0.1450
1790164820619,1265,0.2872,1.1436
1790164820668,1266,0.3283,0.0859
1790164820718,1267,0.2909,0.2995
1790164820769,1268,0.3245,0.0846
1790164820819,1269,0.3013,0.0169
1790164820868,1270,0.4132,0.1035
1790164820920,1271,0.3882,0.1238
1790164820968,1272,0.2560,0.0202
1790164821019,1273,0.3827,0.1133
1790164821068,1274,0.3230,0.2942
1790164821118,1275,0.3475,0.0533
1790164821169,1276,0.4239,0.1137
1790164821220,1277,1.8701,0.3246
1790164821269,1278,0.3891,0.0224
1790164821319,1279,0.3667,0.1602
1790164821369,1280,0.5325,0.1548
1790164821419,1281,0.3263,0.0462
1790164821469,1282,0.3344,0.0501
1790164821519,1283,0.2960,0.0299
1790164821569,1284,0.3844,0.4113
1790164821619,1285,0.3312,0.0180
1790164821668,1286,0.3212,0.0221
1790164821719,1287,0.3272,0.2797
1790164821770,1288,0.5213,0.4488
1790164821818,1289,0.2878,0.3915
1790164821869,1290,0.3212,0.2699
1790164821919,1291,0.2770,0.0523
1790164821969,1292,0.6961,0.9288
1790164822019,1293,0.2998,0.2007
1790164822069,1294,0.4125,0.1176
1790164822119,1295,0.3462,0.0591
1790164822168,1296,0.3875,0.4508
1790164822219,1297,0.2476,0.0243
1790164822268,1298,0.3948,2.2326
1790164822318,1299,0.3950,0.0980
1790164822369,1300,0.6384,0.6138
1790164822419,1301,0.3663,0.1033
1790164822468,1302,0.4096,0.0848
1790164822518,1303,0.3160,0.0163
1790164822569,1304,0.3089,0.0204
1790164822619,1305,0.3148,0.0414
1790164822669,1306,0.3659,0.0934
1790164822719,1307,0.3034,0.0201
1790164822771,1308,1.7270,0.1361
1790164822819,1309,0.3070,0.7108
1790164822868,1310,0.3354,0.0208
1790164822918,1311,0.3728,0.1032
1790164822968,1312,0.3189,0.2914
1790164823018,1313,0.3850,0.1050
1790164823069,1314,0.3742,0.3916
1790164823119,1315,0.4074,0.1243
1790164823168,1316,0.4018,0.0988
1790164823220,1317,0.3107,0.0185
1790164823269,1318,0.2512,0.6041
1790164823319,1319,0.2973,0.0247
1790164823369,1320,0.5432,0.4655
1790164823419,1321,0.5795,0.0188
1790164823468,1322,0.7603,0.1595
1790164823518,1323,0.4277,0.1154
1790164823569,1324,0.3217,0.0955
1790164823619,1325,0.2435,0.0147
1790164823668,1326,0.3155,0.0225
1790164823719,1327,0.3081,0.0229
1790164823769,1328,0.3018,0.0217
1790164823819,1329,0.3255,0.0451
1790164823869,1330,0.3124,0.0214
1790164823919,1331,0.3354,0.0345
1790164823969,1332,0.4959,0.9053
1790164824019,1333,0.2289,0.2863
1790164824068,1334,0.6621,0.3546
1790164824119,1335,0.4155,0.1315
1790164824168,1336,0.3193,0.3153
1790164824219,1337,0.2905,0.0273
1790164824268,1338,0.3682,0.0944
1790164824319,1339,0.6130,0.3277
1790164824369,1340,0.4964,0.1751
1790164824418,1341,0.3187,0.0428
1790164824469,1342,0.4116,0.1052
1790164824519,1343,0.3362,0.0280
1790164824569,1344,0.3462,0.0462
1790164824619,1345,0.3249,0.0429
1790164824669,1346,0.3515,0.0365
1790164824718,1347,0.3070,0.0212
1790164824769,1348,0.3194,0.0331
1790164824819,1349,0.2934,0.3945
1790164824869,1350,0.3803,0.0857
1790164824919,1351,0.6277,0.3603
1790164824969,1352,0.4258,0.4772
1790164825019,1353,0.6549,0.3712
1790164825069,1354,0.3073,0.0225
1790164825119,1355,0.3159,0.0274
1790164825169,1356,0.2471,0.3336
1790164825218,1357,0.2852,0.0186
1790164825268,1358,0.3892,0.1133
1790164825319,1359,0.3551,0.0226
1790164825369,1360,0.3863,0.0936
1790164825418,1361,0.3593,0.0416
1790164825474,1362,5.1263,4.8336
1790164825518,1363,0.3095,0.0295
1790164825569,1364,0.3780,0.1082
1790164825619,1365,0.3103,0.0195
1790164825669,1366,0.4987,0.0998
1790164825719,1367,0.2910,0.0171
1790164825768,1368,0.3781,0.0966
1790164825819,1369,0.3079,0.0191
1790164825869,1370,0.3172,0.0173
1790164825918,1371,0.3114,0.0280
1790164825969,1372,0.5499,0.6269
1790164826018,1373,0.7504,0.0205
1790164826069,1374,0.3027,0.0164
1790164826119,1375,0.3130,0.0261
1790164826169,1376,0.4532,0.7498
1790164826219,1377,0.3076,0.0204
1790164826269,1378,0.4359,0.0986
1790164826320,1379,0.6040,0.3022
1790164826368,1380,0.6284,0.3153
1790164826418,1381,0.3876,0.1145
1790164826469,1382,0.2901,0.4379
1790164826519,1383,0.3639,0.0990
1790164826569,1384,0.3896,0.1643
1790164826619,1385,0.3933,0.1427
1790164826669,1386,0.3686,0.0908
1790164826720,1387,0.4597,0.1047
1790164826769,1388,0.3741,0.0984
1790164826819,1389,0.2999,0.3032
1790164826869,1390,0.5469,0.2180
1790164826918,1391,0.4133,0.1217
1790164826969,1392,0.3769,0.1111
1790164827019,1393,0.3091,0.0201
1790164827069,1394,0.3845,0.0908
1790164827119,1395,0.3711,0.0843
1790164827170,1396,0.4366,0.1465
1790164827219,1397,0.3145,0.0284
1790164827269,1398,0.7009,0.4206
1790164827318,1399,0.2731,0.0465
1790164827369,1400,0.3401,0.0206
1790164827418,1401,0.3048,0.0283
1790164827469,1402,0.4013,0.1079
1790164827518,1403,0.3000,0.5867
1790164827569,1404,0.3771,0.1003
1790164827618,1405,0.3129,0.0220
1790164827669,1406,0.6005,0.3063
1790164827719,1407,0.3200,0.1011
1790164827769,1408,0.4153,0.3249
1790164827818,1409,0.4278,0.0202
1790164827869,1410,0.3167,0.2508
1790164827919,1411,0.3319,0.4329
1790164827969,1412,0.3434,0.6101
1790164828018,1413,0.2768,0.0425
1790164828069,1414,0.3912,0.0976
1790164828119,1415,0.3191,0.0235
1790164828169,1416,0.4402,0.1268
1790164828219,1417,0.4014,0.6270
1790164828269,1418,0.2520,0.3532
1790164828318,1419,0.3251,0.0519
1790164828369,1420,0.5096,0.2144
1790164828419,1421,0.2860,0.1384
1790164828469,1422,0.4288,0.4498
1790164828519,1423,0.3084,0.0222
1790164828568,1424,0.3971,0.1062
1790164828619,1425,0.2967,0.0179
1790164828668,1426,0.3416,0.0204
1790164828719,1427,0.3257,0.0317
1790164828769,1428,0.3702,0.3683
1790164828819,1429,0.2305,0.0187
1790164828869,1430,0.3765,0.1009
1790164828919,1431,0.6992,0.4285
1790164828968,1432,0.4577,0.1816
1790164829019,1433,0.3604,0.3605
1790164829069,1434,0.4090,0.1158
1790164829119,1435,0.3060,0.0437
1790164829169,1436,0.3998,0.1048
1790164829219,1437,0.3179,0.0328
1790164829269,1438,0.4457,0.1252
1790164829319,1439,0.3152,0.3373
1790164829368,1440,0.3366,0.0213
1790164829419,1441,0.3084,0.0221
1790164829469,1442,0.4184,0.1036
1790164829519,1443,0.2970,0.3342
1790164829569,1444,0.3053,0.0212
1790164829618,1445,0.3090,0.0197
1790164829669,1446,0.3210,0.0251
1790164829719,1447,0.6386,0.6805
1790164829769,1448,0.4812,0.2114
1790164829819,1449,0.3043,0.2916
1790164829869,1450,0.4729,0.7103
1790164829918,1451,0.2997,0.0231
1790164829969,1452,0.4943,0.2051
1790164830019,1453,0.2854,0.0171
1790164830068,1454,0.3054,0.0193
1790164830118,1455,0.3301,0.0445
1790164830169,1456,0.3780,0.4432
1790164830220,1457,0.3215,0.0332
1790164830268,1458,0.3699,0.6277
1790164830322,1459,0.5216,0.3256
1790164830368,1460,0.3268,0.3848
1790164830418,1461,0.3114,0.0913
1790164830469,1462,0.3013,0.0251
1790164830519,1463,0.2898,0.5700
1790164830568,1464,0.4429,0.1919
1790164830618,1465,0.3170,0.0212
1790164830669,1466,0.3127,0.3139
1790164830719,1467,0.2436,0.0152
1790164830769,1468,0.3007,0.6322
1790164830819,1469,0.3053,0.0177
1790164830869,1470,0.3035,0.0752
1790164830920,1471,0.3528,0.1384
1790164830969,1472,0.2586,0.0581
1790164831018,1473,0.2320,0.0211
1790164831069,1474,0.4113,0.3688
1790164831119,1475,0.4103,0.3280
1790164831169,1476,0.3971,0.0922
1790164831219,1477,0.3256,0.0192
1790164831269,1478,0.4464,0.1754
1790164831319,1479,0.3353,0.0168
1790164831369,1480,0.4593,0.5503
1790164831419,1481,0.4181,0.4407
1790164831469,1482,0.3384,0.3038
1790164831519,1483,0.2857,0.2880
1790164831569,1484,0.3339,2.2387
1790164831619,1485,0.3431,0.0209
1790164831669,1486,0.4668,0.1835
1790164831720,1487,1.1971,0.0162
1790164831769,1488,0.7033,0.4274
1790164831819,1489,0.3608,0.0513
1790164831869,1490,0.3402,0.0252
1790164831919,1491,0.2680,0.3047
1790164831969,1492,0.3367,0.1019
1790164832019,1493,0.2525,0.2489
1790164832070,1494,0.3937,0.0946
1790164832119,1495,0.2515,0.0197
1790164832169,1496,0.3998,0.0885
1790164832219,1497,0.3258,0.0931
1790164832269,1498,0.2517,0.0632
1790164832318,1499,0.2896,0.0222
1790164832369,1500,0.3176,0.0169
1790164832419,1501,0.2954,0.0230
1790164832469,1502,0.3996,0.0915
1790164832519,1503,0.2221,0.3067
1790164832569,1504,0.3219,0.0805
1790164832619,1505,0.2367,0.0141
1790164832668,1506,0.4186,0.1433
1790164832720,1507,1.3761,0.0185
1790164832769,1508,0.4570,0.1322
1790164832819,1509,0.4463,0.0166
1790164832869,1510,0.3902,0.1005
1790164832919,1511,0.3870,0.1034
1790164832969,1512,0.3826,0.7656
1790164833019,1513,0.3376,0.0250
1790164833069,1514,0.2998,0.0219
1790164833119,1515,0.6552,0.3641
1790164833169,1516,0.3285,0.1204
1790164833219,1517,0.3064,0.0851
1790164833268,1518,0.2937,0.0228
1790164833319,1519,0.3408,0.0197
1790164833369,1520,0.4196,0.1294
1790164833419,1521,0.3809,0.1079
1790164833470,1522,0.3587,0.0820
1790164833519,1523,0.3273,0.0325
1790164833568,1524,0.5089,0.2304
1790164833619,1525,0.2998,0.3241
1790164833669,1526,0.3191,0.0269
1790164833719,1527,0.3163,0.3636
1790164833769,1528,0.2631,0.0235
1790164833818,1529,0.2510,0.4851
1790164833869,1530,0.4781,0.2145
1790164833919,1531,0.2513,0.0206
1790164833969,1532,0.7254,0.6908
1790164834019,1533,0.3022,0.5760
1790164834068,1534,0.2919,0.2544
1790164834119,1535,0.3630,0.0251
1790164834168,1536,0.3752,0.2859
1790164834218,1537,0.3419,0.0356
1790164834269,1538,0.8283,0.5524
1790164834319,1539,0.2721,0.7847
1790164834368,1540,0.4012,1.2688
1790164834419,1541,0.3696,0.3086
1790164834469,1542,0.3278,0.0478
1790164834518,1543,0.2987,0.3231
1790164834568,1544,0.3032,0.0204
1790164834618,1545,0.2988,0.0175
1790164834669,1546,0.3591,0.0441
1790164834719,1547,0.3119,0.0211
1790164834769,1548,0.5067,0.1723
1790164834819,1549,0.3316,0.0469
1790164834869,1550,0.6374,0.3314
1790164834918,1551,0.2916,0.2586
1790164834969,1552,0.3050,0.0422
1790164835018,1553,0.2525,0.3516
1790164835069,1554,0.3167,0.2171
1790164835119,1555,0.3463,0.0260
1790164835169,1556,0.3960,0.1146
1790164835219,1557,0.3271,0.0549
1790164835268,1558,0.4191,0.3978
1790164835318,1559,0.3220,0.0496
1790164835368,1560,0.3856,0.0221
1790164835419,1561,0.3440,0.0580
1790164835469,1562,0.2633,0.0378
1790164835519,1563,0.2420,0.0178
1790164835569,1564,0.4222,0.3832
1790164835619,1565,0.3554,0.0457
1790164835668,1566,0.4009,0.0975
1790164835719,1567,0.3110,0.0468
1790164835769,1568,0.3324,0.3104
1790164835819,1569,0.3063,0.0209
1790164835869,1570,0.4588,0.1600
1790164835919,1571,0.3300,0.9168
1790164835968,1572,0.3092,0.0289
1790164836018,1573,0.3145,0.4260
1790164836069,1574,0.3062,0.0239
1790164836119,1575,0.3137,0.0258
1790164836168,1576,0.3117,0.0205
1790164836218,1577,0.3226,0.0207
1790164836269,1578,0.4959,0.7378
1790164836318,1579,0.2480,0.3659
1790164836370,1580,0.4599,0.1113
1790164836418,1581,0.3185,0.0480
1790164836469,1582,0.6200,0.2932
1790164836518,1583,0.2848,0.0878
1790164836569,1584,0.3961,0.0967
1790164836619,1585,0.3109,0.0179
1790164836668,1586,0.3159,0.2268
1790164836718,1587,0.3331,0.0503
1790164836769,1588,0.4722,0.1173
1790164836820,1589,0.3625,0.0339
1790164836870,1590,0.6061,0.3257
1790164836919,1591,0.2949,0.0240
1790164836969,1592,0.4093,0.1298
1790164837019,1593,0.3618,0.5832
1790164837069,1594,0.2923,0.3162
1790164837119,1595,0.3342,0.0199
1790164837168,1596,0.3224,0.0892
1790164837219,1597,0.3406,0.0295
1790164837269,1598,0.4155,0.4128
1790164837319,1599,0.3321,0.0231
1790164837368,1600,0.3313,0.0194
1790164837419,1601,0.3794,0.0232
1790164837469,1602,0.7328,0.6339
1790164837518,1603,0.3113,0.2523
1790164837568,1604,0.3867,0.4689
1790164837618,1605,0.2916,0.2445
1790164837668,1606,0.3759,0.0889
1790164837719,1607,0.3099,0.0314
1790164837768,1608,0.4291,2.9969
1790164837819,1609,0.3818,0.2235
1790164837869,1610,0.3335,0.3334
1790164837919,1611,0.4193,0.7031
1790164837969,1612,0.3140,0.0270
1790164838018,1613,0.2695,0.2653
1790164838068,1614,0.3985,0.1697
1790164838119,1615,0.4917,0.3206
1790164838169,1616,0.4289,0.1362
1790164838219,1617,0.3073,0.0219
1790164838269,1618,0.3231,0.0203
1790164838319,1619,0.2949,0.0177
1790164838369,1620,0.5520,0.2264
1790164838419,1621,0.2949,0.0207
1790164838469,1622,0.4189,0.1012
1790164838518,1623,0.2945,0.2757
1790164838568,1624,0.3117,0.0723
1790164838619,1625,0.3258,0.0278
1790164838669,1626,0.3210,0.2611
1790164838718,1627,0.2464,0.2966
1790164838769,1628,0.3589,0.1272
1790164838819,1629,0.2844,0.0215
1790164838869,1630,0.3153,0.0189
1790164838919,1631,0.2653,0.0190
1790164838968,1632,0.5059,0.2313
1790164839019,1633,0.2711,0.2783
1790164839069,1634,0.3987,0.5848
1790164839119,1635,0.2557,0.0650
1790164839168,1636,0.3381,0.0713
1790164839219,1637,0.4046,0.1297
1790164839269,1638,0.3158,0.2565
1790164839318,1639,0.2922,0.0145
1790164839369,1640,0.3893,0.1135
1790164839418,1641,0.2348,0.0251
1790164839469,1642,0.4134,0.1766
1790164839519,1643,0.2987,0.0547
1790164839568,1644,0.2574,0.0189
1790164839619,1645,0.2536,0.0153
1790164839669,1646,0.3102,0.0211
1790164839718,1647,0.2922,0.0342
1790164839768,1648,0.4039,0.1325
1790164839820,1649,0.3856,0.1108
1790164839869,1650,0.3724,0.1190
1790164839919,1651,0.4314,0.1637
1790164839969,1652,0.5281,0.7340
1790164840020,1653,0.2388,0.2399
1790164840069,1654,0.3236,0.0904
1790164840118,1655,0.3670,0.1415
1790164840169,1656,0.3580,0.4526
1790164840219,1657,0.2914,0.0807
1790164840268,1658,0.2262,0.0167
1790164840319,1659,0.2626,0.0176
1790164840369,1660,0.3225,0.0739
1790164840419,1661,0.3332,0.0173
1790164840469,1662,0.2606,0.0158
1790164840519,1663,0.2701,0.1954
1790164840569,1664,0.3083,0.2522
1790164840619,1665,0.2393,0.1773
1790164840669,1666,0.3782,0.0922
1790164840719,1667,0.3429,1.2056
1790164840768,1668,0.3016,0.0759
1790164840819,1669,0.2383,0.2739
1790164840869,1670,0.3882,0.6742
1790164840919,1671,0.2336,0.0116
1790164840969,1672,0.4048,0.1231
1790164841019,1673,0.2846,0.0153
1790164841069,1674,0.2299,0.0143
1790164841118,1675,0.2381,0.0178
1790164841168,1676,0.3563,0.0861
1790164841219,1677,0.3511,0.1139
1790164841268,1678,0.3185,0.3167
1790164841319,1679,0.2976,0.2417
1790164841369,1680,0.4682,0.1405
1790164841419,1681,0.3070,0.0247
1790164841469,1682,0.4465,0.1120
1790164841519,1683,0.3084,0.0249
1790164841569,1684,0.3840,0.0883
1790164841619,1685,0.3125,0.0200
1790164841669,1686,0.4449,0.1078
1790164841719,1687,0.2461,0.2816
1790164841768,1688,0.3922,0.0909
1790164841819,1689,0.3900,0.3088
1790164841869,1690,0.3330,0.2407
1790164841918,1691,0.4707,0.4898
1790164841969,1692,0.3954,0.1072
1790164842019,1693,0.3046,0.0176
1790164842069,1694,0.3688,0.0868
1790164842119,1695,0.3403,0.0248
1790164842168,1696,0.3285,0.1022
1790164842218,1697,0.3759,0.1005
1790164842269,1698,0.3416,0.3199
1790164842319,1699,0.3396,0.0170
1790164842369,1700,0.4353,0.2483
1790164842419,1701,0.2449,0.1777
1790164842469,1702,0.3105,0.3003
1790164842519,1703,0.3890,0.1114
1790164842569,1704,0.3538,0.3519
1790164842619,1705,0.2502,0.1485
1790164842668,1706,0.2564,0.0267
1790164842718,1707,0.3683,0.1105
1790164842769,1708,0.4694,0.1270
1790164842819,1709,0.2451,0.0163
1790164842869,1710,0.7937,0.5178
1790164842919,1711,0.2588,0.0221
1790164842969,1712,0.4584,0.1798
1790164843019,1713,0.2594,0.0211
1790164843069,1714,0.7160,0.0935
1790164843118,1715,0.3338,0.2531
1790164843169,1716,0.3895,0.2598
1790164843219,1717,0.5492,0.2443
1790164843269,1718,0.2419,0.6249
1790164843318,1719,0.2258,0.9757
1790164843369,1720,0.4048,0.4952
1790164843418,1721,0.2770,0.1186
1790164843468,1722,0.2599,0.4381
1790164843519,1723,0.2911,0.6296
1790164843568,1724,0.3009,0.1793
1790164843618,1725,0.3006,0.0801
1790164843669,1726,0.3329,0.0897
1790164843719,1727,0.2466,0.0156
1790164843769,1728,0.3136,0.0246
1790164843819,1729,0.3378,0.0239
1790164843868,1730,0.3174,0.3188
1790164843919,1731,0.2360,0.0155
1790164843969,1732,0.3529,0.1132
1790164844019,1733,0.3123,0.3084
1790164844069,1734,0.4792,0.1817
1790164844119,1735,0.3475,0.0152
1790164844169,1736,0.4657,0.0970
1790164844219,1737,0.6406,0.3500
1790164844269,1738,0.3661,0.0786
1790164844319,1739,0.3131,0.0228
1790164844368,1740,0.3246,0.0211
1790164844419,1741,0.4292,0.1359
1790164844468,1742,0.3329,0.3744
1790164844519,1743,0.2658,0.0209
1790164844568,1744,0.3385,0.0952
1790164844619,1745,0.2647,0.1422
1790164844668,1746,0.2947,0.0174
1790164844719,1747,0.5296,0.2688
1790164844769,1748,0.3736,0.1031
1790164844819,1749,0.3498,0.0232
1790164844869,1750,0.4328,0.1011
1790164844918,1751,0.3330,0.3721
1790164844969,1752,0.5367,0.2206
1790164845019,1753,0.2360,0.0151
1790164845069,1754,0.3032,0.0232
1790164845119,1755,0.5975,0.2929
1790164845169,1756,0.3995,0.1097
1790164845219,1757,0.3460,0.0473
1790164845268,1758,0.3831,0.2010
1790164845319,1759,0.3258,0.0247
1790164845369,1760,0.3950,0.0846
1790164845420,1761,0.2609,0.0222
1790164845468,1762,0.5829,0.3045
1790164845520,1763,0.2979,0.0570
1790164845569,1764,0.3909,0.1056
1790164845618,1765,0.5433,0.2696
1790164845669,1766,0.2879,0.0266
1790164845719,1767,0.2535,0.2427
1790164845769,1768,0.5271,0.1775
1790164845819,1769,0.3819,0.1041
1790164845869,1770,0.4423,0.1058
1790164845919,1771,0.3294,0.0187
1790164845969,1772,0.3478,0.0646
1790164846018,1773,0.3316,0.0288
1790164846069,1774,0.3043,0.2655
1790164846119,1775,0.3800,0.3378
1790164846169,1776,0.3044,0.2029
1790164846219,1777,0.5433,0.3059
1790164846269,1778,0.2911,0.0861
1790164846319,1779,0.2241,0.2157
1790164846369,1780,0.3445,0.3987
1790164846419,1781,0.2149,0.0173
1790164846468,1782,0.2596,0.0137
1790164846519,1783,0.2049,0.0119
1790164846569,1784,0.2241,0.2427
1790164846619,1785,0.2471,0.0120
1790164846668,1786,0.4270,0.1551
1790164846719,1787,0.2303,0.0156
1790164846768,1788,0.2518,0.0142
1790164846818,1789,0.3082,0.0925
1790164846868,1790,0.3631,0.1451
1790164846918,1791,0.2615,0.0180
1790164846969,1792,0.3606,0.0884
1790164847019,1793,0.3703,0.0181
1790164847069,1794,0.4215,0.4598
1790164847119,1795,0.2389,0.0518
1790164847169,1796,0.3347,0.3593
1790164847218,1797,0.3083,0.0939
1790164847269,1798,0.3128,0.0861
1790164847319,1799,0.3924,0.1129
1790164847369,1800,0.2770,0.0180
1790164847418,1801,0.2770,0.1956
1790164847469,1802,0.3483,0.2292
1790164847519,1803,0.3300,0.0900
1790164847569,1804,0.3029,1.5879
1790164847619,1805,0.2968,0.4007
1790164847669,1806,0.3620,0.4140
1790164847719,1807,0.2343,0.8210
1790164847769,1808,0.3096,0.8633
1790164847819,1809,0.3137,0.3266
1790164847869,1810,0.4933,0.0181
1790164847918,1811,0.3683,0.0214
1790164847969,1812,0.6154,0.3340
1790164848018,1813,0.2852,0.2377
1790164848069,1814,0.3442,0.0787
1790164848119,1815,0.3012,0.1668
1790164848168,1816,0.4770,0.1904
1790164848219,1817,0.2834,0.0212
1790164848269,1818,0.2978,0.0170
1790164848319,1819,0.3431,0.1028
1790164848369,1820,0.4324,0.1230
1790164848419,1821,0.2977,0.0224
1790164848469,1822,0.5085,0.1788
1790164848519,1823,0.2965,0.4334
1790164848568,1824,0.3799,0.1001
1790164848619,1825,0.2943,0.0174
1790164848668,1826,0.3065,0.2056
1790164848718,1827,0.2843,0.3936
1790164848769,1828,0.3220,0.0181
1790164848818,1829,0.2802,0.4492
1790164848868,1830,0.5909,2.1787
1790164848919,1831,0.2653,0.0399
1790164848969,1832,0.3988,0.1741
1790164849018,1833,0.2836,0.0173
1790164849069,1834,0.4631,0.1887
1790164849119,1835,0.2855,0.0166
1790164849169,1836,0.3744,0.2548
1790164849218,1837,0.4440,0.2342
1790164849269,1838,0.3785,0.0998
1790164849318,1839,0.3283,0.0268
1790164849368,1840,0.3495,0.3240
1790164849419,1841,0.2735,0.0205
1790164849468,1842,0.3705,0.0904
1790164849518,1843,0.2414,0.0248
1790164849569,1844,0.2547,0.0189
1790164849619,1845,0.3060,0.0251
1790164849669,1846,0.4176,0.1043
1790164849719,1847,0.3003,0.0271
1790164849769,1848,0.4606,0.1422
1790164849819,1849,0.2948,0.0255
1790164849869,1850,0.3342,0.4468
1790164849919,1851,0.3440,0.0202
1790164849969,1852,0.3907,0.1315
1790164850019,1853,0.2919,0.0177
1790164850069,1854,0.2451,0.0191
1790164850119,1855,0.2462,0.0181
1790164850168,1856,0.3793,0.1085
1790164850219,1857,0.2389,0.3085
1790164850269,1858,0.3642,0.0964
1790164850318,1859,0.2484,0.0215
1790164850369,1860,0.4032,0.3265
1790164850419,1861,0.2084,0.0129
1790164850469,1862,0.3026,0.0921
1790164850519,1863,0.2902,0.0171
1790164850568,1864,0.4060,0.1967
1790164850619,1865,0.2908,0.0205
1790164850668,1866,0.4236,0.1651
1790164850719,1867,0.2308,0.0159
1790164850769,1868,0.3652,0.2484
1790164850819,1869,0.3155,0.0338
1790164850869,1870,0.4170,0.1019
1790164850918,1871,0.2980,0.0200
1790164850969,1872,0.2389,0.1760
1790164851018,1873,0.4221,0.1179
1790164851069,1874,0.2898,0.0206
1790164851118,1875,0.3004,0.3217
1790164851169,1876,0.7052,0.4235
1790164851219,1877,0.3144,0.2654
1790164851269,1878,0.5419,0.1742
1790164851319,1879,0.3683,0.1041
1790164851369,1880,0.4267,0.1178
1790164851419,1881,0.2970,0.2143
1790164851469,1882,0.3200,0.0203
1790164851518,1883,0.2706,0.0183
1790164851568,1884,0.3752,0.1573
1790164851619,1885,0.3901,0.2976
1790164851668,1886,0.4231,0.2260
1790164851719,1887,0.3185,0.3233
1790164851769,1888,0.3699,0.4715
1790164851818,1889,0.2415,0.3935
1790164851869,1890,0.3045,0.2829
1790164851918,1891,0.3124,0.7474
1790164851969,1892,0.3083,0.5371
1790164852019,1893,0.3175,0.1014
1790164852069,1894,0.3542,0.0811
1790164852120,1895,0.4296,0.1708
1790164852169,1896,0.6553,0.0184
1790164852219,1897,0.2291,0.0172
1790164852269,1898,0.3023,0.1347
1790164852319,1899,0.3153,0.0967
1790164852369,1900,0.2624,0.2103
1790164852419,1901,0.2365,0.0182
1790164852469,1902,0.2334,0.0221
1790164852519,1903,0.4281,0.3763
1790164852569,1904,0.3026,0.6273
1790164852618,1905,0.2397,0.0162
1790164852669,1906,0.5266,0.3135
1790164852719,1907,0.3218,0.0241
1790164852768,1908,0.4453,0.5374
1790164852819,1909,0.2483,0.0162
1790164852869,1910,0.3172,0.0194
1790164852918,1911,0.5465,0.1050
1790164852969,1912,0.2637,0.0402
1790164853019,1913,0.7369,0.4850
1790164853069,1914,0.2545,0.1973
1790164853119,1915,0.2910,0.1858
1790164853168,1916,0.2956,0.1740
1790164853219,1917,0.3317,0.0264
1790164853269,1918,0.2844,0.4866
1790164853318,1919,0.3182,0.2617
1790164853368,1920,0.3406,1.2490
1790164853419,1921,0.2216,1.2942
1790164853469,1922,0.3079,0.0905
1790164853519,1923,0.2223,0.0144
1790164853569,1924,0.3777,0.4880
1790164853619,1925,0.2117,0.2358
1790164853669,1926,0.2996,0.0820
1790164853719,1927,0.2200,0.0195
1790164853768,1928,0.2263,0.0173
1790164853819,1929,0.2273,0.0153
1790164853869,1930,0.4004,0.1443
1790164853918,1931,0.2400,0.0236
1790164853968,1932,0.3397,0.1068
1790164854019,1933,0.2349,0.0195
1790164854069,1934,0.3650,0.0880
1790164854119,1935,0.2330,0.0225
1790164854168,1936,0.3881,0.4368
1790164854218,1937,0.2163,0.2712
1790164854269,1938,0.4069,0.2058
1790164854319,1939,0.2885,0.0868
1790164854368,1940,0.3164,0.0848
1790164854419,1941,0.2370,0.0198
1790164854468,1942,0.2794,0.2973
1790164854519,1943,0.2110,0.0186
1790164854568,1944,0.2343,0.0135
1790164854619,1945,0.2104,0.0489
1790164854669,1946,0.2066,0.0137
1790164854719,1947,0.2097,0.0143
1790164854769,1948,0.5996,0.4111
1790164854819,1949,0.2776,0.0935
1790164854869,1950,0.3116,0.0795
1790164854919,1951,0.2215,0.0186
1790164854969,1952,0.3394,0.0847
1790164855019,1953,0.2201,0.1528
1790164855069,1954,0.2308,0.0192
1790164855119,1955,0.2291,0.0188
1790164855169,1956,0.3382,0.4100
1790164855218,1957,0.2718,0.0200
1790164855269,1958,0.3288,0.1039
1790164855319,1959,0.2933,0.0896
1790164855369,1960,0.3253,0.0751
1790164855418,1961,0.2361,0.0179
1790164855469,1962,0.2919,0.2072
1790164855519,1963,0.3160,0.1548
1790164855569,1964,0.3390,0.1181
1790164855618,1965,0.2344,1.2260
1790164855668,1966,0.3504,1.0160
1790164855719,1967,0.2197,0.2550
1790164855769,1968,0.2241,0.0141
1790164855819,1969,0.1992,0.0740
1790164855869,1970,0.2956,0.0820
1790164855918,1971,0.2150,0.0185
1790164855969,1972,0.2151,0.0137
1790164856019,1973,0.2065,0.0149
1790164856069,1974,0.3684,0.1053
1790164856119,1975,0.2813,0.1074
1790164856168,1976,0.2944,0.0856
1790164856218,1977,0.2337,0.0150
1790164856268,1978,0.2913,0.0173
1790164856319,1979,0.2162,0.0174
1790164856368,1980,0.3244,0.0792
1790164856418,1981,0.2128,0.0136
1790164856469,1982,0.2167,0.0141
1790164856518,1983,0.2212,0.0140
1790164856568,1984,0.4257,0.2218
1790164856619,1985,0.2267,0.5015
1790164856669,1986,0.3510,0.1437
1790164856719,1987,0.2178,0.0185
1790164856769,1988,0.3823,0.1517
1790164856819,1989,0.5620,0.3633
1790164856868,1990,0.2791,0.0318
1790164856919,1991,0.4047,0.0244
1790164856969,1992,0.3076,0.0845
1790164857019,1993,0.2107,0.0139
1790164857069,1994,0.2439,0.0161
1790164857119,1995,0.2767,0.0166
1790164857169,1996,0.3237,0.1147
1790164857218,1997,0.2262,0.3263
1790164857269,1998,0.2833,0.2797
1790164857319,1999,0.2925,0.0990
1790164857369,2000,0.2381,0.1332
1790164857419,2001,0.2154,0.0173
1790164857468,2002,0.3445,0.1453
1790164857519,2003,0.2073,0.0147
1790164857569,2004,0.2731,0.0694
1790164857619,2005,0.2988,0.0927
1790164857669,2006,0.2746,0.4713
1790164857718,2007,0.2834,0.0858
1790164857769,2008,0.3082,0.2339
1790164857819,2009,0.2280,0.1355
1790164857868,2010,0.2387,0.0134
1790164857919,2011,0.3306,1.2211
1790164857969,2012,0.3717,0.1599
1790164858019,2013,0.2211,0.0150
1790164858069,2014,0.7973,0.5745
1790164858119,2015,0.2439,0.0371
1790164858169,2016,0.2887,0.0788
1790164858218,2017,0.3138,0.1088
1790164858269,2018,0.3017,0.2415
1790164858319,2019,0.3643,0.2561
1790164858368,2020,0.4512,0.1640
1790164858418,2021,0.2839,1.1606
1790164858468,2022,0.3173,0.5909
1790164858519,2023,0.3762,0.1220
1790164858568,2024,0.3027,0.0783
1790164858618,2025,0.3028,0.0406
1790164858669,2026,0.3348,0.4713
1790164858719,2027,0.3206,0.2129
1790164858769,2028,0.2336,0.0185
1790164858818,2029,0.2916,0.0213
1790164858868,2030,0.3092,1.2374
1790164858919,2031,0.2899,0.5260
1790164858969,2032,0.3690,0.1234
1790164859019,2033,0.2764,0.0168
1790164859069,2034,0.3650,0.0994
1790164859119,2035,0.3678,0.3330
1790164859169,2036,0.4626,0.2985
1790164859219,2037,0.3000,0.0193
1790164859270,2038,0.6466,0.1293
1790164859319,2039,0.2103,1.4829
1790164859369,2040,0.3914,0.0856
1790164859419,2041,0.3541,0.0986
1790164859469,2042,0.5447,0.2866
1790164859519,2043,0.2450,0.0184
1790164859569,2044,0.2453,0.0142
1790164859619,2045,0.3363,0.2256
1790164859669,2046,0.2625,0.0171
1790164859719,2047,0.4399,0.1784
1790164859769,2048,0.3686,0.1663
1790164859819,2049,0.2871,0.0187
1790164859869,2050,0.3355,0.0953
1790164859919,2051,0.2900,0.0171
1790164859968,2052,0.3460,0.4642
1790164860019,2053,0.2800,0.2519
1790164860069,2054,0.2435,0.1572
1790164860119,2055,0.3594,0.0960
1790164860169,2056,0.2926,0.0861
1790164860219,2057,0.4448,0.2308
1790164860269,2058,0.3257,0.0978
1790164860318,2059,0.2812,0.2131
1790164860369,2060,0.2498,0.2461
1790164860419,2061,0.2521,0.0231
1790164860469,2062,0.3052,0.0900
1790164860518,2063,0.2369,0.0213
1790164860568,2064,0.3110,0.1031
1790164860620,2065,0.3548,0.2271
1790164860669,2066,0.3140,1.2338
1790164860720,2067,0.2223,0.1424
1790164860769,2068,0.3057,0.0748
1790164860818,2069,0.2906,1.0519
1790164860869,2070,0.2889,0.5139
1790164860919,2071,0.2202,0.0150
1790164860969,2072,0.3018,0.0843
1790164861019,2073,0.2652,0.0170
1790164861068,2074,0.3065,0.0234
1790164861120,2075,0.5477,0.3393
1790164861169,2076,0.2849,0.0917
1790164861219,2077,0.2375,0.2159
1790164861269,2078,0.3477,0.0908
1790164861319,2079,0.2267,0.0150
1790164861369,2080,0.3014,0.0749
1790164861418,2081,0.2350,0.0181
1790164861468,2082,0.2643,0.0172
1790164861519,2083,0.2325,0.1640
1790164861569,2084,0.2777,0.2215
1790164861619,2085,0.2307,0.1699
1790164861669,2086,0.2887,0.2239
1790164861719,2087,0.5530,0.2962
1790164861768,2088,0.2799,1.0597
1790164861820,2089,0.2303,0.9587
1790164861868,2090,0.2372,0.1555
1790164861919,2091,0.5078,0.0139
1790164861969,2092,0.3324,0.0777
1790164862018,2093,0.2896,0.2268
1790164862069,2094,0.2567,0.2690
1790164862119,2095,0.2331,0.0190
1790164862168,2096,0.3671,0.1608
1790164862219,2097,0.2764,0.0790
1790164862268,2098,0.2337,0.0139
1790164862318,2099,0.2572,0.0141
1790164862369,2100,0.2574,0.0151
1790164862419,2101,0.2103,0.0153
1790164862469,2102,0.2922,0.0916
1790164862518,2103,0.2343,0.0193
1790164862569,2104,0.2167,0.0171
1790164862619,2105,0.2963,0.0885
1790164862668,2106,0.2576,0.3386
1790164862719,2107,0.2130,0.2150
1790164862768,2108,0.4066,0.1996
1790164862820,2109,0.3068,0.0227
1790164862868,2110,0.2284,0.0132
1790164862918,2111,0.3156,0.1052
1790164862969,2112,0.4028,0.2482
1790164863019,2113,0.2745,0.0796
1790164863068,2114,0.2944,0.0699
1790164863120,2115,0.3244,0.0171
1790164863168,2116,0.2995,0.2955
1790164863218,2117,0.2349,0.0201
1790164863268,2118,0.2359,0.0159
1790164863320,2119,0.2941,0.0558
1790164863368,2120,0.4953,0.3361
1790164863419,2121,0.2362,0.0275
1790164863469,2122,0.2822,0.1135
1790164863518,2123,0.2101,0.0161
1790164863569,2124,0.2735,0.4254
1790164863619,2125,0.2027,0.0144
1790164863668,2126,0.2086,0.0124
1790164863719,2127,0.1989,0.0166
1790164863769,2128,0.2793,0.0966
1790164863819,2129,0.2068,0.1103
1790164863869,2130,0.2610,0.1959
1790164863918,2131,0.2010,0.0124
1790164863969,2132,0.2913,0.0948
1790164864019,2133,0.1982,0.0125
1790164864069,2134,0.3624,0.0765
1790164864119,2135,0.3039,0.2071
1790164864169,2136,0.2725,0.0792
1790164864219,2137,0.2751,0.0148
1790164864269,2138,0.2524,0.0764
1790164864318,2139,0.1849,0.2712
1790164864369,2140,0.3227,0.0700
1790164864419,2141,0.2414,0.0718
1790164864469,2142,0.2540,0.0736
1790164864520,2143,0.1827,0.0131
1790164864569,2144,0.1947,0.0123
1790164864618,2145,0.2445,0.1951
1790164864669,2146,0.3250,0.3985
1790164864718,2147,0.1861,0.7784
1790164864769,2148,0.2539,0.3342
1790164864819,2149,0.1802,0.0126
1790164864869,2150,0.2638,0.0732
1790164864919,2151,0.2393,0.0760
1790164864969,2152,0.3545,0.1646
1790164865018,2153,0.2103,0.0186
1790164865069,2154,0.2053,0.0145
1790164865119,2155,0.1924,0.0127
1790164865169,2156,0.3970,0.1662
1790164865219,2157,0.2010,0.0148
1790164865268,2158,0.4077,0.1705
1790164865319,2159,0.2818,0.0866
1790164865369,2160,0.3608,0.0995
1790164865419,2161,0.2210,0.0147
1790164865469,2162,0.2104,0.0145
1790164865520,2163,0.2522,0.0201
1790164865569,2164,0.3583,0.3593
1790164865619,2165,0.2025,0.0145
1790164865669,2166,0.3283,0.0137
1790164865718,2167,0.2580,0.0146
1790164865769,2168,0.3144,0.0855
1790164865819,2169,0.2104,0.0184
1790164865868,2170,0.3580,0.0917
1790164865919,2171,0.2529,0.0148
1790164865969,2172,0.2134,0.0145
1790164866019,2173,0.2446,0.0148
1790164866069,2174,0.2808,0.0909
1790164866119,2175,0.2434,0.0150
1790164866169,2176,0.4395,0.1762
1790164866219,2177,0.2798,0.1910
1790164866269,2178,0.2797,0.0822
1790164866318,2179,0.2101,0.0161
1790164866369,2180,0.3688,0.1250
1790164866419,2181,0.2890,0.0253
1790164866469,2182,0.2128,0.0141
1790164866519,2183,0.2714,0.0276
1790164866568,2184,0.3219,0.2419
1790164866618,2185,0.2871,0.0197
1790164866669,2186,0.3378,0.2694
1790164866719,2187,0.2982,0.3312
1790164866769,2188,0.2812,0.0985
1790164866819,2189,0.2510,0.0146
1790164866869,2190,0.2422,0.0154
1790164866919,2191,0.4004,0.2232
1790164866969,2192,0.4562,0.2883
1790164867018,2193,0.2599,0.0827
1790164867069,2194,0.2517,0.0727
1790164867120,2195,0.1999,0.2766
1790164867169,2196,0.2350,0.0160
1790164867219,2197,0.1926,0.0131
1790164867268,2198,0.2769,0.0928
1790164867319,2199,0.3857,0.4138
1790164867369,2200,0.1932,0.2399
1790164867418,2201,0.4489,0.1641
1790164867469,2202,0.2394,0.0763
1790164867518,2203,0.1834,0.0135
1790164867569,2204,0.2541,0.0777
1790164867618,2205,0.2509,0.0744
1790164867669,2206,0.2995,0.1213
1790164867719,2207,0.1859,0.0136
1790164867768,2208,0.2721,0.0828
1790164867819,2209,0.2507,0.0862
1790164867869,2210,0.1904,0.2366
1790164867919,2211,0.2530,0.2064
1790164867969,2212,0.2429,0.3761
1790164868018,2213,0.5214,0.9892
1790164868068,2214,0.2439,0.4489
1790164868119,2215,0.2474,0.2652
1790164868168,2216,0.3980,0.0751
1790164868219,2217,0.2365,0.0728
1790164868269,2218,0.1820,0.0122
1790164868319,2219,0.3211,0.0757
1790164868368,2220,0.3636,0.1337
1790164868419,2221,0.2031,0.0143
1790164868469,2222,0.2498,0.0737
1790164868518,2223,0.2499,0.0817
1790164868569,2224,0.2410,0.0683
1790164868619,2225,0.1799,0.2295
1790164868669,2226,0.2645,0.0884
1790164868718,2227,0.4023,0.2320
1790164868769,2228,0.1697,0.9800
1790164868819,2229,0.2274,0.0148
1790164868869,2230,0.2426,0.0701
1790164868919,2231,0.1833,0.0164
1790164868969,2232,0.2637,0.3386
1790164869019,2233,0.2064,0.0169
1790164869069,2234,0.3262,0.1432
1790164869118,2235,0.2005,0.0132
1790164869169,2236,0.2503,0.0751
1790164869218,2237,0.1859,0.0136
1790164869268,2238,0.3427,0.1543
1790164869318,2239,0.2138,0.0176
1790164869369,2240,0.2800,0.0816
1790164869419,2241,0.1812,0.0355
1790164869469,2242,0.2533,0.0798
1790164869519,2243,0.1821,0.0124
1790164869569,2244,0.2924,0.3288
1790164869619,2245,0.2634,0.0988
1790164869669,2246,0.1744,0.9970
1790164869719,2247,0.1962,0.5879
1790164869769,2248,0.2568,0.0982
1790164869819,2249,0.1765,0.0177
1790164869869,2250,0.2617,0.0792
1790164869919,2251,0.1772,0.0183
1790164869969,2252,0.2860,0.1168
1790164870018,2253,0.2383,0.0265
1790164870069,2254,0.1810,0.0133
1790164870119,2255,0.1883,0.1440
1790164870168,2256,0.2434,0.3313
1790164870219,2257,0.1717,0.0161
1790164870269,2258,0.2200,0.8499
1790164870319,2259,0.1608,0.7462
1790164870369,2260,0.2568,0.0729
1790164870419,2261,0.1788,0.0129
1790164870469,2262,0.1761,0.0131
1790164870518,2263,0.2427,0.0771
1790164870568,2264,0.3060,0.4404
1790164870618,2265,0.3501,0.1887
1790164870668,2266,0.2944,0.5408
1790164870719,2267,0.1823,0.5567
1790164870769,2268,0.2381,0.1584
1790164870819,2269,0.2071,0.2054
1790164870869,2270,0.2413,0.0751
1790164870919,2271,0.1650,0.0118
1790164870969,2272,0.1663,0.1979
1790164871019,2273,0.1553,0.0113
1790164871069,2274,0.1594,0.0161
1790164871119,2275,0.1867,0.0130
1790164871168,2276,0.2475,0.0800
1790164871219,2277,0.1588,0.0115
1790164871269,2278,0.2276,0.0745
1790164871319,2279,0.1598,0.0117
1790164871369,2280,0.3346,0.1006
1790164871419,2281,0.1513,0.0118
1790164871469,2282,0.1719,0.0118
1790164871519,2283,0.2299,0.0786
1790164871568,2284,0.2191,0.0623
1790164871618,2285,0.1731,0.0205
1790164871668,2286,0.3150,0.1430
1790164871718,2287,0.2384,0.0759
1790164871769,2288,0.2407,0.1692
1790164871819,2289,0.1737,0.0132
1790164871868,2290,0.3120,0.1124
1790164871919,2291,0.2306,0.1046
1790164871968,2292,0.2532,0.0775
1790164872019,2293,0.1741,0.0126
1790164872069,2294,0.3005,0.1330
1790164872119,2295,0.2087,0.0196
1790164872169,2296,0.2798,0.1012
1790164872219,2297,0.1722,0.5249
1790164872268,2298,0.3377,0.1576
1790164872319,2299,1.0238,0.7685
1790164872369,2300,0.2783,0.4437
1790164872419,2301,0.1856,0.1587
1790164872469,2302,0.3092,0.0921
1790164872518,2303,0.1991,0.0243
1790164872569,2304,0.3102,0.2825
1790164872618,2305,0.1957,0.0201
1790164872669,2306,0.2822,0.1028
1790164872719,2307,0.3242,0.1112
1790164872768,2308,0.3880,0.3037
1790164872819,2309,0.2327,1.4143
1790164872869,2310,0.1925,0.0652
1790164872919,2311,0.2763,0.1104
1790164872969,2312,0.2454,0.2955
1790164873019,2313,0.3148,0.1399
1790164873069,2314,0.3061,0.1283
1790164873119,2315,0.2232,1.1110
1790164873168,2316,0.2830,1.8159
1790164873220,2317,0.1808,0.3674
1790164873269,2318,0.1895,0.3159
1790164873319,2319,0.1841,0.0117
1790164873368,2320,0.3185,0.1269
1790164873419,2321,0.2009,0.0120
1790164873469,2322,0.2592,0.0804
1790164873519,2323,0.2126,0.0355
1790164873569,2324,0.3430,0.3579
1790164873619,2325,0.1873,0.0126
1790164873669,2326,0.1978,0.0151
1790164873719,2327,0.1781,0.0136
1790164873768,2328,0.1818,0.0124
1790164873819,2329,0.1763,0.0113
1790164873869,2330,0.2488,0.0721
1790164873918,2331,0.2555,0.0811
1790164873969,2332,0.3338,0.2529
1790164874019,2333,0.2205,0.0141
1790164874069,2334,0.2720,0.0831
1790164874119,2335,0.1909,0.0131
1790164874169,2336,0.2565,0.0773
1790164874219,2337,0.1825,0.0116
1790164874269,2338,0.4708,0.3040
1790164874319,2339,0.1750,0.0221
1790164874369,2340,0.2512,0.0755
1790164874419,2341,0.1542,0.0103
1790164874469,2342,0.2393,0.0757
1790164874519,2343,0.1721,0.0111
1790164874569,2344,0.1884,0.0129
1790164874619,2345,0.1871,0.0160
1790164874669,2346,0.2351,0.0767
1790164874719,2347,0.1883,0.0182
1790164874768,2348,0.2800,0.1127
1790164874819,2349,0.2404,0.0112
1790164874869,2350,0.2552,0.0769
1790164874918,2351,0.1786,0.0149
1790164874969,2352,0.2567,0.0803
1790164875019,2353,0.1838,0.0119
1790164875069,2354,0.2068,0.0211
1790164875119,2355,0.2320,0.3233
1790164875169,2356,0.2503,0.0911
1790164875219,2357,0.2367,0.0755
1790164875269,2358,0.2587,0.0832
1790164875318,2359,0.2234,0.0113
1790164875369,2360,0.2720,0.0804
1790164875418,2361,0.1874,0.0125
1790164875469,2362,0.1925,0.0134
1790164875518,2363,0.2768,0.0145
1790164875569,2364,0.5025,0.3372
1790164875619,2365,0.1769,0.0138
1790164875669,2366,0.2279,0.2605
1790164875718,2367,0.1696,0.0114
1790164875769,2368,0.2453,0.0768
1790164875818,2369,0.1730,0.0118
1790164875869,2370,0.2540,0.0827
1790164875919,2371,0.2542,0.2441
1790164875968,2372,0.1892,0.0434
1790164876018,2373,0.1796,0.0125
1790164876069,2374,0.1925,0.0142
1790164876119,2375,0.1796,0.2176
1790164876168,2376,0.2293,0.3831
1790164876219,2377,0.1688,0.0119
1790164876269,2378,0.2447,0.0764
1790164876319,2379,0.1674,0.1243
1790164876369,2380,0.2828,0.0983
1790164876419,2381,0.1691,0.0112
1790164876469,2382,0.1767,0.2909
1790164876519,2383,0.1809,0.0115
1790164876569,2384,0.2033,0.9625
1790164876620,2385,0.1671,0.2811
1790164876669,2386,0.2286,0.1770
1790164876719,2387,0.2311,0.0744
1790164876769,2388,0.2942,0.3536
1790164876819,2389,0.3066,0.3247
1790164876869,2390,0.1683,0.8421
1790164876918,2391,0.1962,1.0000
1790164876969,2392,0.2032,0.3534
1790164877019,2393,0.1567,0.1385
1790164877069,2394,0.2375,0.0698
1790164877119,2395,0.1690,0.0116
1790164877169,2396,0.3110,0.1486
1790164877219,2397,0.1729,0.0143
1790164877268,2398,0.2319,0.0715
1790164877319,2399,0.1655,0.0117
1790164877369,2400,0.1875,0.0114
1790164877419,2401,0.1677,0.0115
1790164877468,2402,0.2229,0.0691
1790164877519,2403,0.3584,0.2053
1790164877568,2404,0.2560,0.0722
1790164877619,2405,0.1806,0.0120
1790164877669,2406,0.2176,0.0580
1790164877718,2407,0.1661,0.0108
1790164877769,2408,0.2676,0.1037
1790164877819,2409,0.1640,0.0115
1790164877869,2410,0.2518,0.0403
1790164877919,2411,0.2679,0.1143
1790164877968,2412,0.2278,0.3690
1790164878019,2413,0.1670,0.0106
1790164878068,2414,0.3918,0.1158
1790164878119,2415,0.1849,0.0149
1790164878169,2416,0.2267,0.0675
1790164878219,2417,0.2415,0.0873
1790164878271,2418,2.2698,0.0134
1790164878319,2419,0.1894,0.2098
1790164878368,2420,0.2926,0.1190
1790164878419,2421,0.2172,0.0148
1790164878469,2422,0.2367,0.0721
1790164878519,2423,0.2218,0.2656
1790164878569,2424,0.2607,0.0960
1790164878619,2425,0.1793,0.0137
1790164878669,2426,0.1968,0.0149
1790164878719,2427,0.1784,0.0163
1790164878768,2428,0.1873,0.0150
1790164878819,2429,0.1717,0.2425
1790164878869,2430,0.1840,0.0183
1790164878919,2431,0.1669,0.0151
1790164878969,2432,0.2659,0.0990
1790164879019,2433,0.1586,0.1982
1790164879068,2434,0.2401,0.0755
1790164879118,2435,0.1762,0.0113
1790164879169,2436,0.3935,0.2341
1790164879219,2437,0.2132,0.0767
1790164879269,2438,0.2345,0.0714
1790164879319,2439,0.2048,0.0120
1790164879369,2440,0.2558,0.0727
1790164879419,2441,0.1694,0.0114
1790164879469,2442,0.2385,0.0741
1790164879518,2443,0.1666,0.0136
1790164879569,2444,0.2315,0.0128
1790164879619,2445,0.1686,0.0109
1790164879669,2446,0.1897,0.0801
1790164879719,2447,0.1979,0.0280
1790164879770,2448,0.2563,0.0948
1790164879820,2449,0.1722,0.0110
1790164879869,2450,0.2420,0.0697
1790164879919,2451,0.1690,0.0136
1790164879968,2452,0.3401,0.1775
1790164880018,2453,0.1671,0.0839
1790164880069,2454,0.2656,0.0837
1790164880119,2455,0.3380,0.0153
1790164880169,2456,0.2287,0.1027
1790164880218,2457,0.1772,0.0131
1790164880269,2458,0.2401,0.0717
1790164880318,2459,0.1662,0.0107
1790164880369,2460,0.2732,0.0740
1790164880419,2461,0.1651,0.0105
1790164880468,2462,0.1791,0.0111
1790164880518,2463,0.2305,0.0715
1790164880569,2464,0.2669,0.1086
1790164880618,2465,0.3177,0.1151
1790164880669,2466,0.1818,0.0105
1790164880718,2467,0.1722,0.0119
1790164880769,2468,0.2358,0.0767
1790164880818,2469,0.2520,0.0897
1790164880869,2470,0.4542,0.4981
1790164880919,2471,0.1656,0.7827
1790164880969,2472,0.1815,0.0107
1790164881019,2473,0.1742,0.0108
1790164881069,2474,0.2472,0.0778
1790164881119,2475,0.2738,0.1080
1790164881169,2476,0.2410,0.0731
1790164881218,2477,0.1806,0.4067
1790164881269,2478,0.2464,0.0702
1790164881319,2479,0.1800,0.0127
1790164881369,2480,0.2735,0.0786
1790164881419,2481,0.2239,0.0111
1790164881469,2482,0.1890,0.0110
1790164881519,2483,0.1836,0.0129
1790164881569,2484,0.1671,0.2078
1790164881618,2485,0.1814,0.0416
1790164881668,2486,0.3599,0.3248
1790164881718,2487,0.2457,0.0823
1790164881769,2488,0.3279,0.6580
1790164881818,2489,0.1828,0.7393
1790164881869,2490,0.1869,0.4887
1790164881918,2491,0.1739,0.0120
1790164881969,2492,0.2374,0.0767
1790164882019,2493,0.1692,0.2907
1790164882068,2494,0.2426,0.1827
1790164882119,2495,0.1801,0.1261
1790164882169,2496,0.2401,0.9933
1790164882219,2497,0.1674,0.6044
1790164882269,2498,0.2286,0.0672
1790164882319,2499,0.1656,0.0116
1790164882369,2500,0.1963,0.0125
1790164882419,2501,0.1695,0.0122
1790164882469,2502,0.2299,0.1966
1790164882519,2503,0.3572,0.2052
1790164882569,2504,0.2238,0.1829
1790164882619,2505,0.1670,0.1311
1790164882668,2506,0.2369,0.0723
1790164882719,2507,0.1584,0.8266
1790164882769,2508,0.2331,0.1352
1790164882819,2509,0.1814,0.2695
1790164882868,2510,0.1725,0.1143
1790164882919,2511,0.3055,0.1410
1790164882969,2512,0.2150,0.1090
1790164883018,2513,0.1573,0.0096
1790164883069,2514,0.3417,0.0707
1790164883119,2515,0.1808,0.0131
1790164883168,2516,0.2395,0.0722
1790164883219,2517,0.1666,0.0114
1790164883269,2518,0.2545,0.0928
1790164883319,2519,0.2357,0.0125
1790164883369,2520,0.3062,0.3812
1790164883419,2521,0.2253,0.0120
1790164883469,2522,0.2533,0.7698
1790164883519,2523,0.1589,0.7507
1790164883568,2524,0.2804,0.3375
1790164883619,2525,0.1654,0.0640
1790164883668,2526,0.1675,0.0099
1790164883719,2527,0.1677,0.0147
1790164883769,2528,0.2261,0.0720
1790164883819,2529,0.1887,0.0145
1790164883869,2530,0.2174,0.3325
1790164883919,2531,0.1584,0.0104
1790164883969,2532,0.3005,0.1443
1790164884019,2533,0.1685,0.0138
1790164884069,2534,0.2508,0.0777
1790164884119,2535,0.2616,0.0730
1790164884169,2536,0.1751,0.2127
1790164884219,2537,0.1638,0.0103
1790164884269,2538,0.2329,0.0735
1790164884319,2539,0.1669,0.0116
1790164884369,2540,0.3008,0.0721
1790164884419,2541,0.1671,0.2047
1790164884469,2542,0.2365,0.0702
1790164884519,2543,0.1585,0.0130
1790164884569,2544,0.1782,0.0129
1790164884619,2545,0.1792,0.0112
1790164884668,2546,0.1844,0.0182
1790164884719,2547,0.1808,0.0138
1790164884769,2548,0.2543,0.0983
1790164884818,2549,0.1684,0.0135
1790164884868,2550,0.3185,0.1392
1790164884918,2551,0.5098,0.1945
1790164884969,2552,0.2480,1.1149
1790164885019,2553,0.1643,0.0096
1790164885069,2554,0.1739,0.0105
1790164885118,2555,0.1803,0.0117
1790164885169,2556,0.2448,0.0752
1790164885219,2557,0.1644,0.0109
1790164885268,2558,0.2265,0.0708
1790164885319,2559,0.1682,0.0143
1790164885369,2560,0.2696,0.0743
1790164885419,2561,0.1726,0.1973
1790164885469,2562,0.1762,0.1366
1790164885519,2563,0.1567,0.0126
1790164885569,2564,0.2434,0.1013
1790164885620,2565,0.1516,0.0090
1790164885669,2566,0.2161,0.0711
1790164885719,2567,0.1569,0.0098
1790164885769,2568,0.2258,0.0724
1790164885819,2569,0.2051,0.0670
1790164885868,2570,0.2494,0.0687
1790164885919,2571,0.1533,0.0102
1790164885969,2572,0.1638,0.0124
1790164886019,2573,0.2033,0.0117
1790164886069,2574,0.1609,0.0102
1790164886119,2575,0.2205,0.0151
1790164886169,2576,0.2749,0.1207
1790164886218,2577,0.1594,0.0109
1790164886269,2578,0.2341,0.0694
1790164886319,2579,0.1660,0.0108
1790164886369,2580,0.3301,0.1171
1790164886419,2581,0.1662,0.0111
1790164886469,2582,0.1729,0.2030
1790164886518,2583,0.1653,0.0101
1790164886569,2584,0.2752,0.1224
1790164886618,2585,0.1681,0.0104
1790164886669,2586,0.2473,0.0860
1790164886719,2587,0.2243,0.0697
1790164886769,2588,0.2874,0.1870
1790164886819,2589,0.1728,0.0145
1790164886869,2590,0.1755,0.1971
1790164886919,2591,0.1640,0.0138
1790164886969,2592,0.5231,0.1233
1790164887019,2593,0.1697,0.0109
1790164887069,2594,0.3392,0.1784
1790164887119,2595,0.1735,0.0118
1790164887169,2596,0.3293,0.1604
1790164887219,2597,0.1570,0.2464
1790164887269,2598,0.2260,0.0643
1790164887319,2599,0.1553,0.1879
1790164887369,2600,0.1797,0.0091
1790164887419,2601,0.1666,0.0139
1790164887469,2602,0.2480,0.2315
1790164887518,2603,0.1752,0.1017
1790164887569,2604,0.2358,0.0662
1790164887618,2605,0.1627,0.7874
1790164887668,2606,0.1964,0.4607
1790164887719,2607,0.1475,0.0071
1790164887768,2608,0.2008,0.0521
1790164887819,2609,0.1627,0.0127
1790164887869,2610,0.1725,0.0104
1790164887918,2611,0.2948,0.1571
1790164887969,2612,0.1972,0.1742
1790164888018,2613,0.1296,0.0053
1790164888069,2614,0.3233,0.0536
1790164888119,2615,0.1643,0.0105
1790164888169,2616,0.2230,0.0672
1790164888219,2617,0.1618,0.0109
1790164888269,2618,0.1395,0.0089
1790164888318,2619,0.1217,0.0084
1790164888370,2620,0.3355,0.1365
1790164888419,2621,0.2004,0.2295
1790164888469,2622,0.2388,0.0704
1790164888519,2623,0.2833,0.1376
1790164888569,2624,0.2183,0.7389
1790164888619,2625,0.1310,0.1582
1790164888669,2626,0.1225,0.0043
1790164888719,2627,0.0926,0.0060
1790164888769,2628,0.0844,0.0051
1790164888819,2629,0.1700,0.0583
1790164888868,2630,0.1869,0.0545
1790164888919,2631,0.2217,0.0769
1790164888968,2632,0.2299,0.1492
1790164889018,2633,0.1390,0.0083
1790164889069,2634,0.2153,0.0659
1790164889119,2635,0.2092,0.2641
1790164889169,2636,0.2359,0.0811
1790164889219,2637,0.1632,0.0104
1790164889269,2638,0.2149,0.0659
1790164889318,2639,0.1517,0.0120
1790164889369,2640,0.2713,0.1077
1790164889420,2641,0.1496,0.0109
1790164889469,2642,0.2114,0.0656
1790164889518,2643,0.1642,0.0115
1790164889569,2644,0.1779,0.0159
1790164889620,2645,0.1652,0.0133
1790164889669,2646,0.1647,0.0106
1790164889719,2647,0.1563,0.1957
1790164889768,2648,0.2365,0.0898
1790164889818,2649,0.1605,0.0106
1790164889869,2650,0.2213,0.0608
1790164889919,2651,0.1537,0.0127
1790164889969,2652,0.2504,0.0967
1790164890019,2653,0.1648,0.0109
1790164890069,2654,0.1670,0.0096
1790164890119,2655,0.1642,0.0114
1790164890168,2656,0.2198,0.0696
1790164890220,2657,0.1667,0.0152
1790164890269,2658,0.2239,0.0672
1790164890318,2659,0.1570,0.0108
1790164890369,2660,0.2759,0.1117
1790164890419,2661,0.1547,0.0119
1790164890468,2662,0.1703,0.0109
1790164890519,2663,0.1659,0.0149
1790164890569,2664,0.2425,0.0938
1790164890618,2665,0.4653,0.0124
1790164890669,2666,0.2265,0.0668
1790164890718,2667,0.1651,0.0103
1790164890769,2668,0.2884,0.1280
1790164890818,2669,0.1669,0.0769
1790164890870,2670,0.2427,0.0737
1790164890919,2671,0.1629,0.0115
1790164890969,2672,0.1713,0.0094
1790164891019,2673,0.1629,0.0106
1790164891068,2674,0.1665,0.0112
1790164891119,2675,0.1686,0.0159
1790164891169,2676,0.2766,0.2617
1790164891219,2677,0.1613,0.0107
1790164891268,2678,0.2173,0.0622
1790164891319,2679,0.1561,0.0098
1790164891368,2680,0.2484,0.0856
1790164891418,2681,0.2014,0.0608
1790164891470,2682,0.1688,0.0095
1790164891519,2683,0.1528,0.0100
1790164891569,2684,0.2170,0.0667
1790164891618,2685,0.1679,0.0111
1790164891669,2686,0.2320,0.0658
1790164891718,2687,0.2234,0.0697
1790164891768,2688,0.2306,0.1385
1790164891819,2689,0.2277,0.0701
1790164891869,2690,0.1843,0.0114
1790164891919,2691,0.1739,0.4425
1790164891968,2692,0.2194,0.0136
1790164892020,2693,0.1637,0.0109
1790164892069,2694,0.1641,0.0111
1790164892118,2695,0.3939,0.2312
1790164892169,2696,0.2903,0.8475
1790164892219,2697,0.1772,0.0116
1790164892269,2698,0.2812,0.1192
1790164892320,2699,0.1708,0.1245
1790164892369,2700,0.1925,0.0130
1790164892419,2701,0.1712,0.0116
1790164892469,2702,0.2285,0.0713
1790164892520,2703,0.1803,0.0137
1790164892569,2704,0.2392,0.0696
1790164892618,2705,0.1751,0.0111
1790164892668,2706,0.4180,0.3587
1790164892719,2707,0.2012,0.0128
1790164892768,2708,0.2335,0.0656
1790164892819,2709,0.1660,0.0103
1790164892869,2710,0.1838,0.0112
1790164892918,2711,0.2688,0.1126
1790164892968,2712,0.2844,0.2721
1790164893019,2713,0.1622,0.0866
1790164893069,2714,0.2356,0.0664
1790164893118,2715,0.3003,0.0108
1790164893169,2716,0.2344,0.0675
1790164893219,2717,0.1732,0.0114
1790164893269,2718,0.1760,0.0104
1790164893319,2719,0.1660,0.0108
1790164893369,2720,0.3349,0.1559
1790164893418,2721,0.3502,0.1906
1790164893469,2722,0.2305,0.0682
1790164893518,2723,0.1747,0.0101
1790164893569,2724,0.3033,0.1400
1790164893619,2725,0.1715,0.0106
1790164893669,2726,0.1999,0.0129
1790164893718,2727,0.1731,0.0132
1790164893768,2728,0.1673,0.2013
1790164893818,2729,0.1701,0.0117
1790164893869,2730,0.2293,0.0684
1790164893919,2731,0.1724,0.0112
1790164893969,2732,0.2541,0.0885
1790164894019,2733,0.1634,0.1904
1790164894069,2734,0.2675,0.2924
1790164894119,2735,0.1762,0.0164
1790164894169,2736,0.2418,0.0812
1790164894220,2737,0.1655,0.0109
1790164894269,2738,0.2340,0.0722
1790164894319,2739,0.1617,0.0108
1790164894368,2740,0.2990,0.3146
1790164894419,2741,0.1513,0.0865
1790164894469,2742,0.2178,0.0618
1790164894518,2743,0.1515,0.0086
1790164894568,2744,0.1782,0.0082
1790164894618,2745,0.1692,0.0120
1790164894669,2746,0.2081,0.0626
1790164894718,2747,0.1583,0.0094
1790164894769,2748,0.2552,0.0967
1790164894819,2749,0.1757,0.0117
1790164894868,2750,0.2408,0.0683
1790164894919,2751,0.1698,0.0130
1790164894968,2752,0.2891,0.3408
1790164895019,2753,0.1980,0.0099
1790164895069,2754,0.1965,0.0106
1790164895119,2755,0.1713,0.1294
1790164895169,2756,0.2138,0.0664
1790164895219,2757,0.2191,0.0111
1790164895268,2758,0.2261,0.0677
1790164895319,2759,0.1685,0.0111
1790164895369,2760,0.2013,0.0615
1790164895418,2761,0.1163,0.0077
1790164895468,2762,0.1282,0.0081
1790164895519,2763,0.1027,0.0072
1790164895568,2764,0.2301,0.0949
1790164895618,2765,0.1691,0.0105
1790164895669,2766,0.2241,0.0655
1790164895718,2767,0.2894,0.1407
1790164895769,2768,0.2919,1.0459
1790164895819,2769,0.1468,0.0063
1790164895869,2770,0.2168,0.0622
1790164895919,2771,0.1519,0.0093
1790164895969,2772,0.1467,0.0079
1790164896019,2773,0.1401,0.0082
1790164896069,2774,0.1462,0.0102
1790164896118,2775,0.2275,0.0712
1790164896169,2776,0.2917,0.0866
1790164896219,2777,0.2849,0.0098
1790164896268,2778,0.3310,0.1764
1790164896319,2779,0.1590,0.0098
1790164896369,2780,0.3539,0.1139
1790164896418,2781,0.1651,0.0094
1790164896468,2782,0.1694,0.0099
1790164896519,2783,0.1597,0.0097
1790164896569,2784,0.2196,0.0680
1790164896619,2785,0.1658,0.0097
1790164896669,2786,0.2315,0.0690
1790164896719,2787,0.2266,0.0725
1790164896768,2788,0.2226,0.1305
1790164896819,2789,0.1556,0.1778
1790164896868,2790,0.2264,0.0672
1790164896919,2791,0.1676,0.0108
1790164896969,2792,0.2288,0.2523
1790164897018,2793,0.2210,0.0742
1790164897069,2794,0.1706,0.0890
1790164897119,2795,0.1689,0.0108
1790164897170,2796,0.2546,0.0879
1790164897219,2797,0.1580,0.0107
1790164897269,2798,0.2249,0.0656
1790164897319,2799,0.1558,0.0118
1790164897369,2800,0.1709,0.0102
1790164897419,2801,0.1436,0.0087
1790164897469,2802,0.2543,0.0662
1790164897519,2803,0.1342,0.0098
1790164897569,2804,0.2057,0.0631
1790164897619,2805,0.2182,0.0671
1790164897669,2806,0.2369,0.0672
1790164897719,2807,0.1649,0.0144
1790164897769,2808,0.1994,0.0108
1790164897818,2809,0.1639,0.0121
1790164897868,2810,0.1694,0.0110
1790164897918,2811,0.2878,0.1403
1790164897969,2812,0.2726,0.3109
1790164898019,2813,0.1779,0.1180
1790164898069,2814,0.2677,0.0919
1790164898119,2815,0.2861,0.2621
1790164898168,2816,0.2178,0.1583
1790164898219,2817,0.1640,0.0102
1790164898269,2818,0.1634,1.0506
1790164898319,2819,0.1427,0.5965
1790164898369,2820,0.2868,0.1093
1790164898418,2821,0.1290,0.0062
1790164898469,2822,0.2147,0.0632
1790164898518,2823,0.1509,0.0114
1790164898568,2824,0.2419,0.0880
1790164898619,2825,0.1566,0.0092
1790164898668,2826,0.1567,0.1937
1790164898719,2827,0.1826,0.0668
1790164898768,2828,0.1292,0.0082
1790164898819,2829,0.1355,0.0086
1790164898868,2830,0.2887,0.1531
1790164898919,2831,0.1441,0.1816
1790164898969,2832,0.2414,0.1269
1790164899018,2833,0.1869,0.0631
1790164899069,2834,0.2224,0.0640
1790164899119,2835,0.1712,0.0118
1790164899169,2836,0.3139,0.0111
1790164899219,2837,0.2332,0.0097
1790164899269,2838,0.2221,0.0705
1790164899318,2839,0.2778,0.1302
1790164899369,2840,0.2401,0.7545
1790164899418,2841,0.1626,0.0108
1790164899469,2842,0.2241,0.0652
1790164899519,2843,0.1954,0.0102
1790164899569,2844,0.1784,0.0101
1790164899619,2845,0.1728,0.0132
1790164899669,2846,0.1697,0.0116
1790164899719,2847,0.1697,0.0126
1790164899769,2848,0.2529,0.0900
1790164899818,2849,0.2991,0.0104
1790164899869,2850,0.2371,0.0652
1790164899919,2851,0.2271,0.0695
1790164899968,2852,0.2771,0.1052
1790164900019,2853,0.1662,0.0109
1790164900069,2854,0.1837,0.0138
1790164900119,2855,0.1765,0.0133
1790164900169,2856,0.2350,0.0735
1790164900219,2857,0.1841,0.0178
1790164900269,2858,0.2402,0.0726
1790164900318,2859,0.1735,0.0112
1790164900369,2860,0.2693,0.0709
1790164900419,2861,0.1665,0.0106
1790164900469,2862,0.1809,0.0105
1790164900518,2863,0.1716,0.0109
1790164900569,2864,0.2368,0.0797
1790164900619,2865,0.1727,0.0110
1790164900668,2866,0.2320,0.2587
1790164900720,2867,0.1727,0.0129
1790164900769,2868,0.1784,0.0108
1790164900819,2869,0.1715,0.0117
1790164900869,2870,0.2272,0.2653
1790164900918,2871,0.1904,0.0107
1790164900969,2872,0.1964,0.0120
1790164901020,2873,0.1894,0.0160
1790164901069,2874,0.2361,0.0811
1790164901118,2875,0.1738,0.0905
1790164901169,2876,0.2366,0.0724
1790164901219,2877,0.1632,0.0109
1790164901269,2878,0.2308,0.0662
1790164901319,2879,0.1715,0.0176
1790164901369,2880,0.3612,0.3450
1790164901419,2881,0.1634,0.0105
1790164901469,2882,0.1717,0.0108
1790164901519,2883,0.1711,0.0108
1790164901569,2884,0.2930,0.1413
1790164901619,2885,0.1708,0.0911
1790164901670,2886,0.2361,0.0702
1790164901719,2887,0.2430,0.0750
1790164901768,2888,0.2889,0.1794
1790164901819,2889,0.1632,0.0101
1790164901869,2890,0.1729,0.0098
1790164901919,2891,0.4513,0.2946
1790164901969,2892,0.2110,0.0800
1790164902019,2893,0.1745,0.1992
1790164902070,2894,0.1699,0.0128
1790164902118,2895,0.1890,0.0146
1790164902169,2896,0.2412,0.0886
1790164902219,2897,0.1619,0.0106
1790164902268,2898,0.2330,0.0718
1790164902319,2899,0.2083,0.0113
1790164902368,2900,0.1659,0.0091
1790164902419,2901,0.1469,0.0097
1790164902469,2902,0.2113,0.0633
1790164902519,2903,0.1509,0.0109
1790164902569,2904,0.2060,0.0624
1790164902619,2905,0.1469,0.0090
1790164902669,2906,0.2092,0.2460
1790164902719,2907,0.1186,0.0066
1790164902769,2908,0.2432,0.0857
1790164902818,2909,0.1089,0.0073
1790164902868,2910,0.1004,0.0056
1790164902919,2911,0.2150,0.1363
1790164902969,2912,0.1802,0.9234
1790164903019,2913,0.1540,0.0091
1790164903069,2914,0.2270,0.0731
1790164903119,2915,0.3204,0.0105
1790164903169,2916,0.2167,0.0688
1790164903219,2917,0.1980,0.0708
1790164903269,2918,0.1532,0.0089
1790164903318,2919,0.1548,0.0096
1790164903369,2920,0.2620,0.1060
1790164903419,2921,0.1543,0.0107
1790164903468,2922,0.2241,0.0664
1790164903519,2923,0.1499,0.0101
1790164903569,2924,0.2266,0.0845
1790164903618,2925,0.1982,0.0622
1790164903669,2926,0.1525,0.0101
1790164903719,2927,0.1509,0.0113
1790164903769,2928,0.2845,0.0116
1790164903819,2929,0.1486,0.0101
1790164903869,2930,0.2139,0.0685
1790164903919,2931,0.1600,0.0126
1790164903969,2932,0.2263,0.2672
1790164904019,2933,0.1530,0.0097
1790164904068,2934,0.2317,0.2405
1790164904119,2935,0.1684,0.0107
1790164904169,2936,0.2416,0.0847
1790164904219,2937,0.1614,0.0105
1790164904268,2938,0.2293,0.0713
1790164904319,2939,0.1723,0.0109
1790164904368,2940,0.2326,0.0637
1790164904419,2941,0.1597,0.0105
1790164904469,2942,0.1941,0.0596
1790164904518,2943,0.1106,0.0076
1790164904569,2944,0.1169,0.0077
1790164904619,2945,0.1165,0.0073
1790164904669,2946,0.1892,0.0737
1790164904719,2947,0.1477,0.0588
1790164904769,2948,0.2428,0.0920
1790164904819,2949,0.1540,0.0096
1790164904868,2950,0.2355,0.0674
1790164904918,2951,0.1655,0.2228
1790164904969,2952,0.2624,0.1028
1790164905019,2953,0.1201,0.0082
1790164905069,2954,0.1374,0.0086
1790164905119,2955,0.1641,0.0108
1790164905169,2956,0.2647,0.1377
1790164905219,2957,0.1146,0.0656
1790164905269,2958,0.2173,0.0681
1790164905318,2959,0.1101,0.0074
1790164905369,2960,0.1707,0.0558
1790164905418,2961,0.1217,0.0069
1790164905469,2962,0.1317,0.0078
1790164905518,2963,0.1030,0.0058
1790164905569,2964,0.1863,0.0983
1790164905618,2965,0.0965,0.0080
1790164905669,2966,0.1440,0.0579
1790164905719,2967,0.0857,0.0068
1790164905769,2968,0.1022,0.0053
1790164905818,2969,0.2080,0.0695
1790164905869,2970,0.1848,0.0632
1790164905919,2971,0.1156,0.0076
1790164905969,2972,0.1042,0.0058
1790164906018,2973,0.1269,0.0078
1790164906068,2974,0.1594,0.0106
1790164906119,2975,0.1696,0.0117
1790164906169,2976,0.1985,0.0652
1790164906219,2977,0.1395,0.0095
1790164906270,2978,0.2218,0.0642
1790164906318,2979,0.2168,0.0684
1790164906369,2980,0.2598,0.0926
1790164906419,2981,0.1658,0.0111
1790164906468,2982,0.1771,0.0110
1790164906519,2983,0.2721,0.1246
1790164906569,2984,0.1971,1.7250
1790164906619,2985,0.1648,0.0099
1790164906669,2986,0.2451,0.2364
1790164906719,2987,0.2148,0.0713
1790164906769,2988,0.2149,0.1137
1790164906819,2989,0.1604,0.0105
1790164906870,2990,0.2246,0.0663
1790164906919,2991,0.2148,0.0639
1790164906969,2992,0.3110,0.1539
1790164907019,2993,0.1660,0.0109
1790164907069,2994,0.1654,0.4118
1790164907119,2995,0.1918,0.0131
1790164907169,2996,0.2589,0.1087
1790164907219,2997,0.1637,0.0105
1790164907269,2998,0.2335,0.0721
1790164907318,2999,0.1644,0.0104
1790164907369,3000,0.1874,0.0103
1790164907418,3001,0.1624,0.0101
1790164907469,3002,0.3588,0.0657
1790164907519,3003,0.1741,0.0105
1790164907569,3004,0.2098,0.2316
1790164907619,3005,0.2477,0.0856
1790164907669,3006,0.2284,0.0658
1790164907719,3007,0.1706,0.0105
1790164907769,3008,0.5198,0.0871
1790164907819,3009,0.2037,0.0147
1790164907869,3010,0.1794,0.0106
1790164907919,3011,0.2456,0.2719
1790164907968,3012,0.1991,0.3668
1790164908019,3013,0.1550,0.0084
1790164908069,3014,0.2242,0.0671
1790164908119,3015,0.1752,0.0122
1790164908169,3016,0.3448,0.0692
1790164908219,3017,0.1630,0.0105
1790164908269,3018,0.2476,0.0995
1790164908318,3019,0.1520,0.0707
1790164908368,3020,0.3298,0.1806
1790164908419,3021,0.1556,0.0095
1790164908469,3022,0.2179,0.0633
1790164908518,3023,0.2063,0.0173
1790164908568,3024,0.2447,0.0862
1790164908619,3025,0.1479,0.0092
1790164908669,3026,0.1558,0.0089
1790164908718,3027,0.1735,0.0121
1790164908769,3028,0.2260,0.0806
1790164908819,3029,0.1622,0.1881
1790164908869,3030,0.1634,0.0113
1790164908919,3031,0.2116,0.0654
1790164908969,3032,0.3840,0.2323
1790164909019,3033,0.2623,0.0661
1790164909069,3034,0.2271,0.0664
1790164909118,3035,0.1775,0.0115
1790164909169,3036,0.2469,0.0824
1790164909219,3037,0.1577,0.1973
1790164909269,3038,0.2594,0.0689
1790164909318,3039,0.1598,0.0122
1790164909369,3040,0.2491,0.0654
1790164909419,3041,0.1602,0.0105
1790164909469,3042,0.3118,0.1526
1790164909519,3043,0.1606,0.0107
1790164909569,3044,0.1748,0.0109
1790164909618,3045,0.1683,0.0125
1790164909669,3046,0.1644,0.0105
1790164909718,3047,0.1751,0.0110
1790164909769,3048,0.2420,0.0896
1790164909819,3049,0.1649,0.0109
1790164909869,3050,0.5170,0.3455
1790164909918,3051,0.2038,0.0137
1790164909969,3052,0.2593,0.0980
1790164910019,3053,0.1689,0.0108
1790164910069,3054,0.1800,0.0116
1790164910119,3055,0.3110,0.1392
1790164910169,3056,0.2267,0.8796
1790164910219,3057,0.1622,0.0106
1790164910269,3058,0.2287,0.0661
1790164910319,3059,0.1720,0.0113
1790164910368,3060,0.2472,0.0658
1790164910419,3061,0.1675,0.0110
1790164910469,3062,0.1707,0.0111
1790164910519,3063,0.1559,0.1932
1790164910568,3064,0.2365,0.0943
1790164910619,3065,0.1532,0.0088
1790164910669,3066,0.2087,0.0638
1790164910719,3067,0.1537,0.0095
1790164910768,3068,0.1691,0.0127
1790164910819,3069,0.1641,0.0107
1790164910869,3070,0.3222,0.1615
1790164910919,3071,0.3618,0.2104
1790164910968,3072,0.1614,0.0374
1790164911019,3073,0.1483,0.0102
1790164911069,3074,0.1476,0.0087
1790164911119,3075,0.1687,0.0110
1790164911168,3076,0.2259,0.0697
1790164911219,3077,0.2181,0.0695
1790164911269,3078,0.2159,0.1109
1790164911319,3079,0.1484,0.0088
1790164911368,3080,0.2374,0.0904
1790164911418,3081,0.1467,0.0095
1790164911469,3082,0.1618,0.0092
1790164911520,3083,1.1201,0.0099
1790164911569,3084,0.1809,0.2315
1790164911619,3085,0.1657,0.0513
1790164911669,3086,0.2193,0.0614
1790164911719,3087,0.1371,0.0086
1790164911769,3088,0.1987,0.0623
1790164911819,3089,0.1338,0.0081
1790164911869,3090,0.2421,0.0767
1790164911919,3091,0.1384,0.2408
1790164911970,3092,0.1553,0.0537
1790164912019,3093,0.1311,0.0502
1790164912069,3094,0.1065,0.0059
1790164912119,3095,0.1872,0.1795
1790164912169,3096,0.3414,0.1277
1790164912219,3097,0.1422,0.0097
1790164912269,3098,0.2265,0.0832
1790164912318,3099,0.1257,0.0097
1790164912369,3100,0.1977,0.0754
1790164912418,3101,0.1228,0.0675
1790164912469,3102,0.2167,0.0996
1790164912519,3103,0.1772,0.0625
1790164912569,3104,0.1707,0.0539
1790164912618,3105,0.1177,0.0069
1790164912669,3106,0.1810,0.0549
1790164912719,3107,0.1315,0.0083
1790164912769,3108,0.2141,0.0741
1790164912820,3109,0.1646,0.0109
1790164912868,3110,0.2248,0.0652
1790164912919,3111,0.2586,0.1069
1790164912969,3112,0.1966,0.3221
1790164913019,3113,0.1362,0.0066
1790164913069,3114,0.2144,0.0640
1790164913119,3115,0.1716,0.0113
1790164913169,3116,0.2224,0.0591
1790164913218,3117,0.2839,0.0122
1790164913269,3118,0.2389,0.0727
1790164913318,3119,0.2081,0.0112
1790164913369,3120,0.2577,0.0877
1790164913418,3121,0.1695,0.0114
1790164913469,3122,0.2246,0.2483
1790164913519,3123,0.1572,0.0093
1790164913569,3124,0.2584,0.0846
1790164913619,3125,0.1646,0.0116
1790164913669,3126,0.1724,0.0103
1790164913720,3127,0.3760,0.2150
1790164913769,3128,0.1612,0.7347
1790164913819,3129,0.1627,0.0100
1790164913869,3130,0.1820,0.0132
1790164913919,3131,0.1638,0.0117
1790164913969,3132,0.2348,0.0805
1790164914018,3133,0.1653,0.0123
1790164914069,3134,0.2219,0.0618
1790164914119,3135,0.1743,0.0110
1790164914169,3136,0.2992,0.1378
1790164914218,3137,0.1636,0.0114
1790164914268,3138,0.2562,0.0833
1790164914319,3139,0.1603,0.1774
1790164914369,3140,0.2456,0.2523
1790164914419,3141,0.1637,0.0103
1790164914468,3142,0.1700,0.0097
1790164914519,3143,0.1506,0.0115
1790164914569,3144,0.1379,0.1862
1790164914619,3145,0.1064,0.0065
1790164914669,3146,0.0898,0.0064
1790164914719,3147,0.0854,0.0061
1790164914768,3148,0.1548,0.0802
1790164914819,3149,0.0909,0.0058
1790164914869,3150,0.1121,0.0081
1790164914919,3151,0.1593,0.0130
1790164914970,3152,0.2487,0.1063
1790164915018,3153,0.1882,0.0117
1790164915069,3154,0.1520,0.0097
1790164915118,3155,0.1796,0.0119
1790164915169,3156,0.3179,0.1577
1790164915219,3157,0.1614,0.0113
1790164915269,3158,0.1919,0.0645
1790164915319,3159,0.1583,0.0094
1790164915369,3160,0.1754,0.0584
1790164915419,3161,0.1544,0.0111
1790164915468,3162,0.2295,0.0843
1790164915518,3163,0.1378,0.0285
1790164915569,3164,0.2066,0.0841
1790164915618,3165,0.1392,0.0081
1790164915669,3166,0.1896,0.0579
1790164915718,3167,0.1814,0.0638
1790164915768,3168,0.1262,0.2592
1790164915819,3169,0.0942,0.0050
1790164915869,3170,0.0954,0.0049
1790164915919,3171,0.1532,0.0539
1790164915969,3172,0.2165,0.0762
1790164916019,3173,0.1524,0.0820
1790164916069,3174,0.1488,0.0094
1790164916118,3175,0.1647,0.0101
1790164916169,3176,0.2189,0.0674
1790164916219,3177,0.1560,0.0097
1790164916268,3178,0.2144,0.0576
1790164916319,3179,0.1487,0.0092
1790164916369,3180,0.2665,0.0870
1790164916419,3181,0.1628,0.0115
1790164916469,3182,0.1663,0.0109
1790164916519,3183,0.1972,0.0669
1790164916569,3184,0.1935,0.0588
1790164916619,3185,0.1702,0.0097
1790164916668,3186,0.2132,0.0588
1790164916719,3187,0.1562,0.1820
1790164916769,3188,0.2023,0.0573
1790164916818,3189,0.9662,0.0089
1790164916869,3190,0.2081,0.0594
1790164916919,3191,0.1514,0.0101
1790164916969,3192,0.1692,0.0119
1790164917019,3193,0.1614,0.0104
1790164917069,3194,0.2187,0.0664
1790164917118,3195,0.1720,0.0106
1790164917169,3196,0.2981,0.3036
1790164917219,3197,0.1640,0.0103
1790164917269,3198,0.4790,0.0659
1790164917318,3199,0.4320,0.1590
1790164917369,3200,0.1816,0.8931
1790164917419,3201,0.2390,0.0815
1790164917469,3202,0.3944,0.3092
1790164917518,3203,0.2191,0.0646
1790164917569,3204,0.2239,0.0692
1790164917619,3205,0.1670,0.0104
1790164917668,3206,0.2610,0.0648
1790164917719,3207,0.1524,0.0126
1790164917768,3208,0.2343,0.0746
1790164917818,3209,0.1618,0.0110
1790164917869,3210,0.1782,0.0109
1790164917919,3211,0.3609,0.2048
1790164917969,3212,0.2072,0.1099
1790164918019,3213,0.1608,0.0102
1790164918069,3214,0.2115,0.0588
1790164918119,3215,0.1683,0.0114
1790164918168,3216,0.2992,0.1379
1790164918219,3217,0.2732,0.0094
1790164918269,3218,0.1658,0.0105
1790164918319,3219,0.1435,0.0095
1790164918369,3220,0.2338,0.0862
1790164918419,3221,0.1549,0.0099
1790164918469,3222,0.2156,0.0587
1790164918519,3223,0.1472,0.0107
1790164918569,3224,0.2139,0.0618
1790164918619,3225,0.1497,0.0093
1790164918669,3226,0.1559,0.0091
1790164918719,3227,0.1500,0.0101
1790164918769,3228,0.1510,0.0101
1790164918818,3229,0.1429,0.1137
1790164918868,3230,0.1558,0.0110
1790164918919,3231,0.1471,0.0088
1790164918968,3232,0.2165,0.0811
1790164919019,3233,0.1452,0.1861
1790164919069,3234,0.2532,0.1229
1790164919119,3235,0.1496,0.0617
1790164919169,3236,0.2312,0.0822
1790164919219,3237,0.1305,0.0743
1790164919269,3238,0.1526,0.0576
1790164919318,3239,0.1588,0.0631
1790164919369,3240,0.1996,0.0567
1790164919418,3241,0.1628,0.0121
1790164919469,3242,0.1628,0.0107
1790164919518,3243,0.1755,0.2472
1790164919569,3244,0.1532,0.0088
1790164919619,3245,0.1457,0.0086
1790164919669,3246,0.2123,0.0706
1790164919719,3247,0.1475,0.0093
1790164919768,3248,0.2077,0.2601
1790164919819,3249,0.1362,0.0071
1790164919868,3250,0.1659,0.1914
1790164919919,3251,0.1101,0.0096
1790164919968,3252,0.1933,0.0906
1790164920019,3253,0.1693,0.0084
1790164920068,3254,0.1537,0.0067
1790164920119,3255,0.1722,0.0116
1790164920169,3256,0.1609,0.0088
1790164920220,3257,0.1755,0.0675
1790164920269,3258,0.1453,0.1050
1790164920319,3259,0.1272,0.0059
1790164920369,3260,0.1565,0.0539
1790164920419,3261,0.1225,0.0058
1790164920468,3262,0.1211,0.0062
1790164920519,3263,0.1558,0.0677
1790164920568,3264,0.1595,0.0576
1790164920619,3265,0.1434,0.0071
1790164920668,3266,0.1934,0.0552
1790164920718,3267,0.1951,0.0676
1790164920769,3268,0.1558,0.0094
1790164920819,3269,0.2738,0.0092
1790164920869,3270,0.1565,0.0073
1790164920919,3271,0.2625,0.1211
1790164920969,3272,0.1492,1.1307
1790164921018,3273,0.1886,0.0079
1790164921069,3274,0.1528,0.0087
1790164921119,3275,0.1844,0.0091
1790164921168,3276,0.2086,0.0589
1790164921219,3277,0.1562,0.0080
1790164921269,3278,0.2160,0.0592
1790164921319,3279,0.1596,0.0097
1790164921369,3280,0.2333,0.0809
1790164921419,3281,0.1466,0.0074
1790164921468,3282,0.1459,0.0071
1790164921519,3283,0.1078,0.0074
1790164921569,3284,0.2109,0.0587
1790164921619,3285,0.1093,0.0059
1790164921669,3286,0.2723,0.1740
1790164921719,3287,0.1134,0.0060
1790164921768,3288,0.1677,0.0548
1790164921819,3289,0.1200,0.0059
1790164921869,3290,0.1576,0.1755
1790164921919,3291,0.2026,0.0768
1790164921968,3292,0.1760,0.3856
1790164922019,3293,0.1449,0.0062
1790164922068,3294,0.1456,0.0060
1790164922119,3295,0.2220,0.0664
1790164922169,3296,0.2249,0.0637
1790164922219,3297,0.1516,0.3502
1790164922268,3298,0.2275,0.0646
1790164922319,3299,0.1501,0.0079
1790164922368,3300,0.2053,0.0780
1790164922419,3301,0.1553,0.0706
1790164922469,3302,0.1700,0.0084
1790164922518,3303,0.1025,0.0073
1790164922568,3304,0.1646,0.0653
1790164922618,3305,0.1057,0.0053
1790164922668,3306,0.2077,0.1183
1790164922719,3307,0.0825,0.0729
1790164922770,3308,0.1467,0.0575
1790164922819,3309,0.0775,0.0039
1790164922869,3310,0.0829,0.0038
1790164922918,3311,0.1256,0.0516
1790164922969,3312,0.2191,0.0597
1790164923018,3313,0.1861,0.0086
1790164923069,3314,0.2166,0.0576
1790164923119,3315,0.1653,0.0082
1790164923169,3316,0.1726,0.0079
1790164923220,3317,0.2749,0.1806
1790164923269,3318,0.1151,0.0063
1790164923319,3319,0.1070,0.0058
1790164923369,3320,0.2195,0.0833
1790164923418,3321,0.1091,0.0055
1790164923469,3322,0.1859,0.0596
1790164923519,3323,0.0968,0.0053
1790164923569,3324,0.1660,0.0754
1790164923619,3325,0.1015,0.0048
1790164923668,3326,0.1035,0.0061
1790164923719,3327,0.0807,0.0051
1790164923769,3328,0.0897,0.0042
1790164923819,3329,0.0802,0.0036
1790164923869,3330,0.0780,0.0033
1790164923919,3331,0.0771,0.0050
1790164923969,3332,0.1882,0.1230
1790164924019,3333,0.1122,0.0049
1790164924068,3334,0.2382,0.0607
1790164924119,3335,0.3571,0.2029
1790164924169,3336,0.2110,0.5123
1790164924219,3337,0.1494,0.0061
1790164924269,3338,0.2499,0.0594
1790164924319,3339,0.1598,0.0080
1790164924369,3340,0.2354,0.0599
1790164924418,3341,0.1554,0.0085
1790164924469,3342,0.2168,0.0649
1790164924518,3343,0.1512,0.0078
1790164924569,3344,0.1663,0.0076
1790164924619,3345,0.1540,0.0077
1790164924669,3346,0.1390,0.2107
1790164924719,3347,0.2061,0.0740
1790164924769,3348,0.2493,0.0859
1790164924819,3349,0.1372,0.0074
1790164924869,3350,0.1639,0.0073
1790164924918,3351,0.1555,0.0099
1790164924969,3352,0.4932,0.0925
1790164925019,3353,0.1776,0.0080
1790164925068,3354,0.1772,0.0095
1790164925119,3355,0.2254,0.0115
1790164925170,3356,0.1886,0.0104
1790164925219,3357,0.1612,0.0079
1790164925268,3358,0.2171,0.0603
1790164925319,3359,0.1622,0.0080
1790164925369,3360,0.2328,0.0614
1790164925418,3361,0.1587,0.0082
1790164925469,3362,0.1726,0.0082
1790164925520,3363,0.1605,0.0078
1790164925569,3364,0.2946,0.1430
1790164925619,3365,0.1633,0.0627
1790164925669,3366,0.3016,0.3403
1790164925719,3367,0.1531,0.0075
1790164925769,3368,0.1630,0.0081
1790164925818,3369,0.1565,0.0076
1790164925869,3370,0.1583,0.0078
1790164925919,3371,0.2619,0.0709
1790164925968,3372,0.1478,0.0086
1790164926019,3373,0.1499,0.0087
1790164926069,3374,0.2102,0.0643
1790164926119,3375,0.1761,0.0115
1790164926169,3376,0.2205,0.0645
1790164926218,3377,0.2138,0.0120
1790164926269,3378,0.2780,0.2975
1790164926319,3379,0.1554,0.0738
1790164926369,3380,0.2321,0.0633
1790164926419,3381,0.2334,0.3531
1790164926469,3382,0.1608,0.0998
1790164926519,3383,0.1748,0.0076
1790164926569,3384,0.1762,0.0574
1790164926619,3385,0.1413,0.0071
1790164926669,3386,0.1476,0.0071
1790164926719,3387,0.1462,0.0084
1790164926768,3388,0.1981,0.0630
1790164926819,3389,0.2031,0.0650
1790164926868,3390,0.1520,0.0068
1790164926919,3391,0.1365,0.0069
1790164926969,3392,0.2024,0.0609
1790164927019,3393,0.1428,0.1874
1790164927069,3394,0.1554,0.0072
1790164927118,3395,0.1676,0.0089
1790164927169,3396,0.2917,0.1425
1790164927219,3397,0.1578,0.0082
1790164927269,3398,0.2092,0.2290
1790164927319,3399,0.2819,0.3027
1790164927369,3400,0.1681,0.3978
1790164927419,3401,0.1412,0.0053
1790164927469,3402,0.1328,0.0058
1790164927519,3403,0.0936,0.0044
1790164927568,3404,0.1407,0.0607
1790164927619,3405,0.0857,0.0041
1790164927669,3406,0.1964,0.0611
1790164927719,3407,0.1366,0.0068
1790164927769,3408,0.1708,0.0686
1790164927820,3409,0.1018,0.0048
1790164927868,3410,0.1019,0.0048
1790164927919,3411,0.0838,0.0060
1790164927968,3412,0.1339,0.0578
1790164928019,3413,0.0710,0.0032
1790164928068,3414,0.2000,0.0642
1790164928119,3415,0.1727,0.0083
1790164928169,3416,0.2217,0.0694
1790164928219,3417,0.1656,0.0082
1790164928269,3418,0.3074,0.0093
1790164928319,3419,0.1593,0.0077
1790164928369,3420,0.2523,0.0886
1790164928418,3421,0.2255,0.0678
1790164928469,3422,0.2310,0.0593
1790164928519,3423,0.1592,0.0072
1790164928570,3424,0.2507,0.2669
1790164928619,3425,0.1380,0.1593
1790164928669,3426,0.1256,0.0048
1790164928718,3427,0.1035,0.0045
1790164928769,3428,0.1555,0.0678
1790164928819,3429,0.1442,0.0740
1790164928869,3430,0.0900,0.0037
1790164928919,3431,0.0718,0.0028
1790164928968,3432,0.1502,0.0722
1790164929019,3433,0.1556,0.0077
1790164929069,3434,0.2231,0.0658
1790164929119,3435,0.1683,0.0088
1790164929168,3436,0.2389,0.0799
1790164929219,3437,0.1675,0.0601
1790164929268,3438,0.2086,0.1066
1790164929319,3439,0.1185,0.0082
1790164929369,3440,0.2168,0.0622
1790164929419,3441,0.1250,0.0058
1790164929469,3442,0.1528,0.0074
1790164929519,3443,0.1448,0.0075
1790164929569,3444,0.1338,0.0059
1790164929619,3445,0.1698,0.0650
1790164929668,3446,0.1069,0.0047
1790164929719,3447,0.1191,0.0056
1790164929769,3448,0.2130,0.0835
1790164929818,3449,0.1272,0.1693
1790164929869,3450,0.1926,0.0647
1790164929919,3451,0.1165,0.0634
1790164929969,3452,0.1736,0.0748
1790164930019,3453,0.0852,0.0026
1790164930069,3454,0.0891,0.0035
1790164930119,3455,0.1605,0.0090
1790164930169,3456,0.1670,0.0117
1790164930219,3457,0.1181,0.0061
1790164930269,3458,0.1996,0.0642
1790164930318,3459,0.1131,0.0055
1790164930368,3460,0.2656,0.0927
1790164930419,3461,0.1641,0.0103
1790164930468,3462,0.1318,0.0064
1790164930519,3463,0.2259,0.1256
1790164930569,3464,0.1844,0.4292
1790164930619,3465,0.1324,0.0417
1790164930669,3466,0.1436,0.0038
1790164930719,3467,0.1163,0.0060
1790164930768,3468,0.1424,0.0078
1790164930819,3469,0.1471,0.0071
1790164930869,3470,0.2004,0.0080
1790164930918,3471,0.2163,0.0782
1790164930969,3472,0.4224,0.1172
1790164931019,3473,0.1535,0.0058
1790164931070,3474,0.1373,0.0064
1790164931119,3475,0.1762,0.0091
1790164931169,3476,0.2090,0.0593
1790164931219,3477,0.1530,0.0087
1790164931269,3478,0.2653,0.0641
1790164931319,3479,0.1520,0.0071
1790164931368,3480,0.3002,0.1382
1790164931419,3481,0.1558,0.0074
1790164931468,3482,0.1672,0.0080
1790164931519,3483,0.1608,0.0084
1790164931569,3484,0.2197,0.2352
1790164931619,3485,0.1616,0.0087
1790164931668,3486,0.1534,0.0074
1790164931718,3487,0.1545,0.0079
1790164931769,3488,0.2022,0.0615
1790164931819,3489,0.1489,0.0067
1790164931869,3490,0.1590,0.0084
1790164931919,3491,0.1655,0.0101
1790164931969,3492,0.2961,0.1380
1790164932019,3493,0.1888,0.0221
1790164932069,3494,0.1667,0.0086
1790164932119,3495,0.1632,0.0087
1790164932169,3496,0.2339,0.3022
1790164932218,3497,0.2128,0.0649
1790164932269,3498,0.2852,0.1230
1790164932319,3499,0.1617,0.2985
1790164932368,3500,0.1807,0.0086
1790164932419,3501,0.1635,0.0082
1790164932468,3502,0.2196,0.0659
1790164932519,3503,0.1617,0.0109
1790164932568,3504,0.2127,0.0615
1790164932618,3505,0.2274,0.0093
1790164932670,3506,0.1967,0.2210
1790164932718,3507,0.1479,0.0067
1790164932768,3508,0.2266,0.0748
1790164932818,3509,0.1466,0.0077
1790164932869,3510,0.1650,0.0076
1790164932919,3511,0.1530,0.0090
1790164932968,3512,0.1950,0.0581
1790164933019,3513,0.1312,0.0059
1790164933068,3514,0.1701,0.0521
1790164933119,3515,0.1580,0.0082
1790164933168,3516,0.1702,0.0082
1790164933218,3517,0.1821,0.0081
1790164933269,3518,0.1583,0.0080
1790164933319,3519,0.2817,0.0080
1790164933369,3520,0.2218,0.0612
1790164933419,3521,0.1654,0.0083
1790164933469,3522,0.2840,0.1225
1790164933519,3523,0.2033,0.0616
1790164933569,3524,0.2372,0.1644
1790164933619,3525,0.1575,0.0078
1790164933668,3526,0.1712,0.0080
1790164933719,3527,0.2714,0.1213
1790164933768,3528,0.1594,0.4875
1790164933819,3529,0.2923,0.1838
1790164933869,3530,0.1579,0.0070
1790164933918,3531,0.1454,0.0064
1790164933969,3532,0.2893,0.1045
1790164934019,3533,0.1479,0.0074
1790164934069,3534,0.2020,0.0522
1790164934118,3535,0.1850,0.1763
1790164934169,3536,0.2345,0.0762
1790164934219,3537,0.1595,0.0095
1790164934269,3538,0.1837,0.0635
1790164934319,3539,0.1138,0.0061
1790164934369,3540,0.1861,0.0588
1790164934419,3541,0.1267,0.0069
1790164934469,3542,0.1250,0.0077
1790164934518,3543,0.1503,0.0084
1790164934569,3544,0.1453,0.0073
1790164934620,3545,0.0992,0.0046
1790164934668,3546,0.0807,0.0040
1790164934719,3547,0.0893,0.0053
1790164934769,3548,0.2130,0.1306
1790164934818,3549,0.1429,0.0540
1790164934868,3550,0.1800,0.0078
1790164934919,3551,0.1769,0.0086
1790164934969,3552,0.2373,0.2590
1790164935019,3553,0.1637,0.0083
1790164935069,3554,0.1764,0.0084
1790164935118,3555,0.1903,0.0093
1790164935169,3556,0.2347,0.0778
1790164935219,3557,0.2144,0.0683
1790164935269,3558,0.2215,0.0659
1790164935319,3559,0.1604,0.0092
1790164935369,3560,0.2228,0.0560
1790164935420,3561,0.2290,0.0803
1790164935469,3562,0.1657,0.1171
1790164935519,3563,0.1573,0.0083
1790164935569,3564,0.2051,0.0621
1790164935619,3565,0.1551,0.0070
1790164935669,3566,0.1554,0.0074
1790164935718,3567,0.1571,0.0117
1790164935769,3568,0.1518,0.0079
1790164935819,3569,0.1773,0.0093
1790164935869,3570,0.1562,0.0069
1790164935919,3571,0.1546,0.0073
1790164935969,3572,0.1407,0.0070
1790164936020,3573,0.1407,0.0072
1790164936069,3574,0.1467,0.0071
1790164936119,3575,0.1692,0.0087
1790164936169,3576,0.2001,0.0557
1790164936219,3577,0.1545,0.0079
1790164936269,3578,0.2250,0.0602
1790164936319,3579,0.1553,0.0084
1790164936369,3580,0.2506,0.0850
1790164936419,3581,0.1625,0.0086
1790164936468,3582,0.1823,0.0108
1790164936519,3583,0.2071,0.0645
1790164936568,3584,0.2028,0.2268
1790164936619,3585,0.1660,0.0067
1790164936669,3586,0.1448,0.0062
1790164936719,3587,0.1060,0.0054
1790164936769,3588,0.1609,0.0570
1790164936819,3589,0.1104,0.0073
1790164936869,3590,0.1224,0.0056
1790164936918,3591,0.2925,0.1251
1790164936968,3592,0.2005,0.6812
1790164937019,3593,0.1442,0.0051
1790164937069,3594,0.2079,0.0677
1790164937119,3595,0.2086,0.1269
1790164937169,3596,0.2694,0.0822
1790164937218,3597,0.1573,0.0076
1790164937269,3598,0.2823,0.1191
1790164937319,3599,0.1649,0.2630
1790164937369,3600,0.1773,0.0219
1790164937419,3601,0.1624,0.0092
1790164937468,3602,0.1753,0.0084
1790164937519,3603,0.1619,0.0082
1790164937568,3604,0.2559,0.0606
1790164937619,3605,0.1697,0.0092
1790164937669,3606,0.2252,0.0558
1790164937719,3607,0.1572,0.0073
1790164937769,3608,0.2494,0.0739
1790164937819,3609,0.1580,0.0075
1790164937869,3610,0.1718,0.2259
1790164937919,3611,0.1514,0.0063
1790164937969,3612,0.1929,0.0583
1790164938019,3613,0.1437,0.0067
1790164938068,3614,0.3893,0.1951
1790164938120,3615,0.1634,0.0083
1790164938169,3616,0.1652,0.0081
1790164938219,3617,0.2365,0.0775
1790164938269,3618,0.1556,0.0608
1790164938319,3619,0.1593,0.0080
1790164938369,3620,0.4481,0.1690
1790164938419,3621,0.1538,0.0669
1790164938468,3622,0.2042,0.0551
1790164938519,3623,0.1509,0.0091
1790164938569,3624,0.2138,0.0601
1790164938618,3625,0.1592,0.0077
1790164938669,3626,0.1469,0.0066
1790164938719,3627,0.1467,0.0068
1790164938770,3628,0.1976,0.0596
1790164938819,3629,0.1580,0.0079
1790164938868,3630,0.2224,0.0644
1790164938919,3631,0.1668,0.0103
1790164938968,3632,0.2190,0.3033
1790164939019,3633,0.1706,0.0077
1790164939069,3634,0.2714,0.5446
1790164939119,3635,0.1693,0.0108
1790164939170,3636,0.2338,0.0714
1790164939219,3637,0.1629,0.0085
1790164939269,3638,0.2227,0.0617
1790164939319,3639,0.1557,0.0073
1790164939369,3640,0.2338,0.0583
1790164939419,3641,0.1595,0.0078
1790164939469,3642,0.1757,0.0080
1790164939519,3643,0.1605,0.0083
1790164939570,3644,0.1719,0.0090
1790164939620,3645,0.1715,0.0086
1790164939670,3646,0.1575,0.0079
1790164939719,3647,0.1609,0.0080
1790164939769,3648,0.2363,0.0823
1790164939819,3649,0.1626,0.0084
1790164939869,3650,0.1797,0.0081
1790164939919,3651,0.2357,0.0829
1790164939969,3652,0.2153,0.0850
1790164940018,3653,0.2517,0.0154
1790164940069,3654,0.1715,0.0079
1790164940119,3655,0.2929,0.4236
1790164940170,3656,0.1587,0.7606
1790164940219,3657,0.1649,0.0102
1790164940269,3658,0.2878,0.1287
1790164940319,3659,0.1628,0.0681
1790164940369,3660,0.5040,0.1995
1790164940419,3661,0.1581,0.0082
1790164940469,3662,0.1693,0.0081
1790164940519,3663,0.1643,0.0095
1790164940569,3664,0.2421,0.0884
1790164940618,3665,0.1711,0.0087
1790164940669,3666,0.1711,0.0076
1790164940719,3667,0.1621,0.0078
1790164940769,3668,0.1612,0.4251
1790164940818,3669,0.1314,0.1471
1790164940869,3670,0.1674,0.0069
1790164940918,3671,0.1098,0.0057
1790164940969,3672,0.0878,0.0046
1790164941019,3673,0.0793,0.0041
1790164941069,3674,0.0969,0.0059
1790164941119,3675,0.1440,0.0073
1790164941170,3676,0.1929,0.0650
1790164941218,3677,0.1035,0.0058
1790164941269,3678,0.1633,0.0596
1790164941319,3679,0.0885,0.0043
1790164941370,3680,0.2531,0.0911
1790164941420,3681,0.1370,0.0070
1790164941470,3682,0.1604,0.0077
1790164941518,3683,0.0963,0.0042
1790164941570,3684,0.2201,0.1219
1790164941618,3685,0.1149,0.0537
1790164941669,3686,0.1397,0.0050
1790164941719,3687,0.0837,0.0039
1790164941770,3688,0.1316,0.0585
1790164941819,3689,0.0840,0.0041
1790164941870,3690,0.0829,0.0032
1790164941919,3691,0.0730,0.0053
1790164941970,3692,0.1303,0.0584
1790164942019,3693,0.0681,0.0032
1790164942070,3694,0.0896,0.0038
1790164942119,3695,0.1542,0.0131
1790164942169,3696,0.2184,0.0826
1790164942218,3697,0.1298,0.0053
1790164942269,3698,0.2173,0.1141
1790164942319,3699,0.1247,0.0051
1790164942369,3700,0.1725,0.0081
1790164942419,3701,0.1652,0.0087
1790164942469,3702,0.1694,0.1898
1790164942519,3703,0.1610,0.0081
1790164942570,3704,0.2064,0.0657
1790164942618,3705,0.1133,0.0063
1790164942670,3706,0.2669,0.1582
1790164942719,3707,0.1397,0.0571
1790164942768,3708,0.2223,0.1439
1790164942819,3709,0.2144,0.0794
1790164942869,3710,0.1688,0.0072
1790164942919,3711,0.1552,0.0078
1790164942968,3712,0.2107,0.0638
1790164943018,3713,0.1563,0.0084
1790164943068,3714,0.1534,0.1863
1790164943119,3715,0.1687,0.0088
1790164943169,3716,0.1581,0.0080
1790164943219,3717,0.1565,0.0074
1790164943269,3718,0.1537,0.0072
1790164943318,3719,0.2976,0.1442
1790164943369,3720,0.2486,0.6040
1790164943419,3721,0.2722,0.0077
1790164943469,3722,0.2840,0.1217
1790164943519,3723,0.1494,0.0720
1790164943568,3724,0.3881,0.2099
1790164943619,3725,0.1572,0.0068
1790164943669,3726,0.1554,0.0067
1790164943718,3727,0.1404,0.1786
1790164943769,3728,0.1574,0.0061
1790164943819,3729,0.0937,0.0046
1790164943869,3730,0.1177,0.0047
1790164943919,3731,0.1449,0.0688
1790164943969,3732,0.1888,0.0690
1790164944018,3733,0.1218,0.0187
1790164944068,3734,0.1979,0.0524
1790164944119,3735,0.1584,0.0077
1790164944169,3736,0.1670,0.0078
1790164944219,3737,0.1548,0.0078
1790164944269,3738,0.2140,0.0660
1790164944318,3739,0.1507,0.0078
1790164944369,3740,0.2261,0.0603
1790164944419,3741,0.2979,0.0849
1790164944469,3742,0.1656,0.1019
1790164944519,3743,0.1630,0.0088
1790164944569,3744,0.1646,0.0087
1790164944620,3745,0.1638,0.0085
1790164944669,3746,0.1519,0.0079
1790164944719,3747,0.1535,0.0091
1790164944769,3748,0.2915,0.1428
1790164944819,3749,0.1506,0.0560
1790164944869,3750,0.1679,0.0069
1790164944919,3751,0.1507,0.0071
1790164944969,3752,0.2257,0.0835
1790164945019,3753,0.1493,0.0075
1790164945069,3754,0.2137,0.0641
1790164945119,3755,0.1656,0.0081
1790164945169,3756,0.1592,0.0087
1790164945219,3757,0.1587,0.0088
1790164945269,3758,0.2639,0.2813
1790164945319,3759,0.1676,0.0110
1790164945369,3760,0.2300,0.0566
1790164945418,3761,0.1737,0.0089
1790164945468,3762,0.1659,0.1823
1790164945520,3763,0.4673,0.0083
1790164945569,3764,0.2466,0.0902
1790164945618,3765,0.1536,0.1943
1790164945669,3766,0.1243,0.0052
1790164945719,3767,0.1505,0.0595
1790164945769,3768,0.1921,0.0584
1790164945819,3769,0.1363,0.0073
1790164945869,3770,0.1529,0.0075
1790164945919,3771,0.1872,0.0101
1790164945969,3772,0.1474,0.0077
1790164946019,3773,0.1511,0.0076
1790164946069,3774,0.1495,0.0074
1790164946119,3775,0.1712,0.0082
1790164946169,3776,0.3339,0.0622
1790164946218,3777,0.1639,0.0088
1790164946269,3778,0.2276,0.0616
1790164946318,3779,0.1578,0.0087
1790164946369,3780,0.2532,0.0804
1790164946419,3781,0.1643,0.0092
1790164946469,3782,0.1709,0.0084
1790164946520,3783,0.2763,0.1246
1790164946569,3784,0.2244,0.6693
1790164946619,3785,0.1806,0.0082
1790164946670,3786,0.5210,0.0778
1790164946718,3787,0.1676,0.0875
1790164946769,3788,0.2146,0.0619
1790164946819,3789,0.1593,0.0076
1790164946869,3790,0.1727,0.0083
1790164946920,3791,0.1987,0.0092
1790164946969,3792,0.1595,0.0078
1790164947019,3793,0.1634,0.0082
1790164947069,3794,0.1654,0.0101
1790164947119,3795,0.1659,0.0087
1790164947169,3796,0.2290,0.0773
1790164947218,3797,0.2153,0.0655
1790164947268,3798,0.2227,0.1765
1790164947319,3799,0.1607,0.0081
1790164947369,3800,0.1800,0.0083
1790164947419,3801,0.2092,0.2174
1790164947468,3802,0.1766,0.0081
1790164947519,3803,0.1704,0.0082
1790164947569,3804,0.2084,0.0587
1790164947619,3805,0.1623,0.1879
1790164947670,3806,0.1652,0.0073
1790164947719,3807,0.1584,0.0084
1790164947769,3808,0.3816,0.2306
1790164947819,3809,0.1378,0.0060
1790164947869,3810,0.1305,0.0050
1790164947920,3811,0.1315,0.0062
1790164947969,3812,0.2160,0.1241
1790164948018,3813,0.1232,0.0987
1790164948069,3814,0.1523,0.0054
1790164948119,3815,0.1639,0.0081
1790164948169,3816,0.1514,0.0071
1790164948219,3817,0.1478,0.0076
1790164948268,3818,0.1498,0.0077
1790164948319,3819,0.1486,0.0074
1790164948369,3820,0.2391,0.0830
1790164948419,3821,0.2776,0.0082
1790164948468,3822,0.2284,0.0593
1790164948519,3823,0.1563,0.0100
1790164948569,3824,0.2241,0.0687
1790164948619,3825,0.1660,0.0085
1790164948669,3826,0.1627,0.0096
1790164948719,3827,0.1478,0.0078
1790164948769,3828,0.1426,0.0071
1790164948819,3829,0.1541,0.0074
1790164948869,3830,0.1616,0.0079
1790164948919,3831,0.2339,0.0792
1790164948968,3832,0.2049,0.1615
1790164949018,3833,0.1429,0.0066
1790164949068,3834,0.2003,0.0549
1790164949119,3835,0.1668,0.0079
1790164949169,3836,0.2238,0.0696
1790164949219,3837,0.1531,0.0089
1790164949268,3838,0.2091,0.0584
1790164949319,3839,0.1462,0.0070
1790164949368,3840,0.2909,0.1387
1790164949419,3841,0.1493,0.1770
1790164949469,3842,0.1561,0.0068
1790164949518,3843,0.1092,0.0057
1790164949568,3844,0.1025,0.0051
1790164949619,3845,0.1060,0.0048
1790164949668,3846,0.0907,0.0047
1790164949719,3847,0.2065,0.1270
1790164949768,3848,0.1904,0.3800
1790164949819,3849,0.1176,0.0038
1790164949869,3850,0.1518,0.0564
1790164949919,3851,0.1347,0.3053
1790164949969,3852,0.1775,0.0781
1790164950019,3853,0.1240,0.0063
1790164950069,3854,0.1409,0.0060
1790164950119,3855,0.1646,0.0100
1790164950168,3856,0.1602,0.0074
1790164950219,3857,0.2128,0.0704
1790164950269,3858,0.2118,0.0615
1790164950319,3859,0.1558,0.0077
1790164950369,3860,0.2269,0.0572
1790164950419,3861,0.2210,0.1752
1790164950469,3862,0.1635,0.0078
1790164950519,3863,0.1600,0.0084
1790164950569,3864,0.2716,0.1149
1790164950619,3865,0.1673,0.0087
1790164950669,3866,0.1652,0.2202
1790164950719,3867,0.1934,0.0081
1790164950769,3868,0.1543,0.0071
1790164950819,3869,0.2148,0.0740
1790164950869,3870,0.1509,0.0651
1790164950919,3871,0.1468,0.0075
1790164950969,3872,0.1467,0.0064
1790164951019,3873,0.1474,0.0067
1790164951069,3874,0.1481,0.0072
1790164951119,3875,0.1579,0.0068
1790164951169,3876,0.2129,0.0620
1790164951218,3877,0.1548,0.0073
1790164951269,3878,0.1919,0.2253
1790164951319,3879,0.1351,0.0049
1790164951369,3880,0.1862,0.0727
1790164951420,3881,0.0862,0.0039
1790164951469,3882,0.1173,0.0057
1790164951518,3883,0.1414,0.0069
1790164951569,3884,0.1647,0.0610
1790164951619,3885,0.1511,0.0075
1790164951669,3886,0.2105,0.0677
1790164951718,3887,0.1797,0.0578
1790164951769,3888,0.1486,0.0949
1790164951819,3889,0.1585,0.0512
1790164951868,3890,0.1603,0.1707
1790164951919,3891,0.1460,0.0077
1790164951969,3892,0.1928,0.0567
1790164952019,3893,0.1426,0.0069
1790164952069,3894,0.1567,0.0068
1790164952119,3895,0.1663,0.0084
1790164952169,3896,0.2277,0.0792
1790164952219,3897,0.1951,0.0111
1790164952269,3898,0.1935,0.0521
1790164952319,3899,0.1521,0.0061
1790164952368,3900,0.2124,0.0626
1790164952419,3901,0.1427,0.0073
1790164952469,3902,0.1514,0.0078
1790164952519,3903,0.1678,0.0081
1790164952568,3904,0.2701,0.2985
1790164952619,3905,0.1796,0.0083
1790164952669,3906,0.1710,0.0084
1790164952719,3907,0.2105,0.0611
1790164952769,3908,0.4563,0.2413
1790164952819,3909,0.1568,0.0090
1790164952868,3910,0.1735,0.0076
1790164952919,3911,0.2736,0.1194
1790164952969,3912,0.2016,0.4744
1790164953019,3913,0.1573,0.0078
1790164953069,3914,0.2177,0.0628
1790164953119,3915,0.1713,0.2165
1790164953169,3916,0.1611,0.0096
1790164953219,3917,0.1696,0.2298
1790164953269,3918,0.1534,0.0075
1790164953319,3919,0.1734,0.0092
1790164953369,3920,0.3433,0.1542
1790164953419,3921,0.2466,0.0808
1790164953468,3922,0.3291,0.1594
1790164953519,3923,0.2018,0.0523
1790164953569,3924,0.2423,0.0841
1790164953619,3925,0.1839,0.0234
1790164953669,3926,0.2362,0.0776
1790164953719,3927,0.1989,0.1442
1790164953769,3928,0.1519,0.0068
1790164953818,3929,0.1520,0.0081
1790164953869,3930,0.1513,0.0064
1790164953918,3931,0.1453,0.0068
1790164953968,3932,0.2874,0.1435
1790164954019,3933,0.1774,0.0068
1790164954069,3934,0.1904,0.0545
1790164954119,3935,0.1639,0.0077
1790164954169,3936,0.2234,0.0687
1790164954218,3937,0.1493,0.0069
1790164954268,3938,0.2102,0.0588
1790164954319,3939,0.1479,0.0066
1790164954368,3940,0.2203,0.0646
1790164954418,3941,0.1387,0.0063
1790164954469,3942,0.1487,0.0070
1790164954519,3943,0.1497,0.0075
1790164954568,3944,0.1586,0.1881
1790164954618,3945,0.1527,0.0066
1790164954669,3946,0.1586,0.0079
1790164954719,3947,0.3435,0.1966
1790164954769,3948,0.1824,0.0795
1790164954818,3949,0.1054,0.0045
1790164954869,3950,0.1012,0.0041
1790164954919,3951,0.0855,0.0063
1790164954968,3952,0.1600,0.0789
1790164955019,3953,0.0882,0.0038
1790164955069,3954,0.0888,0.0052
1790164955118,3955,0.1695,0.0078
1790164955169,3956,0.1444,0.0068
1790164955219,3957,0.1286,0.0054
1790164955268,3958,0.1672,0.0643
1790164955318,3959,0.1006,0.0047
1790164955369,3960,0.2075,0.1046
1790164955418,3961,0.1700,0.0098
1790164955469,3962,0.1639,0.0077
1790164955518,3963,0.1551,0.0077
1790164955568,3964,0.2142,0.2502
1790164955619,3965,0.2093,0.0645
1790164955669,3966,0.1610,0.0083
1790164955718,3967,0.1268,0.1694
1790164955769,3968,0.3052,0.1992
1790164955818,3969,0.1138,0.2067
1790164955868,3970,0.0940,0.0029
1790164955919,3971,0.0782,0.0028
1790164955968,3972,0.0877,0.0032
1790164956019,3973,0.1048,0.0046
1790164956069,3974,0.0946,0.0045
1790164956119,3975,0.1439,0.0071
1790164956169,3976,0.2003,0.0675
1790164956219,3977,0.1116,0.0059
1790164956268,3978,0.1665,0.0595
1790164956320,3979,0.0959,0.0045
1790164956369,3980,0.1779,0.0795
1790164956419,3981,0.0802,0.0038
1790164956469,3982,0.1171,0.0063
1790164956518,3983,0.1747,0.0748
1790164956569,3984,0.1880,0.1161
1790164956619,3985,0.1489,0.0064
1790164956669,3986,0.1564,0.0071
1790164956719,3987,0.1309,0.0063
1790164956769,3988,0.1650,0.0646
1790164956818,3989,0.0967,0.0046
1790164956869,3990,0.1056,0.0041
1790164956919,3991,0.0741,0.0038
1790164956968,3992,0.1347,0.0587
1790164957019,3993,0.0931,0.0042
1790164957069,3994,0.0924,0.0039
1790164957119,3995,0.1714,0.0074
1790164957168,3996,0.2192,0.0836
1790164957219,3997,0.1259,0.0058
1790164957269,3998,0.1714,0.0623
1790164957319,3999,0.0960,0.0043
1790164957369,4000,0.1169,0.0058
1790164957418,4001,0.0910,0.0042
1790164957469,4002,0.1892,0.0670
1790164957519,4003,0.1219,0.0057
1790164957569,4004,0.1820,0.0556
1790164957619,4005,0.1564,0.0083
1790164957669,4006,0.1469,0.0067
1790164957718,4007,0.1996,0.2281
1790164957769,4008,0.1500,0.0087
1790164957819,4009,0.1379,0.0058
1790164957869,4010,0.1229,0.0059
1790164957920,4011,0.1676,0.2256
1790164957969,4012,0.1421,0.1380
1790164958019,4013,0.0966,0.0032
1790164958069,4014,0.1382,0.0483
1790164958119,4015,0.1861,0.0081
1790164958169,4016,0.1632,0.0075
1790164958219,4017,0.1513,0.0075
1790164958269,4018,0.1364,0.1787
1790164958319,4019,0.1104,0.0047
1790164958369,4020,0.1050,0.0046
1790164958419,4021,0.1064,0.0048
1790164958468,4022,0.2867,0.0591
1790164958519,4023,0.0914,0.0060
1790164958569,4024,0.1343,0.0057
1790164958619,4025,0.2321,0.1240
1790164958669,4026,0.1374,0.4762
1790164958719,4027,0.1095,0.0037
1790164958768,4028,0.1422,0.0515
1790164958819,4029,0.1194,0.0049
1790164958869,4030,0.1179,0.0044
1790164958919,4031,0.1298,0.0047
1790164958969,4032,0.1403,0.2134
1790164959018,4033,0.0986,0.0037
1790164959069,4034,0.1530,0.0499
1790164959119,4035,0.1571,0.0070
1790164959168,4036,0.2138,0.0703
1790164959219,4037,0.1086,0.0050
1790164959268,4038,0.1549,0.0550
1790164959319,4039,0.0884,0.0039
1790164959369,4040,0.1701,0.0720
1790164959420,4041,0.1291,0.1020
1790164959468,4042,0.1690,0.0084
1790164959519,4043,0.2078,0.0641
1790164959569,4044,0.1650,0.0071
1790164959620,4045,0.1730,0.0074
1790164959668,4046,0.1592,0.0075
1790164959718,4047,0.2154,0.2333
1790164959769,4048,0.2297,0.0791
1790164959819,4049,0.2174,0.0657
1790164959869,4050,0.1716,0.0617
1790164959919,4051,0.1561,0.0087
1790164959969,4052,0.2367,0.0840
1790164960018,4053,0.1610,0.0074
1790164960069,4054,0.1680,0.0087
1790164960118,4055,0.1711,0.0078
1790164960168,4056,0.1586,0.1876
1790164960219,4057,0.1518,0.0066
1790164960269,4058,0.2166,0.0606
1790164960318,4059,0.2063,0.0094
1790164960368,4060,0.2237,0.2215
1790164960419,4061,0.1005,0.0043
1790164960468,4062,0.1177,0.0050
1790164960519,4063,0.1522,0.0596
1790164960569,4064,0.2006,0.0788
1790164960619,4065,0.1444,0.0082
1790164960669,4066,0.2188,0.0645
1790164960719,4067,0.1554,0.1709
1790164960769,4068,0.1513,0.1812
1790164960818,4069,0.1595,0.0057
1790164960869,4070,0.1610,0.0067
1790164960919,4071,0.0932,0.0042
1790164960969,4072,0.0820,0.0039
1790164961019,4073,0.0750,0.0037
1790164961068,4074,0.1092,0.0051
1790164961119,4075,0.1550,0.0072
1790164961169,4076,0.2059,0.0649
1790164961219,4077,0.1102,0.0056
1790164961268,4078,0.2178,0.1243
1790164961319,4079,0.0829,0.0040
1790164961369,4080,0.1779,0.0755
1790164961419,4081,0.0912,0.0048
1790164961469,4082,0.3515,0.1573
1790164961519,4083,0.1608,0.2369
1790164961569,4084,0.2166,0.0672
1790164961619,4085,0.1617,0.0082
1790164961668,4086,0.1963,0.0080
1790164961719,4087,0.1634,0.0096
1790164961769,4088,0.1954,0.0628
1790164961818,4089,0.1480,0.0092
1790164961868,4090,0.1247,0.0059
1790164961919,4091,0.1041,0.0056
1790164961969,4092,0.2215,0.1327
1790164962019,4093,0.1315,0.0488
1790164962069,4094,0.1222,0.0048
1790164962119,4095,0.1689,0.0078
1790164962169,4096,0.2267,0.0820
1790164962218,4097,0.1946,0.0744
1790164962269,4098,0.1519,0.0989
1790164962319,4099,0.0897,0.0036
1790164962368,4100,0.0954,0.0034
1790164962419,4101,0.0731,0.0031
1790164962469,4102,0.1206,0.0058
1790164962518,4103,0.0910,0.0053
1790164962569,4104,0.1492,0.0605
1790164962618,4105,0.1669,0.0082
1790164962669,4106,0.1733,0.0093
1790164962719,4107,0.1587,0.0079
1790164962768,4108,0.1797,0.0722
1790164962818,4109,0.0985,0.0047
1790164962869,4110,0.1507,0.0595
1790164962919,4111,0.1619,0.0090
1790164962968,4112,0.2065,0.0605
1790164963020,4113,0.1606,0.0072
1790164963069,4114,0.1354,0.1695
1790164963118,4115,0.1658,0.0076
1790164963169,4116,0.1591,0.0077
1790164963220,4117,0.1384,0.0067
1790164963269,4118,0.1068,0.0058
1790164963318,4119,0.0917,0.0041
1790164963369,4120,0.1722,0.0685
1790164963418,4121,0.0797,0.0039
1790164963469,4122,0.3030,0.0620
1790164963519,4123,0.0846,0.0038
1790164963568,4124,0.1427,0.0583
1790164963619,4125,0.0921,0.0037
1790164963669,4126,0.1325,0.0061
1790164963719,4127,0.1566,0.0082
1790164963769,4128,0.1571,0.0085
1790164963819,4129,0.1404,0.0062
1790164963869,4130,0.1857,0.0644
1790164963919,4131,0.1366,0.0916
1790164963969,4132,0.1535,0.0530
1790164964019,4133,0.1016,0.0039
1790164964069,4134,0.1722,0.0530
1790164964119,4135,0.1639,0.0083
1790164964169,4136,0.1528,0.1871
1790164964219,4137,0.1324,0.0067
1790164964268,4138,0.1508,0.0575
1790164964319,4139,0.1917,0.1105
1790164964369,4140,0.1216,0.2093
1790164964418,4141,0.0970,0.0032
1790164964468,4142,0.1547,0.0562
1790164964518,4143,0.1297,0.0055
1790164964568,4144,0.1448,0.0061
1790164964619,4145,0.1375,0.0055
1790164964669,4146,0.1776,0.2613
1790164964719,4147,0.1463,0.0068
1790164964768,4148,0.2339,0.0773
1790164964819,4149,0.1542,0.0073
1790164964869,4150,0.1322,0.1763
1790164964919,4151,0.0853,0.0041
1790164964969,4152,0.1457,0.0750
1790164965019,4153,0.0712,0.0029
1790164965068,4154,0.1456,0.0678
1790164965119,4155,0.2101,0.1095
1790164965169,4156,0.2130,0.0683
1790164965219,4157,0.1631,0.0080
1790164965269,4158,0.2107,0.0631
1790164965319,4159,0.1681,0.0071
1790164965369,4160,0.2220,0.2299
1790164965420,4161,0.1568,0.0071
1790164965469,4162,0.1555,0.1760
1790164965519,4163,0.1542,0.0078
1790164965569,4164,0.2467,0.0913
1790164965619,4165,0.1582,0.0078
1790164965669,4166,0.1773,0.0649
1790164965719,4167,0.2191,0.0686
1790164965769,4168,0.1591,0.0092
1790164965819,4169,0.1540,0.1861
1790164965869,4170,0.1303,0.1695
1790164965919,4171,0.0942,0.0053
1790164965969,4172,0.0808,0.0038
1790164966019,4173,0.1356,0.0638
1790164966069,4174,0.0865,0.2420
1790164966119,4175,0.1440,0.0069
1790164966169,4176,0.2102,0.0666
1790164966218,4177,0.1440,0.0065
1790164966269,4178,0.1336,0.0060
1790164966318,4179,0.1010,0.0062
1790164966369,4180,0.1840,0.0836
1790164966419,4181,0.0958,0.0040
1790164966469,4182,0.1173,0.0066
1790164966519,4183,0.0838,0.0037
1790164966569,4184,0.2137,0.1204
1790164966619,4185,0.2920,0.0091
1790164966669,4186,0.1657,0.0085
1790164966719,4187,0.1684,0.0091
1790164966769,4188,0.2181,0.0618
1790164966819,4189,0.1561,0.0078
1790164966869,4190,0.1692,0.0107
1790164966920,4191,0.1906,0.0080
1790164966968,4192,0.2365,0.0606
1790164967019,4193,0.1419,0.0066
1790164967069,4194,0.1525,0.0084
1790164967118,4195,0.1546,0.0086
1790164967169,4196,0.4948,0.3502
1790164967219,4197,0.1826,0.4128
1790164967269,4198,0.2153,0.0585
1790164967319,4199,0.1473,0.0065
1790164967369,4200,0.1660,0.0060
1790164967419,4201,0.1396,0.0055
1790164967469,4202,0.1475,0.0066
1790164967518,4203,0.1388,0.0065
1790164967568,4204,0.1918,0.0564
1790164967618,4205,0.1417,0.0065
1790164967668,4206,0.1456,0.0074
1790164967718,4207,0.1600,0.0083
1790164967769,4208,0.2573,0.0740
1790164967819,4209,0.1557,0.0071
1790164967869,4210,0.1617,0.0067
1790164967919,4211,0.2106,0.0763
1790164967968,4212,0.1899,0.1297
1790164968019,4213,0.2015,0.0630
1790164968069,4214,0.1556,0.0063
1790164968118,4215,0.1643,0.0073
1790164968169,4216,0.1492,0.0075
1790164968219,4217,0.1529,0.1839
1790164968269,4218,0.1301,0.1611
1790164968319,4219,0.0993,0.0044
1790164968369,4220,0.2172,0.0937
1790164968419,4221,0.1143,0.0058
1790164968469,4222,0.2399,0.0940
1790164968520,4223,0.2052,0.0049
1790164968568,4224,0.1655,0.0746
1790164968619,4225,0.0867,0.0061
1790164968668,4226,0.1259,0.0047
1790164968719,4227,0.1211,0.0055
1790164968769,4228,0.1539,0.0079
1790164968818,4229,0.1482,0.0070
1790164968868,4230,0.1051,0.0049
1790164968919,4231,0.0848,0.0042
1790164968969,4232,0.1280,0.0541
1790164969018,4233,0.0793,0.0039
1790164969069,4234,0.1317,0.0480
1790164969118,4235,0.1860,0.0074
1790164969169,4236,0.2141,0.0700
1790164969219,4237,0.1403,0.0072
1790164969269,4238,0.1729,0.0570
1790164969319,4239,0.0929,0.0050
1790164969369,4240,0.0960,0.0039
1790164969419,4241,0.0760,0.0037
1790164969469,4242,0.1017,0.0046
1790164969519,4243,0.0867,0.0033
1790164969569,4244,0.1008,0.0039
1790164969618,4245,0.0978,0.0039
1790164969668,4246,0.0989,0.0043
1790164969719,4247,0.0907,0.0033
1790164969769,4248,0.2654,0.1489
1790164969819,4249,0.1825,0.0780
1790164969868,4250,0.1730,0.0070
1790164969919,4251,0.1395,0.0082
1790164969969,4252,0.2054,0.0768
1790164970019,4253,0.2303,0.2759
1790164970068,4254,0.2122,0.2611
1790164970118,4255,0.1560,0.1010
1790164970169,4256,0.1508,0.0067
1790164970219,4257,0.1320,0.0064
1790164970269,4258,0.1922,0.0778
1790164970319,4259,0.1050,0.0049
1790164970369,4260,0.2256,0.1150
1790164970418,4261,0.1982,0.0598
1790164970469,4262,0.1606,0.0070
1790164970518,4263,0.1536,0.0073
1790164970569,4264,0.1991,0.0546
1790164970619,4265,0.1578,0.0072
1790164970669,4266,0.1625,0.0073
1790164970719,4267,0.1603,0.0074
1790164970769,4268,0.2266,0.0794
1790164970818,4269,0.2347,0.0878
1790164970869,4270,0.2874,0.3074
1790164970918,4271,0.1613,0.0074
1790164970969,4272,0.1623,0.0083
1790164971019,4273,0.1576,0.1835
1790164971069,4274,0.1598,0.1739
1790164971119,4275,0.1706,0.0087
1790164971169,4276,0.2142,0.0573
1790164971219,4277,0.1596,0.0078
1790164971269,4278,0.1695,0.0078
1790164971319,4279,0.1593,0.0077
1790164971368,4280,0.2730,0.0808
1790164971419,4281,0.1582,0.0075
1790164971469,4282,0.1724,0.0084
1790164971519,4283,0.1605,0.0079
1790164971569,4284,0.2637,0.1112
1790164971619,4285,0.2326,0.0081
1790164971669,4286,0.1916,0.0084
1790164971719,4287,0.1662,0.0079
1790164971769,4288,0.2436,0.2322
1790164971818,4289,0.4057,0.0088
1790164971869,4290,0.1840,0.0079
1790164971919,4291,0.4329,0.0071
1790164971969,4292,0.2164,0.0630
1790164972019,4293,0.1582,0.0519
1790164972069,4294,0.1628,0.1864
1790164972119,4295,0.1599,0.0073
1790164972169,4296,0.2284,0.0572
1790164972219,4297,0.1532,0.0070
1790164972269,4298,0.2113,0.0534
1790164972319,4299,0.1518,0.0953
1790164972369,4300,0.1664,0.0071
1790164972419,4301,0.1495,0.0080
1790164972468,4302,0.1482,0.0062
1790164972518,4303,0.1425,0.0060
1790164972569,4304,0.1851,0.0530
1790164972619,4305,0.1402,0.0063
1790164972669,4306,0.1397,0.0063
1790164972719,4307,0.1655,0.0078
1790164972769,4308,0.2257,0.0702
1790164972819,4309,0.1625,0.0096
1790164972868,4310,0.3033,0.1354
1790164972919,4311,0.1680,0.3934
1790164972969,4312,0.2340,0.0545
1790164973019,4313,0.1486,0.0060
1790164973069,4314,0.1629,0.0071
1790164973119,4315,0.1689,0.0074
1790164973168,4316,0.2176,0.0663
1790164973219,4317,0.1604,0.0074
1790164973269,4318,0.2333,0.0079
1790164973319,4319,0.1587,0.0078
1790164973369,4320,0.2174,0.2384
1790164973419,4321,0.1514,0.0066
1790164973468,4322,0.2498,0.0598
1790164973519,4323,0.1488,0.0062
1790164973569,4324,0.2835,0.0087
1790164973619,4325,0.2197,0.0701
1790164973669,4326,0.1430,0.0564
1790164973719,4327,0.1447,0.0065
1790164973769,4328,0.1462,0.0067
1790164973818,4329,0.1605,0.0077
1790164973869,4330,0.2136,0.0067
1790164973919,4331,0.1586,0.0074
1790164973969,4332,0.1798,0.2241
1790164974018,4333,0.1484,0.0062
1790164974069,4334,0.1365,0.0432
1790164974119,4335,0.2052,0.0708
1790164974168,4336,0.1996,0.1465
1790164974219,4337,0.1045,0.0043
1790164974269,4338,0.1555,0.0521
1790164974318,4339,0.1153,0.0068
1790164974369,4340,0.1151,0.0043
1790164974419,4341,0.0941,0.0039
1790164974468,4342,0.1679,0.0643
1790164974519,4343,0.1132,0.0045
1790164974568,4344,0.1223,0.0045
1790164974619,4345,0.1044,0.0041
1790164974669,4346,0.0901,0.1632
1790164974718,4347,0.1259,0.0051
1790164974769,4348,0.1741,0.0589
1790164974819,4349,0.1446,0.0071
1790164974869,4350,0.1513,0.0082
1790164974919,4351,0.1545,0.0069
1790164974969,4352,0.2668,0.1404
1790164975018,4353,0.1951,0.0063
1790164975069,4354,0.1805,0.0072
1790164975119,4355,0.1603,0.0078
1790164975169,4356,0.1429,0.1830
1790164975218,4357,0.1316,0.0062
1790164975268,4358,0.1659,0.0568
1790164975318,4359,0.1194,0.0056
1790164975369,4360,0.2094,0.0593
1790164975418,4361,0.1010,0.0052
1790164975468,4362,0.1445,0.0065
1790164975519,4363,0.1474,0.0078
1790164975568,4364,0.2468,0.0950
1790164975619,4365,0.1613,0.0098
1790164975669,4366,0.1622,0.0080
1790164975718,4367,0.3162,0.1870
1790164975769,4368,0.1280,0.1488
1790164975818,4369,0.1568,0.0444
1790164975869,4370,0.1560,0.0077
1790164975919,4371,0.1531,0.1732
1790164975969,4372,0.2105,0.0686
1790164976019,4373,0.1900,0.0579
1790164976068,4374,0.1726,0.0514
1790164976119,4375,0.1613,0.0102
1790164976168,4376,0.2720,0.3464
1790164976219,4377,0.1230,0.0055
1790164976268,4378,0.1223,0.0052
1790164976319,4379,0.1409,0.0055
1790164976368,4380,0.1796,0.0771
1790164976419,4381,0.0940,0.0049
1790164976469,4382,0.2016,0.0789
1790164976519,4383,0.1042,0.0800
1790164976569,4384,0.1318,0.0477
1790164976618,4385,0.1344,0.0050
1790164976669,4386,0.0820,0.0032
1790164976718,4387,0.0898,0.0038
1790164976769,4388,0.1255,0.0506
1790164976819,4389,0.0838,0.0037
1790164976868,4390,0.0863,0.0032
1790164976918,4391,0.1047,0.0042
1790164976969,4392,0.2074,0.0738
1790164977019,4393,0.1008,0.0051
1790164977069,4394,0.0951,0.0045
1790164977119,4395,0.1461,0.0072
1790164977168,4396,0.1931,0.0634
1790164977219,4397,0.1174,0.0061
1790164977269,4398,0.2271,0.1132
1790164977319,4399,0.1065,0.0053
1790164977368,4400,0.1505,0.0059
1790164977419,4401,0.1213,0.0051
1790164977470,4402,0.1256,0.1664
1790164977518,4403,0.0987,0.0042
1790164977569,4404,0.1492,0.0546
1790164977618,4405,0.0823,0.0039
1790164977668,4406,0.0855,0.0037
1790164977719,4407,0.1311,0.0075
1790164977768,4408,0.1453,0.0655
1790164977820,4409,0.1471,0.0096
1790164977868,4410,0.1286,0.0055
1790164977918,4411,0.1600,0.0067
1790164977969,4412,0.2330,0.1164
1790164978019,4413,0.1110,0.0064
1790164978069,4414,0.1183,0.0042
1790164978119,4415,0.1482,0.0067
1790164978169,4416,0.1865,0.2275
1790164978219,4417,0.1061,0.0638
1790164978269,4418,0.1207,0.0408
1790164978318,4419,0.1313,0.0427
1790164978369,4420,0.2235,0.0660
1790164978419,4421,0.1424,0.0069
1790164978469,4422,0.2029,0.0544
1790164978519,4423,0.1478,0.1686
1790164978569,4424,0.3405,0.1885
1790164978619,4425,0.2585,0.1411
1790164978669,4426,0.1424,0.0050
1790164978719,4427,0.1327,0.0053
1790164978768,4428,0.1349,0.0063
1790164978818,4429,0.1436,0.0069
1790164978869,4430,0.1455,0.0069
1790164978919,4431,0.2072,0.0624
1790164978969,4432,0.2086,0.0569
1790164979019,4433,0.2163,0.0717
1790164979069,4434,0.2037,0.1100
1790164979119,4435,0.1625,0.0086
1790164979168,4436,0.2175,0.0646
1790164979219,4437,0.1492,0.0078
1790164979269,4438,0.2060,0.0561
1790164979319,4439,0.1468,0.0068
1790164979369,4440,0.1737,0.0074
1790164979419,4441,0.1488,0.0067
1790164979468,4442,0.1520,0.0077
1790164979518,4443,0.1508,0.0072
1790164979569,4444,0.1570,0.0072
1790164979619,4445,0.1553,0.0077
1790164979668,4446,0.1530,0.0077
1790164979718,4447,0.1814,0.0083
1790164979768,4448,0.4534,0.0562
1790164979819,4449,0.1475,0.0071
1790164979869,4450,0.1602,0.0073
1790164979919,4451,0.1427,0.1740
1790164979969,4452,0.2056,0.2487
1790164980018,4453,0.1521,0.0085
1790164980069,4454,0.1996,0.0672
1790164980119,4455,0.2083,0.1262
1790164980169,4456,0.1548,0.0088
1790164980219,4457,0.1560,0.0082
1790164980269,4458,0.2078,0.0622
1790164980319,4459,0.1375,0.2052
1790164980368,4460,0.1519,0.0480
1790164980418,4461,0.0930,0.0051
1790164980468,4462,0.1089,0.0054
1790164980519,4463,0.1036,0.0054
1790164980568,4464,0.1729,0.0878
1790164980618,4465,0.0911,0.0045
1790164980669,4466,0.1369,0.0056
1790164980719,4467,0.0884,0.0050
1790164980768,4468,0.0953,0.0047
1790164980819,4469,0.1249,0.0067
1790164980869,4470,0.2013,0.0741
1790164980920,4471,0.1411,0.0082
1790164980969,4472,0.1349,0.0193
1790164981019,4473,0.1443,0.0083
1790164981069,4474,0.1083,0.1823
1790164981118,4475,0.1969,0.0646
1790164981169,4476,0.1429,0.0069
1790164981219,4477,0.1487,0.0078
1790164981269,4478,0.1500,0.0074
1790164981318,4479,0.1336,0.1600
1790164981369,4480,0.1746,0.0713
1790164981418,4481,0.1950,0.1050
1790164981469,4482,0.1393,0.1409
1790164981519,4483,0.0982,0.0045
1790164981569,4484,0.1977,0.1137
1790164981618,4485,0.0808,0.0585
1790164981669,4486,0.0799,0.0028
1790164981719,4487,0.0777,0.0027
1790164981768,4488,0.1262,0.0497
1790164981819,4489,0.0880,0.0031
1790164981868,4490,0.1051,0.0041
1790164981920,4491,0.0866,0.0038
1790164981969,4492,0.1609,0.0659
1790164982019,4493,0.1420,0.0074
1790164982069,4494,0.1523,0.0093
1790164982119,4495,0.1871,0.0112
1790164982169,4496,0.1945,0.0598
1790164982218,4497,0.1928,0.0777
1790164982269,4498,0.1526,0.1106
1790164982318,4499,0.0994,0.0045
1790164982368,4500,0.1046,0.0037
1790164982418,4501,0.1026,0.0052
1790164982469,4502,0.1253,0.0058
1790164982518,4503,0.1195,0.0056
1790164982569,4504,0.1424,0.0567
1790164982619,4505,0.0921,0.0040
1790164982669,4506,0.0836,0.0033
1790164982718,4507,0.0717,0.0036
1790164982769,4508,0.2254,0.0742
1790164982819,4509,0.1533,0.0081
1790164982869,4510,0.3351,0.1861
1790164982919,4511,0.1791,0.0271
1790164982969,4512,0.1605,0.0688
1790164983018,4513,0.1114,0.0077
1790164983069,4514,0.1528,0.0121
1790164983119,4515,0.1824,0.0342
1790164983169,4516,0.1453,0.0127
1790164983219,4517,0.0988,0.0079
1790164983269,4518,0.0992,0.0087
1790164983319,4519,0.0981,0.0083
1790164983369,4520,0.0889,0.0061
1790164983419,4521,0.0915,0.0101
1790164983469,4522,0.2527,0.1577
1790164983519,4523,0.1413,0.0126
1790164983568,4524,0.2176,0.0730
1790164983619,4525,0.2711,0.0119
1790164983668,4526,0.2239,0.2901
1790164983720,4527,0.1029,0.0076
1790164983769,4528,0.1270,0.0115
1790164983818,4529,0.1194,0.0073
1790164983869,4530,0.1586,0.2147
1790164983919,4531,0.1109,0.0085
1790164983969,4532,0.6182,0.5323
1790164984018,4533,0.1432,0.1628
1790164984069,4534,0.1999,0.0580
1790164984119,4535,0.2605,0.1139
1790164984169,4536,0.1982,0.1282
1790164984219,4537,0.1029,0.0113
1790164984269,4538,0.1295,0.0491
1790164984319,4539,0.0747,0.0063
1790164984369,4540,0.1799,0.0794
1790164984419,4541,0.0889,0.0076
1790164984469,4542,0.1235,0.0105
1790164984519,4543,0.1239,0.0095
1790164984568,4544,0.1000,0.1832
1790164984619,4545,0.0857,0.0057
1790164984669,4546,0.0721,0.0046
1790164984719,4547,0.0739,0.0051
1790164984769,4548,0.1239,0.0556
1790164984818,4549,0.0789,0.0053
1790164984869,4550,0.1857,0.0822
1790164984919,4551,0.0958,0.0072
1790164984969,4552,0.1825,0.0797
1790164985019,4553,0.1175,0.0097
1790164985068,4554,0.1778,0.0148
1790164985119,4555,0.1631,0.0166
1790164985169,4556,0.1553,0.0138
1790164985219,4557,0.1440,0.0137
1790164985269,4558,0.2877,0.1499
1790164985319,4559,0.1862,0.0126
1790164985368,4560,0.2179,0.0572
1790164985419,4561,0.1519,0.0130
1790164985469,4562,0.1916,0.2450
1790164985519,4563,0.1514,0.0166
1790164985568,4564,0.2115,0.0672
1790164985619,4565,0.1525,0.0132
1790164985669,4566,0.1612,0.0180
1790164985719,4567,0.1600,0.0151
1790164985768,4568,0.1540,0.0138
1790164985819,4569,0.1547,0.0126
1790164985869,4570,0.1487,0.0121
1790164985919,4571,0.1206,0.2257
1790164985969,4572,0.1221,0.0119
1790164986019,4573,0.1757,0.0808
1790164986069,4574,0.1663,0.0125
1790164986119,4575,0.1688,0.2141
1790164986168,4576,0.2214,0.0917
1790164986219,4577,0.1481,0.0132
1790164986269,4578,0.2589,0.1136
1790164986319,4579,0.1600,0.0414
1790164986369,4580,0.2452,0.0879
1790164986419,4581,0.1567,0.0139
1790164986469,4582,0.1682,0.2642
1790164986518,4583,0.4499,0.3067
1790164986569,4584,0.2033,0.2525
1790164986619,4585,0.1510,0.0108
1790164986669,4586,0.2361,0.0962
1790164986719,4587,0.1331,0.0727
1790164986769,4588,0.1905,0.0590
1790164986819,4589,0.1496,0.0129
1790164986869,4590,0.1777,0.0182
1790164986919,4591,0.1581,0.0145
1790164986969,4592,0.2148,0.0725
1790164987019,4593,0.1471,0.0123
1790164987068,4594,0.1642,0.0130
1790164987119,4595,0.1594,0.0144
1790164987169,4596,0.2093,0.0620
1790164987219,4597,0.1550,0.0144
1790164987270,4598,1.0716,0.1552
1790164987319,4599,0.1559,0.0124
1790164987368,4600,0.1724,0.0121
1790164987418,4601,0.1519,0.0128
1790164987468,4602,0.1468,0.1909
1790164987519,4603,0.1489,0.0111
1790164987569,4604,0.2131,0.0562
1790164987619,4605,0.1460,0.0110
1790164987669,4606,0.1412,0.0099
1790164987719,4607,0.1431,0.0105
1790164987769,4608,0.1891,0.0673
1790164987819,4609,0.1158,0.0086
1790164987869,4610,0.1446,0.1858
1790164987918,4611,0.1454,0.0123
1790164987968,4612,0.1637,0.0754
1790164988019,4613,0.1287,0.0465
1790164988069,4614,0.1446,0.0104
1790164988119,4615,0.1603,0.0128
1790164988169,4616,0.2810,0.1375
1790164988219,4617,0.1107,0.0561
1790164988268,4618,0.0930,0.0087
1790164988319,4619,0.0832,0.0051
1790164988368,4620,0.1555,0.0643
1790164988419,4621,0.0955,0.0067
1790164988469,4622,0.1851,0.0600
1790164988519,4623,0.1216,0.0110
1790164988569,4624,0.1816,0.0680
1790164988619,4625,0.1766,0.0814
1790164988669,4626,0.3409,0.0316
1790164988718,4627,0.1078,0.0087
1790164988770,4628,0.1124,0.0084
1790164988820,4629,0.1040,0.1833
1790164988870,4630,0.0855,0.0054
1790164988920,4631,0.0888,0.0055
1790164988969,4632,0.1219,0.0526
1790164989019,4633,0.0738,0.0052
1790164989069,4634,0.3960,0.3036
1790164989119,4635,0.1670,0.1937
1790164989169,4636,0.1670,0.0132
1790164989219,4637,0.2233,0.1243
1790164989268,4638,0.2908,0.1378
1790164989318,4639,0.0824,0.0096
1790164989369,4640,0.1338,0.0412
1790164989419,4641,0.0741,0.0036
1790164989469,4642,0.1309,0.0070
1790164989519,4643,0.1216,0.0066
1790164989569,4644,0.0986,0.0052
1790164989619,4645,0.1328,0.0062
1790164989669,4646,0.0841,0.0048
1790164989719,4647,0.0799,0.0043
1790164989769,4648,0.1289,0.0592
1790164989819,4649,0.1268,0.0068
1790164989869,4650,0.1210,0.0058
1790164989919,4651,0.1509,0.0082
1790164989968,4652,0.1793,0.0849
1790164990019,4653,0.0870,0.0048
1790164990068,4654,0.1957,0.1075
1790164990119,4655,0.1932,0.0460
1790164990169,4656,0.1845,0.0393
1790164990219,4657,0.1348,0.0078
1790164990268,4658,0.1673,0.2467
1790164990319,4659,0.1888,0.1037
1790164990368,4660,0.1493,0.0986
1790164990419,4661,0.1266,0.0586
1790164990469,4662,0.1373,0.0062
1790164990519,4663,0.1472,0.0081
1790164990569,4664,0.2231,0.0822
1790164990619,4665,0.1418,0.1962
1790164990668,4666,0.0911,0.0048
1790164990719,4667,0.1682,0.0090
1790164990769,4668,0.2389,0.0928
1790164990819,4669,0.1206,0.0069
1790164990869,4670,0.1771,0.0752
1790164990919,4671,0.1299,0.0069
1790164990969,4672,0.1356,0.1949
1790164991018,4673,0.1383,0.0069
1790164991069,4674,0.2762,0.0894
1790164991119,4675,0.1609,0.0087
1790164991169,4676,0.1565,0.1940
1790164991219,4677,0.1385,0.0092
1790164991268,4678,0.1386,0.0074
1790164991318,4679,0.1368,0.0077
1790164991370,4680,0.2244,0.0789
1790164991418,4681,0.2270,0.0909
1790164991468,4682,0.1606,0.0080
1790164991519,4683,0.1549,0.0081
1790164991568,4684,0.1954,0.0540
1790164991618,4685,0.2888,0.3193
1790164991669,4686,0.1518,0.2454
1790164991719,4687,0.1404,0.0059
1790164991769,4688,0.2779,0.1439
1790164991819,4689,0.1562,0.0601
1790164991869,4690,0.2182,0.0097
1790164991919,4691,0.1530,0.0090
1790164991969,4692,0.1504,0.0082
1790164992019,4693,0.1566,0.0086
1790164992069,4694,0.1544,0.0096
1790164992119,4695,0.1564,0.0087
1790164992169,4696,0.2120,0.0668
1790164992219,4697,0.2250,0.0886
1790164992269,4698,0.1819,0.0941
1790164992319,4699,0.1145,0.1747
1790164992369,4700,0.1056,0.0040
1790164992419,4701,0.0926,0.0054
1790164992469,4702,0.0920,0.0048
1790164992518,4703,0.0991,0.0045
1790164992569,4704,0.1339,0.0540
1790164992619,4705,0.0935,0.0049
1790164992669,4706,0.0819,0.0041
1790164992719,4707,0.0826,0.0041
1790164992769,4708,0.1314,0.0633
1790164992819,4709,0.1074,0.0053
1790164992869,4710,0.1572,0.0089
1790164992918,4711,0.1538,0.0095
1790164992969,4712,0.2085,0.0652
1790164993019,4713,0.1503,0.0090
1790164993069,4714,0.1138,0.0077
1790164993119,4715,0.1589,0.0083
1790164993169,4716,0.1468,0.0090
1790164993218,4717,0.1492,0.0085
1790164993269,4718,0.1106,0.0068
1790164993318,4719,0.0941,0.0062
1790164993369,4720,0.1606,0.0671
1790164993418,4721,0.0884,0.0066
1790164993469,4722,0.1629,0.0557
1790164993519,4723,0.0955,0.0052
1790164993568,4724,0.0989,0.0047
1790164993619,4725,0.1341,0.0079
1790164993669,4726,0.2921,0.0759
1790164993719,4727,0.0923,0.0051
1790164993769,4728,0.1978,0.0871
1790164993819,4729,0.1384,0.0075
1790164993869,4730,0.1493,0.2131
1790164993919,4731,0.1505,0.0081
1790164993968,4732,0.1901,0.2439
1790164994019,4733,0.1078,0.0052
1790164994069,4734,0.2161,0.1240
1790164994119,4735,0.1689,0.0093
1790164994168,4736,0.8950,0.4829
1790164994219,4737,0.1564,0.2019
1790164994268,4738,0.2170,0.0623
1790164994318,4739,0.2169,0.0770
1790164994369,4740,0.2455,0.1493
1790164994419,4741,0.1500,0.0649
1790164994469,4742,0.1469,0.0076
1790164994518,4743,0.1471,0.0078
1790164994569,4744,0.1623,0.0079
1790164994619,4745,0.1117,0.0058
1790164994669,4746,0.1152,0.0058
1790164994719,4747,0.1251,0.0066
1790164994769,4748,0.1644,0.0550
1790164994818,4749,0.1135,0.0062
1790164994869,4750,0.1315,0.0068
1790164994919,4751,0.1574,0.0077
1790164994969,4752,0.1904,0.0785
1790164995019,4753,0.1237,0.0065
1790164995069,4754,0.1439,0.0073
1790164995118,4755,0.1518,0.0083
1790164995169,4756,0.1502,0.0079
1790164995218,4757,0.1492,0.0083
1790164995269,4758,0.1823,0.0500
1790164995318,4759,0.1184,0.0068
1790164995369,4760,0.1535,0.0474
1790164995418,4761,0.0884,0.1665
1790164995469,4762,0.1218,0.0052
1790164995519,4763,0.1108,0.0063
1790164995569,4764,0.2913,0.1896
1790164995619,4765,0.1470,0.0078
1790164995668,4766,0.1443,0.0093
1790164995719,4767,0.1312,0.0061
1790164995768,4768,0.0951,0.2140
1790164995819,4769,0.2404,0.0967
1790164995868,4770,0.1499,0.0499
1790164995920,4771,0.1485,0.0086
1790164995969,4772,0.1479,0.0081
1790164996018,4773,0.1284,0.0074
1790164996068,4774,0.1100,0.0083
1790164996119,4775,0.2391,0.0935
1790164996169,4776,0.1521,0.0115
1790164996218,4777,0.1522,0.1978
1790164996268,4778,0.1029,0.0056
1790164996318,4779,0.1038,0.0076
1790164996369,4780,0.1725,0.0800
1790164996418,4781,0.0897,0.0047
1790164996469,4782,0.2213,0.0697
1790164996519,4783,0.1587,0.0105
1790164996569,4784,0.2632,0.1159
1790164996618,4785,0.1575,0.0078
1790164996668,4786,0.1480,0.1814
1790164996719,4787,0.2495,0.1182
1790164996769,4788,0.1710,0.3870
1790164996819,4789,0.1084,0.0039
1790164996868,4790,0.1514,0.0558
1790164996919,4791,0.1214,0.0781
1790164996970,4792,0.1543,0.0605
1790164997019,4793,0.0868,0.0039
1790164997069,4794,0.0883,0.0038
1790164997119,4795,0.1437,0.0077
1790164997169,4796,0.2507,0.1173
1790164997218,4797,0.1544,0.0085
1790164997268,4798,0.2523,0.1058
1790164997319,4799,0.1413,0.0077
1790164997369,4800,0.1560,0.2056
1790164997419,4801,0.1259,0.0059
1790164997468,4802,0.1308,0.1727
1790164997519,4803,0.1220,0.0059
1790164997569,4804,0.1480,0.0563
1790164997619,4805,0.1515,0.0074
1790164997668,4806,0.0903,0.0050
1790164997719,4807,0.0887,0.0050
1790164997769,4808,0.2055,0.0612
1790164997819,4809,0.0766,0.0054
1790164997869,4810,0.0960,0.0041
1790164997919,4811,0.0701,0.0034
1790164997970,4812,0.1376,0.0546
1790164998019,4813,0.0752,0.0037
1790164998069,4814,0.0812,0.0036
1790164998120,4815,0.1504,0.0109
1790164998169,4816,0.1320,0.0076
1790164998218,4817,0.1605,0.0071
1790164998269,4818,0.1398,0.0079
1790164998319,4819,0.0975,0.0056
1790164998369,4820,0.1540,0.0673
1790164998419,4821,0.1344,0.0647
1790164998469,4822,0.1757,0.1300
1790164998519,4823,0.1129,0.0051
1790164998569,4824,0.1421,0.0564
1790164998619,4825,0.0834,0.0042
1790164998669,4826,0.2345,0.0057
1790164998718,4827,0.1076,0.0071
1790164998769,4828,0.0925,0.0054
1790164998819,4829,0.0823,0.0041
1790164998869,4830,0.1127,0.0071
1790164998919,4831,0.1880,0.0670
1790164998969,4832,0.1975,0.0588
1790164999019,4833,0.1604,0.0086
1790164999069,4834,0.2018,0.0555
1790164999119,4835,0.1752,0.1880
1790164999169,4836,0.2091,0.0716
1790164999219,4837,0.1238,0.0075
1790164999269,4838,0.3178,0.1792
1790164999319,4839,0.1433,0.1665
1790164999369,4840,0.1090,0.0039
1790164999418,4841,0.1574,0.0709
1790164999469,4842,0.0967,0.0614
1790164999518,4843,0.0924,0.0045
1790164999569,4844,0.0988,0.0047
1790164999618,4845,0.0933,0.0043
1790164999670,4846,0.0855,0.0046
1790164999718,4847,0.0900,0.0047
1790164999769,4848,0.1409,0.0583
1790164999819,4849,0.0828,0.0038
1790164999868,4850,0.0954,0.0039
1790164999919,4851,0.0809,0.0039
1790164999969,4852,0.1825,0.0850
1790165000019,4853,0.0811,0.0038
1790165000068,4854,0.1465,0.0623
1790165000119,4855,0.2155,0.0087
1790165000169,4856,0.1383,0.0086
1790165000219,4857,0.1365,0.0079
1790165000268,4858,0.1991,0.2322
1790165000319,4859,0.1460,0.0082
1790165000369,4860,0.1688,0.0544
1790165000419,4861,0.0947,0.0078
1790165000469,4862,0.1620,0.0088
1790165000518,4863,0.1340,0.0077
1790165000569,4864,0.1850,0.0614
1790165000619,4865,0.1012,0.0060
1790165000669,4866,0.1038,0.0054
1790165000718,4867,0.1444,0.0626
1790165000769,4868,0.0881,0.0052
1790165000819,4869,0.1447,0.0082
1790165000869,4870,0.1510,0.0079
1790165000918,4871,0.1369,0.1787
1790165000970,4872,0.1065,0.0051
1790165001019,4873,0.0842,0.0048
1790165001069,4874,0.0868,0.0049
1790165001119,4875,0.1439,0.0087
1790165001169,4876,0.2009,0.0675
1790165001219,4877,0.1260,0.0071
1790165001269,4878,0.1578,0.1810
1790165001319,4879,0.1373,0.0081
1790165001368,4880,0.1812,0.0812
1790165001419,4881,0.0803,0.0060
1790165001469,4882,0.0852,0.0046
1790165001520,4883,0.1193,0.0066
1790165001569,4884,0.1395,0.0583
1790165001619,4885,0.0982,0.0069
1790165001669,4886,0.0959,0.0054
1790165001718,4887,0.1357,0.0624
1790165001769,4888,0.1437,0.0508
1790165001819,4889,0.1834,0.1038
1790165001868,4890,0.2087,0.1590
1790165001918,4891,0.1321,0.1852
1790165001968,4892,0.2316,0.1205
1790165002019,4893,0.2056,0.1225
1790165002068,4894,0.1168,0.0641
1790165002119,4895,0.1571,0.0079
1790165002169,4896,0.1769,0.0649
1790165002219,4897,0.1086,0.0060
1790165002269,4898,0.1594,0.0543
1790165002319,4899,0.0966,0.0051
1790165002369,4900,0.1479,0.0068
1790165002419,4901,0.1467,0.0656
1790165002468,4902,0.0899,0.0047
1790165002519,4903,0.1102,0.0052
1790165002569,4904,0.1342,0.0506
1790165002619,4905,0.0900,0.0048
1790165002669,4906,0.1624,0.0072
1790165002719,4907,0.0968,0.0069
1790165002769,4908,0.1533,0.0598
1790165002819,4909,0.1474,0.0071
1790165002869,4910,0.2029,0.0622
1790165002919,4911,0.1463,0.0079
1790165002969,4912,0.1987,0.0560
1790165003019,4913,0.2093,0.0646
1790165003069,4914,0.1584,0.2301
1790165003119,4915,0.1522,0.0083
1790165003169,4916,0.1574,0.0108
1790165003219,4917,0.2082,0.0703
1790165003270,4918,0.1523,0.0096
1790165003319,4919,0.1559,0.0083
1790165003369,4920,0.1638,0.0080
1790165003419,4921,0.1336,0.3084
1790165003469,4922,0.1992,0.0653
1790165003519,4923,0.1403,0.0076
1790165003569,4924,0.2330,0.1169
1790165003619,4925,0.1319,0.0070
1790165003670,4926,0.2696,0.0073
1790165003718,4927,0.1297,0.0093
1790165003769,4928,0.1949,0.1859
1790165003819,4929,0.1090,0.0070
1790165003869,4930,0.1628,0.0074
1790165003918,4931,0.0916,0.0048
1790165003969,4932,0.1376,0.0587
1790165004019,4933,0.0963,0.0066
1790165004068,4934,0.1982,0.1067
1790165004118,4935,0.1599,0.0086
1790165004169,4936,0.2221,0.0705
1790165004219,4937,0.2114,0.0740
1790165004270,4938,0.1701,0.2608
1790165004319,4939,0.1155,0.0046
1790165004369,4940,0.2753,0.1158
1790165004419,4941,0.1320,0.3524
1790165004469,4942,0.1118,0.0049
1790165004518,4943,0.1120,0.0044
1790165004569,4944,0.0979,0.0045
1790165004619,4945,0.0978,0.0045
1790165004669,4946,0.0840,0.0041
1790165004719,4947,0.0856,0.0045
1790165004769,4948,0.1850,0.0729
1790165004819,4949,0.0832,0.0038
1790165004870,4950,0.0914,0.0050
1790165004919,4951,0.0668,0.0032
1790165004968,4952,0.1532,0.0802
1790165005019,4953,0.1399,0.0097
1790165005070,4954,0.1210,0.0059
1790165005119,4955,0.1560,0.0087
1790165005168,4956,0.1472,0.0079
1790165005219,4957,0.1323,0.0098
1790165005269,4958,0.1491,0.0565
1790165005319,4959,0.1366,0.0074
1790165005368,4960,0.1876,0.0563
1790165005418,4961,0.1580,0.0084
1790165005468,4962,0.1095,0.0053
1790165005519,4963,0.1063,0.0063
1790165005569,4964,0.1848,0.0879
1790165005619,4965,0.1573,0.0690
1790165005669,4966,0.1275,0.2448
1790165005719,4967,0.0944,0.0044
1790165005770,4968,0.0866,0.0042
1790165005819,4969,0.1385,0.0066
1790165005870,4970,0.1934,0.0708
1790165005919,4971,0.1528,0.0088
1790165005968,4972,0.1518,0.0082
1790165006019,4973,0.1245,0.0078
1790165006070,4974,0.1228,0.1786
1790165006119,4975,0.1452,0.0085
1790165006169,4976,0.1426,0.0081
1790165006219,4977,0.1997,0.0705
1790165006269,4978,0.1047,0.0065
1790165006319,4979,0.1266,0.1650
1790165006370,4980,0.2481,0.0920
1790165006419,4981,0.1414,0.0083
1790165006468,4982,0.1995,0.0854
1790165006518,4983,0.1528,0.0168
1790165006569,4984,0.2792,0.1411
1790165006619,4985,0.1927,0.0616
1790165006668,4986,0.1277,0.2346
1790165006719,4987,0.1131,0.0072
1790165006768,4988,0.1433,0.0533
1790165006819,4989,0.0964,0.0054
1790165006869,4990,0.1476,0.0576
1790165006919,4991,0.1778,0.0972
1790165006969,4992,0.1745,0.1795
1790165007019,4993,0.1179,0.0057
1790165007070,4994,0.1190,0.1698
1790165007119,4995,0.1508,0.0087
1790165007168,4996,0.1912,0.0622
1790165007219,4997,0.1173,0.0071
1790165007269,4998,0.1485,0.0568
1790165007319,4999,0.0852,0.0050
1790165007369,5000,0.1255,0.0046
1790165007419,5001,0.0944,0.0049
1790165007469,5002,0.1411,0.0080
1790165007519,5003,0.1242,0.0065
1790165007568,5004,0.1669,0.0594
1790165007619,5005,0.0997,0.0079
1790165007669,5006,0.0867,0.0050
1790165007719,5007,0.0936,0.0049
1790165007769,5008,0.1424,0.0703
1790165007818,5009,0.0719,0.0039
1790165007869,5010,0.0940,0.0059
1790165007918,5011,0.1235,0.0062
1790165007969,5012,0.1712,0.0593
1790165008019,5013,0.1405,0.0077
1790165008069,5014,0.1352,0.0075
1790165008118,5015,0.1411,0.0075
1790165008169,5016,0.1287,0.0075
1790165008219,5017,0.1284,0.0086
1790165008269,5018,0.0960,0.0051
1790165008318,5019,0.1310,0.0068
1790165008368,5020,0.2394,0.1221
1790165008419,5021,0.1258,0.0073
1790165008469,5022,0.2774,0.1296
1790165008519,5023,0.1465,0.0083
1790165008569,5024,0.1892,0.2338
1790165008619,5025,0.1011,0.0066
1790165008669,5026,0.0849,0.0040
1790165008719,5027,0.2449,0.0615
1790165008769,5028,0.0949,0.0543
1790165008818,5029,0.0806,0.0041
1790165008868,5030,0.1056,0.0069
1790165008919,5031,0.0880,0.0055
1790165008969,5032,0.1256,0.0542
1790165009019,5033,0.0695,0.0036
1790165009068,5034,0.1381,0.0503
1790165009119,5035,0.1623,0.0077
1790165009169,5036,0.2449,0.1093
1790165009219,5037,0.1726,0.1640
1790165009269,5038,0.2134,0.0986
1790165009319,5039,0.1439,0.0076
1790165009369,5040,0.1739,0.0078
1790165009419,5041,0.1558,0.2235
1790165009468,5042,0.1482,0.1787
1790165009519,5043,0.1383,0.0073
1790165009568,5044,0.0961,0.0055
1790165009619,5045,0.0800,0.0042
1790165009669,5046,0.0774,0.0044
1790165009719,5047,0.0788,0.0040
1790165009768,5048,0.1369,0.0564
1790165009819,5049,0.0785,0.0047
1790165009869,5050,0.0954,0.0042
1790165009919,5051,0.0674,0.0041
1790165009969,5052,0.1939,0.1303
1790165010019,5053,0.0847,0.0034
1790165010069,5054,0.1027,0.0043
1790165010119,5055,0.1732,0.0090
1790165010168,5056,0.1350,0.1781
1790165010219,5057,0.1637,0.0582
1790165010269,5058,0.1281,0.0877
1790165010318,5059,0.0846,0.0042
1790165010369,5060,0.1511,0.0509
1790165010418,5061,0.0940,0.0051
1790165010469,5062,0.1433,0.0079
1790165010519,5063,0.1508,0.0087
1790165010569,5064,0.1745,0.0667
1790165010619,5065,0.1291,0.0062
1790165010669,5066,0.0855,0.0043
1790165010718,5067,0.0830,0.0065
1790165010769,5068,0.0846,0.0054
1790165010819,5069,0.0767,0.0040
1790165010870,5070,0.0797,0.0038
1790165010918,5071,0.0836,0.0041
1790165010969,5072,0.1503,0.0769
1790165011019,5073,0.1743,0.1108
1790165011069,5074,0.1533,0.0096
1790165011118,5075,0.1493,0.0083
1790165011169,5076,0.1577,0.0103
1790165011219,5077,0.1952,0.2298
1790165011268,5078,0.2251,0.0643
1790165011319,5079,0.1451,0.0080
1790165011370,5080,0.2302,0.2568
1790165011419,5081,0.2660,0.1181
1790165011470,5082,0.1580,0.1836
1790165011520,5083,0.1782,0.0086
1790165011569,5084,0.1482,0.0082
1790165011619,5085,0.1469,0.0079
1790165011669,5086,0.1322,0.0070
1790165011718,5087,0.1300,0.0080
1790165011769,5088,0.1904,0.0590
1790165011819,5089,0.2464,0.1176
1790165011869,5090,0.1629,0.0226
1790165011919,5091,0.1830,0.0301
1790165011969,5092,0.2118,0.0711
1790165012019,5093,0.3544,0.2191
1790165012069,5094,0.1528,0.0102
1790165012119,5095,0.1576,0.0114
1790165012169,5096,0.1994,0.0589
1790165012219,5097,0.1467,0.2349
1790165012268,5098,0.1817,0.0590
1790165012319,5099,0.1083,0.0072
1790165012369,5100,0.1443,0.0085
1790165012419,5101,0.1529,0.0120
1790165012468,5102,0.1590,0.0109
1790165012518,5103,0.1711,0.0125
1790165012569,5104,0.2476,0.0624
1790165012619,5105,0.1527,0.0103
1790165012668,5106,0.1403,0.0090
1790165012719,5107,0.1313,0.0101
1790165012769,5108,0.1967,0.0683
1790165012819,5109,0.1959,0.0645
1790165012868,5110,0.1990,0.1185
1790165012919,5111,0.1335,0.1742
1790165012969,5112,0.1845,0.0594
1790165013019,5113,0.1356,0.0111
1790165013068,5114,0.1765,0.1858
1790165013118,5115,0.1581,0.0112
1790165013169,5116,0.1548,0.0113
1790165013218,5117,0.1898,0.0739
1790165013268,5118,0.1160,0.0807
1790165013319,5119,0.0955,0.0052
1790165013369,5120,0.1518,0.0582
1790165013419,5121,0.1162,0.0089
1790165013469,5122,0.1698,0.0112
1790165013519,5123,0.2081,0.0700
1790165013569,5124,0.2230,0.0729
1790165013620,5125,0.1576,0.0111
1790165013669,5126,0.5890,0.4429
1790165013719,5127,0.2787,0.1533
1790165013768,5128,0.1494,0.0106
1790165013819,5129,0.2067,0.0663
1790165013869,5130,0.1540,0.0660
1790165013919,5131,0.1762,0.0094
1790165013970,5132,0.1881,0.0539
1790165014019,5133,0.1441,0.0111
1790165014068,5134,0.2133,0.0616
1790165014119,5135,0.1627,0.0112
1790165014169,5136,0.2456,0.0691
1790165014219,5137,0.1233,0.0085
1790165014269,5138,0.1561,0.0543
1790165014318,5139,0.1091,0.0080
1790165014369,5140,0.2167,0.0666
1790165014419,5141,0.1556,0.1959
1790165014469,5142,0.1437,0.0096
1790165014518,5143,0.1585,0.0108
1790165014569,5144,0.2248,0.1913
1790165014619,5145,0.1279,0.0071
1790165014668,5146,0.1085,0.0056
1790165014718,5147,0.1011,0.0054
1790165014769,5148,0.1512,0.0574
1790165014818,5149,0.1002,0.0087
1790165014869,5150,0.1002,0.0074
1790165014919,5151,0.0803,0.0050
1790165014969,5152,0.1508,0.0797
1790165015019,5153,0.0649,0.0043
1790165015068,5154,0.0838,0.0043
1790165015118,5155,0.1597,0.0115
1790165015169,5156,0.1413,0.0107
1790165015219,5157,0.1119,0.0103
1790165015269,5158,0.1510,0.0604
1790165015319,5159,0.0848,0.0061
1790165015369,5160,0.1737,0.0547
1790165015419,5161,0.0856,0.0058
1790165015468,5162,0.2358,0.0835
1790165015519,5163,0.1441,0.1009
1790165015568,5164,0.2388,0.0880
1790165015619,5165,0.1203,0.0080
1790165015669,5166,0.1551,0.0598
1790165015718,5167,0.1167,0.0085
1790165015769,5168,0.1317,0.0085
1790165015820,5169,0.1361,0.0110
1790165015869,5170,0.1171,0.1778
1790165015919,5171,0.1673,0.0925
1790165015969,5172,0.1489,0.1435
1790165016018,5173,0.1530,0.0115
1790165016069,5174,0.1405,0.0111
1790165016118,5175,0.1552,0.0112
1790165016169,5176,0.1969,0.0684
1790165016219,5177,0.1405,0.0102
1790165016268,5178,0.1417,0.0108
1790165016319,5179,0.1959,0.0636
1790165016368,5180,0.2750,0.3025
1790165016419,5181,0.1961,0.2168
1790165016469,5182,0.1564,0.0731
1790165016519,5183,0.1511,0.0100
1790165016569,5184,0.1446,0.1800
1790165016619,5185,0.1653,0.0106
1790165016669,5186,0.0912,0.0062
1790165016719,5187,0.0887,0.0059
1790165016769,5188,0.1326,0.0580
1790165016819,5189,0.0774,0.0052
1790165016869,5190,0.0969,0.0061
1790165016919,5191,0.0825,0.0056
1790165016969,5192,0.1239,0.0616
1790165017019,5193,0.0776,0.0047
1790165017069,5194,0.0914,0.0048
1790165017118,5195,0.1618,0.0121
1790165017169,5196,0.2457,0.1153
1790165017219,5197,0.2201,0.0126
1790165017270,5198,0.2007,0.0579
1790165017319,5199,0.1456,0.0102
1790165017369,5200,0.1770,0.1805
1790165017419,5201,0.1685,0.0592
1790165017468,5202,0.1403,0.0739
1790165017519,5203,0.1811,0.0091
1790165017569,5204,0.1793,0.0589
1790165017618,5205,0.1442,0.0103
1790165017669,5206,0.1031,0.0093
1790165017719,5207,0.1511,0.0759
1790165017769,5208,0.1930,0.1491
1790165017818,5209,0.1057,0.0059
1790165017869,5210,0.1187,0.0072
1790165017919,5211,0.0821,0.0076
1790165017968,5212,0.1360,0.0682
1790165018018,5213,0.0709,0.0085
1790165018069,5214,0.1204,0.0273
1790165018119,5215,0.1513,0.0091
1790165018169,5216,0.2561,0.1323
1790165018219,5217,0.1429,0.1576
1790165018269,5218,0.1451,0.0082
1790165018319,5219,0.1504,0.0101
1790165018369,5220,0.2398,0.0762
1790165018419,5221,0.2512,0.0128
1790165018469,5222,0.1572,0.0107
1790165018519,5223,0.1650,0.0104
1790165018569,5224,0.1516,0.0090
1790165018619,5225,0.1482,0.0096
1790165018669,5226,0.1143,0.0067
1790165018719,5227,0.0884,0.0055
1790165018769,5228,0.1921,0.0048
1790165018819,5229,0.1220,0.0063
1790165018868,5230,0.0882,0.0051
1790165018918,5231,0.0735,0.0046
1790165018969,5232,0.1187,0.0535
1790165019020,5233,0.0672,0.0039
1790165019069,5234,0.1531,0.0569
1790165019118,5235,0.1347,0.0084
1790165019169,5236,0.2042,0.0760
1790165019219,5237,0.1189,0.0072
1790165019269,5238,0.1911,0.1044
1790165019319,5239,0.1458,0.0085
1790165019368,5240,0.2334,0.0699
1790165019418,5241,0.1544,0.0100
1790165019469,5242,0.1489,0.1825
1790165019519,5243,0.2597,0.0769
1790165019569,5244,0.1499,0.0080
1790165019618,5245,0.1548,0.0094
1790165019669,5246,0.1512,0.0096
1790165019719,5247,0.1506,0.1858
1790165019769,5248,0.1907,0.0591
1790165019819,5249,0.1395,0.0073
1790165019869,5250,0.1582,0.0078
1790165019919,5251,0.1383,0.0075
1790165019968,5252,0.2658,0.1396
1790165020019,5253,0.1732,0.1276
1790165020069,5254,0.1495,0.0593
1790165020119,5255,0.1606,0.0099
1790165020168,5256,0.1575,0.0111
1790165020219,5257,0.1421,0.0085
1790165020269,5258,0.1796,0.0518
1790165020318,5259,0.1559,0.0081
1790165020369,5260,0.2062,0.0516
1790165020419,5261,0.2520,0.1126
1790165020468,5262,0.1481,0.1939
1790165020519,5263,0.1553,0.0147
1790165020569,5264,0.2842,0.0686
1790165020619,5265,0.1494,0.0087
1790165020669,5266,0.1570,0.0086
1790165020719,5267,0.1916,0.0627
1790165020769,5268,0.1499,0.0088
1790165020819,5269,0.1490,0.0088
1790165020869,5270,0.1737,0.1799
1790165020919,5271,0.1511,0.0085
1790165020969,5272,0.1548,0.0081
1790165021019,5273,0.2201,0.0656
1790165021068,5274,0.1334,0.0589
1790165021119,5275,0.1737,0.0087
1790165021169,5276,0.1499,0.0090
1790165021219,5277,0.1479,0.0077
1790165021269,5278,0.1476,0.0101
1790165021318,5279,0.2003,0.0655
1790165021369,5280,0.2530,0.1044
1790165021419,5281,0.1610,0.0090
1790165021469,5282,0.2309,0.2078
1790165021519,5283,0.1573,0.1997
1790165021569,5284,0.1527,0.0091
1790165021619,5285,0.1544,0.0084
1790165021668,5286,0.1563,0.0088
1790165021719,5287,0.2247,0.0109
1790165021768,5288,0.2077,0.0602
1790165021819,5289,0.1536,0.0089
1790165021869,5290,0.1710,0.0089
1790165021919,5291,0.1790,0.0088
1790165021968,5292,0.2347,0.0710
1790165022018,5293,0.1953,0.0112
1790165022069,5294,0.2061,0.0629
1790165022119,5295,0.1627,0.0096
1790165022169,5296,0.1955,0.0577
1790165022219,5297,0.2190,0.0742
1790165022269,5298,0.2154,0.6856
1790165022319,5299,0.2186,0.0614
1790165022369,5300,0.1829,0.0077
1790165022419,5301,0.1456,0.2491
1790165022469,5302,0.1465,0.0082
1790165022519,5303,0.1373,0.1793
1790165022569,5304,0.1879,0.0577
1790165022618,5305,0.1175,0.0062
1790165022669,5306,0.2453,0.1150
1790165022719,5307,0.1485,0.1555
1790165022769,5308,0.2736,0.1310
1790165022819,5309,0.1523,0.0106
1790165022870,5310,0.1827,0.0095
1790165022919,5311,0.1374,0.0081
1790165022969,5312,0.3777,0.2257
1790165023020,5313,0.1705,0.0088
1790165023069,5314,0.1139,0.0059
1790165023119,5315,0.1460,0.0088
1790165023169,5316,0.1539,0.0093
1790165023219,5317,0.1518,0.0110
1790165023268,5318,0.1140,0.0075
1790165023319,5319,0.1002,0.0087
1790165023369,5320,0.1585,0.0673
1790165023419,5321,0.1788,0.0085
1790165023468,5322,0.1525,0.0089
1790165023519,5323,0.1652,0.0109
1790165023569,5324,0.2159,0.0744
1790165023619,5325,0.2170,0.0707
1790165023669,5326,0.1622,0.0759
1790165023719,5327,0.1559,0.0098
1790165023769,5328,0.2814,0.0090
1790165023819,5329,0.1616,0.0092
1790165023869,5330,0.1652,0.0096
1790165023918,5331,0.1578,0.0090
1790165023969,5332,0.2140,0.0663
1790165024018,5333,0.2132,0.0096
1790165024069,5334,0.2224,0.0665
1790165024119,5335,0.1636,0.0096
1790165024169,5336,0.2321,0.0786
1790165024219,5337,0.1591,0.0115
1790165024268,5338,0.2441,0.0713
1790165024318,5339,0.1554,0.0111
1790165024369,5340,0.1779,0.0088
1790165024419,5341,0.1611,0.0102
1790165024469,5342,0.2611,0.0905
1790165024519,5343,0.1519,0.2974
1790165024569,5344,0.1619,0.0094
1790165024619,5345,0.3675,0.1479
1790165024669,5346,0.3235,0.2103
1790165024719,5347,0.1619,0.0089
1790165024768,5348,0.3264,0.1546
1790165024819,5349,0.1551,0.0088
1790165024869,5350,0.1724,0.1773
1790165024919,5351,0.2709,0.1231
1790165024969,5352,0.3412,0.3010
1790165025019,5353,0.1840,0.0145
1790165025069,5354,0.1699,0.0100
1790165025120,5355,0.1679,0.0096
1790165025169,5356,0.1704,0.0097
1790165025218,5357,0.1802,0.0132
1790165025270,5358,0.2213,0.0691
1790165025319,5359,0.1741,0.0108
1790165025368,5360,0.2347,0.0666
1790165025419,5361,0.2602,0.0100
1790165025469,5362,0.1688,0.0102
1790165025519,5363,0.1644,0.0132
1790165025568,5364,0.2464,0.0965
1790165025619,5365,0.1732,0.0112
1790165025669,5366,0.2602,0.0782
1790165025719,5367,0.2034,0.0089
1790165025769,5368,0.1706,0.0104
1790165025819,5369,0.2357,0.0716
1790165025869,5370,0.1880,0.2174
1790165025919,5371,0.1630,0.0099
1790165025969,5372,0.1676,0.0098
1790165026019,5373,0.1947,0.1995
1790165026069,5374,0.1715,0.0102
1790165026119,5375,0.1735,0.0104
1790165026168,5376,0.1718,0.0102
1790165026218,5377,0.1690,0.0101
1790165026269,5378,0.1602,0.0097
1790165026319,5379,0.1581,0.0110
1790165026369,5380,0.3448,0.1795
1790165026418,5381,0.2249,0.0835
1790165026469,5382,0.2271,0.0723
1790165026518,5383,0.1549,0.1973
1790165026569,5384,0.1535,0.0098
1790165026618,5385,0.1573,0.0104
1790165026668,5386,0.1650,0.1979
1790165026719,5387,0.1513,0.0099
1790165026769,5388,0.2117,0.0656
1790165026819,5389,0.1645,0.0100
1790165026869,5390,0.2068,0.0103
1790165026919,5391,0.1578,0.0116
1790165026968,5392,0.2252,0.0856
1790165027018,5393,0.1552,0.0103
1790165027069,5394,0.1762,0.0106
1790165027119,5395,0.1594,0.0099
1790165027168,5396,0.3276,0.1886
1790165027219,5397,0.2173,0.2425
1790165027268,5398,0.2238,0.1196
1790165027319,5399,0.1634,0.0095
1790165027369,5400,0.1793,0.0092
1790165027419,5401,0.1605,0.0096
1790165027469,5402,0.2472,0.0970
1790165027518,5403,0.1619,0.0089
1790165027569,5404,0.2421,0.0658
1790165027619,5405,0.1948,0.0103
1790165027668,5406,0.1728,0.1874
1790165027718,5407,0.1506,0.0090
1790165027769,5408,0.2465,0.0855
1790165027819,5409,0.1637,0.0111
1790165027868,5410,0.1729,0.0092
1790165027918,5411,0.1543,0.0093
1790165027969,5412,0.2242,0.0761
1790165028019,5413,0.1580,0.0108
1790165028068,5414,0.1718,0.0105
1790165028120,5415,0.1969,0.0127
1790165028169,5416,0.2082,0.0111
1790165028219,5417,0.2624,0.1120
1790165028269,5418,0.1671,0.0745
1790165028320,5419,0.1663,0.0117
1790165028369,5420,0.1662,0.0092
1790165028420,5421,0.1522,0.0110
1790165028469,5422,0.2481,0.0953
1790165028518,5423,0.1528,0.0098
1790165028569,5424,0.2206,0.0711
1790165028619,5425,0.1573,0.0091
1790165028669,5426,0.1761,0.1836
1790165028719,5427,0.1561,0.0098
1790165028769,5428,0.1704,0.0099
1790165028819,5429,0.2696,0.0084
1790165028868,5430,0.1667,0.0111
1790165028920,5431,0.1488,0.0094
1790165028969,5432,0.2347,0.0715
1790165029018,5433,0.1534,0.0093
1790165029069,5434,0.3491,0.0860
1790165029119,5435,0.1640,0.0111
1790165029170,5436,0.3395,0.1496
1790165029219,5437,0.1562,0.0116
1790165029268,5438,0.2148,0.0598
1790165029319,5439,0.1569,0.0091
1790165029369,5440,0.2080,0.1927
1790165029419,5441,0.2632,0.1253
1790165029469,5442,0.1604,0.4630
1790165029518,5443,0.1457,0.0094
1790165029569,5444,0.1573,0.0098
1790165029619,5445,0.1529,0.0099
1790165029668,5446,0.1799,0.0098
1790165029719,5447,0.1478,0.0097
1790165029768,5448,0.1721,0.0112
1790165029819,5449,0.2107,0.0749
1790165029869,5450,0.1340,0.0077
1790165029920,5451,0.1645,0.0087
1790165029968,5452,0.2117,0.0866
1790165030019,5453,0.1216,0.1674
1790165030070,5454,0.1113,0.0064
1790165030120,5455,0.1650,0.0103
1790165030169,5456,0.1408,0.0085
1790165030218,5457,0.2682,0.0757
1790165030268,5458,0.1898,0.0570
1790165030319,5459,0.1328,0.0080
1790165030369,5460,0.2751,0.1232
1790165030418,5461,0.1916,0.0639
1790165030468,5462,0.2082,0.0119
1790165030519,5463,0.1398,0.0089
1790165030569,5464,0.1946,0.0567
1790165030618,5465,0.1376,0.0080
1790165030669,5466,0.1590,0.0082
1790165030719,5467,0.1468,0.0085
1790165030769,5468,0.1433,0.0078
1790165030819,5469,0.3464,0.2134
1790165030869,5470,0.1541,0.0620
1790165030919,5471,0.1452,0.0089
1790165030969,5472,0.2093,0.0705
1790165031018,5473,0.1500,0.0089
1790165031069,5474,0.1509,0.0086
1790165031118,5475,0.1559,0.0097
1790165031169,5476,0.1553,0.0102
1790165031218,5477,0.1992,0.0102
1790165031268,5478,0.1439,0.0086
1790165031320,5479,0.1467,0.0085
1790165031368,5480,0.2168,0.0636
1790165031419,5481,0.6277,0.4821
1790165031469,5482,0.2125,0.1619
1790165031519,5483,0.1556,0.0087
1790165031569,5484,0.1848,0.1859
1790165031619,5485,0.2063,0.0635
1790165031669,5486,0.1539,0.0101
1790165031719,5487,0.1513,0.0084
1790165031769,5488,0.2014,0.0585
1790165031819,5489,0.1508,0.3005
1790165031869,5490,0.1656,0.0089
1790165031918,5491,0.1457,0.1789
1790165031969,5492,0.1388,0.0080
1790165032019,5493,0.1324,0.0077
1790165032068,5494,0.2068,0.0664
1790165032119,5495,0.1595,0.0100
1790165032169,5496,0.2052,0.0589
1790165032219,5497,0.1573,0.0112
1790165032269,5498,0.2016,0.2234
1790165032319,5499,0.1484,0.0088
1790165032370,5500,0.1729,0.0079
1790165032419,5501,0.1400,0.0085
1790165032469,5502,0.1987,0.0098
1790165032518,5503,0.1475,0.0094
1790165032569,5504,0.2329,0.0633
1790165032619,5505,0.2224,0.0633
1790165032669,5506,0.1625,0.1852
1790165032719,5507,0.1317,0.0068
1790165032768,5508,0.2023,0.0691
1790165032819,5509,0.1315,0.1746
1790165032869,5510,0.1508,0.0078
1790165032919,5511,0.1103,0.0065
1790165032969,5512,0.1410,0.0588
1790165033018,5513,0.0805,0.0049
1790165033069,5514,0.0902,0.0049
1790165033119,5515,0.1505,0.0088
1790165033169,5516,0.1296,0.0077
1790165033218,5517,0.1188,0.0072
1790165033269,5518,0.1530,0.0093
1790165033318,5519,0.1482,0.0090
1790165033369,5520,0.1776,0.0695
1790165033419,5521,0.1933,0.1053
1790165033469,5522,0.1300,0.1470
1790165033518,5523,0.1463,0.0088
1790165033569,5524,0.2168,0.0773
1790165033618,5525,0.1520,0.0112
1790165033668,5526,0.1693,0.0089
1790165033719,5527,0.1729,0.0087
1790165033768,5528,0.1659,0.0095
1790165033819,5529,0.2688,0.0087
1790165033869,5530,0.1618,0.0094
1790165033919,5531,0.1579,0.0119
1790165033969,5532,0.2072,0.0664
1790165034018,5533,0.1549,0.0085
1790165034069,5534,0.2219,0.0686
1790165034118,5535,0.1727,0.0113
1790165034168,5536,0.1511,0.0092
1790165034219,5537,0.1399,0.0086
1790165034270,5538,0.1581,0.0623
1790165034318,5539,0.1043,0.0061
1790165034369,5540,0.1108,0.0061
1790165034419,5541,0.1404,0.0624
1790165034469,5542,0.0775,0.0514
1790165034519,5543,0.0953,0.0050
1790165034569,5544,0.0880,0.0045
1790165034619,5545,0.1417,0.0590
1790165034668,5546,0.0799,0.2179
1790165034719,5547,0.0918,0.0050
1790165034769,5548,0.0770,0.0040
1790165034819,5549,0.0861,0.0039
1790165034868,5550,0.2077,0.0677
1790165034918,5551,0.1240,0.0068
1790165034969,5552,0.2896,0.1351
1790165035019,5553,0.1380,0.0088
1790165035069,5554,0.1507,0.1856
1790165035119,5555,0.1539,0.0086
1790165035169,5556,0.1384,0.1760
1790165035218,5557,0.1484,0.0096
1790165035268,5558,0.2014,0.0642
1790165035318,5559,0.1113,0.0071
1790165035369,5560,0.1237,0.0061
1790165035419,5561,0.1897,0.1060
1790165035469,5562,0.1178,0.1529
1790165035519,5563,0.1387,0.0081
1790165035569,5564,0.3288,0.2125
1790165035619,5565,0.1459,0.0082
1790165035668,5566,0.1449,0.0083
1790165035719,5567,0.1802,0.0085
1790165035770,5568,0.1596,0.1795
1790165035819,5569,0.1078,0.0056
1790165035868,5570,0.1255,0.0068
1790165035918,5571,0.1001,0.0063
1790165035969,5572,0.1244,0.0068
1790165036018,5573,0.0826,0.0052
1790165036069,5574,0.0803,0.0058
1790165036118,5575,0.1435,0.0085
1790165036169,5576,0.1443,0.0085
1790165036219,5577,0.1536,0.0096
1790165036268,5578,0.1469,0.0087
1790165036319,5579,0.1457,0.0083
1790165036369,5580,0.1833,0.0691
1790165036420,5581,0.1171,0.0096
1790165036469,5582,0.1635,0.0102
1790165036519,5583,0.2112,0.0687
1790165036568,5584,0.1428,0.0083
1790165036619,5585,0.1512,0.1732
1790165036668,5586,0.1003,0.0053
1790165036719,5587,0.1043,0.0061
1790165036769,5588,0.2401,0.1133
1790165036818,5589,0.1358,0.0079
1790165036869,5590,0.1529,0.0097
1790165036918,5591,0.1934,0.0093
1790165036969,5592,0.1900,0.2375
1790165037018,5593,0.0899,0.0055
1790165037069,5594,0.1186,0.0073
1790165037119,5595,0.1566,0.0098
1790165037169,5596,0.2045,0.0665
1790165037219,5597,0.1409,0.0089
1790165037269,5598,0.1742,0.0578
1790165037318,5599,0.0955,0.0060
1790165037369,5600,0.1176,0.0060
1790165037419,5601,0.1882,0.0939
1790165037469,5602,0.2271,0.1322
1790165037519,5603,0.0842,0.0041
1790165037568,5604,0.1748,0.0604
1790165037619,5605,0.1634,0.0690
1790165037668,5606,0.1132,0.0192
1790165037719,5607,0.1302,0.0073
1790165037769,5608,0.2501,0.1256
1790165037819,5609,0.1419,0.0085
1790165037868,5610,0.1566,0.0087
1790165037918,5611,0.3360,0.0094
1790165037969,5612,0.1907,0.2264
1790165038019,5613,0.1372,0.0082
1790165038068,5614,0.1382,0.0080
1790165038119,5615,0.1540,0.0111
1790165038169,5616,0.1462,0.0093
1790165038219,5617,0.1400,0.0084
1790165038269,5618,0.1514,0.0088
1790165038319,5619,0.1401,0.0088
1790165038369,5620,0.2096,0.0632
1790165038419,5621,0.1423,0.0086
1790165038469,5622,0.2077,0.0662
1790165038518,5623,0.1506,0.0111
1790165038569,5624,0.1473,0.0096
1790165038619,5625,0.1514,0.0084
1790165038669,5626,0.1578,0.1797
1790165038718,5627,0.1442,0.0079
1790165038769,5628,0.1406,0.0103
1790165038819,5629,0.2544,0.0075
1790165038869,5630,0.1491,0.0091
1790165038919,5631,0.1443,0.0085
1790165038968,5632,0.2128,0.0564
1790165039019,5633,0.1679,0.0094
1790165039068,5634,0.2126,0.0551
1790165039119,5635,0.1548,0.0087
1790165039169,5636,0.2173,0.0693
1790165039219,5637,0.1444,0.0090
1790165039269,5638,0.1985,0.0565
1790165039319,5639,0.1391,0.0082
1790165039368,5640,0.1321,0.1959
1790165039418,5641,0.1998,0.0916
1790165039468,5642,0.0958,0.1371
1790165039519,5643,0.1084,0.0055
1790165039568,5644,0.0987,0.0050
1790165039618,5645,0.0939,0.0066
1790165039670,5646,0.1210,0.0066
1790165039719,5647,0.1636,0.0644
1790165039770,5648,0.1441,0.0091
1790165039818,5649,0.1380,0.0085
1790165039869,5650,0.1271,0.0072
1790165039919,5651,0.1484,0.0092
1790165039969,5652,0.2241,0.0803
1790165040019,5653,0.1471,0.0084
1790165040069,5654,0.1521,0.0083
1790165040118,5655,0.2114,0.0658
1790165040169,5656,0.1492,0.0084
1790165040219,5657,0.1455,0.0088
1790165040269,5658,0.3255,0.0772
1790165040319,5659,0.1446,0.1790
1790165040369,5660,0.1615,0.0079
1790165040419,5661,0.1423,0.0080
1790165040469,5662,0.1418,0.0100
1790165040519,5663,0.1477,0.0080
1790165040569,5664,0.1347,0.0077
1790165040619,5665,0.1286,0.0076
1790165040668,5666,0.1333,0.0078
1790165040719,5667,0.1330,0.0077
1790165040769,5668,0.1339,0.0078
1790165040819,5669,0.1783,0.0625
1790165040868,5670,0.1141,0.0567
1790165040919,5671,0.1160,0.0061
1790165040969,5672,0.1364,0.0077
1790165041020,5673,0.1495,0.0098
1790165041070,5674,0.1629,0.0080
1790165041118,5675,0.1527,0.0086
1790165041169,5676,0.1460,0.0091
1790165041219,5677,0.1534,0.0095
1790165041269,5678,0.2070,0.0683
1790165041319,5679,0.1529,0.0088
1790165041369,5680,0.2378,0.0712
1790165041420,5681,0.4017,0.5252
1790165041469,5682,0.1387,0.2890
1790165041519,5683,0.1257,0.0051
1790165041568,5684,0.2044,0.0699
1790165041618,5685,0.1441,0.0072
1790165041669,5686,0.1570,0.1720
1790165041718,5687,0.1133,0.0076
1790165041768,5688,0.1433,0.0559
1790165041819,5689,0.0862,0.0048
1790165041869,5690,0.1053,0.0055
1790165041920,5691,0.1406,0.0604
1790165041969,5692,0.2263,0.1203
1790165042019,5693,0.1438,0.0087
1790165042069,5694,0.1507,0.0087
1790165042119,5695,0.1657,0.1844
1790165042168,5696,0.1822,0.2259
1790165042219,5697,0.1392,0.0062
1790165042269,5698,0.1724,0.0531
1790165042319,5699,0.0989,0.0052
1790165042369,5700,0.1121,0.0051
1790165042419,5701,0.0863,0.0048
1790165042469,5702,0.0944,0.0049
1790165042519,5703,0.0847,0.0048
1790165042569,5704,0.1378,0.0576
1790165042618,5705,0.0868,0.0042
1790165042669,5706,0.0845,0.0041
1790165042719,5707,0.0759,0.0038
1790165042769,5708,0.1343,0.0644
1790165042819,5709,0.1429,0.0106
1790165042869,5710,0.1211,0.0068
1790165042919,5711,0.1633,0.0683
1790165042969,5712,0.1528,0.0551
1790165043019,5713,0.1165,0.0067
1790165043069,5714,0.1509,0.0089
1790165043119,5715,0.1534,0.1839
1790165043169,5716,0.1295,0.0078
1790165043219,5717,0.1291,0.0074
1790165043269,5718,0.0968,0.0078
1790165043319,5719,0.0926,0.0060
1790165043369,5720,0.2242,0.0736
1790165043419,5721,0.2532,0.1137
1790165043469,5722,0.1398,0.1187
1790165043518,5723,0.1268,0.0055
1790165043569,5724,0.1656,0.0671
1790165043619,5725,0.1013,0.0053
1790165043669,5726,0.0958,0.0045
1790165043719,5727,0.0914,0.0049
1790165043769,5728,0.0948,0.0048
1790165043819,5729,0.0850,0.0047
1790165043868,5730,0.2005,0.0041
1790165043919,5731,0.0811,0.0061
1790165043968,5732,0.1216,0.0556
1790165044019,5733,0.1684,0.0675
1790165044069,5734,0.1847,0.1137
1790165044118,5735,0.1389,0.0072
1790165044169,5736,0.2072,0.0704
1790165044219,5737,0.1147,0.0068
1790165044269,5738,0.1818,0.0634
1790165044319,5739,0.2038,0.0708
1790165044369,5740,0.1682,0.0083
1790165044419,5741,0.1327,0.0081
1790165044469,5742,0.1370,0.0090
1790165044519,5743,0.1901,0.0131
1790165044569,5744,0.1487,0.0088
1790165044620,5745,0.1222,0.1919
1790165044669,5746,0.0945,0.0048
1790165044719,5747,0.0944,0.0051
1790165044769,5748,0.0892,0.0047
1790165044819,5749,0.0965,0.0044
1790165044868,5750,0.1478,0.0664
1790165044919,5751,0.1120,0.0083
1790165044969,5752,0.1793,0.0803
1790165045019,5753,0.1233,0.0067
1790165045069,5754,0.1086,0.1634
1790165045119,5755,0.1654,0.0102
1790165045168,5756,0.1461,0.0089
1790165045218,5757,0.1034,0.0065
1790165045268,5758,0.2129,0.1171
1790165045320,5759,0.1426,0.0079
1790165045369,5760,0.1315,0.0063
1790165045419,5761,0.1896,0.1006
1790165045468,5762,0.1032,0.4185
1790165045519,5763,0.1026,0.0047
1790165045570,5764,0.1469,0.0653
1790165045618,5765,0.0889,0.0044
1790165045669,5766,0.0881,0.0042
1790165045718,5767,0.0762,0.0041
1790165045769,5768,0.0780,0.0042
1790165045819,5769,0.0723,0.0035
1790165045869,5770,0.1471,0.0083
1790165045918,5771,0.1237,0.0077
1790165045969,5772,0.0884,0.0050
1790165046019,5773,0.0947,0.0075
1790165046069,5774,0.0943,0.0062
1790165046119,5775,0.1562,0.0101
1790165046169,5776,0.1386,0.0090
1790165046218,5777,0.1070,0.0070
1790165046269,5778,0.1359,0.0090
1790165046318,5779,0.1505,0.0114
1790165046369,5780,0.2111,0.0712
1790165046419,5781,0.1132,0.0068
1790165046469,5782,0.1120,0.0069
1790165046519,5783,0.1389,0.0087
1790165046568,5784,0.0977,0.0058
1790165046620,5785,0.1517,0.0684
1790165046669,5786,0.1445,0.0101
1790165046719,5787,0.1155,0.1744
1790165046769,5788,0.1983,0.1173
1790165046819,5789,0.1013,0.0052
1790165046869,5790,0.0910,0.0070
1790165046919,5791,0.0738,0.0043
1790165046969,5792,0.1356,0.0617
1790165047018,5793,0.1380,0.0088
1790165047068,5794,0.2089,0.0706
1790165047118,5795,0.1534,0.0086
1790165047169,5796,0.1936,0.0573
1790165047219,5797,0.1918,0.0634
1790165047268,5798,0.1808,0.2762
1790165047319,5799,0.1453,0.0086
1790165047369,5800,0.1635,0.0082
1790165047419,5801,0.2357,0.1112
1790165047470,5802,0.1288,0.1420
1790165047519,5803,0.1316,0.0066
1790165047569,5804,0.1660,0.0569
1790165047620,5805,0.1368,0.0077
1790165047669,5806,0.1868,0.0693
1790165047719,5807,0.1417,0.0088
1790165047769,5808,0.1716,0.0642
1790165047819,5809,0.1038,0.0070
1790165047869,5810,0.1343,0.1658
1790165047919,5811,0.0935,0.0053
1790165047969,5812,0.1383,0.0515
1790165048020,5813,0.1115,0.0060
1790165048069,5814,0.2135,0.0724
1790165048119,5815,0.2542,0.0103
1790165048169,5816,0.1484,0.0091
1790165048219,5817,0.1468,0.0089
1790165048268,5818,0.1429,0.1799
1790165048319,5819,0.1062,0.0060
1790165048369,5820,0.1667,0.0636
1790165048419,5821,0.1160,0.0071
1790165048470,5822,0.1337,0.0074
1790165048519,5823,0.1553,0.0094
1790165048569,5824,0.2334,0.2357
1790165048619,5825,0.1062,0.0068
1790165048669,5826,0.0873,0.0045
1790165048719,5827,0.0910,0.0060
1790165048769,5828,0.0819,0.0046
1790165048819,5829,0.0806,0.0041
1790165048869,5830,0.2493,0.0048
1790165048919,5831,0.1275,0.0069
1790165048968,5832,0.1689,0.0617
1790165049019,5833,0.1225,0.0064
1790165049069,5834,0.1592,0.0601
1790165049119,5835,0.1561,0.0098
1790165049168,5836,0.2111,0.0691
1790165049219,5837,0.1205,0.0098
1790165049269,5838,0.1648,0.0591
1790165049318,5839,0.1161,0.0066
1790165049369,5840,0.1576,0.0081
1790165049419,5841,0.1962,0.1004
1790165049469,5842,0.1091,0.1147
1790165049519,5843,0.1174,0.0050
1790165049568,5844,0.1579,0.0632
1790165049619,5845,0.1138,0.0059
1790165049669,5846,0.1126,0.0076
1790165049719,5847,0.1172,0.0068
1790165049769,5848,0.1181,0.0068
1790165049818,5849,0.1159,0.0067
1790165049869,5850,0.1204,0.0069
1790165049918,5851,0.1103,0.0063
1790165049969,5852,0.1925,0.0808
1790165050018,5853,0.1282,0.0072
1790165050069,5854,0.1502,0.0096
1790165050119,5855,0.1522,0.0095
1790165050169,5856,0.1519,0.0087
1790165050219,5857,0.1598,0.0081
1790165050269,5858,0.1947,0.0547
1790165050318,5859,0.1457,0.0079
1790165050369,5860,0.1705,0.0097
1790165050419,5861,0.1850,0.0762
1790165050469,5862,0.1212,0.0249
1790165050519,5863,0.1317,0.2403
1790165050569,5864,0.1397,0.0080
1790165050618,5865,0.1743,0.2364
1790165050668,5866,0.1322,0.0076
1790165050719,5867,0.1128,0.0069
1790165050769,5868,0.1141,0.0071
1790165050818,5869,0.1277,0.0067
1790165050869,5870,0.0927,0.0058
1790165050919,5871,0.0777,0.0045
1790165050969,5872,0.0757,0.0040
1790165051019,5873,0.0959,0.0046
1790165051069,5874,0.0965,0.0050
1790165051119,5875,0.1600,0.0095
1790165051169,5876,0.1465,0.0086
1790165051218,5877,0.2428,0.1206
1790165051269,5878,0.2723,0.1606
1790165051319,5879,0.2268,0.0088
1790165051369,5880,0.2226,0.0698
1790165051419,5881,0.2013,0.0126
1790165051469,5882,0.1621,0.2034
1790165051519,5883,0.1388,0.0079
1790165051569,5884,0.1469,0.0102
1790165051619,5885,0.1448,0.0087
1790165051668,5886,0.1931,0.0660
1790165051719,5887,0.1478,0.0093
1790165051768,5888,0.1466,0.1801
1790165051819,5889,0.1345,0.0070
1790165051868,5890,0.1404,0.0077
1790165051919,5891,0.1417,0.0086
1790165051970,5892,0.2009,0.0660
1790165052018,5893,0.1420,0.0080
1790165052068,5894,0.1752,0.0080
1790165052119,5895,0.1489,0.0088
1790165052169,5896,0.2002,0.0583
1790165052218,5897,0.2098,0.0706
1790165052269,5898,0.2059,0.0550
1790165052319,5899,0.1464,0.0084
1790165052368,5900,0.1684,0.0083
1790165052419,5901,0.1427,0.1802
1790165052468,5902,0.1415,0.0073
1790165052519,5903,0.1955,0.0090
1790165052568,5904,0.2030,0.0562
1790165052619,5905,0.1433,0.0080
1790165052669,5906,0.1391,0.0078
1790165052720,5907,0.9966,0.0089
1790165052769,5908,0.2054,0.0686
1790165052818,5909,0.1368,0.0079
1790165052868,5910,0.1480,0.0082
1790165052919,5911,0.1246,0.2307
1790165052969,5912,0.1312,0.0486
1790165053019,5913,0.1732,0.1016
1790165053069,5914,0.1055,0.1392
1790165053119,5915,0.1513,0.0087
1790165053169,5916,0.1325,0.0075
1790165053219,5917,0.2058,0.0703
1790165053269,5918,0.1501,0.0147
1790165053318,5919,0.1402,0.0084
1790165053369,5920,0.2284,0.0709
1790165053419,5921,0.1437,0.1800
1790165053469,5922,0.1606,0.0093
1790165053519,5923,0.1449,0.0084
1790165053569,5924,0.2244,0.0733
1790165053618,5925,0.1792,0.0656
1790165053669,5926,0.1454,0.0585
1790165053719,5927,0.0940,0.0052
1790165053769,5928,0.1037,0.0064
1790165053819,5929,0.1024,0.0055
1790165053869,5930,0.1024,0.0054
1790165053918,5931,0.2849,0.0081
1790165053968,5932,0.2010,0.0633
1790165054019,5933,0.1112,0.0075
1790165054069,5934,0.2156,0.1067
1790165054119,5935,0.1568,0.0095
1790165054168,5936,0.1560,0.0093
1790165054218,5937,0.1507,0.0108
1790165054268,5938,0.1747,0.2233
1790165054319,5939,0.1035,0.0053
1790165054369,5940,0.1498,0.0073
1790165054418,5941,0.1169,0.0068
1790165054469,5942,0.1045,0.0057
1790165054519,5943,0.0920,0.0054
1790165054569,5944,0.1096,0.0058
1790165054619,5945,0.1069,0.0058
1790165054669,5946,0.0945,0.0056
1790165054719,5947,0.0803,0.0052
1790165054768,5948,0.1417,0.0652
1790165054819,5949,0.1768,0.0874
1790165054869,5950,0.1355,0.1209
1790165054919,5951,0.1500,0.0084
1790165054969,5952,0.2291,0.2652
1790165055019,5953,0.1143,0.0087
1790165055069,5954,0.1182,0.0057
1790165055119,5955,0.1479,0.0085
1790165055170,5956,0.1583,0.0095
1790165055219,5957,0.1181,0.0092
1790165055269,5958,0.1865,0.0665
1790165055319,5959,0.1067,0.0060
1790165055369,5960,0.1272,0.0057
1790165055419,5961,0.1806,0.0845
1790165055468,5962,0.1499,0.0607
1790165055519,5963,0.1488,0.0084
1790165055569,5964,0.3768,0.2470
1790165055618,5965,0.1536,0.0109
1790165055669,5966,0.1491,0.0081
1790165055719,5967,0.1344,0.0081
1790165055768,5968,0.1281,0.1772
1790165055819,5969,0.1170,0.0061
1790165055869,5970,0.1106,0.0056
1790165055918,5971,0.0970,0.0058
1790165055969,5972,0.1002,0.0062
1790165056018,5973,0.1049,0.0063
1790165056069,5974,0.1483,0.0099
1790165056118,5975,0.1407,0.0088
1790165056169,5976,0.1457,0.0082
1790165056218,5977,0.1424,0.0079
1790165056269,5978,0.1479,0.0086
1790165056319,5979,0.1554,0.0077
1790165056368,5980,0.2363,0.0723
1790165056419,5981,0.1500,0.0093
1790165056469,5982,0.1608,0.0089
1790165056518,5983,0.1454,0.0085
1790165056569,5984,0.1524,0.0085
1790165056619,5985,0.5835,0.4448
1790165056670,5986,0.1760,0.1549
1790165056719,5987,0.1840,0.0635
1790165056769,5988,0.1773,0.0122
1790165056819,5989,0.1964,0.2346
1790165056869,5990,0.1471,0.0734
1790165056919,5991,0.1226,0.0068
1790165056969,5992,0.1280,0.0076
1790165057019,5993,0.1545,0.0079
1790165057069,5994,0.1042,0.0064
1790165057118,5995,0.1535,0.0090
1790165057169,5996,0.1803,0.2225
1790165057219,5997,0.1347,0.0076
1790165057269,5998,0.2035,0.0584
1790165057319,5999,0.1117,0.0067
1790165057453,6000,84.7979,0.0727
1790165057453,6001,0.1437,0.0055
1790165057468,6002,0.1523,0.0111
1790165057519,6003,0.1454,0.0081
1790165057568,6004,0.2096,0.0621
1790165057619,6005,0.1430,0.0077
1790165057668,6006,0.1732,0.2402
1790165057719,6007,0.0987,0.0052
1790165057769,6008,0.1602,0.0672
1790165057818,6009,0.0921,0.0049
1790165057868,6010,0.1251,0.1636
1790165057919,6011,0.1253,0.0078
1790165057969,6012,0.1371,0.0574
1790165058018,6013,0.1479,0.0090
1790165058069,6014,0.1532,0.0094
1790165058119,6015,0.2081,0.0107
1790165058169,6016,0.1370,0.0092
1790165058219,6017,0.1424,0.0085
1790165058268,6018,0.1415,0.0085
1790165058319,6019,0.1661,0.0104
1790165058369,6020,0.4304,0.1734
1790165058418,6021,0.2423,0.0996
1790165058469,6022,0.1502,0.1222
1790165058519,6023,0.1617,0.0083
1790165058568,6024,0.2009,0.3043
1790165058619,6025,0.1341,0.0099
1790165058668,6026,0.1291,0.0071
1790165058719,6027,0.1165,0.0092
1790165058768,6028,0.0957,0.0058
1790165058820,6029,0.1342,0.0095
1790165058869,6030,0.1251,0.0128
1790165058919,6031,0.2219,0.0050
1790165058968,6032,0.1212,0.0531
1790165059019,6033,0.0665,0.0039
1790165059069,6034,0.1131,0.0430
1790165059119,6035,0.1484,0.0101
1790165059169,6036,0.2086,0.0690
1790165059219,6037,0.1278,0.0082
1790165059269,6038,0.1941,0.0590
1790165059319,6039,0.0925,0.0059
1790165059369,6040,0.1005,0.0074
1790165059418,6041,0.1359,0.0086
1790165059469,6042,0.1425,0.0099
1790165059519,6043,0.1394,0.0089
1790165059569,6044,0.1443,0.0089
1790165059619,6045,0.1040,0.0067
1790165059669,6046,0.1126,0.0085
1790165059719,6047,0.0813,0.0056
1790165059769,6048,0.0768,0.0057
1790165059818,6049,0.0774,0.0054
1790165059869,6050,0.0917,0.0053
1790165059919,6051,0.0857,0.0048
1790165059968,6052,0.1493,0.0807
1790165060019,6053,0.1196,0.0577
1790165060069,6054,0.0743,0.0507
1790165060118,6055,0.1262,0.0068
1790165060169,6056,0.1499,0.0089
1790165060219,6057,0.1943,0.1063
1790165060269,6058,0.1699,0.1470
1790165060318,6059,0.1302,0.0074
1790165060369,6060,0.1403,0.0088
1790165060419,6061,0.1371,0.0096
1790165060469,6062,0.1781,0.0710
1790165060519,6063,0.1210,0.0075
1790165060568,6064,0.1263,0.0084
1790165060619,6065,0.1326,0.0077
1790165060669,6066,0.1249,0.1860
1790165060719,6067,0.1900,0.0620
1790165060768,6068,0.0958,0.0054
1790165060819,6069,0.0890,0.0050
1790165060869,6070,0.1301,0.0078
1790165060919,6071,0.1016,0.1685
1790165060969,6072,0.0760,0.0043
1790165061019,6073,0.0823,0.0047
1790165061069,6074,0.1433,0.0092
1790165061119,6075,0.1480,0.0093
1790165061168,6076,0.2015,0.0705
1790165061219,6077,0.1453,0.0074
1790165061269,6078,0.1210,0.0073
1790165061318,6079,0.1427,0.0086
1790165061369,6080,0.1973,0.2350
1790165061419,6081,0.1043,0.0062
1790165061469,6082,0.0943,0.0058
1790165061518,6083,0.0848,0.0053
1790165061569,6084,0.1083,0.0063
1790165061619,6085,0.0932,0.0059
1790165061669,6086,0.0830,0.0048
1790165061719,6087,0.0896,0.0050
1790165061769,6088,0.1514,0.0668
1790165061819,6089,0.0878,0.0053
1790165061868,6090,0.0841,0.1605
1790165061919,6091,0.0780,0.0041
1790165061968,6092,0.1255,0.0615
1790165062019,6093,0.1387,0.0800
1790165062069,6094,0.0962,0.1284
1790165062120,6095,0.2007,0.0700
1790165062170,6096,0.1855,0.0540
1790165062218,6097,0.1130,0.0088
1790165062269,6098,0.2030,0.0568
1790165062319,6099,0.1482,0.0094
1790165062369,6100,0.1525,0.1796
1790165062418,6101,0.1357,0.0081
1790165062470,6102,0.1321,0.0097
1790165062518,6103,0.1011,0.0065
1790165062569,6104,0.1676,0.0599
1790165062618,6105,0.1463,0.0600
1790165062669,6106,0.1054,0.0053
1790165062719,6107,0.1889,0.0642
1790165062769,6108,0.1864,0.0652
1790165062819,6109,0.1336,0.1806
1790165062869,6110,0.1246,0.0068
1790165062919,6111,0.1107,0.0065
1790165062969,6112,0.1491,0.0493
1790165063018,6113,0.1241,0.0069
1790165063069,6114,0.1217,0.0067
1790165063119,6115,0.1492,0.0089
1790165063169,6116,0.1524,0.0107
1790165063218,6117,0.1864,0.0624
1790165063268,6118,0.1345,0.0574
1790165063318,6119,0.1423,0.0086
1790165063369,6120,0.2127,0.0632
1790165063419,6121,0.1336,0.0077
1790165063469,6122,0.1394,0.0078
1790165063519,6123,0.2653,0.0737
1790165063568,6124,0.1487,0.0089
1790165063619,6125,0.1464,0.0091
1790165063669,6126,0.1438,0.0090
1790165063719,6127,0.1429,0.1779
1790165063769,6128,0.1407,0.0101
1790165063818,6129,0.2475,0.1155
1790165063868,6130,0.1426,0.5264
1790165063918,6131,0.1467,0.0088
1790165063969,6132,0.2992,0.0527
1790165064349,6133,2.3612,0.0598
1790165064354,6134,4.5334,3.4277
1790165064355,6135,1.5969,0.0471
1790165064360,6136,3.4727,2.5889
1790165064361,6137,1.0238,0.0341
1790165064363,6138,1.6648,1.0079
1790165064364,6139,1.2372,0.0191
1790165064370,6140,1.1711,0.0334
1790165064420,6141,1.3644,0.0758
1790165064470,6142,1.3185,0.1620
1790165064520,6143,1.3217,0.0476
1790165064569,6144,1.0096,0.0564
1790165064619,6145,1.4382,0.0926
1790165064670,6146,0.8948,0.0421
1790165064721,6147,2.3519,1.2458
1790165064769,6148,0.7406,0.0440
1790165064819,6149,0.6686,0.0437
1790165064868,6150,0.8296,0.0368
1790165064918,6151,0.8066,1.0440
1790165064970,6152,1.9354,1.2931
1790165065018,6153,0.7455,0.0298
1790165065070,6154,1.3416,0.0266
1790165065119,6155,0.8661,0.0282
1790165065169,6156,0.4997,0.0270
1790165065220,6157,0.6218,0.1127
1790165065270,6158,1.7545,1.2348
1790165065318,6159,0.4893,0.0256
1790165065369,6160,0.5513,0.0310
1790165065419,6161,0.5253,0.0267
1790165065469,6162,0.4986,0.0262
1790165065518,6163,0.4793,0.0341
1790165065569,6164,1.4194,0.7476
1790165065620,6165,1.4501,0.8916
1790165065669,6166,0.4766,1.9947
1790165065720,6167,0.6205,0.0539
1790165065771,6168,2.2363,0.0299
1790165065818,6169,0.4790,0.0312
1790165065869,6170,0.7883,0.3106
1790165065919,6171,0.4882,0.0295
1790165065968,6172,0.4493,0.0267
1790165066019,6173,0.4805,0.0279
1790165066069,6174,0.6453,0.8405
1790165066120,6175,1.3040,0.0506
1790165066169,6176,0.6695,0.0660
1790165066219,6177,0.2917,0.0248
1790165066268,6178,0.2201,0.0266
1790165066319,6179,0.2187,0.0261
1790165066370,6180,0.6479,0.4206
1790165066418,6181,0.4286,0.2323
1790165066469,6182,0.3221,0.4864
1790165066519,6183,0.3187,0.0304
1790165066568,6184,0.3137,0.0387
1790165066619,6185,0.2397,0.0320
1790165066669,6186,0.2105,0.0232
1790165066719,6187,0.2125,0.0241
1790165066769,6188,0.2315,0.0246
1790165066818,6189,0.5745,0.3922
1790165066869,6190,0.4758,0.2643
1790165066919,6191,0.4759,1.0221
1790165066969,6192,0.8347,0.5499
1790165067019,6193,0.5493,0.0512
1790165067069,6194,0.2623,0.0196
1790165067119,6195,0.2587,1.0393
1790165067169,6196,0.7668,0.4627
1790165067219,6197,0.2907,0.0224
1790165067269,6198,0.6244,0.3401
1790165067318,6199,0.5404,0.3090
1790165067369,6200,0.2969,0.0210
1790165067418,6201,0.8572,0.6614
1790165067469,6202,0.2498,0.7848
1790165067519,6203,0.2491,0.0196
1790165067569,6204,0.9122,0.7205
1790165067619,6205,0.2938,0.0495
1790165067668,6206,0.3520,0.0249
1790165067719,6207,0.2129,0.0201
1790165067768,6208,0.6689,1.2693
1790165067819,6209,0.2088,0.0206
1790165067869,6210,0.3291,0.0285
1790165067919,6211,0.3412,0.0229
1790165067969,6212,0.2963,0.7871
1790165068019,6213,0.3203,0.0242
1790165068069,6214,0.3204,0.0205
1790165068118,6215,0.3144,0.0251
1790165068169,6216,0.3047,0.0212
1790165068219,6217,0.3202,0.0748
1790165068269,6218,0.2087,0.0322
1790165068319,6219,0.2801,0.0366
1790165068369,6220,0.4758,0.2346
1790165068419,6221,0.2118,0.0209
1790165068469,6222,0.2668,0.0334
1790165068520,6223,0.2522,0.0136
1790165068568,6224,0.3604,0.1722
1790165068619,6225,0.2580,0.0465
1790165068668,6226,0.3745,0.1727
1790165068719,6227,0.2059,0.0120
1790165068769,6228,0.2089,0.0111
1790165068818,6229,0.2242,0.0306
1790165068869,6230,0.2309,0.6797
1790165068919,6231,0.2085,0.0132
1790165068968,6232,0.3379,0.1478
1790165069019,6233,0.8604,0.9962
1790165069069,6234,0.2495,0.4307
1790165069119,6235,0.2124,0.0092
1790165069169,6236,0.3703,0.1712
1790165069219,6237,0.3059,0.1586
1790165069268,6238,0.4065,0.6944
1790165069319,6239,0.1369,0.1140
1790165069368,6240,0.1668,0.0037
1790165069419,6241,0.1829,0.0117
1790165069469,6242,0.2242,0.0102
1790165069519,6243,0.1409,0.0048
1790165069569,6244,0.2183,0.0108
1790165069619,6245,0.1688,0.0052
1790165069669,6246,0.1269,0.0051
1790165069718,6247,0.1058,0.0043
1790165069769,6248,0.2080,0.0132
1790165069818,6249,0.1906,0.0072
1790165069869,6250,0.1699,0.0060
1790165069919,6251,0.1261,0.0047
1790165069969,6252,0.3073,0.2007
1790165070020,6253,0.1387,0.0050
1790165070069,6254,0.1371,0.0042
1790165070119,6255,0.2077,0.0077
1790165070170,6256,0.2076,0.0072
1790165070219,6257,0.1605,0.0061
1790165070268,6258,0.3005,0.1413
1790165070319,6259,0.1594,0.0052
1790165070369,6260,0.1869,0.0048
1790165070419,6261,0.2506,0.0076
1790165070469,6262,0.2427,0.0068
1790165070519,6263,0.1639,0.0069
1790165070569,6264,0.1609,0.0069
1790165070619,6265,0.5775,0.4512
1790165070669,6266,0.1513,0.3565
1790165070719,6267,0.1473,0.0040
1790165070769,6268,0.1892,0.0067
1790165070819,6269,0.1987,0.0071
1790165070869,6270,0.1979,0.0062
1790165070918,6271,0.1034,0.0052
1790165070969,6272,0.1016,0.0051
1790165071020,6273,0.4497,0.3548
1790165071069,6274,0.1636,0.0392
1790165071119,6275,0.5153,0.2866
1790165071169,6276,0.1691,0.0078
1790165071220,6277,0.1708,0.7050
1790165071269,6278,0.1782,0.0155
1790165071319,6279,0.2160,0.4674
1790165071369,6280,0.3678,0.1632
1790165071418,6281,0.1788,0.0061
1790165071469,6282,0.1673,0.0057
1790165071519,6283,0.1662,0.0080
1790165071569,6284,0.1790,0.0076
1790165071619,6285,0.1258,0.0054
1790165071669,6286,0.1007,0.0069
1790165071719,6287,0.0890,0.0049
1790165071768,6288,0.1682,0.0083
1790165071819,6289,0.1622,0.0074
1790165071869,6290,0.3457,0.1715
1790165071919,6291,0.1646,0.0066
1790165071968,6292,0.3287,0.6055
1790165072019,6293,0.1713,0.0076
1790165072069,6294,0.1639,0.0063
1790165072118,6295,0.4366,0.2603
1790165072169,6296,0.2519,0.3319
1790165072219,6297,0.4647,0.3258
1790165072269,6298,0.3106,0.4830
1790165072319,6299,0.1672,0.0077
1790165072369,6300,0.2154,0.0070
1790165072419,6301,0.1664,0.0074
1790165072469,6302,0.1319,0.0062
1790165072520,6303,0.1613,0.0075
1790165072568,6304,0.2975,0.1446
1790165072619,6305,0.1250,0.0089
1790165072669,6306,0.1110,0.0043
1790165072719,6307,0.0903,0.0039
1790165072769,6308,0.2246,0.1342
1790165072819,6309,0.2876,0.1709
1790165072869,6310,0.2150,0.1704
1790165072919,6311,0.3289,0.1723
1790165072969,6312,0.2823,0.1200
1790165073019,6313,0.1738,0.0132
1790165073069,6314,0.1848,0.0076
1790165073119,6315,0.1885,0.5514
1790165073169,6316,0.1630,0.0079
1790165073219,6317,0.1612,0.0079
1790165073269,6318,0.1370,0.0069
1790165073318,6319,0.3016,0.1941
1790165073369,6320,0.2087,0.0080
1790165073419,6321,0.1706,0.0078
1790165073469,6322,0.1631,0.0070
1790165073520,6323,0.1508,0.6390
1790165073569,6324,0.3098,0.1572
1790165073619,6325,0.1822,0.0070
1790165073669,6326,0.1964,0.0078
1790165073718,6327,0.1644,0.0073
1790165073769,6328,0.1355,0.0134
1790165073819,6329,0.7328,0.5969
1790165073869,6330,0.2509,0.0778
1790165073919,6331,0.1976,0.0090
1790165073969,6332,0.4877,0.3246
1790165074019,6333,0.4539,0.9834
1790165074069,6334,0.1842,0.0079
1790165074119,6335,0.2590,0.0147
1790165074169,6336,0.3005,0.1920
1790165074219,6337,0.1738,0.0114
1790165074270,6338,0.2780,0.1019
1790165074319,6339,0.1472,0.0067
1790165074369,6340,0.2203,0.0066
1790165074419,6341,0.1533,0.0063
1790165074469,6342,0.1709,0.0079
1790165074519,6343,0.3554,0.1894
1790165074569,6344,0.1951,0.0092
1790165074619,6345,0.3526,0.1622
1790165074669,6346,0.1603,0.1705
1790165074719,6347,0.1614,0.0075
1790165074770,6348,0.1665,0.0075
1790165074818,6349,0.1725,0.0141
1790165074869,6350,0.1797,0.0077
1790165074919,6351,0.1702,0.0128
1790165074969,6352,0.6027,0.4158
1790165075018,6353,0.1684,0.2417
1790165075069,6354,0.2663,0.0092
1790165075119,6355,0.2745,0.0082
1790165075169,6356,0.1748,0.0084
1790165075220,6357,0.2061,0.0081
1790165075269,6358,0.3347,0.1477
1790165075319,6359,0.1792,0.0151
1790165075369,6360,0.2496,0.0077
1790165075419,6361,0.7226,0.5653
1790165075468,6362,0.1677,0.3424
1790165075519,6363,0.1963,0.0085
1790165075569,6364,0.1737,0.0076
1790165075619,6365,0.1783,0.0072
1790165075669,6366,0.1633,0.6203
1790165075719,6367,0.1975,0.0074
1790165075769,6368,0.1624,0.0072
1790165075819,6369,0.2050,0.0128
1790165075869,6370,0.1739,0.0070
1790165075919,6371,0.1613,0.0073
1790165075969,6372,0.1551,0.0128
1790165076019,6373,0.1742,0.0080
1790165076069,6374,0.1970,0.0076
1790165076118,6375,0.2036,0.0088
1790165076168,6376,0.4290,0.2537
1790165076219,6377,0.1637,0.5843
1790165076269,6378,0.1559,0.0068
1790165076319,6379,0.2123,0.0075
1790165076369,6380,0.3719,0.5552
1790165076419,6381,0.2374,0.1215
1790165076470,6382,0.3181,0.1270
1790165076520,6383,0.1570,0.0120
1790165076569,6384,0.1633,0.0067
1790165076619,6385,0.1950,0.0126
1790165076668,6386,0.1842,0.0080
1790165076719,6387,0.1622,0.0067
1790165076770,6388,0.1664,0.0061
1790165076819,6389,0.1462,0.0054
1790165076869,6390,0.1772,0.0059
1790165076919,6391,0.3407,0.2395
1790165076968,6392,0.3898,0.2351
1790165077018,6393,0.3145,0.5404
1790165077069,6394,0.2040,1.0812
1790165077119,6395,0.2454,0.0091
1790165077169,6396,0.3672,0.1629
1790165077218,6397,0.1841,0.0068
1790165077269,6398,0.3491,0.1877
1790165077319,6399,0.1200,0.0056
1790165077368,6400,0.2093,0.0046
1790165077418,6401,0.1529,0.0102
1790165077468,6402,0.1767,0.0186
1790165077519,6403,0.3016,0.1210
1790165077569,6404,0.4971,0.3354
1790165077619,6405,0.2439,0.0083
1790165077669,6406,0.2560,0.0084
1790165077719,6407,0.1724,0.3825
1790165077768,6408,0.3036,0.1866
1790165077819,6409,0.2992,0.1428
1790165077870,6410,0.1640,0.1490
1790165077919,6411,0.1110,0.0044
1790165077969,6412,0.3110,0.1756
1790165078019,6413,0.1474,0.0095
1790165078069,6414,0.3174,0.1285
1790165078119,6415,0.1956,0.0082
1790165078169,6416,0.1979,0.0163
1790165078219,6417,0.2878,0.1220
1790165078270,6418,0.1588,0.5478
1790165078318,6419,0.1324,0.0042
1790165078369,6420,0.3001,0.1578
1790165078418,6421,0.1378,0.0110
1790165078469,6422,0.2035,0.0071
1790165078519,6423,0.1454,0.0049
1790165078569,6424,0.3890,0.1978
1790165078619,6425,0.3857,0.1560
1790165078668,6426,0.1744,0.3370
1790165078718,6427,0.1192,0.0037
1790165078769,6428,0.1183,0.0044
1790165078819,6429,0.0945,0.0038
1790165078868,6430,0.1195,0.0039
1790165078919,6431,0.1633,0.0089
1790165078969,6432,0.3260,0.2065
1790165079018,6433,0.1527,0.0132
1790165079069,6434,0.4419,0.0085
1790165079118,6435,0.1818,0.0080
1790165079169,6436,0.1593,0.3140
1790165079219,6437,0.1598,0.0056
1790165079269,6438,0.3384,0.1813
1790165079319,6439,0.1404,0.0065
1790165079369,6440,0.1481,0.0057
1790165079419,6441,0.0911,0.0047
1790165079469,6442,0.1178,0.0051
1790165079519,6443,0.1553,0.0134
1790165079569,6444,0.1633,0.0070
1790165079619,6445,0.1833,0.0074
1790165079669,6446,0.1793,0.0069
1790165079719,6447,0.2102,0.1151
1790165079769,6448,0.1695,0.0080
1790165079819,6449,0.1458,0.0173
1790165079869,6450,0.1651,0.0065
1790165079919,6451,0.1237,0.3555
1790165079968,6452,0.2801,0.1641
1790165080019,6453,0.2090,0.1069
1790165080069,6454,0.1654,0.1393
1790165080118,6455,0.1618,0.0071
1790165080168,6456,0.2019,0.0081
1790165080218,6457,0.3177,0.1623
1790165080269,6458,0.3182,0.4533
1790165080319,6459,0.1548,0.0068
1790165080369,6460,0.1673,0.0048
1790165080419,6461,0.0967,0.0048
1790165080469,6462,0.1878,0.0090
1790165080519,6463,0.1743,0.0079
1790165080569,6464,0.3574,0.1939
1790165080619,6465,0.2754,0.0987
1790165080669,6466,0.3098,0.1018
1790165080719,6467,0.1967,0.1496
1790165080769,6468,0.1507,0.0064
1790165080818,6469,0.1601,0.0070
1790165080868,6470,0.1645,0.3920
1790165080919,6471,0.1129,0.0046
1790165080968,6472,0.1151,0.0071
1790165081019,6473,0.1198,0.0047
1790165081068,6474,0.1203,0.0048
1790165081119,6475,0.1794,0.0083
1790165081169,6476,0.1447,0.0067
1790165081218,6477,0.1687,0.0074
1790165081269,6478,0.1430,0.0062
1790165081319,6479,0.1881,0.0878
1790165081369,6480,0.3105,0.1269
1790165081419,6481,0.1620,0.0077
1790165081469,6482,0.2043,0.0079
1790165081519,6483,0.1557,0.3515
1790165081569,6484,0.1714,0.0080
1790165081619,6485,0.2549,0.0904
1790165081668,6486,0.1904,0.1299
1790165081718,6487,0.1586,0.0078
1790165081768,6488,0.1138,0.0051
1790165081819,6489,0.2329,0.1304
1790165081868,6490,0.2377,0.3314
1790165081920,6491,0.2017,0.0067
1790165081969,6492,0.3486,0.2035
1790165082019,6493,0.1725,0.0093
1790165082069,6494,0.1695,0.5052
1790165082119,6495,0.1797,0.0065
1790165082169,6496,0.2763,0.1016
1790165082219,6497,0.1940,0.0091
1790165082268,6498,0.3512,0.1547
1790165082318,6499,0.1653,0.0074
1790165082369,6500,0.1648,0.0057
1790165082418,6501,0.1111,0.0049
1790165082469,6502,0.1119,0.0048
1790165082519,6503,0.1432,0.0062
1790165082568,6504,0.1340,0.0067
1790165082619,6505,0.1347,0.0082
1790165082669,6506,0.1544,0.0084
1790165082718,6507,0.0998,0.0048
1790165082769,6508,0.2401,0.1407
1790165082819,6509,0.0851,0.0041
1790165082869,6510,0.1351,0.0051
1790165082918,6511,0.0913,0.0042
1790165082969,6512,0.2077,0.1040
1790165083019,6513,0.1004,0.0043
1790165083068,6514,0.1091,0.0040
1790165083119,6515,0.1440,0.0067
1790165083169,6516,0.1492,0.0065
1790165083219,6517,0.2763,0.1580
1790165083269,6518,0.1817,0.0139
1790165083318,6519,0.1519,0.0096
1790165083368,6520,0.3042,0.1357
1790165083419,6521,0.2575,0.5378
1790165083469,6522,0.1388,0.1777
1790165083519,6523,0.2385,0.1060
1790165083569,6524,0.1481,0.0953
1790165083619,6525,0.1705,0.0092
1790165083668,6526,0.1714,0.0078
1790165083719,6527,0.1752,0.0083
1790165083769,6528,0.1698,0.0078
1790165083819,6529,0.1725,0.0300
1790165083869,6530,0.1416,0.0079
1790165083918,6531,0.2452,0.0907
1790165083969,6532,0.2701,0.1136
1790165084019,6533,0.1677,0.0075
1790165084068,6534,0.2345,0.0073
1790165084118,6535,0.5292,0.3698
1790165084169,6536,0.2838,0.1423
1790165084219,6537,0.1611,0.0072
1790165084270,6538,0.3564,0.1090
1790165084319,6539,0.1670,0.2923
1790165084369,6540,0.1634,0.0069
1790165084418,6541,0.1445,0.0079
1790165084468,6542,0.1794,0.0079
1790165084519,6543,0.1830,0.0078
1790165084569,6544,0.1747,0.0081
1790165084862,6545,0.7840,0.0330
1790165084862,6546,0.0710,0.0108
1790165084862,6547,0.0166,0.0009
1790165084862,6548,0.0119,0.0003
1790165084863,6549,0.4541,0.3453
1790165084869,6550,0.2065,0.3514
1790165084918,6551,0.1596,0.0086
1790165084968,6552,0.3943,0.2466
1790165085019,6553,0.1743,0.0088
1790165085069,6554,0.1967,0.0075
1790165085119,6555,0.1807,0.0077
1790165085169,6556,0.1652,0.0088
1790165085219,6557,0.1538,0.0100
1790165085269,6558,0.2838,0.1553
1790165085318,6559,0.1473,0.0074
1790165085369,6560,0.1955,0.0069
1790165085419,6561,0.2436,0.0884
1790165085469,6562,0.1257,0.0061
1790165085518,6563,0.1240,0.0077
1790165085570,6564,0.1534,0.0078
1790165085619,6565,0.1725,0.0087
1790165085670,6566,0.1768,0.0078
1790165085719,6567,0.1525,0.0078
1790165085769,6568,0.1608,0.0079
1790165085854,6569,0.5337,0.2375
1790165085869,6570,0.1429,0.0070
1790165085918,6571,0.1608,0.0120
