epoch_ms,online_tick,tick_ms,engine_ms
1790171798254,1,34.7128,1.1511
1790171798298,2,0.7928,0.0681
1790171798354,3,38.8482,0.0611
1790171798370,4,5.3561,0.0723
1790171798423,5,9.0827,0.0604
1790171798471,6,5.8986,0.0598
1790171798521,7,5.9668,0.0546
1790171798570,8,5.4405,0.0594
1790171798614,9,0.6908,0.0477
1790171798795,10,61.3249,0.0621
1790171798801,11,2.3846,0.0594
1790171798802,12,1.5693,0.0462
1790171798855,13,1.8825,0.0712
1790171798906,14,1.4695,0.0519
1790171798917,15,1.4497,0.0606
1790171798968,16,2.2925,0.0686
1790171799020,17,1.7524,0.0584
1790171799071,18,1.4617,0.0592
1790171799116,19,1.8341,0.0541
1790171799167,20,3.3680,0.0476
1790171799222,21,5.9246,0.0505
1790171799273,22,8.0645,0.1448
1790171799318,23,3.7970,0.0632
1790171799373,24,8.4145,0.0820
1790171799421,25,7.2455,0.0536
1790171799470,26,6.0937,0.0665
1790171799521,27,6.0638,0.0701
1790171799571,28,7.2563,0.0820
1790171799626,29,10.6486,0.0809
1790171799668,30,3.7459,0.0692
1790171799719,31,4.8028,0.0660
1790171799770,32,4.9051,0.0643
1790171799818,33,4.3362,0.0617
1790171799870,34,4.7708,0.0611
1790171799919,35,4.1135,0.0462
1790171799968,36,3.7044,0.1418
1790171800017,37,3.1648,0.0621
1790171800069,38,3.4599,0.0485
1790171800117,39,3.4030,0.0510
1790171800170,40,6.1012,0.0528
1790171800217,41,3.2857,0.0590
1790171800267,42,2.9569,0.0583
1790171800332,43,18.3829,0.2048
1790171800368,44,3.2076,0.0763
1790171800418,45,3.3175,0.0557
1790171800469,46,3.1647,0.0568
1790171800516,47,1.9424,0.0547
1790171800566,48,1.4425,0.0842
1790171800617,49,1.9221,0.0568
1790171800666,50,1.6532,0.0677
1790171800716,51,1.5230,0.0562
1790171800766,52,1.6149,0.0548
1790171800816,53,1.2835,0.0717
1790171800866,54,1.2280,0.0523
1790171800916,55,1.1733,0.0632
1790171800967,56,1.3714,0.0679
1790171801016,57,1.1164,0.0504
1790171801065,58,1.0143,0.0500
1790171801116,59,1.1165,0.0523
1790171801166,60,0.9865,0.0582
1790171801216,61,0.9624,0.0512
1790171801267,62,1.1174,0.0660
1790171801316,63,1.1172,0.0640
1790171801365,64,1.1024,0.0649
1790171801416,65,1.0374,0.0583
1790171801466,66,1.1864,0.0546
1790171801515,67,1.1466,0.0604
1790171801566,68,1.0908,0.0618
1790171801617,69,1.2612,0.0535
1790171801667,70,1.1506,0.0535
1790171801717,71,1.0566,0.0516
1790171801766,72,1.2248,0.0548
1790171801816,73,1.5581,0.0602
1790171801865,74,1.1334,0.0528
1790171801917,75,1.0019,0.0542
1790171801966,76,0.9634,0.0500
1790171802017,77,1.0061,0.0489
1790171802066,78,1.2649,0.0597
1790171802116,79,1.0693,0.0621
1790171802166,80,1.0781,0.0533
1790171802215,81,0.9640,0.0501
1790171802266,82,0.9407,0.0583
1790171802314,83,1.1564,0.0563
1790171802367,84,1.3007,0.0567
1790171802417,85,1.1324,0.0872
1790171802466,86,1.3942,0.1769
1790171802516,87,1.4834,0.1168
1790171802567,88,1.0171,0.0628
1790171802617,89,1.1392,0.0501
1790171802666,90,1.0055,0.0476
1790171802716,91,0.9131,0.0458
1790171802767,92,1.0554,0.1039
1790171802816,93,0.9685,0.0523
1790171802864,94,1.1666,0.0507
1790171802916,95,0.8856,0.0448
1790171802965,96,0.9482,0.0454
1790171803016,97,0.9213,0.0477
1790171803065,98,0.8979,0.0457
1790171803115,99,0.8696,0.0466
1790171803167,100,1.0246,0.0473
1790171803215,101,0.9313,0.0457
1790171803266,102,0.9951,0.0466
1790171803316,103,1.0113,0.0473
1790171803367,104,1.0230,0.0476
1790171803416,105,0.9428,0.0474
1790171803465,106,0.8990,0.0436
1790171803515,107,0.8341,0.0431
1790171803566,108,0.8984,0.0464
1790171803614,109,1.0355,0.0469
1790171803664,110,1.0383,0.0485
1790171803715,111,0.9686,0.0460
1790171803766,112,1.1137,0.0523
1790171803814,113,0.9413,0.0487
1790171803866,114,0.9862,0.0493
1790171803914,115,0.8886,0.0464
1790171803966,116,0.8718,0.0438
1790171804017,117,0.9953,0.0460
1790171804066,118,0.9239,0.0468
1790171804114,119,0.9082,0.0478
1790171804166,120,0.9455,0.0477
1790171804216,121,0.9485,0.0546
1790171804265,122,0.8288,0.0459
1790171804314,123,0.8639,0.0465
1790171804366,124,0.8512,0.0537
1790171804417,125,1.0146,0.0734
1790171804467,126,1.0534,0.0513
1790171804515,127,0.8847,0.0549
1790171804567,128,1.8250,0.0749
1790171804617,129,1.5012,0.1039
1790171804667,130,1.0231,0.0745
1790171804715,131,0.9097,0.0394
1790171804766,132,0.8105,0.0386
1790171804817,133,1.1496,0.0480
1790171804866,134,0.9294,0.0416
1790171804916,135,1.1472,0.0729
1790171804966,136,0.8733,0.0374
1790171805017,137,0.9981,0.0411
1790171805065,138,0.9403,0.0376
1790171805114,139,0.9152,0.0400
1790171805167,140,1.0325,0.0405
1790171805215,141,0.8797,0.0379
1790171805264,142,0.9890,0.0395
1790171805316,143,0.7118,0.0333
1790171805366,144,1.0981,0.0392
1790171805416,145,1.0567,0.0373
1790171805464,146,1.1264,0.0561
1790171805517,147,1.0924,0.0429
1790171805567,148,1.1614,0.0322
1790171805617,149,1.2933,0.0380
1790171805665,150,1.3036,0.0369
1790171805715,151,0.9704,0.0366
1790171805765,152,0.8420,0.0275
1790171805815,153,0.8759,0.0298
1790171805867,154,1.0579,0.0380
1790171805917,155,1.3342,0.0404
1790171805965,156,1.0583,0.0503
1790171806016,157,0.9758,0.0363
1790171806066,158,1.0212,0.0353
1790171806114,159,1.2015,0.0382
1790171806166,160,1.3526,0.0384
1790171806216,161,1.1352,0.0377
1790171806266,162,1.1381,0.0375
1790171806317,163,1.0564,0.0390
1790171806366,164,1.0920,0.0388
1790171806417,165,1.0400,0.0437
1790171806465,166,0.8429,0.0427
1790171806515,167,0.8641,0.0416
1790171806565,168,0.9060,0.0414
1790171806615,169,0.8991,0.0388
1790171806666,170,0.8551,0.0405
1790171806715,171,0.7528,0.0359
1790171806766,172,0.6900,0.0349
1790171806815,173,0.7316,0.0357
1790171806866,174,0.6420,0.0314
1790171806915,175,0.8435,0.0389
1790171806965,176,0.6880,0.0344
1790171807016,177,0.7703,0.0378
1790171807065,178,0.8038,0.0367
1790171807114,179,0.8059,0.0349
1790171807166,180,0.6715,0.0330
1790171807215,181,0.6057,0.0297
1790171807265,182,0.6673,0.0308
1790171807315,183,0.6033,0.0304
1790171807365,184,0.6181,0.0295
1790171807414,185,0.7761,0.0345
1790171807465,186,0.7158,0.0347
1790171807515,187,0.7066,0.0336
1790171807565,188,0.6739,0.0349
1790171807616,189,0.6490,0.0277
1790171807665,190,0.9497,0.0431
1790171807716,191,0.9257,0.0519
1790171807766,192,1.0194,0.0419
1790171807816,193,0.8748,0.0442
1790171807865,194,0.7775,0.0403
1790171807917,195,0.9505,0.0756
1790171807965,196,0.7453,0.0381
1790171808015,197,0.8176,0.0508
1790171808066,198,0.7962,0.0420
1790171808115,199,0.7709,0.0383
1790171808165,200,0.8429,0.0459
1790171808215,201,0.7367,0.0371
1790171808265,202,0.8030,0.0385
1790171808315,203,0.8474,0.0367
1790171808365,204,0.8799,0.0364
1790171808414,205,1.2533,0.0355
1790171808465,206,0.8755,0.0405
1790171808516,207,0.9868,0.0417
1790171808566,208,0.9781,0.0405
1790171808615,209,0.7733,0.0372
1790171808666,210,0.8867,0.0473
1790171808716,211,0.8945,0.0424
1790171808765,212,0.8318,0.0373
1790171808815,213,0.8358,0.0444
1790171808865,214,0.7858,0.0385
1790171808916,215,0.9965,0.0396
1790171808965,216,0.7850,0.0377
1790171809015,217,0.7872,0.0419
1790171809065,218,0.7867,0.0392
1790171809115,219,0.8077,0.0396
1790171809165,220,0.8328,0.0389
1790171809215,221,1.1868,0.0390
1790171809264,222,0.8260,0.0426
1790171809315,223,0.8817,0.0392
1790171809366,224,0.8470,0.0384
1790171809415,225,0.8009,0.0401
1790171809465,226,0.8391,0.0400
1790171809514,227,0.7389,0.0432
1790171809565,228,0.7054,0.0374
1790171809615,229,0.7605,0.0372
1790171809666,230,0.8464,0.0403
1790171809715,231,0.8290,0.0424
1790171809764,232,0.7910,0.0423
1790171809815,233,0.8132,0.0397
1790171809866,234,0.7823,0.0402
1790171809915,235,0.6363,0.0348
1790171809966,236,0.7549,0.0395
1790171810014,237,0.7518,0.0398
1790171810064,238,1.0927,0.1168
1790171810115,239,0.7532,0.0395
1790171810165,240,0.7475,0.0380
1790171810216,241,0.6874,0.0370
1790171810265,242,0.7034,0.0371
1790171810314,243,0.8540,0.0399
1790171810365,244,0.8055,0.0381
1790171810415,245,0.8234,0.0392
1790171810465,246,0.7578,0.0395
1790171810515,247,0.7345,0.0392
1790171810565,248,0.8077,0.0356
1790171810615,249,0.8435,0.0388
1790171810665,250,0.9550,0.0393
1790171810714,251,0.9296,0.0423
1790171810765,252,0.7877,0.0397
1790171810815,253,0.7470,0.0402
1790171810864,254,0.7521,0.0508
1790171810915,255,0.7104,0.0530
1790171810965,256,0.8638,0.0443
1790171811015,257,0.8532,0.0393
1790171811066,258,1.0259,0.0501
1790171811116,259,0.8534,0.0394
1790171811164,260,0.7512,0.0452
1790171811215,261,0.7650,0.0406
1790171811265,262,0.7301,0.0364
1790171811315,263,0.6533,0.0365
1790171811365,264,0.7399,0.0378
1790171811415,265,0.8824,0.0387
1790171811465,266,0.8930,0.0384
1790171811515,267,0.8164,0.0404
1790171811566,268,0.9717,0.0543
1790171811615,269,0.8254,0.0415
1790171811665,270,0.7529,0.0408
1790171811714,271,0.8265,0.0419
1790171811766,272,0.7930,0.0429
1790171811815,273,0.7336,0.0399
1790171811864,274,0.6870,0.0383
1790171811915,275,0.6900,0.0376
1790171811964,276,0.7690,0.0406
1790171812015,277,0.8038,0.0409
1790171812065,278,0.9384,0.0431
1790171812115,279,0.7323,0.0391
1790171812165,280,0.6925,0.0363
1790171812215,281,0.7044,0.0410
1790171812265,282,0.7545,0.0369
1790171812315,283,0.6556,0.0385
1790171812364,284,0.7406,0.0408
1790171812416,285,1.1408,0.0409
1790171812465,286,0.8078,0.0431
1790171812515,287,0.7570,0.0422
1790171812565,288,0.6853,0.0400
1790171812614,289,1.0463,0.0529
1790171812665,290,0.6660,0.0381
1790171812715,291,0.7485,0.0443
1790171812765,292,0.7501,0.0444
1790171812815,293,0.7365,0.0447
1790171812865,294,0.7514,0.0407
1790171812915,295,0.6766,0.0393
1790171812965,296,0.7025,0.0399
1790171813015,297,0.7091,0.0411
1790171813066,298,0.7159,0.0402
1790171813115,299,0.7434,0.0402
1790171813166,300,0.6629,0.0337
1790171813215,301,0.7062,0.0397
1790171813265,302,0.8863,0.0380
1790171813315,303,0.5612,0.0323
1790171813365,304,0.5273,0.0298
1790171813415,305,0.6520,0.0361
1790171813465,306,0.6617,0.0362
1790171813515,307,0.6457,0.0356
1790171813565,308,0.6067,0.0331
1790171813615,309,0.6696,0.0329
1790171813665,310,0.6548,0.0327
1790171813716,311,0.7218,0.0379
1790171813765,312,0.8388,0.0383
1790171813815,313,0.6832,0.0365
1790171813865,314,1.3817,0.0990
1790171813915,315,0.8282,0.0435
1790171813964,316,0.7595,0.0428
1790171814016,317,1.4191,0.0838
1790171814065,318,0.7645,0.0414
1790171814115,319,0.7530,0.0380
1790171814165,320,0.7170,0.0371
1790171816169,321,12.1085,1.0182
1790171816171,322,1.5084,0.5201
1790171816172,323,0.9863,0.3973
1790171816173,324,1.1802,0.7361
1790171816174,325,1.0677,0.4020
1790171816175,326,0.7573,0.3676
1790171816175,327,0.6328,0.3638
1790171816176,328,0.6340,0.3930
1790171816177,329,0.8123,0.3626
1790171816178,330,0.6454,0.3341
1790171816178,331,0.5753,0.3069
1790171816179,332,0.4889,0.2849
1790171816179,333,0.3712,0.1973
1790171816180,334,0.3669,0.1882
1790171816180,335,0.4127,0.1694
1790171816180,336,0.3819,0.1582
1790171816180,337,0.3285,0.1488
1790171816182,338,0.3463,0.1598
1790171816182,339,0.3205,0.1549
1790171816182,340,0.4060,0.1628
1790171816183,341,0.4164,0.1878
1790171816183,342,0.3623,0.1552
1790171816184,343,0.3962,0.1753
1790171816184,344,0.4197,0.1717
1790171816184,345,0.4424,0.1944
1790171816185,346,0.4814,0.1881
1790171816185,347,0.4501,0.2033
1790171816185,348,0.4055,0.1861
1790171816186,349,0.4029,0.1498
1790171816187,350,0.4758,0.2553
1790171816187,351,0.5072,0.1783
1790171816188,352,0.4921,0.2120
1790171816188,353,0.2932,0.0925
1790171816188,354,0.2552,0.1064
1790171816189,355,0.2571,0.1389
1790171816189,356,0.2694,0.1094
1790171816189,357,0.3084,0.1143
1790171816190,358,0.2043,0.0894
1790171816190,359,0.2141,0.0893
1790171816196,360,6.3121,0.2260
1790171816222,361,7.5315,0.3549
1790171816275,362,8.4722,0.2930
1790171816316,363,2.0236,0.3079
1790171816366,364,1.4719,0.3290
1790171816415,365,0.9391,0.2286
1790171816465,366,1.0769,0.2223
1790171816515,367,0.9121,0.2032
1790171816565,368,0.9199,0.1991
1790171816615,369,0.9588,0.1975
1790171816665,370,0.8764,0.1834
1790171816715,371,0.9929,0.2050
1790171816765,372,0.9375,0.1928
1790171816815,373,0.8804,0.2049
1790171816865,374,0.9148,0.1861
1790171816915,375,0.8077,0.2151
1790171816965,376,0.9419,0.2404
1790171817015,377,0.8955,0.2032
1790171817066,378,1.0158,0.2024
1790171817114,379,0.8639,0.1839
1790171817165,380,0.8725,0.1735
1790171817215,381,0.7668,0.1714
1790171817265,382,0.8857,0.1693
1790171817316,383,0.9761,0.1867
1790171817365,384,0.9408,0.2055
1790171817415,385,0.9508,0.2406
1790171817465,386,0.8578,0.1611
1790171817515,387,0.7909,0.1691
1790171817565,388,0.7020,0.1582
1790171817615,389,0.8346,0.1630
1790171817665,390,0.8981,0.1804
1790171817714,391,0.8150,0.1760
1790171817765,392,0.8260,0.1724
1790171817815,393,0.8826,0.1773
1790171817865,394,1.1035,0.2469
1790171817915,395,0.7366,0.1498
1790171817965,396,0.9071,0.2057
1790171818015,397,0.7723,0.1772
1790171818064,398,0.8018,0.1736
1790171818115,399,0.8349,0.1786
1790171818164,400,0.8643,0.1684
1790171818215,401,0.7745,0.1753
1790171818265,402,0.7493,0.1635
1790171818315,403,0.7163,0.1701
1790171818365,404,0.7529,0.1619
1790171818415,405,0.7083,0.1624
1790171818465,406,0.8097,0.1735
1790171818515,407,0.7775,0.1805
1790171818565,408,0.8274,0.1777
1790171818615,409,0.8954,0.1761
1790171818665,410,0.8047,0.1712
1790171818715,411,0.8012,0.1753
1790171818764,412,0.8661,0.1772
1790171818815,413,1.0784,0.1725
1790171818865,414,0.8280,0.1704
1790171818915,415,0.7225,0.1589
1790171818965,416,0.6995,0.1601
1790171819015,417,0.8123,0.1774
1790171819064,418,0.8168,0.1714
1790171819115,419,0.7987,0.1780
1790171819173,420,9.3277,8.6832
1790171819223,421,1.7969,0.4324
1790171819270,422,5.3934,0.5392
1790171819328,423,10.8498,0.9395
1790171819377,424,6.2478,1.0376
1790171819438,425,10.8404,0.3581
1790171819489,426,1.5892,0.4861
1790171819515,427,1.5007,0.3507
1790171819588,428,2.2132,1.2089
1790171819618,429,1.6297,0.3439
1790171819684,430,4.0397,0.9031
1790171819754,431,30.2954,0.7774
1790171819809,432,25.8756,0.3405
1790171819822,433,2.1890,0.7145
1790171819887,434,21.8732,10.7217
1790171819920,435,6.0149,5.0085
1790171819975,436,11.3126,10.1969
1790171820055,437,4.3265,0.3185
1790171820104,438,6.9777,0.3090
1790171820121,439,5.3650,0.4179
1790171820168,440,1.5165,0.3373
1790171820240,441,19.7477,0.3639
1790171820296,442,22.7470,0.3312
1790171820322,443,7.4643,0.2891
1790171820378,444,3.3128,0.4543
1790171820426,445,3.6292,0.2989
1790171820469,446,1.8237,0.3391
1790171820547,447,1.2634,0.2891
1790171820594,448,1.3336,0.3012
1790171820617,449,1.5212,0.2954
1790171820666,450,1.3236,0.3032
1790171820724,451,1.3640,0.3228
1790171820767,452,1.5781,0.3304
1790171820819,453,1.3414,0.3047
1790171820879,454,6.5185,4.8642
1790171820934,455,7.7397,0.2848
1790171820965,456,1.3964,0.3268
1790171821016,457,1.3373,0.3248
1790171821079,458,6.9735,5.8196
1790171821115,459,1.3597,0.2946
1790171821177,460,5.6915,4.2106
1790171821218,461,1.5435,3.3166
1790171821271,462,7.3486,0.3716
1790171821317,463,3.2901,0.3634
1790171821388,464,17.0460,0.6905
1790171821462,465,10.3796,5.8259
1790171821480,466,3.6558,2.5931
1790171821518,467,1.3606,0.3421
1790171821574,468,1.4650,0.3762
1790171821622,469,1.5037,0.3415
1790171821668,470,1.5056,0.3259
1790171821727,471,2.1834,0.3202
1790171821788,472,1.4847,0.3893
1790171821826,473,1.6315,0.4358
1790171821868,474,1.4636,0.3410
1790171821935,475,5.9486,0.3399
1790171821967,476,1.4091,0.3669
1790171822019,477,1.6787,0.3890
1790171822070,478,1.4338,0.3899
1790171822116,479,1.4168,0.3988
1790171822169,480,1.4795,0.3829
1790171822239,481,1.3738,0.3781
1790171822277,482,1.3585,0.3548
1790171822342,483,1.3931,0.3399
1790171822378,484,1.3828,0.3488
1790171822416,485,1.5600,0.3594
1790171822488,486,1.4115,0.3556
1790171822526,487,1.4335,0.3807
1790171822590,488,1.8112,0.3420
1790171822615,489,1.5813,0.3747
1790171822677,490,1.4225,0.3547
1790171822747,491,1.3794,0.3434
1790171822789,492,1.2600,0.3207
1790171822841,493,1.3470,0.3247
1790171822875,494,1.3311,0.3754
1790171822930,495,1.3281,0.3485
1790171822966,496,1.4465,0.3596
1790171823015,497,1.4434,0.3785
1790171823079,498,1.3231,0.3402
1790171823118,499,1.4197,0.3711
1790171823197,500,17.7182,16.6275
1790171823231,501,1.6097,0.4998
1790171823268,502,1.7372,0.4671
1790171823347,503,5.9209,0.3628
1790171823368,504,1.3514,0.3256
1790171823429,505,1.4834,0.3391
1790171823480,506,1.6062,0.3501
1790171823525,507,1.3674,0.3443
1790171823570,508,1.4020,0.3519
1790171823619,509,1.6143,0.3430
1790171823673,510,1.3804,0.4154
1790171823719,511,2.2097,0.3655
1790171823767,512,2.7345,0.3761
1790171823844,513,1.7968,0.3884
1790171823876,514,1.4940,0.4306
1790171823921,515,1.3604,0.3098
1790171823978,516,1.4333,0.3371
1790171824023,517,1.3476,0.3079
1790171824076,518,2.0935,0.3282
1790171824129,519,1.3247,0.2928
1790171824165,520,1.3717,0.3153
1790171824233,521,1.3480,0.3361
1790171824282,522,13.4423,0.3692
1790171824329,523,8.7972,0.3186
1790171824371,524,1.2165,0.3014
1790171824415,525,1.3736,0.3120
1790171824468,526,2.3890,0.7638
1790171824518,527,1.4788,0.4400
1790171824585,528,4.6487,0.3264
1790171824620,529,2.8503,1.5445
1790171824674,530,1.5148,0.3622
1790171824741,531,1.6149,0.3965
1790171824775,532,1.3668,0.3486
1790171824833,533,1.3426,0.3228
1790171824867,534,1.5745,0.3488
1790171824919,535,1.5035,0.3139
1790171824970,536,1.3292,0.3363
1790171825017,537,1.4019,0.3217
1790171825068,538,1.5164,0.3308
1790171825137,539,1.3227,0.3267
1790171825167,540,1.4623,0.3159
1790171825218,541,1.7108,2.8507
1790171825267,542,1.4884,0.4644
1790171825315,543,1.4388,0.3469
1790171825367,544,1.4997,0.3298
1790171825415,545,1.3981,0.3325
1790171825465,546,1.3977,0.3074
1790171825515,547,1.2805,0.3319
1790171825565,548,1.3318,0.3348
1790171825615,549,1.4874,0.3131
1790171825666,550,1.3679,0.3109
1790171825715,551,1.3339,0.3414
1790171825768,552,1.5827,0.3293
1790171825816,553,1.3221,0.3581
1790171825868,554,1.2724,0.3121
1790171825921,555,1.3381,0.3224
1790171825966,556,1.3012,0.3276
1790171826017,557,1.2557,0.3190
1790171826065,558,1.5390,0.3366
1790171826115,559,1.4454,0.3077
1790171826167,560,1.5555,0.3653
1790171826220,561,5.2066,0.3195
1790171826271,562,5.7475,0.2670
1790171826315,563,1.2580,0.3229
1790171826366,564,1.3234,0.3308
1790171826415,565,1.2212,0.2452
1790171826465,566,1.2999,0.3186
1790171826515,567,1.2857,0.3114
1790171826566,568,1.3194,0.3164
1790171826616,569,1.3885,0.3153
1790171826666,570,1.3749,0.3540
1790171826716,571,1.3116,0.3086
1790171826765,572,1.3148,0.3325
1790171826816,573,1.0120,0.2195
1790171826865,574,1.0356,0.2371
1790171826915,575,1.3781,0.3535
1790171826966,576,1.2609,0.2334
1790171827015,577,1.2529,0.3138
1790171827066,578,1.2453,0.3018
1790171827115,579,1.0896,0.2927
1790171827167,580,1.5079,0.4008
1790171827215,581,1.5156,1.6012
1790171827266,582,1.7784,0.5227
1790171827317,583,1.4122,0.3108
1790171827366,584,1.2731,0.3184
1790171827416,585,1.4781,0.3332
1790171827466,586,1.3274,0.3296
1790171827515,587,1.3447,0.2950
1790171827565,588,1.3196,0.3076
1790171827615,589,1.3306,0.2224
1790171827666,590,1.2768,0.2921
1790171827716,591,1.2640,0.3006
1790171827766,592,1.4947,0.4844
1790171827816,593,1.2754,0.2899
1790171827865,594,1.2705,0.2920
1790171827915,595,1.1897,0.2137
1790171827965,596,1.4187,0.2805
1790171828016,597,1.4540,0.2874
1790171828065,598,1.3539,0.3462
1790171828115,599,1.1639,0.2124
1790171828166,600,1.3582,0.3099
1790171828216,601,1.3821,0.3048
1790171828265,602,1.2734,0.2789
1790171828316,603,1.2141,0.2767
1790171828366,604,1.2634,0.2994
1790171828415,605,1.2411,0.2854
1790171828466,606,1.2476,0.2711
1790171828515,607,1.2560,0.2808
1790171828566,608,1.2616,0.3023
1790171828615,609,1.4100,0.3318
1790171828666,610,1.3351,0.3102
1790171828716,611,1.2768,0.2947
1790171828766,612,1.5534,0.2673
1790171828817,613,1.3432,0.2751
1790171828866,614,1.4793,0.2777
1790171828915,615,2.0334,0.2633
1790171828966,616,1.2675,0.2883
1790171829015,617,1.2809,0.2617
1790171829066,618,1.2456,0.2895
1790171829115,619,1.3101,0.3131
1790171829165,620,1.3181,0.2744
1790171829216,621,1.5569,1.6401
1790171829266,622,1.5109,0.4774
1790171829315,623,1.3334,0.3115
1790171829366,624,1.3244,0.2900
1790171829416,625,1.1944,0.2793
1790171829466,626,1.2317,0.2757
1790171829516,627,1.2785,0.2992
1790171829566,628,1.2360,0.2823
1790171829616,629,1.5289,0.3059
1790171829666,630,1.2897,0.2899
1790171829718,631,1.2447,0.2709
1790171829765,632,1.2090,0.2625
1790171829815,633,1.2419,0.2767
1790171829866,634,1.2684,0.2788
1790171829916,635,1.2340,0.2841
1790171829965,636,1.4118,0.2760
1790171830016,637,1.1573,0.2798
1790171830065,638,1.2333,0.2768
1790171830116,639,1.2225,0.2218
1790171830166,640,1.3809,0.3057
1790171830216,641,1.2875,0.2748
1790171830266,642,1.2532,0.2919
1790171830315,643,1.2316,0.2697
1790171830365,644,1.3836,0.2705
1790171830415,645,1.2489,0.2908
1790171830466,646,1.2170,0.2611
1790171830516,647,1.2718,0.2335
1790171830565,648,1.1413,0.2065
1790171830616,649,1.4213,0.2731
1790171830667,650,2.4801,0.2953
1790171830716,651,1.3186,0.2732
1790171830765,652,1.3385,0.2849
1790171830816,653,1.2871,0.2760
1790171830865,654,1.3407,0.2797
1790171830916,655,1.2828,0.2106
1790171830965,656,1.2124,0.2772
1790171831016,657,1.2508,0.2776
1790171831067,658,2.1776,0.2620
1790171831116,659,1.1913,0.2772
1790171831166,660,1.4845,0.2821
1790171831216,661,1.3957,1.2152
1790171831265,662,1.3487,0.3710
1790171831316,663,1.2561,0.2764
1790171831366,664,1.3552,0.2876
1790171831416,665,1.2364,0.2681
1790171831468,666,2.6130,0.2828
1790171831515,667,1.3218,0.2767
1790171831566,668,1.1798,0.2045
1790171831616,669,1.7750,0.2814
1790171831665,670,1.0851,0.2540
1790171831715,671,1.7593,0.6930
1790171831765,672,1.2993,0.2970
1790171831816,673,1.2380,0.2804
1790171831867,674,2.4837,0.2629
1790171831916,675,1.2804,0.2772
1790171831967,676,1.5870,0.2626
1790171832016,677,1.3081,0.2947
1790171832066,678,1.2199,0.2489
1790171832115,679,1.3930,0.3633
1790171832166,680,1.3391,0.2784
1790171832216,681,1.2273,0.2913
1790171832266,682,1.3001,0.2974
1790171832316,683,1.1718,0.2518
1790171832366,684,1.3637,0.3841
1790171832416,685,1.2715,0.2765
1790171832465,686,1.1918,0.2735
1790171832516,687,1.2392,0.2705
1790171832565,688,1.2843,0.2825
1790171832616,689,1.3884,0.3227
1790171832666,690,1.3594,0.2903
1790171832716,691,1.2202,0.2666
1790171832767,692,1.2927,0.2890
1790171832815,693,1.2872,0.2998
1790171832867,694,1.4413,0.3197
1790171832915,695,1.3453,0.3011
1790171832966,696,1.2521,0.2869
1790171833016,697,1.2611,0.2755
1790171833066,698,1.3761,0.3019
1790171833116,699,1.2096,0.2767
1790171833166,700,1.3187,0.2916
1790171833215,701,1.4561,1.4482
1790171833270,702,1.4522,0.3703
1790171833315,703,1.1942,0.2593
1790171833366,704,1.3514,0.2849
1790171833416,705,1.2688,0.2637
1790171833466,706,1.5048,0.5243
1790171833516,707,1.2961,0.2936
1790171833565,708,1.4188,0.3314
1790171833616,709,1.5635,0.2777
1790171833665,710,1.7349,0.3976
1790171833716,711,1.2848,0.3825
1790171833766,712,1.3176,0.2670
1790171833816,713,1.2749,0.2634
1790171833866,714,1.4716,0.2856
1790171833916,715,1.2109,0.2157
1790171833966,716,1.2204,0.2692
1790171834016,717,1.2938,0.2697
1790171834069,718,1.4358,0.2896
1790171834116,719,1.2422,0.2640
1790171834166,720,1.3694,0.2831
1790171834216,721,1.2884,0.2904
1790171834266,722,1.3107,0.3384
1790171834316,723,1.2235,0.2688
1790171834365,724,1.2813,0.2848
1790171834416,725,1.2577,0.2708
1790171834466,726,1.1650,0.2705
1790171834516,727,2.3597,0.2881
1790171834566,728,1.2378,0.2203
1790171834616,729,1.4045,0.2897
1790171834666,730,1.3041,0.2700
1790171834716,731,1.2370,0.2689
1790171834766,732,1.2849,0.2709
1790171834815,733,1.3486,0.2905
1790171834866,734,1.4179,0.2293
1790171834916,735,1.2701,0.2853
1790171834966,736,1.2491,0.2786
1790171835016,737,1.3730,0.3048
1790171835065,738,1.3028,0.2625
1790171835116,739,1.2268,0.2728
1790171835166,740,1.3281,0.2958
1790171835216,741,1.4363,1.4082
1790171835266,742,1.7454,0.4518
1790171835317,743,2.3785,0.3692
1790171835365,744,1.2689,0.3317
1790171835416,745,1.5003,0.4694
1790171835465,746,0.9920,0.2196
1790171835516,747,1.2612,0.3144
1790171835566,748,1.2690,0.2925
1790171835616,749,1.3947,0.3184
1790171835666,750,1.3112,0.3236
1790171835719,751,2.5294,1.3282
1790171835766,752,1.9316,0.3123
1790171835816,753,1.3647,0.3345
1790171835866,754,1.3392,0.3242
1790171835916,755,1.3978,0.3496
1790171835966,756,1.3896,0.3373
1790171836018,757,1.3379,0.3214
1790171836065,758,1.3403,0.3529
1790171836116,759,1.8419,0.8243
1790171836168,760,1.5093,0.3138
1790171836216,761,1.3616,0.3549
1790171836266,762,1.4601,0.4606
1790171836316,763,1.6050,0.3670
1790171836366,764,1.3374,0.3183
1790171836415,765,1.3043,0.3224
1790171836466,766,1.0699,0.2194
1790171836516,767,1.2556,0.3159
1790171836566,768,1.3736,0.3319
1790171836615,769,1.5991,0.4553
1790171836666,770,1.3411,0.3143
1790171836716,771,1.2784,0.3145
1790171836766,772,1.2868,0.3212
1790171836817,773,1.2670,0.3330
1790171836866,774,1.0862,0.3188
1790171836915,775,1.3332,0.3321
1790171836966,776,1.3980,0.3302
1790171837016,777,1.3611,0.3465
1790171837065,778,1.4375,0.3214
1790171837116,779,1.3639,0.3463
1790171837165,780,1.4046,0.3324
1790171837216,781,1.4695,1.6838
1790171837266,782,1.4470,0.4103
1790171837317,783,2.3271,0.3109
1790171837365,784,1.2935,0.3282
1790171837416,785,1.3904,0.3956
1790171837466,786,1.3003,0.3415
1790171837516,787,1.2924,0.3294
1790171837566,788,1.3473,0.3320
1790171837618,789,2.5585,0.3834
1790171837666,790,1.1152,0.2773
1790171837716,791,1.4791,0.3145
1790171837765,792,1.2695,0.3080
1790171837817,793,1.5075,0.4391
1790171837866,794,1.3208,0.3442
1790171837915,795,1.2873,0.3317
1790171837966,796,1.3451,0.3258
1790171838016,797,1.2160,0.3231
1790171838066,798,1.4050,0.3306
1790171838116,799,1.0099,0.2359
1790171838166,800,1.3983,0.3741
1790171838216,801,1.3756,0.4042
1790171838266,802,1.3310,0.3051
1790171838316,803,1.2980,0.3203
1790171838365,804,1.0265,0.2354
1790171838416,805,1.3198,0.3354
1790171838466,806,1.2950,0.3390
1790171838516,807,1.3487,0.3224
1790171838565,808,1.3267,0.3188
1790171838616,809,1.4103,0.3320
1790171838665,810,1.3422,0.6178
1790171838716,811,1.3340,0.6401
1790171838766,812,1.4911,0.4426
1790171838816,813,1.2749,0.3439
1790171838866,814,1.2871,0.3423
1790171838915,815,1.5241,0.4027
1790171838966,816,1.2908,0.3322
1790171839016,817,1.3027,0.3496
1790171839066,818,1.3855,0.3826
1790171839116,819,1.3219,0.3336
1790171839166,820,1.3751,0.3359
1790171839216,821,1.4965,1.5080
1790171839266,822,1.4116,0.4255
1790171839315,823,1.3050,0.3259
1790171839368,824,1.4345,0.4258
1790171839416,825,1.2883,0.3906
1790171839466,826,1.3108,0.3262
1790171839516,827,1.3817,0.3296
1790171839566,828,1.3314,0.3472
1790171839616,829,1.4113,0.3416
1790171839666,830,1.4024,0.3396
1790171839716,831,1.4709,0.3398
1790171839766,832,1.2871,0.3416
1790171839815,833,1.4852,0.3241
1790171839865,834,1.2732,0.3223
1790171839915,835,1.3098,0.3211
1790171839966,836,1.3036,0.3342
1790171840016,837,1.2573,0.3309
1790171840066,838,1.3635,0.3728
1790171840116,839,1.3876,0.3476
1790171840166,840,1.3335,0.2910
1790171840216,841,1.4430,1.0115
1790171840266,842,1.4627,0.3540
1790171840316,843,1.2947,0.3584
1790171840365,844,1.3070,0.3207
1790171840416,845,1.3220,0.3324
1790171840466,846,1.1791,0.3122
1790171840515,847,1.3173,0.3431
1790171840566,848,1.3376,0.3392
1790171840616,849,1.2381,0.3340
1790171840666,850,1.2156,0.7766
1790171840716,851,1.3197,0.7670
1790171840766,852,1.2928,0.3154
1790171840816,853,1.3420,0.3326
1790171840866,854,1.3007,0.3417
1790171840916,855,1.3207,0.3440
1790171840966,856,1.4835,0.3242
1790171841016,857,1.2865,0.3296
1790171841066,858,1.3127,0.3302
1790171841116,859,1.5380,0.3396
1790171841166,860,1.6673,0.5150
1790171841216,861,1.4953,1.2074
1790171841266,862,1.3189,0.4079
1790171841316,863,1.2960,0.3297
1790171841366,864,1.3381,0.4002
1790171841416,865,1.2808,0.3405
1790171841467,866,1.3100,0.3528
1790171841516,867,1.4662,0.3376
1790171841566,868,1.2847,0.3448
1790171841616,869,1.4061,0.3280
1790171841665,870,1.3418,0.3214
1790171841716,871,1.2762,0.3237
1790171841766,872,1.4526,0.4576
1790171841816,873,1.2939,0.3251
1790171841866,874,1.3294,0.3739
1790171841916,875,1.3775,0.3384
1790171841966,876,1.2735,0.3355
1790171842016,877,1.3669,0.3232
1790171842066,878,1.2690,0.3358
1790171842115,879,1.3081,0.3371
1790171842165,880,1.3755,0.3379
1790171842216,881,1.4025,0.7741
1790171842266,882,1.3730,0.3463
1790171842315,883,1.2909,0.3181
1790171842366,884,1.2907,0.3441
1790171842415,885,1.3825,0.3403
1790171842466,886,1.3444,0.3530
1790171842515,887,1.2962,0.3171
1790171842566,888,1.4203,0.3533
1790171842616,889,1.4772,0.4042
1790171842666,890,1.3905,0.8251
1790171842716,891,1.3654,0.8230
1790171842766,892,1.4321,0.4345
1790171842815,893,1.3623,0.3422
1790171842868,894,2.7826,0.4355
1790171842916,895,1.3486,0.3048
1790171842967,896,1.2985,0.2737
1790171843016,897,1.3332,0.2733
1790171843065,898,1.2179,0.2781
1790171843116,899,1.2515,0.2758
1790171843167,900,1.9729,1.6701
1790171843215,901,1.3961,1.0479
1790171843266,902,1.2344,0.3128
1790171843316,903,1.3116,0.3085
1790171843365,904,1.2550,0.2765
1790171843415,905,1.2774,0.2809
1790171843467,906,1.5112,0.5349
1790171843515,907,1.2014,0.2718
1790171843565,908,1.3225,0.2767
1790171843616,909,1.3458,0.2962
1790171843666,910,1.2809,0.3004
1790171843716,911,1.3119,0.3012
1790171843766,912,1.2228,0.2917
1790171843816,913,1.2678,0.2876
1790171843866,914,1.3571,0.2779
1790171843916,915,1.2459,0.2898
1790171843966,916,1.4162,0.2890
1790171844016,917,1.2814,0.2915
1790171844066,918,1.3350,0.3101
1790171844116,919,1.2704,0.2956
1790171844166,920,1.4026,0.3137
1790171844216,921,1.3874,0.7547
1790171844266,922,1.5017,0.2878
1790171844316,923,1.1975,0.2964
1790171844366,924,1.3061,0.2855
1790171844416,925,1.3508,0.3596
1790171844466,926,1.2578,0.3128
1790171844516,927,1.3385,0.3087
1790171844565,928,1.3192,0.2990
1790171844616,929,1.3366,0.2869
1790171844665,930,1.3153,0.7495
1790171844716,931,1.3602,3.0485
1790171844766,932,1.2578,0.2853
1790171844815,933,1.4626,0.3116
1790171844866,934,1.2360,0.4557
1790171844915,935,1.2402,0.2730
1790171844966,936,1.2125,0.2792
1790171845016,937,1.1993,0.2830
1790171845066,938,1.2935,0.3000
1790171845116,939,1.2023,0.2512
1790171845165,940,1.2011,0.6787
1790171845216,941,1.4457,1.1976
1790171845266,942,1.6442,0.3247
1790171845316,943,1.2361,0.3128
1790171845366,944,1.2609,0.3053
1790171845415,945,1.2980,0.3389
1790171845466,946,1.2668,0.2775
1790171845515,947,1.2281,0.2802
1790171845566,948,1.2368,0.2938
1790171845616,949,1.1994,0.2180
1790171845666,950,1.3227,0.2813
1790171845716,951,1.4664,0.3803
1790171845766,952,1.5908,0.2829
1790171845815,953,1.3008,0.2858
1790171845866,954,1.1412,0.2075
1790171845916,955,1.2367,0.2788
1790171845966,956,1.2641,0.3050
1790171846016,957,1.2386,0.2778
1790171846066,958,1.3351,0.2905
1790171846116,959,1.3291,0.2930
1790171846165,960,1.2916,0.2885
1790171846216,961,1.3939,0.8097
1790171846266,962,1.3047,0.2878
1790171846316,963,1.2423,0.2805
1790171846365,964,1.0423,0.2183
1790171846416,965,1.2380,0.2821
1790171846465,966,1.2576,0.3859
1790171846516,967,1.5312,0.3033
1790171846566,968,1.2379,0.2840
1790171846616,969,1.4241,0.2927
1790171846666,970,1.3722,0.7817
1790171846716,971,1.3240,0.7484
1790171846766,972,1.3760,0.2961
1790171846816,973,1.4654,0.2862
1790171846866,974,2.3362,1.8898
1790171846915,975,1.3026,0.8985
1790171846966,976,1.2899,0.2899
1790171847016,977,1.3223,0.2827
1790171847066,978,1.2212,0.2865
1790171847116,979,1.3136,0.3432
1790171847166,980,1.2125,0.6670
1790171847215,981,1.3203,0.9300
1790171847266,982,1.3173,0.3311
1790171847315,983,1.3118,0.3489
1790171847366,984,1.2234,0.3081
1790171847416,985,1.2227,0.2984
1790171847466,986,1.2445,0.2863
1790171847516,987,1.3107,0.3113
1790171847566,988,1.3078,0.2930
1790171847615,989,1.2736,0.2119
1790171847666,990,1.2799,0.2905
1790171847715,991,1.3777,0.2988
1790171847766,992,2.1556,0.2989
1790171847817,993,1.2657,0.2844
1790171847866,994,1.2338,0.2945
1790171847916,995,1.2699,0.2872
1790171847966,996,1.2413,0.2859
1790171848016,997,1.2340,0.2861
1790171848065,998,1.5509,0.2873
1790171848116,999,1.2808,0.2793
1790171848166,1000,1.3600,0.2952
1790171848216,1001,1.3123,0.7975
1790171848266,1002,1.2618,0.3181
1790171848316,1003,1.3235,1.7426
1790171848366,1004,1.3328,0.2983
1790171848416,1005,1.2996,0.2882
1790171848466,1006,1.2611,0.3070
1790171848516,1007,1.2839,1.0957
1790171848566,1008,1.3900,0.3110
1790171848615,1009,1.4372,0.3009
1790171848666,1010,1.4292,0.7335
1790171848716,1011,1.2479,0.2807
1790171848766,1012,1.2646,0.2953
1790171848816,1013,1.3621,0.7752
1790171848866,1014,1.1191,0.8642
1790171848916,1015,1.2837,0.6747
1790171848966,1016,1.2661,0.2909
1790171849016,1017,1.4293,0.2894
1790171849066,1018,1.2499,0.2898
1790171849115,1019,1.1958,0.2723
1790171849165,1020,1.4256,0.2762
1790171849216,1021,1.1804,0.8342
1790171849266,1022,2.2743,0.3866
1790171849314,1023,1.3258,0.2711
1790171849366,1024,1.1793,0.2145
1790171849416,1025,1.4599,0.2632
1790171849467,1026,1.2569,0.2830
1790171849516,1027,1.3325,0.2773
1790171849566,1028,1.2562,0.2873
1790171849616,1029,1.3598,0.2288
1790171849666,1030,1.4285,0.2892
1790171849715,1031,1.3146,0.2876
1790171849767,1032,2.3886,1.4047
1790171849816,1033,1.5532,0.2889
1790171849866,1034,1.3123,0.7520
1790171849916,1035,1.0479,0.2151
1790171849965,1036,1.3195,0.2794
1790171850016,1037,1.3212,0.2695
1790171850066,1038,1.2452,0.2835
1790171850116,1039,1.5564,0.2677
1790171850166,1040,1.3166,0.7676
1790171850216,1041,1.0766,0.2827
1790171850266,1042,1.2969,0.3221
1790171850315,1043,1.6128,0.6623
1790171850366,1044,1.2465,0.3165
1790171850416,1045,1.2559,0.2812
1790171850465,1046,1.2807,0.3093
1790171850516,1047,1.3418,0.7563
1790171850566,1048,1.2112,0.2627
1790171850616,1049,1.5197,0.2761
1790171850665,1050,1.4903,0.7392
1790171850715,1051,1.2253,0.2793
1790171850766,1052,1.2403,0.2778
1790171850816,1053,1.4090,0.7509
1790171850866,1054,1.2651,1.2629
1790171850916,1055,1.3733,0.7051
1790171850966,1056,1.3422,0.2815
1790171851015,1057,1.2517,0.2907
1790171851066,1058,1.2203,0.2842
1790171851115,1059,1.3861,0.2956
1790171851166,1060,1.5757,0.2866
1790171851215,1061,1.3878,0.9439
1790171851266,1062,1.2461,0.2496
1790171851316,1063,1.3995,0.2758
1790171851365,1064,1.3761,0.3491
1790171851416,1065,1.2516,0.2720
1790171851466,1066,1.2172,0.2785
1790171851515,1067,1.3587,0.3560
1790171851566,1068,1.2748,0.2738
1790171851616,1069,1.4708,0.2688
1790171851666,1070,1.6717,0.4114
1790171851716,1071,1.2745,0.2789
1790171851766,1072,1.4844,0.4465
1790171851818,1073,1.3679,0.3436
1790171851867,1074,1.3794,0.7954
1790171851916,1075,1.3743,0.2973
1790171851966,1076,1.3220,0.2392
1790171852016,1077,1.7934,0.3273
1790171852066,1078,1.2242,0.2759
1790171852116,1079,1.2334,0.3051
1790171852165,1080,1.3440,0.9793
1790171852216,1081,1.2727,0.3106
1790171852266,1082,1.3579,0.2961
1790171852316,1083,1.7622,0.7448
1790171852366,1084,1.3029,0.3031
1790171852416,1085,1.3558,0.2033
1790171852466,1086,1.2754,0.8260
1790171852515,1087,1.2655,0.8243
1790171852566,1088,1.2198,0.2764
1790171852616,1089,1.3278,0.2913
1790171852666,1090,1.4249,0.8091
1790171852715,1091,1.2483,0.2953
1790171852765,1092,1.3240,0.2833
1790171852818,1093,1.4403,0.7158
1790171852866,1094,1.3190,1.1909
1790171852915,1095,1.2248,0.7653
1790171852966,1096,1.2889,0.3098
1790171853016,1097,1.7655,0.2806
1790171853066,1098,1.3485,0.2808
1790171853115,1099,1.2473,0.2904
1790171853166,1100,1.3768,0.2888
1790171853217,1101,2.5847,0.7992
1790171853266,1102,1.3238,0.2888
1790171853316,1103,1.3910,0.2744
1790171853366,1104,1.2341,0.2761
1790171853416,1105,1.2244,0.2608
1790171853466,1106,1.2161,0.2910
1790171853516,1107,1.1679,0.2970
1790171853566,1108,1.2253,0.2762
1790171853616,1109,2.0163,0.2828
1790171853666,1110,1.3179,0.2817
1790171853716,1111,1.3375,0.8456
1790171853766,1112,1.3207,0.2871
1790171853815,1113,1.2901,0.3007
1790171853866,1114,1.2306,0.2852
1790171853916,1115,1.2259,0.2590
1790171853966,1116,1.2507,0.3022
1790171854016,1117,1.4469,0.2690
1790171854065,1118,1.2299,0.2771
1790171854116,1119,1.2690,0.3058
1790171854167,1120,1.3607,0.7467
1790171854216,1121,1.2662,0.3007
1790171854267,1122,2.4641,1.3451
1790171854316,1123,1.2346,0.3016
1790171854366,1124,1.3619,0.7082
1790171854415,1125,1.2664,0.2915
1790171854466,1126,1.2717,0.7372
1790171854517,1127,1.3589,0.7390
1790171854567,1128,1.3800,0.3000
1790171854616,1129,2.1011,0.9632
1790171854665,1130,1.3244,0.8393
1790171854717,1131,1.2817,0.2861
1790171854766,1132,1.6256,0.3231
1790171854817,1133,1.3079,0.8901
1790171854867,1134,2.1999,1.3136
1790171854916,1135,1.3994,1.1371
1790171854965,1136,1.2675,0.2713
1790171855015,1137,1.2591,0.2830
1790171855066,1138,1.3330,0.7588
1790171855116,1139,1.2930,0.2822
1790171855166,1140,1.3790,0.3147
1790171855215,1141,1.2155,0.2902
1790171855266,1142,1.2552,0.2669
1790171855315,1143,1.1908,0.2794
1790171855366,1144,1.2818,0.2858
1790171855416,1145,1.2340,0.2738
1790171855465,1146,1.1915,0.2699
1790171855516,1147,1.3063,0.7989
1790171855565,1148,1.2337,0.2125
1790171855616,1149,1.4091,0.2858
1790171855666,1150,1.2667,0.2819
1790171855715,1151,1.5278,0.6767
1790171855766,1152,1.3166,0.2862
1790171855816,1153,1.3001,0.2933
1790171855865,1154,1.2852,0.3400
1790171855915,1155,1.2314,0.2854
1790171855966,1156,1.2495,0.3294
1790171856015,1157,0.9835,0.2511
1790171856066,1158,1.2235,0.2953
1790171856116,1159,1.2790,0.2800
1790171856166,1160,1.3271,0.7358
1790171856216,1161,1.2526,0.2979
1790171856266,1162,1.2420,0.2856
1790171856316,1163,1.2324,0.2817
1790171856366,1164,1.3041,0.7509
1790171856416,1165,1.2320,0.2797
1790171856466,1166,1.3015,0.7668
1790171856516,1167,1.3069,0.7066
1790171856565,1168,1.2421,0.2837
1790171856616,1169,1.4563,0.3194
1790171856666,1170,1.3761,0.7550
1790171856719,1171,1.3800,0.3306
1790171856769,1172,1.2606,0.2817
1790171856816,1173,1.2503,0.8748
1790171856866,1174,1.3531,0.7495
1790171856916,1175,1.2405,1.0413
1790171856966,1176,1.2626,0.3007
1790171857016,1177,1.2420,0.2878
1790171857065,1178,1.2961,0.8837
1790171857116,1179,1.3276,0.4184
1790171857166,1180,1.2906,0.2802
1790171857216,1181,1.2348,0.2791
1790171857266,1182,1.2060,0.2858
1790171857316,1183,1.2306,0.2827
1790171857366,1184,1.2643,0.3050
1790171857415,1185,1.2647,0.2840
1790171857467,1186,1.3839,0.3241
1790171857515,1187,1.4643,0.8192
1790171857566,1188,0.9886,0.2387
1790171857616,1189,1.4853,0.3175
1790171857666,1190,1.3110,0.2770
1790171857715,1191,1.4164,0.7286
1790171857765,1192,1.3171,0.2925
1790171857816,1193,1.2365,0.2847
1790171857866,1194,1.3181,0.2912
1790171857917,1195,1.3332,0.3533
1790171857966,1196,1.1293,0.3042
1790171858016,1197,1.2801,0.3030
1790171858066,1198,1.2668,0.2996
1790171858116,1199,1.2466,0.2786
1790171858166,1200,1.5494,0.7330
1790171858215,1201,1.2901,0.3328
1790171858267,1202,1.3156,0.2999
1790171858315,1203,1.2118,0.3045
1790171858366,1204,1.4328,0.7220
1790171858416,1205,1.3055,0.2803
1790171858465,1206,1.2736,0.6441
1790171858516,1207,1.3234,0.7606
1790171858566,1208,1.2805,0.3278
1790171858615,1209,1.3487,0.2732
1790171858666,1210,1.3021,0.7149
1790171858716,1211,1.2382,0.2953
1790171858766,1212,1.2608,0.3065
1790171858815,1213,1.2820,1.1997
1790171858867,1214,1.3944,0.8383
1790171858916,1215,1.5279,1.1089
1790171858965,1216,1.2718,0.2919
1790171859015,1217,1.0832,0.2250
1790171859066,1218,1.4859,0.3038
1790171859116,1219,1.2865,0.2815
1790171859165,1220,1.3892,0.2926
1790171859216,1221,1.2615,0.2702
1790171859266,1222,1.4468,0.2994
1790171859316,1223,1.1913,0.2803
1790171859365,1224,1.2509,0.2679
1790171859416,1225,1.2461,0.2734
1790171859466,1226,1.2565,0.7193
1790171859515,1227,1.2841,0.6903
1790171859566,1228,1.2336,0.2923
1790171859616,1229,1.4531,0.2740
1790171859666,1230,1.3270,0.3146
1790171859716,1231,1.3116,0.6482
1790171859766,1232,1.2837,0.2951
1790171859816,1233,1.5670,0.2851
1790171859866,1234,1.4995,0.2786
1790171859916,1235,1.2316,0.2896
1790171859966,1236,1.2126,0.2521
1790171860016,1237,1.1921,0.2176
1790171860066,1238,1.6077,0.2742
1790171860116,1239,1.3930,0.3901
1790171860165,1240,1.3264,0.7509
1790171860215,1241,1.3001,0.2960
1790171860266,1242,1.3521,0.3396
1790171860316,1243,1.2284,0.2803
1790171860366,1244,1.2904,0.6433
1790171860416,1245,1.2781,0.3014
1790171860466,1246,1.2428,0.8058
1790171860516,1247,1.2732,0.7190
1790171860566,1248,1.1405,0.2114
1790171860616,1249,1.3690,0.2733
1790171860666,1250,1.3401,0.7655
1790171860716,1251,1.3527,0.3001
1790171860765,1252,1.3930,0.7149
1790171860816,1253,1.5785,0.8000
1790171860866,1254,1.2827,0.3208
1790171860916,1255,1.3049,1.0593
1790171860966,1256,1.3039,0.2980
1790171861016,1257,0.9831,0.2057
1790171861066,1258,1.2448,0.2879
1790171861116,1259,1.3579,0.2792
1790171861166,1260,1.3460,0.3100
1790171861216,1261,1.2385,0.2798
1790171861266,1262,1.2127,0.2930
1790171861316,1263,1.2688,0.2992
1790171861366,1264,1.3117,0.6876
1790171861416,1265,1.2789,0.2880
1790171861474,1266,1.3499,0.6738
1790171861516,1267,1.1763,0.6110
1790171861566,1268,1.7643,0.2781
1790171861616,1269,1.4050,0.2951
1790171861665,1270,1.3053,0.3103
1790171861716,1271,1.2466,0.7272
1790171861766,1272,1.2626,0.2881
1790171861816,1273,1.2761,0.2786
1790171861866,1274,1.3287,0.2824
1790171861916,1275,1.3897,0.2954
1790171861966,1276,1.2344,0.2734
1790171862015,1277,1.2751,0.3183
1790171862065,1278,1.2691,0.2988
1790171862116,1279,1.2311,0.2806
1790171862166,1280,1.3789,0.7616
1790171862216,1281,1.3334,0.2848
1790171862266,1282,1.2767,0.2802
1790171862316,1283,1.1120,0.3041
1790171862366,1284,1.2918,0.7373
1790171862416,1285,1.3424,0.2715
1790171862466,1286,1.2621,0.6835
1790171862515,1287,1.2816,0.6988
1790171862566,1288,1.2327,0.2815
1790171862615,1289,1.4625,0.2129
1790171862667,1290,1.3604,0.7103
1790171862716,1291,1.4111,0.7157
1790171862766,1292,1.2752,0.2849
1790171862816,1293,1.2463,0.6648
1790171862866,1294,1.2418,0.2858
1790171862916,1295,1.3117,1.1127
1790171862965,1296,1.2154,0.3010
1790171863016,1297,1.3058,0.2719
1790171863066,1298,1.2263,0.2962
1790171863115,1299,1.2136,0.2870
1790171863166,1300,1.3743,0.2899
1790171863214,1301,1.2753,0.2742
1790171863266,1302,1.3101,0.2869
1790171863316,1303,1.3327,0.3074
1790171863366,1304,1.2990,0.6766
1790171863416,1305,1.2327,0.2827
1790171863466,1306,1.3579,0.6995
1790171863516,1307,1.3452,0.7207
1790171863566,1308,1.4131,0.3618
1790171863616,1309,1.4795,0.2930
1790171863676,1310,1.2524,0.2905
1790171863716,1311,1.5054,0.6943
1790171863773,1312,1.2217,0.2782
1790171863827,1313,1.2690,0.2824
1790171863867,1314,1.2224,0.2612
1790171863915,1315,1.3255,0.2781
1790171863966,1316,1.2561,0.2917
1790171864016,1317,1.2336,0.3144
1790171864066,1318,1.2948,0.3048
1790171864116,1319,1.5121,0.2698
1790171864166,1320,1.3717,0.3063
1790171864216,1321,1.2274,0.2863
1790171864266,1322,1.2276,0.2823
1790171864316,1323,1.3152,0.3191
1790171864366,1324,1.3039,0.6898
1790171864416,1325,1.2421,0.2708
1790171864466,1326,1.6252,0.6542
1790171864517,1327,1.3901,0.7791
1790171864565,1328,1.0771,0.2056
1790171864616,1329,1.4026,0.2810
1790171864665,1330,1.3493,0.6670
1790171864716,1331,1.2973,0.6960
1790171864767,1332,1.2729,0.2955
1790171864815,1333,1.2541,0.6906
1790171864866,1334,1.2378,0.2998
1790171864916,1335,1.2602,1.0073
1790171864966,1336,1.2328,0.2902
1790171865016,1337,1.2698,0.2730
1790171865066,1338,1.2764,0.2822
1790171865115,1339,1.2646,0.2853
1790171865166,1340,1.3061,0.2886
1790171865216,1341,1.2447,0.2801
1790171865266,1342,1.2357,0.3001
1790171865315,1343,1.2123,0.2719
1790171865365,1344,1.3488,0.6743
1790171865416,1345,1.1890,0.2871
1790171865466,1346,1.2757,0.6669
1790171865516,1347,1.2587,0.6570
1790171865567,1348,2.5634,1.6246
1790171865616,1349,1.3574,0.2669
1790171865666,1350,1.3727,0.2984
1790171865716,1351,1.0417,0.6635
1790171865765,1352,1.2092,0.2772
1790171865816,1353,1.3238,0.2927
1790171865866,1354,1.3144,0.2846
1790171865916,1355,1.3750,0.2942
1790171865965,1356,1.2898,0.2765
1790171866016,1357,1.2271,0.2774
1790171866065,1358,1.2476,0.2693
1790171866115,1359,1.2705,0.2808
1790171866166,1360,1.4287,0.2843
1790171866216,1361,1.3273,0.3747
1790171866265,1362,1.5894,0.6743
1790171866316,1363,1.3492,0.3324
1790171866366,1364,1.3352,0.6912
1790171866416,1365,1.3328,0.2843
1790171866466,1366,1.5984,0.5853
1790171866516,1367,1.2234,0.6825
1790171866566,1368,1.2691,0.2822
1790171866617,1369,1.3600,0.3229
1790171866666,1370,1.2644,0.6549
1790171866716,1371,1.2797,0.7677
1790171866766,1372,1.2370,0.2760
1790171866816,1373,1.3061,0.7031
1790171866879,1374,1.1751,0.2719
1790171866916,1375,1.4131,1.0384
1790171866966,1376,1.1875,0.3412
1790171867016,1377,1.2699,0.3467
1790171867065,1378,1.2486,0.2737
1790171867116,1379,1.2358,0.2920
1790171867166,1380,1.0644,0.2609
1790171867216,1381,1.2873,0.3018
1790171867266,1382,1.3075,0.3427
1790171867316,1383,1.3778,0.3096
1790171867366,1384,1.2733,0.6977
1790171867416,1385,2.3319,1.3969
1790171867466,1386,1.2654,0.6930
1790171867516,1387,1.2569,0.7244
1790171867565,1388,1.2715,0.3035
1790171867616,1389,1.3287,0.3309
1790171867666,1390,1.4651,0.3071
1790171867716,1391,1.3165,0.2901
1790171867766,1392,1.2066,0.2695
1790171867816,1393,1.2370,0.2651
1790171867866,1394,1.1772,0.2175
1790171867916,1395,1.2328,0.3061
1790171867966,1396,1.2341,0.3035
1790171868015,1397,1.2515,0.3040
1790171868066,1398,1.2872,0.6883
1790171868117,1399,1.7646,0.2803
1790171868165,1400,1.4036,0.3419
1790171868216,1401,1.3356,0.2824
1790171868266,1402,1.5975,0.6712
1790171868316,1403,1.2107,0.3182
1790171868366,1404,1.2607,0.6874
1790171868416,1405,1.0485,0.2858
1790171868467,1406,2.8554,0.6866
1790171868516,1407,1.2567,0.7584
1790171868566,1408,0.9791,0.2064
1790171868616,1409,1.3809,0.7034
1790171868665,1410,1.4675,0.7337
1790171868716,1411,1.2678,0.7679
1790171868766,1412,1.2406,0.2756
1790171868816,1413,1.2030,0.2743
1790171868865,1414,1.1585,0.2625
1790171868916,1415,1.3825,1.1437
1790171868966,1416,1.2484,0.2752
1790171869016,1417,1.2413,0.2818
1790171869066,1418,1.2455,0.3061
1790171869116,1419,1.2739,0.2765
1790171869166,1420,1.5465,0.2874
1790171869217,1421,1.8743,0.2943
1790171869266,1422,1.2056,0.2800
1790171869316,1423,1.2223,0.2947
1790171869366,1424,1.2966,0.7048
1790171869416,1425,1.3087,0.3665
1790171869466,1426,1.2692,0.6963
1790171869516,1427,1.1772,0.2213
1790171869566,1428,1.0738,0.6810
1790171869616,1429,1.3044,0.2736
1790171869665,1430,1.2708,0.3103
1790171869716,1431,1.2491,0.2879
1790171869766,1432,1.1766,0.2149
1790171869817,1433,1.2563,0.2765
1790171869866,1434,1.7140,0.3019
1790171869915,1435,1.2175,0.2737
1790171869966,1436,1.2390,0.2775
1790171870016,1437,1.1945,0.2735
1790171870066,1438,1.2974,0.6489
1790171870116,1439,1.1803,0.2684
1790171870166,1440,1.1958,0.2799
1790171870216,1441,1.2224,0.3152
1790171870266,1442,1.4695,0.5660
1790171870317,1443,2.2242,0.4112
1790171870366,1444,1.3023,0.6766
1790171870416,1445,1.2242,0.2803
1790171870466,1446,1.2077,0.2756
1790171870516,1447,1.2620,1.0865
1790171870567,1448,1.2968,0.3194
1790171870616,1449,1.4345,0.7171
1790171870666,1450,1.3290,0.7230
1790171870716,1451,1.2963,0.6455
1790171870766,1452,1.2980,0.2908
1790171870816,1453,1.4395,0.7451
1790171870865,1454,1.4099,0.2768
1790171870916,1455,1.2915,0.7111
1790171870966,1456,1.2286,0.2809
1790171871016,1457,1.2220,0.2746
1790171871066,1458,1.2499,0.2896
1790171871116,1459,1.2497,0.3146
1790171871166,1460,1.2773,0.2804
1790171871216,1461,1.2005,0.2850
1790171871266,1462,1.2384,0.3012
1790171871316,1463,1.3225,0.3115
1790171871366,1464,1.2852,0.6709
1790171871416,1465,1.2455,0.2860
1790171871466,1466,1.2908,0.6857
1790171871516,1467,1.2339,0.2875
1790171871566,1468,1.4158,0.7174
1790171871616,1469,1.3650,0.3449
1790171871666,1470,1.2332,0.2934
1790171871716,1471,1.2636,0.2793
1790171871766,1472,1.2254,0.2705
1790171871816,1473,1.1923,0.2789
1790171871866,1474,1.2044,0.2730
1790171871916,1475,1.2203,0.2638
1790171871966,1476,1.2360,0.2896
1790171872016,1477,1.2604,0.2836
1790171872066,1478,1.2460,0.6714
1790171872115,1479,1.2218,0.2874
1790171872166,1480,1.3410,0.2911
1790171872215,1481,1.2083,0.2827
1790171872266,1482,1.2369,0.1968
1790171872316,1483,1.2569,0.2733
1790171872366,1484,1.2401,0.9718
1790171872416,1485,1.1903,0.2617
1790171872466,1486,1.2549,0.3235
1790171872516,1487,1.2637,0.9819
1790171872566,1488,1.2788,0.3157
1790171872616,1489,1.4019,0.2864
1790171872666,1490,1.3038,0.6854
1790171872716,1491,1.2958,0.8180
1790171872766,1492,1.2390,0.2877
1790171872816,1493,1.4199,0.8049
1790171872867,1494,1.1878,0.2792
1790171872916,1495,1.2624,0.7156
1790171872966,1496,1.2320,0.2824
1790171873016,1497,1.1934,0.2731
1790171873064,1498,1.3003,0.2780
1790171873115,1499,1.2562,0.2928
1790171873166,1500,1.3736,0.2860
1790171873216,1501,1.1590,0.2179
1790171873266,1502,1.1873,0.2862
1790171873316,1503,1.2550,0.2976
1790171873365,1504,1.3549,0.6867
1790171873416,1505,1.2953,0.3201
1790171873465,1506,1.2779,1.0232
1790171873516,1507,1.3540,0.2721
1790171873565,1508,1.0124,0.6682
1790171873616,1509,1.4222,0.2843
1790171873667,1510,1.2878,0.2812
1790171873716,1511,1.3329,0.2863
1790171873766,1512,1.2332,0.2987
1790171873816,1513,1.2859,0.2882
1790171873866,1514,1.2062,0.2888
1790171873916,1515,1.3142,0.2733
1790171873966,1516,1.2226,0.2874
1790171874015,1517,1.4887,0.2811
1790171874065,1518,1.2526,0.6560
1790171874116,1519,1.1898,0.2783
1790171874165,1520,1.6354,0.3031
1790171874216,1521,1.4570,0.6894
1790171874267,1522,1.4008,0.7140
1790171874315,1523,1.1204,0.2280
1790171874366,1524,1.2407,0.6359
1790171874416,1525,1.2719,0.2962
1790171874466,1526,1.1347,0.2763
1790171874516,1527,1.2322,0.7515
1790171874566,1528,1.2571,0.2831
1790171874616,1529,1.3513,0.2854
1790171874667,1530,1.6602,1.0078
1790171874718,1531,1.5618,0.6884
1790171874766,1532,1.2563,0.2870
1790171874816,1533,1.2899,0.7430
1790171874866,1534,1.2944,0.2931
1790171874916,1535,1.2468,0.2882
1790171874966,1536,1.1924,0.2678
1790171875016,1537,1.2688,0.2722
1790171875064,1538,1.2033,0.2907
1790171875115,1539,1.2204,0.2855
1790171875166,1540,1.4759,0.2882
1790171875216,1541,1.3037,0.3012
1790171875266,1542,1.3664,0.2846
1790171875316,1543,1.2524,0.3049
1790171875365,1544,1.2494,0.6649
1790171875416,1545,1.6541,0.3887
1790171875466,1546,1.2814,1.0710
1790171875516,1547,1.2550,0.3120
1790171875566,1548,1.2538,0.7084
1790171875616,1549,1.3149,0.2819
1790171875666,1550,1.3321,0.2819
1790171875716,1551,1.2312,0.2811
1790171875766,1552,1.3752,0.2716
1790171875816,1553,1.2107,0.2890
1790171875865,1554,1.2242,0.2854
1790171875916,1555,1.3743,0.3102
1790171875966,1556,1.2260,0.2897
1790171876016,1557,1.2208,0.2758
1790171876066,1558,1.2672,0.6914
1790171876115,1559,1.2607,0.6755
1790171876166,1560,1.3225,0.2735
1790171876216,1561,1.2466,0.6740
1790171876266,1562,1.0228,0.5850
1790171876316,1563,1.2382,0.2864
1790171876365,1564,1.0838,0.2763
1790171876416,1565,1.3053,0.3091
1790171876465,1566,1.2771,0.3057
1790171876515,1567,1.2955,0.6485
1790171876566,1568,1.2350,0.2839
1790171876616,1569,1.4165,0.3712
1790171876665,1570,1.3519,0.6712
1790171876716,1571,1.2867,0.6405
1790171876766,1572,1.2686,0.3066
1790171876816,1573,1.2512,0.7154
1790171876865,1574,1.3593,0.2735
1790171876916,1575,1.2706,0.2872
1790171876968,1576,1.2187,0.2825
1790171877016,1577,1.2371,0.2712
1790171877066,1578,1.2590,0.2732
1790171877115,1579,1.2462,0.3032
1790171877166,1580,1.3273,0.3019
1790171877215,1581,1.2227,0.2895
1790171877266,1582,1.3477,0.3702
1790171877316,1583,0.9753,0.2105
1790171877366,1584,1.3950,0.7262
1790171877416,1585,1.1988,0.2859
1790171877465,1586,1.2630,1.1362
1790171877516,1587,1.3007,0.3747
1790171877566,1588,1.2511,0.6976
1790171877616,1589,1.4177,0.3035
1790171877666,1590,1.4251,0.2902
1790171877716,1591,0.9503,0.2141
1790171877765,1592,1.2554,0.2865
1790171877816,1593,1.2009,0.2677
1790171877867,1594,1.2698,0.2943
1790171877916,1595,1.1794,0.2798
1790171877966,1596,1.3848,0.2837
1790171878016,1597,1.3055,0.3108
1790171878066,1598,1.3650,0.6536
1790171878116,1599,1.2108,0.8025
1790171878166,1600,1.3318,0.3031
1790171878219,1601,1.3216,0.6512
1790171878267,1602,2.0907,0.7571
1790171878318,1603,3.2185,1.2379
1790171878366,1604,1.3850,0.2977
1790171878415,1605,1.3193,0.2905
1790171878473,1606,1.2774,0.3041
1790171878516,1607,1.3462,1.2834
1790171878568,1608,1.2559,0.2890
1790171878622,1609,6.0862,0.2793
1790171878668,1610,2.4694,0.7619
1790171878789,1611,14.5939,9.4260
1790171878801,1612,12.2229,6.2558
1790171878827,1613,12.3852,10.2213
1790171878887,1614,17.8539,12.4592
1790171878928,1615,14.5848,4.7644
1790171878972,1616,7.3661,2.5203
1790171879084,1617,70.4834,64.4290
1790171879097,1618,11.9925,2.2516
1790171879120,1619,5.1295,2.1138
1790171879169,1620,5.1017,1.9585
1790171879225,1621,9.7721,2.0753
1790171879270,1622,6.1567,2.1902
1790171879325,1623,9.5318,4.2567
1790171879371,1624,6.8163,3.2257
1790171879423,1625,4.4740,1.5322
1790171879478,1626,14.2160,7.4187
1790171879521,1627,4.5876,2.0509
1790171879590,1628,15.8326,3.6958
1790171879632,1629,7.5596,1.6458
1790171879680,1630,5.0331,1.5226
1790171879722,1631,7.3144,2.3791
1790171879774,1632,9.4391,5.8640
1790171879855,1633,8.1397,1.5761
1790171879901,1634,4.7742,1.6353
1790171879948,1635,30.2937,1.5002
1790171879984,1636,3.7721,1.4176
1790171880085,1637,68.0174,64.7781
1790171880089,1638,3.5007,1.5253
1790171880125,1639,7.6236,4.0320
1790171880196,1640,31.6573,2.5862
1790171880264,1641,33.7484,2.2491
1790171880273,1642,3.5783,1.5891
1790171880342,1643,17.9003,1.5617
1790171880379,1644,4.4741,1.6857
1790171880439,1645,20.4683,1.4586
1790171880470,1646,3.4424,1.2783
1790171880569,1647,30.4413,2.4796
1790171880572,1648,3.5496,0.9648
1790171880621,1649,4.0962,0.9382
1790171880689,1650,24.8470,24.0805
1790171880721,1651,5.4339,1.7600
1790171880771,1652,3.1831,0.8254
1790171880851,1653,13.3625,12.5341
1790171880867,1654,2.4633,0.8292
1790171880931,1655,2.6214,0.8003
1790171880968,1656,3.0957,0.7585
1790171881047,1657,6.2275,0.7819
1790171881091,1658,4.6807,0.7163
1790171881123,1659,2.2048,0.6157
1790171881174,1660,4.3503,0.6629
1790171881232,1661,5.7423,0.6009
1790171881268,1662,2.5027,0.5897
1790171881321,1663,2.2984,0.5724
1790171881407,1664,35.1029,2.8220
1790171881425,1665,2.4637,0.6400
1790171881467,1666,2.3744,1.7966
1790171881517,1667,2.2469,0.8418
1790171881568,1668,2.5287,3.0552
1790171881616,1669,2.6374,0.5723
1790171881691,1670,4.3657,0.8980
1790171881739,1671,2.9593,0.5163
1790171881771,1672,5.9746,1.8707
1790171881846,1673,17.1144,0.4883
1790171881881,1674,6.8159,0.6998
1790171881917,1675,2.4872,0.5238
1790171881969,1676,4.9753,0.5755
1790171882052,1677,2.5906,0.5031
1790171882094,1678,3.4015,1.7734
1790171882122,1679,5.0021,3.2731
1790171882192,1680,2.6939,0.5901
1790171882235,1681,2.1061,5.0805
1790171882268,1682,2.0899,1.5343
1790171882362,1683,6.2497,0.4614
1790171882366,1684,1.8526,0.4705
1790171882417,1685,2.0819,0.4743
1790171882476,1686,3.0501,0.4953
1790171882517,1687,2.3385,1.7741
1790171882576,1688,8.8729,3.0959
1790171882622,1689,6.4807,0.5170
1790171882681,1690,13.6669,2.6207
1790171882717,1691,2.5421,0.5717
1790171882776,1692,2.4372,0.9651
1790171882824,1693,2.8640,1.2594
1790171882868,1694,2.2762,2.0760
1790171882920,1695,1.7638,0.4820
1790171882977,1696,2.6311,0.4152
1790171883017,1697,1.4933,0.4229
1790171883067,1698,2.2222,0.3758
1790171883119,1699,1.4451,0.3764
1790171883171,1700,2.6168,1.0455
1790171883216,1701,2.0201,0.7438
1790171883287,1702,1.3697,0.3615
1790171883322,1703,1.5131,0.3808
1790171883366,1704,1.5014,1.2440
1790171883430,1705,1.3323,0.3677
1790171883475,1706,6.5125,2.8542
1790171883538,1707,1.3875,0.4167
1790171883586,1708,5.4696,7.5243
1790171883647,1709,2.0030,0.5870
1790171883689,1710,1.9981,0.7303
1790171883728,1711,1.4902,0.4050
1790171883772,1712,1.4934,0.3631
1790171883817,1713,1.5059,0.3885
1790171883884,1714,1.6667,0.4870
1790171883917,1715,1.4180,0.3770
1790171883970,1716,2.3877,0.4686
1790171884018,1717,1.4593,0.3700
1790171884067,1718,1.5826,0.4583
1790171884116,1719,1.3728,2.4470
1790171884174,1720,2.2378,2.5768
1790171884228,1721,8.7604,1.3576
1790171884268,1722,3.0702,1.9019
1790171884316,1723,2.1041,0.4837
1790171884376,1724,1.3890,0.3338
1790171884416,1725,1.4915,0.3167
1790171884468,1726,1.3785,0.4176
1790171884516,1727,1.4882,1.1808
1790171884568,1728,1.7310,0.7359
1790171884618,1729,1.5921,0.3283
1790171884666,1730,1.4666,1.5666
1790171884716,1731,1.3659,0.3290
1790171884767,1732,1.4842,0.4114
1790171884816,1733,1.3796,0.3407
1790171884865,1734,1.4566,1.3005
1790171884915,1735,1.2986,0.3145
1790171884966,1736,1.4566,0.3121
1790171885016,1737,1.5621,0.3213
1790171885065,1738,1.3639,0.3369
1790171885117,1739,1.4464,0.3648
1790171885166,1740,1.5715,0.3442
1790171885215,1741,1.3329,0.4046
1790171885266,1742,1.3282,0.3715
1790171885315,1743,1.5782,0.5397
1790171885366,1744,1.3789,1.4871
1790171885416,1745,1.3613,0.3291
1790171885470,1746,1.6507,2.2542
1790171885516,1747,1.4437,1.3779
1790171885566,1748,1.7904,0.8031
1790171885616,1749,1.7524,0.4459
1790171885666,1750,1.7213,0.4974
1790171885715,1751,1.1998,0.3426
1790171885766,1752,1.4556,0.4171
1790171885816,1753,1.2453,0.3150
1790171885867,1754,1.3137,0.3042
1790171885915,1755,1.5131,0.3125
1790171885966,1756,1.5646,0.3838
1790171886016,1757,1.3335,0.3558
1790171886066,1758,1.3058,0.3379
1790171886117,1759,2.1629,1.0461
1790171886165,1760,1.5208,0.9027
1790171886216,1761,1.3864,1.5212
1790171886266,1762,1.3810,0.3226
1790171886316,1763,1.2687,0.3645
1790171886366,1764,1.5021,0.3842
1790171886416,1765,1.3961,0.3270
1790171886467,1766,2.4153,0.3688
1790171886516,1767,1.2885,0.8631
1790171886566,1768,1.3419,0.3049
1790171886616,1769,1.4295,0.3286
1790171886666,1770,1.5201,0.9012
1790171886717,1771,1.3480,0.9994
1790171886766,1772,1.2756,0.3370
1790171886818,1773,1.2424,0.3280
1790171886866,1774,1.4360,0.9608
1790171886916,1775,1.7903,0.5722
1790171886966,1776,1.6394,0.4179
1790171887018,1777,1.3736,0.4601
1790171887066,1778,1.2733,0.3308
1790171887116,1779,1.4140,0.3188
1790171887166,1780,2.0869,0.3625
1790171887216,1781,1.6571,0.3981
1790171887266,1782,1.3461,0.3345
1790171887315,1783,1.3459,0.3602
1790171887366,1784,1.5653,0.9351
1790171887418,1785,3.0139,0.4244
1790171887466,1786,1.4135,1.1579
1790171887517,1787,1.4961,1.1073
1790171887566,1788,1.3921,0.3501
1790171887616,1789,1.6539,1.3140
1790171887665,1790,1.2537,0.3074
1790171887716,1791,1.3730,0.3139
1790171887766,1792,1.6061,0.3285
1790171887817,1793,1.5059,0.3284
1790171887866,1794,1.2216,0.3096
1790171887916,1795,1.4769,1.0622
1790171887968,1796,1.4000,0.3720
1790171888016,1797,1.5637,0.3235
1790171888065,1798,1.2192,0.3294
1790171888117,1799,1.3776,0.9639
1790171888166,1800,1.5000,0.3694
1790171888215,1801,1.4977,0.9690
1790171888265,1802,1.4221,0.3468
1790171888322,1803,2.2584,0.3683
1790171888374,1804,1.4083,0.3242
1790171888416,1805,1.4156,0.4794
1790171888466,1806,1.4706,0.3582
1790171888516,1807,1.3193,0.9022
1790171888566,1808,1.2646,0.3314
1790171888616,1809,1.9103,0.6792
1790171888666,1810,1.4217,0.8265
1790171888716,1811,1.3388,1.4758
1790171888766,1812,1.2890,0.2769
1790171888817,1813,2.1578,0.9005
1790171888866,1814,1.4911,0.9952
1790171888916,1815,2.4946,0.3374
1790171888966,1816,1.2647,0.3116
1790171889018,1817,2.5305,0.3077
1790171889065,1818,1.2641,0.3457
1790171889117,1819,1.4682,0.3063
1790171889166,1820,1.7059,0.4403
1790171889216,1821,1.3555,0.8646
1790171889267,1822,2.2241,0.3233
1790171889316,1823,1.4121,0.3403
1790171889366,1824,1.0217,0.2538
1790171889416,1825,1.7000,1.1658
1790171889466,1826,1.4278,1.2817
1790171889515,1827,1.5757,0.9203
1790171889566,1828,1.3165,0.3147
1790171889615,1829,1.5219,0.8889
1790171889666,1830,1.4505,0.3358
1790171889716,1831,1.1868,0.3499
1790171889766,1832,1.2783,0.3278
1790171889816,1833,1.4096,0.3861
1790171889866,1834,1.2697,0.3389
1790171889941,1835,6.4361,0.8912
1790171889969,1836,4.7261,0.3706
1790171890017,1837,1.2709,0.3376
1790171890066,1838,1.3427,0.3427
1790171890116,1839,1.5828,0.9531
1790171890166,1840,1.3534,0.5024
1790171890216,1841,1.4819,0.8526
1790171890266,1842,1.3198,0.3505
1790171890316,1843,1.5352,0.3697
1790171890366,1844,1.1830,0.3428
1790171890416,1845,1.2893,0.3240
1790171890466,1846,1.1895,0.3247
1790171890516,1847,1.2990,0.8613
1790171890567,1848,1.5754,0.5461
1790171890615,1849,1.5784,0.3306
1790171890666,1850,1.7338,1.1317
1790171890715,1851,1.3791,0.9724
1790171890766,1852,1.3581,0.3599
1790171890818,1853,1.5634,2.4587
1790171890865,1854,1.2446,0.8315
1790171890916,1855,1.3082,0.3920
1790171890966,1856,1.2279,0.3229
1790171891016,1857,1.2528,0.3346
1790171891066,1858,1.2622,0.8729
1790171891116,1859,1.3693,0.3306
1790171891166,1860,1.3612,0.3719
1790171891215,1861,1.4302,0.4698
1790171891266,1862,1.2445,0.3656
1790171891316,1863,1.1944,0.3241
1790171891366,1864,1.2451,0.3284
1790171891416,1865,1.3605,0.9588
1790171891466,1866,1.2929,1.0062
1790171891515,1867,1.2425,0.3314
1790171891566,1868,1.2581,0.3372
1790171891616,1869,1.8174,0.9780
1790171891666,1870,1.3876,0.3937
1790171891715,1871,1.2527,0.3094
1790171891766,1872,1.2919,0.3580
1790171891816,1873,1.1626,0.3002
1790171891866,1874,1.1826,0.3161
1790171891916,1875,1.2710,1.5077
1790171891968,1876,3.5688,0.3041
1790171892016,1877,1.2740,0.3169
1790171892066,1878,1.1971,0.3073
1790171892116,1879,1.2494,0.3292
1790171892165,1880,1.4854,0.3331
1790171892216,1881,1.3238,0.8812
1790171892266,1882,1.1863,0.3299
1790171892316,1883,1.2473,0.3324
1790171892366,1884,1.2614,0.3293
1790171892415,1885,1.2564,0.3269
1790171892465,1886,1.1946,0.3190
1790171892516,1887,1.3595,0.8336
1790171892566,1888,1.2241,0.3734
1790171892616,1889,1.4270,0.3459
1790171892666,1890,1.5499,1.4944
1790171892716,1891,1.7696,1.2912
1790171892766,1892,1.2915,0.3537
1790171892818,1893,1.6487,2.5541
1790171892866,1894,1.2316,0.8376
1790171892916,1895,1.2021,0.3147
1790171892965,1896,1.2053,0.3108
1790171893017,1897,1.1922,0.3292
1790171893066,1898,1.2825,0.3878
1790171893116,1899,1.2039,0.3526
1790171893165,1900,1.5620,0.8949
1790171893216,1901,0.9878,0.2562
1790171893265,1902,0.9358,0.2473
1790171893316,1903,1.1813,0.3275
1790171893366,1904,1.3271,0.3734
1790171893416,1905,1.3041,1.4501
1790171893466,1906,1.3038,0.9285
1790171893516,1907,1.2866,0.3454
1790171893566,1908,1.2512,0.3519
1790171893616,1909,1.7149,0.8760
1790171893666,1910,1.2748,0.3228
1790171893716,1911,1.2808,0.3287
1790171893766,1912,1.2431,0.3459
1790171893821,1913,1.2103,0.3526
1790171893866,1914,1.2473,0.3240
1790171893915,1915,1.3167,1.4176
1790171893979,1916,1.1993,0.3331
1790171894017,1917,1.2467,0.3074
1790171894066,1918,1.8774,0.8684
1790171894116,1919,1.3525,0.3981
1790171894176,1920,10.4931,1.2232
1790171894216,1921,1.3239,0.3960
1790171894266,1922,1.3070,0.3473
1790171894317,1923,2.0930,0.3264
1790171894365,1924,1.8194,0.3724
1790171894416,1925,1.6561,0.3347
1790171894466,1926,1.3349,2.3689
1790171894516,1927,1.4475,0.4650
1790171894571,1928,2.4483,0.3890
1790171894616,1929,1.6479,0.4241
1790171894666,1930,1.3705,1.0954
1790171894728,1931,1.3887,0.9491
1790171894770,1932,2.7939,0.3339
1790171894818,1933,1.6692,0.9845
1790171894866,1934,1.7759,0.7921
1790171894916,1935,1.5038,0.4324
1790171894967,1936,2.3673,0.3942
1790171895016,1937,1.3555,0.3472
1790171895066,1938,1.5913,0.3190
1790171895117,1939,1.3003,0.3330
1790171895166,1940,1.4875,0.3619
1790171895216,1941,1.4675,0.2613
1790171895265,1942,1.3401,0.3698
1790171895315,1943,1.2185,0.3323
1790171895366,1944,1.3064,0.3608
1790171895416,1945,1.3743,2.2195
1790171895466,1946,1.4436,1.0756
1790171895518,1947,1.2829,0.3593
1790171895567,1948,1.3663,0.3200
1790171895616,1949,1.3516,0.8351
1790171895666,1950,1.4443,0.3779
1790171895716,1951,1.2788,0.3439
1790171895766,1952,1.4759,0.4868
1790171895816,1953,2.1508,0.3392
1790171895866,1954,1.2757,0.3343
1790171895916,1955,1.3739,1.5079
1790171895966,1956,1.2440,0.3263
1790171896016,1957,1.3227,0.3063
1790171896067,1958,2.4295,0.3126
1790171896116,1959,1.2419,0.3509
1790171896166,1960,1.3816,0.3279
1790171896216,1961,1.2587,1.1120
1790171896266,1962,1.2586,0.3143
1790171896316,1963,1.3501,0.4129
1790171896365,1964,1.4215,0.3333
1790171896415,1965,1.1817,0.3245
1790171896466,1966,1.2606,0.7789
1790171896516,1967,1.2089,0.3293
1790171896566,1968,1.8831,0.9480
1790171896615,1969,1.4482,0.3297
1790171896666,1970,1.7678,0.7963
1790171896717,1971,2.1873,1.9063
1790171896767,1972,1.1589,0.3019
1790171896816,1973,1.3134,0.9467
1790171896865,1974,1.5200,0.3278
1790171896917,1975,1.3307,0.8165
1790171896966,1976,1.2767,0.3459
1790171897016,1977,1.3021,0.3275
1790171897066,1978,1.3999,0.4017
1790171897157,1979,1.3400,0.3443
1790171897166,1980,1.7185,0.3182
1790171897215,1981,1.2269,0.3414
1790171897266,1982,1.5576,0.5569
1790171897316,1983,1.4053,0.3607
1790171897366,1984,1.3250,0.8270
1790171897416,1985,1.7910,1.3284
1790171897465,1986,1.3527,0.8261
1790171897516,1987,1.2217,0.3171
1790171897566,1988,1.3024,0.3071
1790171897616,1989,1.6165,0.8946
1790171897666,1990,1.3875,0.3354
1790171897715,1991,1.1327,0.3202
1790171897766,1992,1.1891,0.3172
1790171897815,1993,1.2415,0.3205
1790171897866,1994,1.3018,0.3675
1790171897918,1995,1.1898,10.4955
1790171897965,1996,1.2171,0.3407
1790171898015,1997,1.2874,0.3407
1790171898066,1998,1.2942,0.3510
1790171898116,1999,1.1864,0.3182
1790171898166,2000,1.4602,0.8068
1790171898217,2001,2.4607,0.3274
1790171898266,2002,1.2653,0.3247
1790171898316,2003,1.2817,0.3581
1790171898367,2004,1.1691,0.3225
1790171898416,2005,1.2630,0.3447
1790171898465,2006,1.4226,1.1247
1790171898519,2007,1.2878,0.9925
1790171898565,2008,1.4077,0.3861
1790171898620,2009,1.5027,0.3856
1790171898673,2010,6.2701,2.5103
1790171898716,2011,1.2395,0.3913
1790171898766,2012,1.2826,0.3292
1790171898817,2013,1.2126,0.3231
1790171898864,2014,1.1692,0.3055
1790171898917,2015,2.4694,0.9013
1790171898966,2016,1.4498,0.4541
1790171899017,2017,1.3772,0.3705
1790171899066,2018,1.2948,0.3229
1790171899116,2019,1.2537,0.3411
1790171899165,2020,1.6064,0.3464
1790171899216,2021,1.3448,0.9243
1790171899266,2022,1.4847,0.3492
1790171899316,2023,1.8031,0.3364
1790171899366,2024,1.3513,0.8877
1790171899419,2025,2.2471,0.8066
1790171899466,2026,1.4048,0.8022
1790171899516,2027,1.2699,0.3095
1790171899566,2028,1.2821,0.3238
1790171899616,2029,1.6532,0.8379
1790171899665,2030,1.4819,0.3494
1790171899716,2031,1.4109,0.4185
1790171899774,2032,8.3393,0.3287
1790171899816,2033,1.3023,0.3086
1790171899865,2034,1.1937,0.3373
1790171899916,2035,1.3140,1.3438
1790171899966,2036,1.4118,0.8536
1790171900016,2037,1.3272,0.3340
1790171900066,2038,1.3070,0.3331
1790171900117,2039,1.2330,0.3359
1790171900168,2040,3.1146,1.0576
1790171900217,2041,1.1562,0.3098
1790171900267,2042,1.2787,0.3218
1790171900316,2043,1.2273,0.3792
1790171900366,2044,1.2714,0.3539
1790171900416,2045,1.3300,1.0503
1790171900466,2046,1.0536,0.7768
1790171900516,2047,1.2337,0.8351
1790171900565,2048,1.3002,0.3367
1790171900616,2049,1.2239,0.3192
1790171900666,2050,1.5636,0.6050
1790171900717,2051,1.2705,0.7975
1790171900766,2052,1.2355,0.3465
1790171900816,2053,1.2834,0.3386
1790171900866,2054,1.7621,0.3295
1790171900917,2055,1.2998,0.8162
1790171900966,2056,1.3316,0.3342
1790171901016,2057,1.4185,0.3151
1790171901065,2058,1.2779,0.3191
1790171901116,2059,1.2959,0.3194
1790171901165,2060,1.4002,0.4054
1790171901216,2061,1.2191,0.3401
1790171901266,2062,1.3035,0.3185
1790171901316,2063,1.2423,0.3169
1790171901366,2064,1.2904,0.7728
1790171901416,2065,1.2882,0.7753
1790171901466,2066,1.2768,0.8063
1790171901516,2067,1.1582,0.3079
1790171901567,2068,1.2896,0.3532
1790171901616,2069,1.4351,0.3292
1790171901665,2070,1.4614,0.4756
1790171901716,2071,1.2841,0.3482
1790171901765,2072,1.2652,0.3287
1790171901816,2073,1.2968,0.3181
1790171901867,2074,2.0074,0.3285
1790171901916,2075,1.4565,1.4587
1790171901966,2076,1.3113,0.7625
1790171902016,2077,1.1859,0.3465
1790171902066,2078,1.2076,0.3245
1790171902117,2079,1.2335,0.3318
1790171902166,2080,1.3299,0.8284
1790171902216,2081,1.1833,0.3152
1790171902266,2082,1.3288,0.3300
1790171902315,2083,1.1550,0.2534
1790171902366,2084,1.2838,0.4100
1790171902417,2085,1.2829,0.7854
1790171902466,2086,1.3230,0.8136
1790171902516,2087,1.2784,0.7676
1790171902566,2088,1.2009,0.3165
1790171902616,2089,1.3662,0.3117
1790171902666,2090,1.3688,0.3433
1790171902716,2091,1.3785,6.8330
1790171902766,2092,1.2463,0.3400
1790171902816,2093,1.0761,0.3739
1790171902885,2094,19.3768,16.0892
1790171902917,2095,2.8619,0.4033
1790171902966,2096,1.2343,0.3597
1790171903015,2097,1.1801,0.3229
1790171903066,2098,1.4143,0.4676
1790171903116,2099,1.1581,0.3129
1790171903167,2100,2.2754,0.4500
1790171903215,2101,1.2605,0.3185
1790171903265,2102,1.1176,0.2524
1790171903316,2103,1.3586,0.3301
1790171903366,2104,1.2331,0.7574
1790171903414,2105,1.2813,0.8318
1790171903465,2106,1.2601,1.0092
1790171903515,2107,1.2590,0.3301
1790171903566,2108,1.2226,0.3229
1790171903615,2109,1.4334,0.3314
1790171903666,2110,1.2667,0.3563
1790171903715,2111,1.2170,0.3102
1790171903766,2112,1.4320,0.5608
1790171903816,2113,1.3047,0.3281
1790171903866,2114,1.4111,0.2733
1790171903915,2115,1.7711,1.5952
1790171903965,2116,1.2549,0.7560
1790171904017,2117,1.6277,0.7176
1790171904065,2118,1.4349,0.3218
1790171904116,2119,1.1606,0.3228
1790171904165,2120,1.5678,1.2685
1790171904217,2121,1.4824,0.3176
1790171904266,2122,1.1857,0.3227
1790171904316,2123,1.1739,0.3290
1790171904366,2124,1.8578,0.3376
1790171904417,2125,1.3230,0.8146
1790171904466,2126,1.2970,1.3236
1790171904516,2127,1.2673,0.3210
1790171904566,2128,1.2953,0.3363
1790171904616,2129,1.3782,0.3203
1790171904666,2130,1.3811,0.9512
1790171904715,2131,1.1383,0.2552
1790171904767,2132,1.2780,0.3302
1790171904816,2133,1.3442,0.3835
1790171904870,2134,1.7024,0.6574
1790171904916,2135,1.1756,0.4125
1790171904965,2136,1.2209,0.3113
1790171905017,2137,1.2243,0.3357
1790171905065,2138,1.3513,0.3471
1790171905115,2139,1.1435,0.3121
1790171905165,2140,1.3719,0.8208
1790171905216,2141,1.2507,0.3615
1790171905266,2142,1.2592,0.3428
1790171905316,2143,1.2625,0.3548
1790171905366,2144,1.1479,0.2453
1790171905416,2145,1.3184,0.8314
1790171905465,2146,1.2455,0.7620
1790171905516,2147,1.2069,0.3202
1790171905565,2148,1.4684,0.3697
1790171905616,2149,1.3572,0.3261
1790171905666,2150,1.8416,0.3582
1790171905716,2151,1.2598,0.3200
1790171905766,2152,1.2939,0.8221
1790171905817,2153,2.1470,0.3224
1790171905866,2154,1.3719,0.3674
1790171905916,2155,1.2541,0.7181
1790171905968,2156,1.2157,0.3276
1790171906016,2157,1.1756,0.2979
1790171906066,2158,1.3053,0.3521
1790171906116,2159,1.2179,0.3421
1790171906165,2160,1.4635,3.2398
1790171906216,2161,1.2298,0.3463
1790171906265,2162,1.2905,0.3432
1790171906316,2163,1.3129,0.3570
1790171906365,2164,1.2277,0.3709
1790171906416,2165,1.2992,0.8335
1790171906466,2166,1.2944,1.1599
1790171906516,2167,1.2187,0.3700
1790171906566,2168,1.2263,0.3554
1790171906615,2169,1.2772,0.2993
1790171906668,2170,1.3893,0.7679
1790171906716,2171,1.2158,0.3239
1790171906766,2172,1.1603,0.3329
1790171906816,2173,1.1610,0.3184
1790171906866,2174,1.2295,0.3136
1790171906916,2175,1.2892,0.7697
1790171906966,2176,1.2552,0.3303
1790171907015,2177,1.4026,0.4627
1790171907066,2178,1.1908,0.3042
1790171907115,2179,1.3295,0.3535
1790171907166,2180,1.3740,0.9252
1790171907216,2181,1.1759,0.3134
1790171907266,2182,1.2284,0.3235
1790171907315,2183,1.2283,0.3104
1790171907366,2184,1.2726,0.3836
1790171907416,2185,1.2376,0.7569
1790171907466,2186,1.2383,0.7620
1790171907516,2187,1.1995,0.3286
1790171907566,2188,1.2262,0.3716
1790171907616,2189,1.3314,0.3269
1790171907666,2190,1.2286,0.3342
1790171907715,2191,0.9766,0.2799
1790171907765,2192,1.5269,0.8227
1790171907816,2193,1.2077,0.3393
1790171907867,2194,1.3345,0.3021
1790171907916,2195,1.6731,1.1146
1790171907967,2196,1.3747,0.3592
1790171908016,2197,1.3547,0.4106
1790171908066,2198,1.2705,0.3428
1790171908116,2199,1.2121,0.3317
1790171908166,2200,1.4036,1.1723
1790171908216,2201,1.3949,0.3210
1790171908267,2202,1.2003,0.3485
1790171908315,2203,1.1543,0.3256
1790171908366,2204,1.2056,0.3364
1790171908416,2205,1.2151,0.7909
1790171908466,2206,1.1802,1.1698
1790171908516,2207,1.2235,0.3452
1790171908566,2208,1.3688,0.5028
1790171908616,2209,1.2723,0.3136
1790171908666,2210,1.2473,0.8146
1790171908715,2211,1.2130,0.3604
1790171908766,2212,1.3479,0.3229
1790171908816,2213,1.2013,0.3148
1790171908866,2214,1.7040,0.3247
1790171908916,2215,1.2397,0.7162
1790171908966,2216,1.1545,0.3254
1790171909016,2217,1.2690,0.7762
1790171909066,2218,1.4493,0.3730
1790171909117,2219,1.0875,0.3276
1790171909166,2220,1.4545,0.8443
1790171909216,2221,0.9940,0.2630
1790171909266,2222,1.2140,0.3122
1790171909316,2223,1.1570,0.3194
1790171909367,2224,2.3643,0.3037
1790171909416,2225,1.2204,0.7268
1790171909466,2226,1.2113,0.3285
1790171909516,2227,1.2063,0.3470
1790171909566,2228,1.2820,0.4289
1790171909616,2229,1.2663,0.3203
1790171909666,2230,1.1913,0.3210
1790171909715,2231,0.9628,0.2531
1790171909766,2232,1.3059,1.1089
1790171909816,2233,1.2574,0.3373
1790171909867,2234,1.2847,0.3604
1790171909916,2235,1.2958,2.1099
1790171909965,2236,0.9300,0.2514
1790171910016,2237,1.1758,0.3234
1790171910066,2238,1.1845,0.3685
1790171910115,2239,1.2062,0.3102
1790171910166,2240,1.4903,0.7834
1790171910216,2241,1.4194,0.5140
1790171910266,2242,1.2171,0.3138
1790171910315,2243,1.5277,0.3226
1790171910366,2244,1.5016,0.3381
1790171910417,2245,2.5690,2.0555
1790171910466,2246,1.2871,1.1037
1790171910515,2247,1.1608,0.2726
1790171910566,2248,1.5882,0.9274
1790171910615,2249,1.2757,0.3165
1790171910666,2250,1.3113,0.7908
1790171910716,2251,1.1638,0.3106
1790171910766,2252,1.2038,0.3303
1790171910816,2253,1.2160,0.3046
1790171910866,2254,1.1932,0.3314
1790171910915,2255,1.3173,0.7558
1790171910966,2256,1.0570,0.2607
1790171911016,2257,1.2967,0.8209
1790171911066,2258,1.1243,0.3213
1790171911116,2259,1.1989,0.3341
1790171911166,2260,1.5420,1.3795
1790171911216,2261,1.1619,0.3343
1790171911265,2262,1.2332,0.3677
1790171911316,2263,1.2151,0.3437
1790171911366,2264,1.1364,0.3226
1790171911416,2265,1.2261,0.7789
1790171911465,2266,1.2082,0.3445
1790171911516,2267,1.1657,0.3076
1790171911566,2268,1.6415,0.6704
1790171911616,2269,1.3462,0.3168
1790171911666,2270,1.2568,0.3888
1790171911717,2271,1.1767,0.3174
1790171911765,2272,1.2308,1.7338
1790171911816,2273,1.2182,0.3571
1790171911866,2274,1.2497,0.3267
1790171911916,2275,1.1700,0.3426
1790171911966,2276,1.1430,0.3345
1790171912016,2277,1.2682,0.3290
1790171912066,2278,1.1503,0.3209
1790171912115,2279,1.2524,0.3952
1790171912166,2280,1.3122,0.7302
1790171912216,2281,1.2938,0.3029
1790171912266,2282,1.1612,0.3147
1790171912316,2283,1.1360,0.3135
1790171912365,2284,1.2302,0.3153
1790171912416,2285,1.3644,0.3463
1790171912466,2286,1.2036,1.0509
1790171912516,2287,1.2187,0.3545
1790171912566,2288,1.3560,0.7058
1790171912616,2289,1.3816,0.3213
1790171912666,2290,1.3428,0.7647
1790171912716,2291,1.3031,0.7951
1790171912766,2292,1.2441,0.6967
1790171912816,2293,1.2213,0.3300
1790171912865,2294,1.3989,0.4395
1790171912916,2295,1.2591,0.7185
1790171912966,2296,1.3183,0.7585
1790171913015,2297,1.1687,0.3432
1790171913066,2298,1.2063,0.3597
1790171913116,2299,1.1640,0.3278
1790171913165,2300,1.3336,0.7576
1790171913216,2301,1.1360,0.3195
1790171913265,2302,1.2040,0.3525
1790171913316,2303,1.1999,0.3279
1790171913366,2304,1.2835,0.7518
1790171913416,2305,1.2514,0.3377
1790171913466,2306,1.1238,0.3061
1790171913516,2307,1.2675,0.7489
1790171913566,2308,1.1520,0.3254
1790171913616,2309,1.6979,0.3639
1790171913666,2310,1.6078,0.5094
1790171913715,2311,1.2003,0.3304
1790171913766,2312,1.3695,1.4957
1790171913816,2313,1.1509,0.3086
1790171913868,2314,1.2634,0.4096
1790171913916,2315,1.3146,0.3877
1790171913965,2316,0.9978,0.2810
1790171914015,2317,1.3756,0.8966
1790171914066,2318,1.2042,0.2703
1790171914116,2319,1.2114,0.3342
1790171914166,2320,1.2987,0.3780
1790171914216,2321,1.1999,0.3426
1790171914267,2322,2.5704,0.3030
1790171914316,2323,1.1857,0.3102
1790171914366,2324,1.4851,0.3267
1790171914416,2325,1.2429,0.3620
1790171914465,2326,1.2595,0.8411
1790171914516,2327,1.1857,0.3300
1790171914566,2328,1.4344,0.8000
1790171914616,2329,1.5123,0.3551
1790171914666,2330,1.6012,1.0982
1790171914716,2331,1.3473,0.6824
1790171914766,2332,1.2715,0.7602
1790171914817,2333,1.2716,0.4153
1790171914865,2334,1.2059,0.3552
1790171914916,2335,1.1976,0.2490
1790171914967,2336,1.3362,0.7701
1790171915016,2337,1.1468,0.3262
1790171915066,2338,1.4372,0.8176
1790171915129,2339,13.1467,15.0841
1790171915185,2340,17.2596,16.5563
1790171915226,2341,1.2896,0.3539
1790171915268,2342,1.4637,1.0051
1790171915319,2343,1.2025,0.3419
1790171915366,2344,1.2836,0.3477
1790171915416,2345,1.1757,0.3172
1790171915466,2346,1.3721,0.9557
1790171915516,2347,1.1755,0.8106
1790171915566,2348,1.1588,0.3074
1790171915615,2349,1.2466,0.2937
1790171915665,2350,1.2141,0.3604
1790171915716,2351,1.2261,0.3414
1790171915765,2352,1.2294,0.7184
1790171915816,2353,1.2481,0.3620
1790171915865,2354,0.9732,0.2579
1790171915916,2355,1.2472,0.2929
1790171915967,2356,2.2014,0.4470
1790171916015,2357,0.9287,0.2478
1790171916066,2358,1.2072,0.3209
1790171916116,2359,1.3816,0.7288
1790171916165,2360,1.1978,0.3179
1790171916216,2361,1.2529,0.3177
1790171916266,2362,1.2106,0.3105
1790171916316,2363,1.1487,0.3227
1790171916366,2364,1.1286,0.2694
1790171916416,2365,1.5750,1.1938
1790171916465,2366,1.1993,0.3503
1790171916516,2367,1.2097,0.3425
1790171916566,2368,1.4989,0.9384
1790171916616,2369,1.3460,0.3183
1790171916666,2370,1.2757,0.7480
1790171916714,2371,1.1421,0.3115
1790171916766,2372,1.2441,0.7095
1790171916816,2373,1.1957,0.3214
1790171916867,2374,1.2241,0.3950
1790171916916,2375,1.1408,0.3093
1790171916965,2376,1.1969,0.7398
1790171917015,2377,1.1858,0.3170
1790171917066,2378,1.2145,0.7404
1790171917116,2379,1.1978,0.3293
1790171917166,2380,1.2865,0.3447
1790171917216,2381,1.1218,0.3287
1790171917266,2382,1.6609,0.3393
1790171917316,2383,1.2026,0.3269
1790171917365,2384,1.2380,0.3565
1790171917415,2385,1.1944,0.3149
1790171917466,2386,1.6231,1.2787
1790171917516,2387,1.3003,0.7657
1790171917566,2388,1.1545,0.3278
1790171917616,2389,1.3264,0.3715
1790171917665,2390,1.2571,0.7350
1790171917715,2391,1.1917,0.3148
1790171917766,2392,1.3287,0.7882
1790171917816,2393,1.1855,0.3414
1790171917866,2394,1.1873,0.3394
1790171917916,2395,1.1593,0.3316
1790171917966,2396,1.1608,0.3151
1790171918016,2397,1.2891,0.6210
1790171918066,2398,1.1814,0.3498
1790171918116,2399,1.2425,0.3154
1790171918165,2400,1.1929,0.3269
1790171918216,2401,1.1524,0.3170
1790171918266,2402,1.1509,0.3141
1790171918316,2403,1.1586,0.3381
1790171918366,2404,1.2325,0.3407
1790171918416,2405,1.3223,1.1281
1790171918466,2406,1.1638,0.3284
1790171918516,2407,1.1057,0.2434
1790171918566,2408,1.2309,0.7337
1790171918616,2409,1.3847,0.3610
1790171918665,2410,1.2726,0.7624
1790171918716,2411,1.2323,0.3425
1790171918766,2412,1.2402,0.7043
1790171918816,2413,1.1359,0.2992
1790171918866,2414,1.4983,0.8430
1790171918916,2415,1.1972,0.3458
1790171918966,2416,1.1401,0.3042
1790171919016,2417,1.4526,0.5483
1790171919066,2418,2.2318,0.7739
1790171919116,2419,1.3585,0.4616
1790171919166,2420,1.2456,0.3118
1790171919216,2421,1.2356,0.3362
1790171919266,2422,1.3069,0.3162
1790171919316,2423,1.2364,0.3663
1790171919366,2424,1.1721,0.3487
1790171919416,2425,1.5408,0.3131
1790171919465,2426,1.2047,0.7175
1790171919516,2427,1.1784,0.6951
1790171919565,2428,1.3940,0.4759
1790171919616,2429,1.3089,0.3670
1790171919665,2430,1.0559,0.6639
1790171919716,2431,1.3315,0.6623
1790171919767,2432,1.3104,0.4479
1790171919816,2433,1.3154,0.6561
1790171919865,2434,1.2029,0.3834
1790171919916,2435,1.7241,0.3977
1790171919967,2436,1.5002,0.8062
1790171920015,2437,1.4094,0.8125
1790171920066,2438,1.2554,0.4031
1790171920116,2439,1.4081,0.5107
1790171920166,2440,1.2499,0.7606
1790171920216,2441,1.2825,0.5709
1790171920266,2442,1.1918,0.3298
1790171920317,2443,2.4271,1.7538
1790171920366,2444,1.1920,0.3176
1790171920416,2445,1.1925,0.3462
1790171920467,2446,1.1645,0.3361
1790171920515,2447,1.1431,0.3223
1790171920566,2448,1.2858,0.3833
1790171920616,2449,1.5286,0.3494
1790171920666,2450,1.2153,0.7275
1790171920716,2451,1.1675,0.3281
1790171920766,2452,1.1823,0.7434
1790171920815,2453,0.9528,0.2612
1790171920866,2454,1.2407,0.7336
1790171920919,2455,1.2845,0.8658
1790171920967,2456,1.4159,0.6811
1790171921016,2457,1.3544,0.3497
1790171921067,2458,1.1604,0.3133
1790171921115,2459,1.1612,0.3132
1790171921167,2460,2.5545,0.3066
1790171921216,2461,1.2760,0.6237
1790171921265,2462,1.1855,0.3216
1790171921316,2463,1.2240,0.3372
1790171921366,2464,1.1852,0.3415
1790171921414,2465,1.2087,0.3389
1790171921466,2466,1.7031,0.3622
1790171921515,2467,1.2679,1.0605
1790171921566,2468,1.2748,0.7386
1790171921617,2469,1.3302,0.3526
1790171921666,2470,1.2506,0.3489
1790171921716,2471,1.2534,0.7376
1790171921766,2472,1.1804,0.3371
1790171921815,2473,1.3454,0.7794
1790171921866,2474,1.3087,0.3558
1790171921917,2475,1.1740,0.3485
1790171921966,2476,1.2166,0.6559
1790171922016,2477,1.4288,0.3343
1790171922066,2478,1.1788,0.3548
1790171922116,2479,1.5712,0.7111
1790171922167,2480,1.6701,1.4138
1790171922216,2481,1.2049,0.4194
1790171922266,2482,1.2754,0.3456
1790171922316,2483,1.2167,0.7512
1790171922365,2484,1.1577,0.3112
1790171922415,2485,1.1700,0.3193
1790171922466,2486,1.1559,0.3159
1790171922516,2487,1.2797,0.3300
1790171922566,2488,1.1716,0.3059
1790171922615,2489,1.3079,0.3187
1790171922666,2490,1.2112,0.3611
1790171922716,2491,1.0903,0.5337
1790171922766,2492,1.3213,0.7937
1790171922816,2493,1.1564,0.3295
1790171922866,2494,1.2678,1.0290
1790171922915,2495,1.1296,0.3280
1790171922966,2496,1.2240,0.3585
1790171923016,2497,1.1074,0.3024
1790171923066,2498,1.1278,0.3065
1790171923116,2499,1.3371,0.6491
1790171923165,2500,1.2984,0.3475
1790171923216,2501,1.2677,0.6691
1790171923265,2502,1.3289,0.6495
1790171923316,2503,1.1640,0.3445
1790171923366,2504,1.3142,0.6102
1790171923416,2505,1.2845,0.3319
1790171923465,2506,1.3515,0.3289
1790171923516,2507,1.1872,0.3520
1790171923566,2508,1.2243,0.3431
1790171923616,2509,1.3344,0.3836
1790171923665,2510,1.2623,0.3510
1790171923716,2511,1.1288,0.3335
1790171923766,2512,1.1991,0.3555
1790171923816,2513,1.1441,0.3308
1790171923866,2514,1.4552,0.8171
1790171923916,2515,1.1334,0.3159
1790171923966,2516,1.1253,0.3079
1790171924016,2517,1.1673,0.3205
1790171924066,2518,1.1870,0.3188
1790171924115,2519,1.3286,0.8796
1790171924166,2520,1.3468,1.4443
1790171924216,2521,1.2537,0.6679
1790171924265,2522,0.9208,0.2541
1790171924316,2523,1.1984,0.3799
1790171924366,2524,1.1764,0.6604
1790171924416,2525,1.5107,0.3223
1790171924466,2526,1.0691,0.2585
1790171924517,2527,2.3952,0.3380
1790171924565,2528,1.2867,0.3421
1790171924615,2529,1.0396,0.2637
1790171924666,2530,1.2644,0.7490
1790171924716,2531,1.3186,0.3310
1790171924765,2532,1.1926,0.3239
1790171924816,2533,1.2290,0.3299
1790171924866,2534,1.1439,0.6827
1790171924916,2535,1.1597,0.3408
1790171924966,2536,1.1695,0.3207
1790171925016,2537,1.1219,0.2755
1790171925066,2538,1.8431,0.3043
1790171925116,2539,1.1793,0.6756
1790171925165,2540,1.2809,0.3245
1790171925216,2541,1.1734,0.3052
1790171925266,2542,1.2239,0.7546
1790171925316,2543,1.2208,0.6205
1790171925366,2544,1.2868,0.7302
1790171925416,2545,1.3991,1.0331
1790171925466,2546,1.1820,0.3296
1790171925516,2547,1.1122,0.3113
1790171925566,2548,1.1327,0.3178
1790171925616,2549,1.2341,0.3201
1790171925665,2550,0.9274,0.2744
1790171925716,2551,1.1363,0.3312
1790171925766,2552,1.1130,0.3188
1790171925817,2553,1.8671,0.3832
1790171925866,2554,1.2757,0.7932
1790171925916,2555,1.1263,0.3252
1790171925965,2556,1.2191,0.3309
1790171926016,2557,1.1813,0.3369
1790171926066,2558,1.2153,0.2878
1790171926116,2559,1.2832,0.9773
1790171926165,2560,1.6588,1.1341
1790171926216,2561,1.1067,0.3176
1790171926266,2562,1.2152,0.3266
1790171926316,2563,1.2461,0.3454
1790171926366,2564,1.1787,0.6847
1790171926416,2565,1.2139,0.3062
1790171926465,2566,1.2029,0.5822
1790171926516,2567,1.1282,0.3306
1790171926566,2568,1.1585,0.3128
1790171926616,2569,1.2719,0.3415
1790171926666,2570,1.4044,0.7183
1790171926716,2571,1.2126,0.6830
1790171926766,2572,1.2327,0.3428
1790171926816,2573,1.2490,0.4237
1790171926865,2574,1.1901,0.3246
1790171926916,2575,1.1079,0.3143
1790171926965,2576,1.4360,0.8079
1790171927016,2577,1.1674,0.3234
1790171927066,2578,1.1334,0.3113
1790171927117,2579,1.2449,0.3387
1790171927166,2580,1.3716,0.4706
1790171927216,2581,1.1875,0.3281
1790171927266,2582,1.1546,0.5571
1790171927316,2583,1.1859,0.3411
1790171927366,2584,1.1850,0.3302
1790171927418,2585,2.2092,5.1366
1790171927469,2586,1.1483,0.3118
1790171927523,2587,1.1664,0.3123
1790171927570,2588,1.4137,0.3660
1790171927620,2589,1.3019,0.3270
1790171927671,2590,6.1611,0.3383
1790171927723,2591,1.2288,0.3260
1790171927767,2592,2.2096,0.7715
1790171927826,2593,1.9436,0.6165
1790171927867,2594,1.2512,1.0679
1790171927917,2595,1.2966,1.0419
1790171927967,2596,1.1343,0.3121
1790171928017,2597,1.7462,0.7564
1790171928067,2598,2.6707,1.8122
1790171928117,2599,2.0011,0.6670
1790171928166,2600,1.2760,0.7520
1790171928216,2601,1.1241,0.2986
1790171928265,2602,1.2169,0.3336
1790171928316,2603,1.0048,0.5856
1790171928366,2604,1.2584,0.7922
1790171928416,2605,0.9944,0.9258
1790171928466,2606,1.3625,0.7702
1790171928516,2607,1.1263,0.2986
1790171928566,2608,1.2101,0.3883
1790171928616,2609,1.2542,0.3060
1790171928666,2610,1.1992,0.3458
1790171928716,2611,1.2232,0.6897
1790171928765,2612,1.1732,0.3836
1790171928815,2613,0.8992,0.2458
1790171928866,2614,1.2171,0.3330
1790171928938,2615,18.9479,0.3211
1790171928970,2616,1.2803,0.7641
1790171929027,2617,1.3349,0.7244
1790171929079,2618,3.2704,2.6268
1790171929115,2619,1.7405,0.8553
1790171929166,2620,1.4739,0.7670
1790171929216,2621,1.3004,0.5431
1790171929268,2622,1.2597,0.3422
1790171929316,2623,1.1409,0.3063
1790171929366,2624,1.1700,0.3402
1790171929416,2625,1.7680,0.8363
1790171929466,2626,1.1578,0.3516
1790171929516,2627,1.2437,0.7297
1790171929566,2628,1.0640,0.2638
1790171929617,2629,1.4208,0.6874
1790171929680,2630,13.1565,10.1029
1790171929717,2631,1.9611,1.3215
1790171929766,2632,1.4255,0.8608
1790171929816,2633,1.2604,0.3700
1790171929870,2634,1.1250,15.7680
1790171929924,2635,1.2016,0.3189
1790171929967,2636,1.1736,0.3082
1790171930022,2637,1.2135,0.3858
1790171930066,2638,1.1802,0.3207
1790171930115,2639,1.2255,0.3486
1790171930166,2640,1.2782,1.2528
1790171930216,2641,1.2364,0.3727
1790171930266,2642,1.2069,0.3384
1790171930315,2643,1.2855,0.5795
1790171930368,2644,1.2228,10.0991
1790171930416,2645,1.2290,0.5523
1790171930465,2646,1.2747,0.3376
1790171930525,2647,1.3016,0.3734
1790171930572,2648,1.2525,0.3091
1790171930616,2649,1.2700,0.3308
1790171930667,2650,1.8644,0.9771
1790171930718,2651,1.4152,1.0999
1790171930769,2652,1.1383,0.3292
1790171930821,2653,5.6661,2.7894
1790171930874,2654,1.2670,0.8172
1790171930918,2655,3.9136,0.3472
1790171930968,2656,1.5202,0.6418
1790171931024,2657,1.3497,0.9257
1790171931066,2658,1.2725,0.3183
1790171931120,2659,1.3313,0.3495
1790171931165,2660,1.2667,0.7089
1790171931216,2661,1.3890,0.3602
1790171931273,2662,1.1649,0.3510
1790171931317,2663,1.2572,1.0947
1790171931371,2664,1.2071,0.8966
1790171931418,2665,1.6186,0.3087
1790171931467,2666,1.3487,0.4561
1790171931519,2667,1.3608,1.2498
1790171931566,2668,1.1365,0.3201
1790171931615,2669,1.3587,0.7761
1790171931665,2670,1.1409,0.3048
1790171931716,2671,1.4862,0.5759
1790171931766,2672,1.4154,0.3285
1790171931816,2673,1.1758,0.3132
1790171931865,2674,1.3032,1.1787
1790171931916,2675,1.2052,0.2994
1790171931983,2676,3.4399,2.5650
1790171932018,2677,1.1521,0.3531
1790171932066,2678,1.1529,0.3144
1790171932116,2679,1.0054,0.3284
1790171932165,2680,1.3803,0.8791
1790171932217,2681,1.2915,0.3232
1790171932267,2682,2.6016,0.2988
1790171932316,2683,1.1559,0.7291
1790171932365,2684,1.2274,0.7898
1790171932416,2685,1.2951,0.7454
1790171932466,2686,1.3228,0.9378
1790171932516,2687,1.3246,0.6995
1790171932566,2688,1.2984,0.3612
1790171932616,2689,1.4705,0.3081
1790171932666,2690,1.1984,0.5758
1790171932716,2691,1.3164,0.3265
1790171932766,2692,1.2254,0.3421
1790171932816,2693,1.1594,0.3075
1790171932866,2694,1.2994,0.3346
1790171932917,2695,1.2466,0.6837
1790171932965,2696,1.1357,0.3290
1790171933017,2697,1.3175,1.7150
1790171933065,2698,0.9336,0.2413
1790171933116,2699,1.2688,0.7111
1790171933166,2700,1.1851,0.6233
1790171933216,2701,1.1795,0.5970
1790171933266,2702,1.2765,0.8310
1790171933315,2703,1.1553,0.3295
1790171933366,2704,1.2185,0.3322
1790171933416,2705,1.2884,0.7060
1790171933466,2706,1.2544,0.6642
1790171933516,2707,0.8796,0.2484
1790171933566,2708,1.1882,0.3501
1790171933616,2709,1.2452,0.3281
1790171933666,2710,1.1981,0.3654
1790171933717,2711,1.2104,0.6012
1790171933767,2712,1.1592,0.3301
1790171933817,2713,1.2133,0.3481
1790171933867,2714,1.0226,0.7589
1790171933915,2715,1.1593,0.3159
1790171933967,2716,1.4412,0.8086
1790171934016,2717,1.7313,0.3110
1790171934066,2718,1.1412,0.2543
1790171934116,2719,1.1728,0.3049
1790171934166,2720,1.0386,0.2808
1790171934216,2721,1.2576,0.5696
1790171934266,2722,1.1963,0.3346
1790171934315,2723,1.2903,0.5882
1790171934366,2724,1.2676,0.7165
1790171934416,2725,1.1099,0.2692
1790171934466,2726,1.9316,0.9825
1790171934516,2727,1.1774,0.6832
1790171934566,2728,1.1540,0.3094
1790171934616,2729,1.2485,0.3195
1790171934666,2730,1.2533,0.6693
1790171934716,2731,1.0998,0.3043
1790171934766,2732,1.1518,0.3247
1790171934816,2733,1.3702,0.6907
1790171934865,2734,1.1633,0.3284
1790171934915,2735,1.1806,0.7885
1790171934968,2736,2.4032,1.7174
1790171935016,2737,1.3089,1.5048
1790171935066,2738,1.1206,0.3137
1790171935116,2739,1.1445,0.3449
1790171935166,2740,1.3060,1.0375
1790171935216,2741,1.1005,0.3290
1790171935266,2742,1.2286,0.3806
1790171935316,2743,0.9683,0.7630
1790171935365,2744,0.8901,0.2389
1790171935415,2745,1.1687,0.3518
1790171935466,2746,1.0903,0.3072
1790171935516,2747,1.1566,0.3035
1790171935566,2748,1.2310,0.7783
1790171935615,2749,1.2387,0.3236
1790171935666,2750,1.2627,0.6295
1790171935716,2751,1.2035,0.3272
1790171935766,2752,1.2442,0.3919
1790171935815,2753,1.1698,0.3235
1790171935866,2754,1.2064,0.5654
1790171935915,2755,1.1354,0.3198
1790171935974,2756,1.0949,0.3120
1790171936016,2757,1.2680,1.2902
1790171936066,2758,1.1329,0.3177
1790171936116,2759,1.1720,0.6946
1790171936166,2760,1.2146,0.3376
1790171936216,2761,1.2958,0.8789
1790171936265,2762,1.2192,0.3056
1790171936317,2763,1.1243,0.3382
1790171936366,2764,1.1658,0.7854
1790171936415,2765,1.1376,0.3424
1790171936466,2766,1.1140,0.3373
1790171936516,2767,1.1165,0.3317
1790171936566,2768,1.2053,0.3090
1790171936616,2769,1.2541,0.3113
1790171936666,2770,0.9598,0.3072
1790171936717,2771,1.1330,0.3214
1790171936766,2772,1.3245,0.6310
1790171936816,2773,1.1332,0.3142
1790171936868,2774,1.1796,0.3705
1790171936917,2775,1.1817,0.3503
1790171936966,2776,1.4629,1.1411
1790171937015,2777,1.1875,1.1128
1790171937066,2778,1.1395,0.3102
1790171937117,2779,1.2010,0.3142
1790171937166,2780,1.2491,0.3176
1790171937215,2781,1.1226,0.3234
1790171937266,2782,1.2641,0.6446
1790171937315,2783,1.1017,0.8609
1790171937366,2784,1.1993,0.3084
1790171937415,2785,1.1932,1.0060
1790171937465,2786,1.1948,0.3594
1790171937516,2787,1.4733,0.3712
1790171937566,2788,1.1937,0.8055
1790171937615,2789,1.2395,0.3527
1790171937666,2790,1.2066,0.8327
1790171937716,2791,1.1255,0.3217
1790171937766,2792,1.1328,0.3273
1790171937816,2793,1.1364,0.3527
1790171937866,2794,1.2025,0.7952
1790171937917,2795,1.2467,0.3607
1790171937966,2796,1.1771,0.6720
1790171938016,2797,1.1786,1.1847
1790171938066,2798,1.1444,0.3211
1790171938116,2799,1.3261,0.2488
1790171938166,2800,1.2259,0.3465
1790171938216,2801,1.1662,0.3496
1790171938266,2802,1.1442,0.3344
1790171938316,2803,1.1377,0.3428
1790171938365,2804,1.0336,0.2552
1790171938417,2805,1.2887,0.4952
1790171938465,2806,1.2604,1.0055
1790171938515,2807,1.2214,0.8262
1790171938566,2808,1.1139,0.2917
1790171938616,2809,1.4298,1.0789
1790171938665,2810,1.1459,0.3298
1790171938716,2811,1.1000,0.7793
1790171938766,2812,1.2077,0.3654
1790171938816,2813,1.1373,0.3299
1790171938866,2814,1.1821,0.7227
1790171938917,2815,1.2352,0.7971
1790171938967,2816,1.2225,0.7731
1790171939016,2817,1.1615,1.3591
1790171939065,2818,1.2292,0.7057
1790171939116,2819,1.4343,0.9538
1790171939166,2820,1.5350,1.0264
1790171939215,2821,1.3814,0.3051
1790171939265,2822,1.4168,0.8613
1790171939317,2823,1.1854,0.3990
1790171939367,2824,1.9553,0.3321
1790171939416,2825,1.4176,0.6920
1790171939465,2826,1.9086,0.3719
1790171939516,2827,1.4832,0.3110
1790171939565,2828,1.2747,0.7623
1790171939626,2829,1.3255,0.3229
1790171939667,2830,1.2867,0.3251
1790171939718,2831,1.1320,0.2783
1790171939765,2832,1.7243,0.2844
1790171939816,2833,1.0028,0.2780
1790171939867,2834,2.1870,0.2477
1790171939915,2835,1.0725,0.2653
1790171939969,2836,1.3537,0.8893
1790171940016,2837,1.1378,2.3832
1790171940065,2838,1.0758,0.7994
1790171940116,2839,1.0324,0.2865
1790171940166,2840,1.1726,0.5080
1790171940216,2841,1.1388,0.2908
1790171940268,2842,2.1566,1.7892
1790171940319,2843,1.7710,0.9299
1790171940367,2844,1.1414,0.2814
1790171940418,2845,1.2167,0.3738
1790171940470,2846,1.1100,0.2936
1790171940525,2847,1.4623,0.6631
1790171940581,2848,1.2465,0.3169
1790171940616,2849,1.4619,0.3877
1790171940671,2850,1.3796,0.7965
1790171940835,2851,6.3074,0.3315
1790171940836,2852,0.9667,0.2053
1790171940837,2853,0.5256,0.1396
1790171940866,2854,1.2132,0.4015
1790171940918,2855,1.1616,0.9178
1790171940966,2856,1.1357,0.2797
1790171941034,2857,1.5442,0.3606
1790171941070,2858,1.2842,0.2914
1790171941135,2859,1.5244,1.3879
1790171941175,2860,1.2266,0.8938
1790171941216,2861,1.2347,0.4557
1790171941285,2862,1.6001,0.5393
1790171941321,2863,1.8449,1.0330
1790171941389,2864,1.1548,0.3003
1790171941436,2865,1.2626,0.4072
1790171941474,2866,2.5494,0.2686
1790171941530,2867,1.2964,0.9284
1790171941568,2868,1.2072,3.4879
1790171941627,2869,1.4923,0.2663
1790171941672,2870,1.2982,0.4107
1790171941737,2871,1.1407,0.7726
1790171941774,2872,1.2294,0.4152
1790171941825,2873,1.1754,0.7152
1790171941866,2874,1.2478,1.1827
1790171941915,2875,1.1241,0.5927
1790171941966,2876,1.1734,0.3049
1790171942020,2877,1.2277,0.8837
1790171942071,2878,1.0546,0.6936
1790171942116,2879,1.0516,0.4712
1790171942166,2880,1.1910,0.7414
1790171942217,2881,1.0677,0.2781
1790171942266,2882,1.1089,0.2816
1790171942315,2883,1.1080,0.2948
1790171942368,2884,1.1570,0.6567
1790171942416,2885,1.1507,0.2992
1790171942466,2886,1.1286,0.3103
1790171942516,2887,1.0567,0.5450
1790171942566,2888,1.0521,0.2676
1790171942616,2889,1.1773,0.2821
1790171942666,2890,1.2344,0.6939
1790171942718,2891,2.8023,0.2573
1790171942766,2892,1.0226,0.2606
1790171942816,2893,1.0768,0.5540
1790171942867,2894,1.0590,0.3234
1790171942915,2895,1.1301,0.2790
1790171942966,2896,1.1286,0.9328
1790171943016,2897,1.0626,0.2756
1790171943066,2898,1.3602,0.5621
1790171943116,2899,1.0323,0.2848
1790171943166,2900,1.1446,0.2776
1790171943215,2901,1.0586,0.2862
1790171943266,2902,1.1034,0.3000
1790171943319,2903,1.6242,0.2951
1790171943366,2904,1.0766,0.2898
1790171943416,2905,1.3673,0.3624
1790171943466,2906,1.0537,0.2577
1790171943516,2907,1.1649,1.0088
1790171943612,2908,41.6858,7.8409
1790171943631,2909,2.5757,0.2711
1790171943672,2910,1.5363,0.5177
1790171943719,2911,1.8519,0.3517
1790171943767,2912,1.0330,0.2706
1790171943817,2913,1.1312,0.3088
1790171943866,2914,1.1082,0.6854
1790171943917,2915,2.7189,0.3351
1790171943971,2916,1.4214,0.6587
1790171944021,2917,1.2267,0.3415
1790171944068,2918,1.2371,0.2641
1790171944118,2919,1.8227,0.7905
1790171944167,2920,1.2270,0.6726
1790171944215,2921,1.0806,0.5267
1790171944266,2922,1.0642,0.6053
1790171944316,2923,1.1201,0.6626
1790171944366,2924,1.1386,0.2740
1790171944416,2925,1.6264,0.3454
1790171944466,2926,1.0650,0.2701
1790171944516,2927,1.6656,0.6321
1790171944566,2928,1.1087,0.6087
1790171944616,2929,1.1505,0.2780
1790171944667,2930,1.1305,1.0173
1790171944716,2931,1.0451,0.2642
1790171944766,2932,1.1343,0.2769
1790171944815,2933,1.1292,0.2652
1790171944866,2934,1.1027,0.2928
1790171944916,2935,1.1692,0.2674
1790171944967,2936,1.1574,0.6899
1790171945016,2937,1.0744,0.2889
1790171945066,2938,1.1101,1.2649
1790171945116,2939,1.0621,0.2780
1790171945166,2940,1.3502,0.2692
1790171945216,2941,1.0010,0.2631
1790171945266,2942,1.0307,0.2713
1790171945316,2943,1.0496,0.2854
1790171945366,2944,1.1080,0.4835
1790171945417,2945,1.1295,0.7469
1790171945466,2946,1.5160,0.2976
1790171945515,2947,1.0659,0.6039
1790171945566,2948,1.1281,1.2610
1790171945616,2949,1.1392,0.2721
1790171945667,2950,1.1600,0.6928
1790171945715,2951,1.1004,0.6479
1790171945766,2952,1.1905,0.2647
1790171945821,2953,1.0974,0.6526
1790171945866,2954,0.9561,0.2799
1790171945916,2955,1.0357,0.6652
1790171945967,2956,2.2744,1.3543
1790171946018,2957,1.0793,0.3077
1790171946066,2958,1.0435,0.2255
1790171946117,2959,1.3405,0.6976
1790171946166,2960,1.1417,0.3463
1790171946216,2961,1.2816,0.2609
1790171946267,2962,1.0720,0.2778
1790171946316,2963,1.1608,0.6724
1790171946366,2964,1.0844,0.2895
1790171946417,2965,1.1481,0.5708
1790171946466,2966,1.1058,0.2948
1790171946516,2967,1.1014,0.6440
1790171946565,2968,1.1185,0.6422
1790171946616,2969,1.0871,0.2657
1790171946667,2970,1.1387,0.8633
1790171946716,2971,1.1091,0.2754
1790171946766,2972,1.1125,0.2859
1790171946818,2973,2.6877,0.2715
1790171946866,2974,1.0922,0.2684
1790171946916,2975,1.0201,0.2755
1790171946965,2976,1.0832,0.5247
1790171947016,2977,1.0955,0.3042
1790171947074,2978,1.4253,1.0186
1790171947115,2979,1.0232,0.2626
1790171947170,2980,4.2285,0.2775
1790171947216,2981,1.0662,0.6207
1790171947266,2982,1.0972,0.2956
1790171947317,2983,1.0645,0.2858
1790171947368,2984,1.0760,0.2770
1790171947425,2985,6.3911,3.1397
1790171947471,2986,1.0518,0.2798
1790171947516,2987,1.0714,0.2805
1790171947566,2988,1.0611,0.2750
1790171947616,2989,1.1793,0.2892
1790171947669,2990,1.0672,0.6834
1790171947715,2991,1.0449,0.2774
1790171947765,2992,1.0138,0.2575
1790171947816,2993,1.0302,0.2762
1790171947866,2994,1.1095,0.6884
1790171947916,2995,1.3095,0.4532
1790171947967,2996,1.4266,0.6294
1790171948017,2997,1.0423,4.5450
1790171948068,2998,1.1158,0.2946
1790171948116,2999,1.1076,0.6966
1790171948167,3000,1.0796,0.2635
1790171948217,3001,1.0862,0.6604
1790171948266,3002,1.0595,0.2623
1790171948316,3003,1.1088,0.3064
1790171948366,3004,1.0320,0.2621
1790171948415,3005,1.1611,0.2913
1790171948466,3006,1.1707,0.2725
1790171948515,3007,1.1383,0.5590
1790171948565,3008,1.0722,0.6863
1790171948616,3009,1.1642,0.6894
1790171948667,3010,1.0879,0.6357
1790171948716,3011,1.0504,0.2740
1790171948766,3012,1.0562,0.2745
1790171948815,3013,1.1137,1.0223
1790171948868,3014,1.3414,0.4378
1790171948918,3015,1.2036,0.7280
1790171948967,3016,1.1458,1.1226
1790171949020,3017,1.2765,0.4259
1790171949066,3018,1.2104,0.2991
1790171949117,3019,1.2966,0.8128
1790171949168,3020,1.1543,0.2692
1790171949215,3021,1.1616,0.2729
1790171949265,3022,1.1108,0.2637
1790171949317,3023,1.1379,0.3168
1790171949365,3024,1.0753,0.2739
1790171949415,3025,1.1446,0.7146
1790171949465,3026,0.9142,0.2768
1790171949515,3027,1.0628,0.6396
1790171949566,3028,1.4886,0.3412
1790171949616,3029,1.1133,0.2739
1790171949666,3030,1.1137,0.2773
1790171949715,3031,1.0395,0.2932
1790171949766,3032,1.1167,0.2850
1790171949815,3033,1.2900,0.6380
1790171949867,3034,1.0837,0.3655
1790171949916,3035,1.2242,0.7851
1790171949967,3036,1.4047,1.1959
1790171950015,3037,1.0704,0.6679
1790171950067,3038,1.0275,0.2556
1790171950116,3039,1.1168,0.9725
1790171950167,3040,1.0952,0.2692
1790171950215,3041,1.1071,0.6832
1790171950265,3042,1.0293,0.2711
1790171950315,3043,1.1417,0.2883
1790171950366,3044,1.1611,0.2808
1790171950416,3045,1.2040,0.2845
1790171950466,3046,1.2219,0.6091
1790171950516,3047,1.0710,0.2805
1790171950567,3048,1.1485,1.0485
1790171950615,3049,1.1738,0.2897
1790171950666,3050,1.1749,0.2969
1790171950715,3051,1.1638,0.2903
1790171950767,3052,1.0719,0.2771
1790171950815,3053,1.0856,0.3038
1790171950866,3054,1.0684,0.2895
1790171950917,3055,1.3183,1.0637
1790171950973,3056,1.1707,1.1112
1790171951017,3057,1.0669,0.6707
1790171951066,3058,1.0518,0.2618
1790171951140,3059,1.2289,0.7563
1790171951168,3060,1.0819,0.2740
1790171951215,3061,1.0860,0.6864
1790171951265,3062,1.0620,0.2706
1790171951316,3063,1.0497,0.2683
1790171951367,3064,1.1429,0.7347
1790171951416,3065,1.2844,1.1809
1790171951466,3066,1.0707,0.3165
1790171951515,3067,1.0610,0.6703
1790171951572,3068,1.0828,0.2889
1790171953190,3069,23.8834,3.9562
