epoch_ms,online_tick,tick_ms,engine_ms
1790169775453,1,17.7094,0.6429
1790169775493,2,0.8009,0.0288
1790169775547,3,16.6827,0.0311
1790169775587,4,6.4076,0.0303
1790169775639,5,8.3324,0.0348
1790169775688,6,6.4998,0.0297
1790169775737,7,6.9223,0.0301
1790169775786,8,5.8215,0.0354
1790169775831,9,0.6402,0.0347
1790169775887,10,7.7134,0.0387
1790169775931,11,0.6617,0.0276
1790169775980,12,0.7340,0.0286
1790169776031,13,0.8399,0.0309
1790169776081,14,0.7017,0.0273
1790169776131,15,0.6517,0.0242
1790169776180,16,0.4413,0.0189
1790169776231,17,0.5033,0.0199
1790169776281,18,0.4696,0.0180
1790169776331,19,0.4358,0.0176
1790169776382,20,1.5867,0.0272
1790169776430,21,0.6102,0.0286
1790169776481,22,0.6470,0.0235
1790169776530,23,0.7471,0.0270
1790169776581,24,0.4467,0.0266
1790169776631,25,0.6143,0.0391
1790169776680,26,0.8528,0.0262
1790169776731,27,0.5392,0.0227
1790169776782,28,0.5938,0.0280
1790169776831,29,0.7780,0.0337
1790169776881,30,0.6351,0.0278
1790169776931,31,0.5766,0.0433
1790169776981,32,0.5387,0.0226
1790169777032,33,0.5827,0.0255
1790169777081,34,0.6558,0.0373
1790169777131,35,0.6921,0.0261
1790169777181,36,0.4292,0.0242
1790169777231,37,0.3294,0.0143
1790169777281,38,0.2736,0.0127
1790169777331,39,0.2670,0.0126
1790169777381,40,0.6172,0.0249
1790169777431,41,0.3380,0.0210
1790169777481,42,0.3437,0.0172
1790169777531,43,0.9133,0.0246
1790169777581,44,0.5170,0.0233
1790169777631,45,0.4360,0.0252
1790169777681,46,0.5418,0.0444
1790169777731,47,0.4766,0.0438
1790169777781,48,0.4142,0.0223
1790169777831,49,0.7174,0.0343
1790169777881,50,0.7066,0.0414
1790169777931,51,0.3941,0.0235
1790169777980,52,0.2803,0.0173
1790169778031,53,0.2776,0.0157
1790169778080,54,0.3562,0.0194
1790169778131,55,0.3129,0.0167
1790169778181,56,0.4063,0.0186
1790169778231,57,0.2992,0.0153
1790169778280,58,0.3303,0.0161
1790169778331,59,0.2902,0.0132
1790169778381,60,0.5488,0.0279
1790169778430,61,0.3637,0.0208
1790169778481,62,0.3418,0.0203
1790169778531,63,0.4242,0.0244
1790169778581,64,0.6386,0.0274
1790169778631,65,0.5712,0.0229
1790169778681,66,0.3014,0.0183
1790169778731,67,0.2416,0.0148
1790169778781,68,0.3221,0.0176
1790169778831,69,0.5688,0.0285
1790169778881,70,0.6959,0.0346
1790169778931,71,0.4273,0.0279
1790169778981,72,0.4274,0.0268
1790169779031,73,0.3132,0.0187
1790169779081,74,0.5923,0.0333
1790169779131,75,0.5006,0.0262
1790169779181,76,0.2944,0.0404
1790169779231,77,0.5314,0.0186
1790169779282,78,0.5562,0.0303
1790169779332,79,0.4173,0.0263
1790169779381,80,0.5104,0.0251
1790169779431,81,0.5305,0.0301
1790169779481,82,0.2698,0.0167
1790169779532,83,0.3171,0.0283
1790169779581,84,0.3168,0.0184
1790169779631,85,0.4987,0.0400
1790169779681,86,0.6406,0.0312
1790169779731,87,0.6349,0.0316
1790169779781,88,0.2617,0.0197
1790169779831,89,0.3757,0.0289
1790169779882,90,0.4660,0.0360
1790169779931,91,0.2842,0.0213
1790169779980,92,0.3284,0.0258
1790169780031,93,0.3490,0.0295
1790169780080,94,0.3148,0.0260
1790169780131,95,0.4384,0.0366
1790169780181,96,0.3422,0.0301
1790169780231,97,0.3726,0.0335
1790169780281,98,0.2694,0.0247
1790169780331,99,0.3634,0.0312
1790169780381,100,0.2886,0.0229
1790169780431,101,0.3926,0.0294
1790169780481,102,0.6154,0.0257
1790169780531,103,0.3182,0.0270
1790169780581,104,0.4014,0.0315
1790169780631,105,0.4896,0.0355
1790169780681,106,0.4411,0.0350
1790169780731,107,0.3172,0.0253
1790169780781,108,0.2131,0.0167
1790169780831,109,0.2603,0.0216
1790169780881,110,0.4241,0.0314
1790169780931,111,0.4501,0.0336
1790169780981,112,0.2961,0.0246
1790169781031,113,0.3165,0.0269
1790169781081,114,0.2809,0.0226
1790169782040,115,2.1749,0.0561
1790169782041,116,0.5483,0.0192
1790169782041,117,0.1026,0.0096
1790169782041,118,0.0909,0.0095
1790169782041,119,0.0674,0.0074
1790169782051,120,9.6583,9.5737
1790169782052,121,0.4881,0.0263
1790169782052,122,0.1568,0.0139
1790169782052,123,0.0777,0.0083
1790169782052,124,0.0879,0.0148
1790169782052,125,0.1192,0.0089
1790169782052,126,0.0740,0.0085
1790169782052,127,0.0738,0.0070
1790169782053,128,0.9830,0.0198
1790169782053,129,0.0995,0.0089
1790169782055,130,0.7093,0.6354
1790169782055,131,0.1212,0.0094
1790169782056,132,0.1349,0.0094
1790169782056,133,0.2089,0.0104
1790169782081,134,0.7015,0.0356
1790169782131,135,0.4278,0.0332
1790169782181,136,0.2880,0.0274
1790169782231,137,0.2294,0.0202
1790169782281,138,0.1850,0.0163
1790169782331,139,0.2084,0.0161
1790169782382,140,1.0000,0.7068
1790169782431,141,0.2841,0.0203
1790169782481,142,0.3111,0.0284
1790169782531,143,0.2708,0.0254
1790169782581,144,0.4127,0.0245
1790169782631,145,0.4679,0.0247
1790169782682,146,0.4763,0.0236
1790169782731,147,0.4680,0.0285
1790169782781,148,0.3533,0.0205
1790169782831,149,0.3610,0.0267
1790169782881,150,0.9470,0.4867
1790169782931,151,0.6104,0.0328
1790169782980,152,0.4233,0.0287
1790169783031,153,0.3530,0.0249
1790169783081,154,0.2855,0.0193
1790169783130,155,0.3721,0.0239
1790169783181,156,0.3160,0.0236
1790169783231,157,0.2421,0.0174
1790169783281,158,0.3859,0.0196
1790169783331,159,0.2384,0.0167
1790169783382,160,0.9364,0.5743
1790169783431,161,0.2587,0.0151
1790169783482,162,0.3739,0.0271
1790169783531,163,0.3564,0.0219
1790169783581,164,0.3549,0.0258
1790169783631,165,0.5021,0.0273
1790169783681,166,0.3328,0.0270
1790169783731,167,0.3108,0.0239
1790169783781,168,0.2388,0.0168
1790169783830,169,0.3478,0.0259
1790169783882,170,1.0270,0.5531
1790169783931,171,0.5744,0.0309
1790169783981,172,0.7076,0.0274
1790169784031,173,0.2714,0.0161
1790169784081,174,0.2052,0.0158
1790169784130,175,0.1801,0.0132
1790169784181,176,0.2467,0.0168
1790169784231,177,0.3182,0.0212
1790169784281,178,0.2470,0.0181
1790169784331,179,0.3009,0.0170
1790169784381,180,0.7338,0.4948
1790169784431,181,0.2443,0.0161
1790169784481,182,0.2331,0.0172
1790169784530,183,0.2950,0.0194
1790169784582,184,0.3073,0.0221
1790169784631,185,0.2289,0.0214
1790169784681,186,0.3929,0.0220
1790169784731,187,0.4456,0.0327
1790169784781,188,0.4240,0.0293
1790169784831,189,0.3025,0.0300
1790169784881,190,0.7455,0.4444
1790169784931,191,0.3039,0.0287
1790169784981,192,0.2542,0.0309
1790169785030,193,0.1999,0.0274
1790169785081,194,0.2932,0.0260
1790169785131,195,0.2370,0.0229
1790169785181,196,0.2105,0.0202
1790169785231,197,0.2730,0.0305
1790169785281,198,0.2740,0.0263
1790169785331,199,0.1986,0.0189
1790169785382,200,1.0330,0.7607
1790169785432,201,0.3442,0.0191
1790169785481,202,0.1982,0.0173
1790169785532,203,1.4958,0.0344
1790169785587,204,6.1793,0.0283
1790169785634,205,3.8031,0.0267
1790169785685,206,3.0498,0.0276
1790169785731,207,0.2985,0.0285
1790169785783,208,3.0558,0.0286
1790169785833,209,1.7864,0.0290
1790169785883,210,0.9576,0.4839
1790169785931,211,0.3757,0.0273
1790169785982,212,0.3481,0.0297
1790169786031,213,0.3340,0.0284
1790169786091,214,10.3093,9.9968
1790169786131,215,0.3930,0.0600
1790169786184,216,1.7702,23.4800
1790169786234,217,1.3853,30.3664
1790169786281,218,0.4012,4.3475
1790169786331,219,0.3533,0.0246
1790169786384,220,4.2084,3.6189
1790169786431,221,0.3753,0.0248
1790169786481,222,0.3683,0.0262
1790169786531,223,0.3521,0.0258
1790169786580,224,0.2425,0.0219
1790169786631,225,0.3690,0.0278
1790169786680,226,0.4075,0.0262
1790169786731,227,0.3484,0.0276
1790169786781,228,0.2762,0.0234
1790169786831,229,0.2584,0.0227
1790169786881,230,0.6845,0.3667
1790169786931,231,0.3139,0.0230
1790169786981,232,0.2764,0.0216
1790169787031,233,0.2578,0.0206
1790169787080,234,0.2540,0.0152
1790169787131,235,0.1793,0.0134
1790169787181,236,0.1810,0.0158
1790169787231,237,0.2221,0.0178
1790169787281,238,0.2787,0.0227
1790169787331,239,0.1847,0.0156
1790169787381,240,0.5432,0.3326
1790169787431,241,0.5397,0.0298
1790169787481,242,0.2896,0.0209
1790169787530,243,0.2306,0.0213
1790169787581,244,0.2389,0.0201
1790169787630,245,0.1917,0.0162
1790169787681,246,0.1673,0.0144
1790169787731,247,0.1727,0.0151
1790169787781,248,0.1874,0.0159
1790169787831,249,0.1668,0.0148
1790169787881,250,0.7224,0.3884
1790169787930,251,0.2956,0.0251
1790169787981,252,0.2473,0.0211
1790169788031,253,0.2033,0.0163
1790169788081,254,0.2023,0.0338
1790169788131,255,0.2621,0.0464
1790169788181,256,0.2605,0.0363
1790169788231,257,0.2338,0.0172
1790169788281,258,0.1715,0.0144
1790169788331,259,0.1667,0.0144
1790169788381,260,0.7458,0.4683
1790169788431,261,0.3263,0.0251
1790169788481,262,0.2322,0.0203
1790169788531,263,0.1867,0.0157
1790169788581,264,0.2521,0.0216
1790169788631,265,0.2241,0.0197
1790169788681,266,0.2359,0.0186
1790169788731,267,0.2184,0.0191
1790169788781,268,0.1835,0.0158
1790169788831,269,0.2283,0.0192
1790169788881,270,0.7050,0.3708
1790169788930,271,0.3529,0.0246
1790169788981,272,0.2568,0.0223
1790169789031,273,0.2462,0.0202
1790169789081,274,0.1953,0.0182
1790169789131,275,0.2299,0.0232
1790169789181,276,0.2096,0.0184
1790169789231,277,0.2540,0.0498
1790169789281,278,0.2611,0.0236
1790169789331,279,0.1926,0.0160
1790169789381,280,0.5815,0.3609
1790169789431,281,0.1805,0.0131
1790169789481,282,0.3202,0.0241
1790169789531,283,0.4742,0.0310
1790169789581,284,0.2666,0.0239
1790169789631,285,0.2666,0.0235
1790169789681,286,0.1985,0.0169
1790169789732,287,0.2274,0.0197
1790169789782,288,0.3805,0.0266
1790169789831,289,0.2428,0.0185
1790169789881,290,0.7363,0.4722
1790169789931,291,0.2544,0.0222
1790169789981,292,0.2654,0.0220
1790169790031,293,0.2539,0.0227
1790169790081,294,0.3435,0.0251
1790169790131,295,0.3227,0.0239
1790169790182,296,0.1910,0.0177
1790169790231,297,0.1778,0.0164
1790169790281,298,0.2259,0.0186
1790169790331,299,0.2671,0.0198
1790169790380,300,0.5205,0.3200
1790169790431,301,0.2147,0.0144
1790169790481,302,0.2536,0.0244
1790169790531,303,0.1885,0.0173
1790169790581,304,0.5326,0.0197
1790169790631,305,0.1831,0.0171
1790169790681,306,0.1734,0.0159
1790169790730,307,0.1872,0.0179
1790169790781,308,0.2076,0.0194
1790169790831,309,0.1817,0.0178
1790169790881,310,0.6989,0.3977
1790169790932,311,0.2064,0.0201
1790169790981,312,0.2178,0.0186
1790169791031,313,0.1646,0.0146
1790169791082,314,1.1731,1.0211
1790169791132,315,0.6715,11.8142
1790169791181,316,0.3944,3.4442
1790169791231,317,0.3212,0.0264
1790169791281,318,0.3338,0.0263
1790169791331,319,0.3166,0.0245
1790169791382,320,1.0518,0.7203
1790169791431,321,0.2519,0.0206
1790169791481,322,0.2914,0.0220
1790169791531,323,0.2632,0.0230
1790169791581,324,0.2931,0.0238
1790169791631,325,0.2774,0.0202
1790169791681,326,0.1720,0.0163
1790169791731,327,0.1891,0.0181
1790169791781,328,0.2349,0.0202
1790169791831,329,0.2255,0.0203
1790169791882,330,0.9941,0.7139
1790169791930,331,0.2385,0.0190
1790169791982,332,0.2554,0.0209
1790169792031,333,0.2245,0.0196
1790169792081,334,0.2113,0.0183
1790169792131,335,0.2896,0.0221
1790169792181,336,0.2887,0.0219
1790169792230,337,0.2124,0.0190
1790169792281,338,0.2755,0.0240
1790169792331,339,0.2153,0.0192
1790169792381,340,0.8093,0.6294
1790169792430,341,0.1926,0.0142
1790169792481,342,0.1748,0.0129
1790169792531,343,0.2372,0.0178
1790169792581,344,0.1765,0.0140
1790169792631,345,0.2324,0.0195
1790169792681,346,0.1727,0.0150
1790169792731,347,0.1917,0.0205
1790169792781,348,0.1773,0.0159
1790169792831,349,0.2094,0.0156
1790169792881,350,0.8777,0.6346
1790169792931,351,0.2235,0.0182
1790169792980,352,0.2199,0.0170
1790169793031,353,0.2830,0.0256
1790169793081,354,0.2555,0.0272
1790169793131,355,0.2559,0.0526
1790169793181,356,0.1962,0.0173
1790169793231,357,0.2204,0.0177
1790169793281,358,0.1886,0.0161
1790169793331,359,0.1812,0.0158
1790169793381,360,0.5499,0.3560
1790169793431,361,0.1480,0.0116
1790169793481,362,0.1626,0.0118
1790169793532,363,0.1538,0.0122
1790169793581,364,0.1402,0.0117
1790169793631,365,0.1426,0.0108
1790169793680,366,0.2907,0.0201
1790169793731,367,0.1917,0.0160
1790169793781,368,0.1880,0.0164
1790169793831,369,0.2233,0.0180
1790169793881,370,0.7902,0.5506
1790169793931,371,0.2265,0.0185
1790169793981,372,0.2142,0.0155
1790169794031,373,0.1711,0.0142
1790169794081,374,0.1814,0.0147
1790169794131,375,0.2569,0.0195
1790169794181,376,0.1640,0.0133
1790169794231,377,0.1625,0.0130
1790169794281,378,0.1417,0.0112
1790169794331,379,0.1465,0.0116
1790169794381,380,0.6302,0.4493
1790169794431,381,0.1693,0.0131
1790169794481,382,0.1781,0.0131
1790169794531,383,0.1994,0.0125
1790169794581,384,0.2354,0.0145
1790169794631,385,0.2504,0.0117
1790169794681,386,0.3844,0.0244
1790169794731,387,0.2269,0.0207
1790169794780,388,0.3121,0.0253
1790169794831,389,0.2423,0.0236
1790169794881,390,0.8457,0.6258
1790169794931,391,0.2388,0.0215
1790169794981,392,0.2313,0.0222
1790169795031,393,0.1930,0.0196
1790169795081,394,0.1655,0.0164
1790169795132,395,0.2011,0.0189
1790169795180,396,0.2302,0.0209
1790169795230,397,0.1965,0.0203
1790169795281,398,0.1307,0.0131
1790169795330,399,0.1753,0.0155
1790169795381,400,0.6894,0.4808
1790169795431,401,0.2225,0.0159
1790169795481,402,0.2340,0.0153
1790169795531,403,0.1846,0.0135
1790169795581,404,0.1718,0.0150
1790169795631,405,0.3861,0.0162
1790169795681,406,0.2560,0.0216
1790169795731,407,0.1896,0.0195
1790169795781,408,0.1776,0.0162
1790169795831,409,0.1801,0.0173
1790169795881,410,0.6655,0.4446
1790169795930,411,0.2701,0.0245
1790169795981,412,0.2247,0.0213
1790169796031,413,0.1532,0.0140
1790169796081,414,0.2812,0.0261
1790169796131,415,0.2199,0.0214
1790169796181,416,0.2003,0.0213
1790169796231,417,0.2012,0.0317
1790169796281,418,0.1410,0.0126
1790169796332,419,0.2329,0.0180
1790169796381,420,0.2007,0.0158
1790169796431,421,0.2100,0.0168
1790169796480,422,0.1838,0.0179
1790169796531,423,0.1419,0.0138
1790169796581,424,0.1595,0.0152
1790169796630,425,0.2105,0.0124
1790169796681,426,0.1472,0.0128
1790169796731,427,0.2082,0.0199
1790169796781,428,0.2185,0.0205
1790169796830,429,0.2119,0.0198
1790169796881,430,0.3466,0.0282
1790169796931,431,0.2797,0.0273
1790169796982,432,0.2528,0.0259
1790169797031,433,0.1465,0.0148
1790169797081,434,0.1712,0.0166
1790169797131,435,0.1781,0.0143
1790169797181,436,0.1384,0.0135
1790169797231,437,0.1741,0.0164
1790169797281,438,0.1688,0.0159
1790169797331,439,0.1675,0.0156
1790169797381,440,0.1711,0.0135
1790169797431,441,0.2714,0.0221
1790169797481,442,0.1911,0.0221
1790169797531,443,0.1618,0.0166
1790169797581,444,0.1699,0.0174
1790169797631,445,0.1524,0.0139
1790169797681,446,0.2669,0.0199
1790169797731,447,0.2268,0.0237
1790169797781,448,0.2289,0.0241
1790169797831,449,0.2616,0.0263
1790169797881,450,0.2820,0.0249
1790169797931,451,0.2399,0.0243
1790169797981,452,0.1887,0.0200
1790169798032,453,0.2572,0.0231
1790169798080,454,0.2101,0.0194
1790169798131,455,0.1829,0.0159
1790169798181,456,0.1557,0.0156
1790169798231,457,0.1713,0.0161
1790169798280,458,0.1635,0.0156
1790169798331,459,0.1299,0.0128
1790169798381,460,0.1560,0.0127
1790169798431,461,0.1787,0.0164
1790169798481,462,0.2232,0.0197
1790169798531,463,0.1932,0.0170
1790169798581,464,0.1469,0.0142
1790169798631,465,0.1404,0.0120
1790169798681,466,0.1399,0.0125
1790169798731,467,0.2039,0.0203
1790169798781,468,0.2176,0.0205
1790169798831,469,0.2012,0.0204
1790169798881,470,0.3162,0.0244
1790169798931,471,0.2346,0.0217
1790169798981,472,0.2121,0.0213
1790169799031,473,0.2078,0.0219
1790169799081,474,0.1773,0.0181
1790169799131,475,0.2343,0.0219
1790169799181,476,0.2967,0.0198
1790169799231,477,0.1810,0.0193
1790169799281,478,0.1654,0.0171
1790169799331,479,0.1405,0.0146
1790169799381,480,0.1697,0.0123
1790169799431,481,0.1612,0.0149
1790169799480,482,0.1757,0.0162
1790169799531,483,0.1339,0.0117
1790169799581,484,0.1439,0.0130
1790169799630,485,0.1406,0.0128
1790169799681,486,0.1199,0.0112
1790169799731,487,0.2211,0.0220
1790169799781,488,0.1503,0.0152
1790169799831,489,0.1556,0.0154
1790169799880,490,0.2399,0.0226
1790169799931,491,0.2548,0.0255
1790169799981,492,0.1558,0.0152
1790169800030,493,0.1609,0.0167
1790169800081,494,0.1787,0.0168
1790169800131,495,0.1795,0.0163
1790169800181,496,0.1783,0.0173
1790169800231,497,0.1517,0.0157
1790169800281,498,0.1502,0.0145
1790169800330,499,0.1316,0.0124
1790169800381,500,0.1681,0.0129
1790169800431,501,0.2311,0.0223
1790169800481,502,0.1776,0.0174
1790169800531,503,0.1327,0.0122
1790169800581,504,0.1347,0.0110
1790169800630,505,0.1457,0.0119
1790169800681,506,0.3054,0.0118
1790169800731,507,0.1953,0.0181
1790169800782,508,0.2091,0.0208
1790169800831,509,0.2213,0.0226
1790169800880,510,0.2829,0.0242
1790169800931,511,0.2916,0.0239
1790169800981,512,0.3419,0.0575
1790169801031,513,0.3307,0.0812
1790169801080,514,0.1636,0.0108
1790169801131,515,0.3119,0.1343
1790169801181,516,0.1774,0.0102
1790169801231,517,0.1682,0.0106
1790169801280,518,0.1554,0.0099
1790169801331,519,0.1260,0.0083
1790169801381,520,0.1588,0.0082
1790169801431,521,0.1759,0.0101
1790169801481,522,0.1821,0.0113
1790169801530,523,0.1584,0.0103
1790169801581,524,0.2170,0.0127
1790169801631,525,0.2172,0.0126
1790169801681,526,0.1895,0.0126
1790169801731,527,0.1560,0.0112
1790169801781,528,0.1818,0.0119
1790169801832,529,0.1769,0.0116
1790169801881,530,0.2147,0.0123
1790169801931,531,0.2959,0.0164
1790169801980,532,0.1999,0.0114
1790169802031,533,0.1637,0.0119
1790169802081,534,0.1567,0.0111
1790169802130,535,0.2069,0.0116
1790169802181,536,0.2419,0.0147
1790169802231,537,0.2460,0.0140
1790169802281,538,0.3038,0.0164
1790169802331,539,0.2458,0.0125
1790169802380,540,0.2018,0.0110
1790169802431,541,0.2089,0.0125
1790169802481,542,0.1701,0.0116
1790169802531,543,0.1607,0.0106
1790169802580,544,0.1519,0.0099
1790169802631,545,0.1329,0.0087
1790169802681,546,0.1437,0.0087
1790169802731,547,0.1412,0.0101
1790169802781,548,0.2024,0.0122
1790169802831,549,0.1814,0.0115
1790169802881,550,0.2286,0.0129
1790169802931,551,0.1976,0.0129
1790169802980,552,0.1795,0.0117
1790169803031,553,0.1919,0.0121
1790169803081,554,0.1733,0.0116
1790169803131,555,0.1835,0.0110
1790169803181,556,0.2121,0.0105
1790169803231,557,0.1419,0.0105
1790169803280,558,0.1574,0.0097
1790169803332,559,0.1170,0.0078
1790169803382,560,0.1383,0.0074
1790169803432,561,0.1135,0.0076
1790169803481,562,0.1772,0.0112
1790169803530,563,0.1465,0.0090
1790169803581,564,0.1415,0.0088
1790169803631,565,0.1279,0.0078
1790169803680,566,0.1459,0.0080
1790169803731,567,0.2145,0.0107
1790169803781,568,0.1559,0.0102
1790169803831,569,0.2084,0.0135
1790169803881,570,0.2223,0.0129
1790169803930,571,0.2231,0.0138
1790169803981,572,0.1995,0.0121
1790169804031,573,0.1927,0.0128
1790169804081,574,0.1759,0.0117
1790169804131,575,0.2095,0.0121
1790169804181,576,0.1946,0.0117
1790169804231,577,0.1605,0.0101
1790169804281,578,0.1470,0.0101
1790169804331,579,0.1439,0.0104
1790169804381,580,0.1488,0.0087
1790169804431,581,0.1321,0.0087
1790169804481,582,0.1354,0.0088
1790169804531,583,0.1457,0.0089
1790169804581,584,0.1469,0.0095
1790169804631,585,0.1343,0.0085
1790169804680,586,0.1257,0.0093
1790169804731,587,0.1275,0.0087
1790169804781,588,0.1349,0.0085
1790169804831,589,0.1900,0.0120
1790169804881,590,0.2753,0.0150
1790169804931,591,0.2064,0.0138
1790169804981,592,0.1609,0.0119
1790169805031,593,0.1522,0.0110
1790169805081,594,0.1914,0.0109
1790169805131,595,0.1535,0.0103
1790169805181,596,0.2662,0.0150
1790169805231,597,0.1948,0.0130
1790169805281,598,0.2152,0.0125
1790169805331,599,0.2107,0.0110
1790169805381,600,0.1593,0.0097
1790169805432,601,2.1148,0.0106
1790169805481,602,0.1525,0.0102
1790169805531,603,0.1802,0.0117
1790169805581,604,0.1910,0.0116
1790169805631,605,0.1541,0.0087
1790169805681,606,0.2920,0.0087
1790169805731,607,0.1167,0.0081
1790169805781,608,0.1386,0.0089
1790169805831,609,0.2578,0.0123
1790169805882,610,0.2297,0.0142
1790169805931,611,0.1939,0.0125
1790169805981,612,0.1615,0.0116
1790169806031,613,0.1541,0.0104
1790169806081,614,0.1962,0.0119
1790169806131,615,0.2101,0.0121
1790169806181,616,0.2389,0.0150
1790169806231,617,0.2451,0.0150
1790169806281,618,0.1988,0.0129
1790169806330,619,0.1627,0.0117
1790169806382,620,0.2053,0.0108
1790169806430,621,0.1691,0.0108
1790169806481,622,0.1558,0.0102
1790169806531,623,0.1755,0.0114
1790169806581,624,0.1547,0.0158
1790169806631,625,0.1439,0.0090
1790169806681,626,0.1323,0.0081
1790169806731,627,0.1543,0.0098
1790169806781,628,0.2179,0.0125
1790169806831,629,0.1961,0.0124
1790169806880,630,0.2584,0.0143
1790169806931,631,0.2300,0.0139
1790169806981,632,0.2537,0.0145
1790169807032,633,0.1837,0.0127
1790169807081,634,0.1916,0.0127
1790169807131,635,0.1995,0.0121
1790169807181,636,0.2747,0.0130
1790169807231,637,0.2577,0.0169
1790169807281,638,0.1931,0.0131
1790169807331,639,0.2007,0.0127
1790169807381,640,0.1702,0.0098
1790169807431,641,0.2103,0.0104
1790169807481,642,0.1725,0.0111
1790169807531,643,0.1260,0.0097
1790169807581,644,0.1794,0.0118
1790169807631,645,0.2108,0.0127
1790169807681,646,0.1607,0.0112
1790169807731,647,0.1369,0.0104
1790169807781,648,0.1332,0.0104
1790169807830,649,0.1456,0.0102
1790169807881,650,0.2565,0.0134
1790169807931,651,0.2733,0.0144
1790169807983,652,0.2093,0.0124
1790169808030,653,0.1855,0.0130
1790169808081,654,0.1713,0.0125
1790169808130,655,0.1655,0.0107
1790169808181,656,0.1882,0.0122
1790169808231,657,0.1936,0.0124
1790169808281,658,0.1650,0.0111
1790169808331,659,0.1528,0.0112
1790169808381,660,0.1486,0.0101
1790169808430,661,0.1211,0.0097
1790169808482,662,0.2060,0.0120
1790169808531,663,0.1745,0.0119
1790169808581,664,0.1675,0.0111
1790169808631,665,0.1471,0.0099
1790169808681,666,0.1275,0.0115
1790169808730,667,0.1392,0.0090
1790169808781,668,0.1540,0.0102
1790169808831,669,0.1622,0.0098
1790169808881,670,0.2704,0.0153
1790169808931,671,0.1877,0.0132
1790169808981,672,0.2239,0.0120
1790169809032,673,0.1848,0.0125
1790169809081,674,0.1703,0.0113
1790169809130,675,0.1786,0.0108
1790169809181,676,0.1500,0.0112
1790169809231,677,0.1522,0.0103
1790169809281,678,0.1258,0.0092
1790169809331,679,0.1380,0.0091
1790169809381,680,0.1435,0.0085
1790169809431,681,0.2132,0.0125
1790169809481,682,0.1295,0.0084
1790169809531,683,0.1129,0.0075
1790169809580,684,0.1409,0.0087
1790169809632,685,0.1658,0.0090
1790169809681,686,0.1407,0.0083
1790169809730,687,0.1424,0.0091
1790169809780,688,0.1467,0.0093
1790169809831,689,0.1820,0.0105
1790169809881,690,0.2127,0.0131
1790169809931,691,0.1926,0.0131
1790169809981,692,0.1760,0.0111
1790169810030,693,0.1601,0.0110
1790169810081,694,0.1878,0.0129
1790169810131,695,0.1812,0.0119
1790169810181,696,0.1913,0.0122
1790169810231,697,0.1478,0.0107
1790169810281,698,0.1832,0.0117
1790169810331,699,0.1366,0.0100
1790169810381,700,0.1439,0.0088
1790169810431,701,0.1196,0.0082
1790169810480,702,0.1657,0.0107
1790169810531,703,0.1948,0.0110
1790169810581,704,0.1459,0.0096
1790169810631,705,0.1656,0.0102
1790169810681,706,0.1354,0.0097
1790169810731,707,0.2517,0.0087
1790169810780,708,0.1249,0.0088
1790169810831,709,0.1230,0.0083
1790169810881,710,0.1881,0.0102
1790169810932,711,0.2063,0.0134
1790169810981,712,0.2553,0.0146
1790169811031,713,0.2838,0.0132
1790169811081,714,0.2647,0.0146
1790169811130,715,0.2639,0.0161
1790169811181,716,0.2369,0.0138
1790169811231,717,0.2530,0.0152
1790169811281,718,0.2352,0.0147
1790169811331,719,0.2267,0.0132
1790169811380,720,0.2108,0.0129
1790169811431,721,0.2065,0.0142
1790169811480,722,0.1930,0.0128
1790169811531,723,0.1501,0.0105
1790169811581,724,0.1298,0.0089
1790169811630,725,0.1646,0.0101
1790169811681,726,0.1350,0.0093
1790169811731,727,0.1106,0.0083
1790169811781,728,0.1139,0.0082
1790169811831,729,0.1412,0.0089
1790169811881,730,0.2800,0.0136
1790169811931,731,0.2421,0.0151
1790169811981,732,0.1870,0.0129
1790169812030,733,0.1373,0.0105
1790169812081,734,0.1490,0.0110
1790169812131,735,0.2022,0.0116
1790169812181,736,0.1327,0.0105
1790169812231,737,0.1264,0.0101
1790169812281,738,0.1276,0.0096
1790169812331,739,0.2103,0.0139
1790169812381,740,0.2799,0.0153
1790169812431,741,0.2113,0.0148
1790169812481,742,0.1750,0.0133
1790169812531,743,0.1416,0.0105
1790169812580,744,0.1296,0.0096
1790169812631,745,0.1661,0.0107
1790169812681,746,0.1672,0.0110
1790169812731,747,0.1601,0.0100
1790169812781,748,0.1466,0.0100
1790169812831,749,0.1653,0.0104
1790169812881,750,0.2404,0.0141
1790169812931,751,0.1891,0.0128
1790169812981,752,0.2237,0.0140
1790169813031,753,0.2142,0.0135
1790169813081,754,0.2423,0.0149
1790169813131,755,0.1908,0.0118
1790169813181,756,0.1756,0.0122
1790169813231,757,0.1534,0.0107
1790169813281,758,0.1626,0.0117
1790169813331,759,0.1849,0.0126
1790169813381,760,0.1523,0.0084
1790169813431,761,0.1217,0.0081
1790169813481,762,0.1258,0.0080
1790169813531,763,0.1093,0.0070
1790169813581,764,0.1644,0.0091
1790169813631,765,0.1478,0.0087
1790169813681,766,0.1603,0.0099
1790169813731,767,0.1346,0.0087
1790169813781,768,0.1258,0.0079
1790169813831,769,0.1561,0.0081
1790169813881,770,0.1935,0.0118
1790169813931,771,0.1956,0.0128
1790169813981,772,0.2000,0.0124
1790169814031,773,0.1665,0.0122
1790169814082,774,0.1803,0.0113
1790169814131,775,0.1455,0.0156
1790169814182,776,0.1440,0.0106
1790169814231,777,0.1780,0.0116
1790169814281,778,0.1988,0.0119
1790169814330,779,0.1874,0.0131
1790169814381,780,0.2183,0.0119
1790169814431,781,0.1518,0.0107
1790169814481,782,0.1916,0.0124
1790169814531,783,0.1849,0.0118
1790169814581,784,0.1256,0.0098
1790169814631,785,0.1686,0.0110
1790169814681,786,0.1307,0.0101
1790169814730,787,0.1223,0.0101
1790169814781,788,0.1313,0.0094
1790169814831,789,0.1632,0.0113
1790169814881,790,0.1783,0.0105
1790169814931,791,0.2167,0.0163
1790169814981,792,0.2392,0.0151
1790169815031,793,0.1695,0.0115
1790169815081,794,0.1603,0.0109
1790169815131,795,0.1860,0.0107
1790169815181,796,0.1659,0.0117
1790169815230,797,0.1683,0.0117
1790169815281,798,0.1534,0.0108
1790169815331,799,0.1400,0.0102
1790169815380,800,0.1538,0.0091
1790169815431,801,0.1756,0.0101
1790169815481,802,0.1593,0.0103
1790169815531,803,0.1542,0.0080
1790169815581,804,0.1176,0.0079
1790169815631,805,0.1198,0.0065
1790169815681,806,0.1028,0.0069
1790169815731,807,0.3068,0.0097
1790169815781,808,0.1400,0.0090
1790169815831,809,0.1647,0.0107
1790169815881,810,0.1862,0.0108
1790169815931,811,0.2452,0.0151
1790169815981,812,0.1953,0.0125
1790169816031,813,0.2023,0.0136
1790169816081,814,0.1744,0.0120
1790169816130,815,0.2082,0.0132
1790169816181,816,0.1681,0.0109
1790169816231,817,0.1584,0.0112
1790169816281,818,0.2376,0.0142
1790169816331,819,0.2746,0.0155
1790169816381,820,0.2484,0.0135
1790169816431,821,0.1574,0.0118
1790169816481,822,0.1899,0.0116
1790169816531,823,0.1447,0.0109
1790169816580,824,0.1187,0.0091
1790169816631,825,0.1870,0.0109
1790169816681,826,0.1194,0.0085
1790169816732,827,0.1365,0.0089
1790169816782,828,0.1137,0.0077
1790169816831,829,0.1388,0.0080
1790169816881,830,0.1791,0.0104
1790169816931,831,0.2006,0.0139
1790169816981,832,0.1790,0.0127
1790169817031,833,0.1882,0.0124
1790169817081,834,0.1692,0.0115
1790169817131,835,0.2312,0.0128
1790169817180,836,0.2119,0.0108
1790169817231,837,0.1728,0.0116
1790169817281,838,0.1542,0.0108
1790169817331,839,0.2491,0.0155
1790169817381,840,0.2197,0.0121
1790169817431,841,0.1604,0.0111
1790169817481,842,0.1745,0.0116
1790169817531,843,0.1394,0.0092
1790169817581,844,0.1324,0.0095
1790169817631,845,0.1369,0.0089
1790169817680,846,0.1184,0.0085
1790169817731,847,0.1368,0.0089
1790169817781,848,0.1903,0.0124
1790169817831,849,0.1904,0.0129
1790169817881,850,0.2004,0.0123
1790169817931,851,0.1948,0.0128
1790169817980,852,0.2280,0.0133
1790169818031,853,0.1667,0.0125
1790169818081,854,0.2065,0.0135
1790169818132,855,0.1814,0.0117
1790169818181,856,0.1507,0.0108
1790169818231,857,0.1330,0.0100
1790169818281,858,0.1495,0.0101
1790169818331,859,0.1483,0.0100
1790169818380,860,0.2297,0.0112
1790169818431,861,0.1645,0.0110
1790169818481,862,0.2478,0.0140
1790169818531,863,0.1689,0.0115
1790169818581,864,0.1275,0.0095
1790169818630,865,0.1199,0.0081
1790169818681,866,0.1094,0.0077
1790169818730,867,0.2242,0.0135
1790169818781,868,0.1736,0.0117
1790169818831,869,0.1804,0.0119
1790169818881,870,0.1825,0.0105
1790169818931,871,0.1952,0.0131
1790169818980,872,0.1921,0.0133
1790169819031,873,0.1759,0.0117
1790169819080,874,0.1853,0.0120
1790169819132,875,0.2042,0.0134
1790169819181,876,0.1590,0.0111
1790169819231,877,0.1606,0.0109
1790169819282,878,0.1615,0.0104
1790169819331,879,0.1879,0.0130
1790169819382,880,0.2002,0.0109
1790169819431,881,0.1545,0.0106
1790169819481,882,0.1692,0.0113
1790169819531,883,0.2104,0.0113
1790169819580,884,0.1548,0.0118
1790169819631,885,0.1910,0.0111
1790169819680,886,0.1348,0.0095
1790169819731,887,0.1200,0.0087
1790169819780,888,0.2209,0.0100
1790169819831,889,0.1511,0.0092
1790169819881,890,0.1545,0.0104
1790169819931,891,0.2373,0.0148
1790169819981,892,0.1903,0.0111
1790169820031,893,0.1452,0.0110
1790169820081,894,0.1847,0.0116
1790169820130,895,0.2429,0.0133
1790169820181,896,0.1636,0.0112
1790169820231,897,0.1909,0.0107
1790169820281,898,0.1465,0.0106
1790169820330,899,0.1418,0.0103
1790169820381,900,0.2259,0.0133
1790169820431,901,0.1799,0.0116
1790169820481,902,0.1673,0.0115
1790169820531,903,0.1605,0.0110
1790169820581,904,0.1336,0.0098
1790169820631,905,0.1494,0.0097
1790169820680,906,0.1215,0.0084
1790169820731,907,0.1358,0.0227
1790169820781,908,0.3034,0.0098
1790169820831,909,0.4634,0.0113
1790169820881,910,0.1907,0.0105
1790169820931,911,0.1928,0.0129
1790169820981,912,0.1834,0.0133
1790169821031,913,0.1569,0.0111
1790169821081,914,0.1934,0.0133
1790169821131,915,0.1947,0.0121
1790169821181,916,0.1540,0.0114
1790169821231,917,0.1607,0.0108
1790169821281,918,0.4778,0.0111
1790169821331,919,0.1526,0.0102
1790169821381,920,0.2492,0.0134
1790169821430,921,0.1394,0.0102
1790169821481,922,0.2244,0.0145
1790169821531,923,0.1893,0.0122
1790169821581,924,0.2045,0.0135
1790169821631,925,0.2600,0.0154
1790169821681,926,0.1815,0.0124
1790169821731,927,0.2096,0.0439
1790169821781,928,0.1984,0.0370
1790169821831,929,0.2011,0.0322
1790169821881,930,0.1945,0.0121
1790169821930,931,0.1910,0.0129
1790169821981,932,0.2302,0.0146
1790169822031,933,0.1772,0.0121
1790169822081,934,0.1913,0.0132
1790169822131,935,0.2201,0.0129
1790169822181,936,0.1598,0.0115
1790169822231,937,0.1576,0.0107
1790169822281,938,0.1380,0.0099
1790169822331,939,0.1656,0.0109
1790169822380,940,0.3662,0.0121
1790169822431,941,0.1865,0.0129
1790169822481,942,0.2298,0.0145
1790169822531,943,0.1854,0.0130
1790169822581,944,0.1669,0.0116
1790169822631,945,0.1608,0.0106
1790169822681,946,0.1964,0.0123
1790169822731,947,0.1419,0.0099
1790169822781,948,0.1058,0.0078
1790169822831,949,0.1346,0.0091
1790169822882,950,0.1500,0.0090
1790169822932,951,0.1966,0.0144
1790169822980,952,0.2306,0.0211
1790169823031,953,0.1721,0.0103
1790169823081,954,0.1256,0.0096
1790169823131,955,0.1824,0.0115
1790169823181,956,0.1625,0.0114
1790169823230,957,0.1505,0.0113
1790169823281,958,0.1473,0.0098
1790169823331,959,0.1484,0.0104
1790169823381,960,0.2096,0.0102
1790169823431,961,0.1951,0.0135
1790169823481,962,0.1687,0.0115
1790169823531,963,0.1584,0.0106
1790169823581,964,0.1315,0.0101
1790169823631,965,0.1351,0.0096
1790169823681,966,0.1408,0.0087
1790169823732,967,0.1249,0.0078
1790169823780,968,0.1007,0.0071
1790169823831,969,0.1329,0.0085
1790169823881,970,0.1743,0.0100
1790169823931,971,0.1915,0.0133
1790169823981,972,0.1850,0.0127
1790169824031,973,0.1659,0.0117
1790169824080,974,0.1886,0.0124
1790169824132,975,0.2626,0.0148
1790169824180,976,0.1795,0.0124
1790169824232,977,0.1858,0.0114
1790169824280,978,0.1390,0.0097
1790169824331,979,0.1672,0.0111
1790169824381,980,0.1970,0.0108
1790169824430,981,0.1715,0.0115
1790169824481,982,0.2870,0.0163
1790169824531,983,0.1600,0.0107
1790169824581,984,0.1342,0.0094
1790169824631,985,0.1318,0.0091
1790169824681,986,0.1133,0.0091
1790169824731,987,0.2816,0.0161
1790169824781,988,0.1969,0.0128
1790169824831,989,0.1735,0.0117
1790169824882,990,0.1839,0.0117
1790169824931,991,0.1830,0.0129
1790169824981,992,0.2792,0.0164
1790169825031,993,0.1740,0.0123
1790169825081,994,0.1789,0.0124
1790169825131,995,0.1881,0.0118
1790169825181,996,0.1844,0.0122
1790169825231,997,0.1426,0.0104
1790169825281,998,0.1325,0.0102
1790169825331,999,0.1311,0.0097
1790169825381,1000,0.1724,0.0097
1790169825431,1001,0.1596,0.0108
1790169825481,1002,0.2627,0.0127
1790169825531,1003,0.1484,0.0099
1790169825581,1004,0.1627,0.0101
1790169825632,1005,0.2273,0.0138
1790169825681,1006,0.1646,0.0118
1790169825732,1007,0.1552,0.0108
1790169825781,1008,0.1182,0.0085
1790169825831,1009,0.2238,0.0079
1790169825881,1010,0.1562,0.0093
1790169825931,1011,0.1931,0.0123
1790169825981,1012,0.1800,0.0124
1790169826031,1013,0.1745,0.0112
1790169826081,1014,0.1356,0.0092
1790169826131,1015,0.1556,0.0092
1790169826181,1016,0.1907,0.0184
1790169826231,1017,0.1769,0.0112
1790169826281,1018,0.1384,0.0107
1790169826331,1019,0.1103,0.0094
1790169826381,1020,0.1773,0.0100
1790169826431,1021,0.2446,0.0160
1790169826481,1022,0.2935,0.0162
1790169826531,1023,0.1531,0.0119
1790169826581,1024,0.1250,0.0096
1790169826630,1025,0.1474,0.0096
1790169826681,1026,0.1193,0.0088
1790169826731,1027,0.1251,0.0083
1790169826781,1028,0.1257,0.0089
1790169826831,1029,0.1357,0.0090
1790169826881,1030,0.1815,0.0115
1790169826931,1031,0.1841,0.0128
1790169826981,1032,0.2518,0.0130
1790169827031,1033,0.1330,0.0110
1790169827081,1034,0.1411,0.0103
1790169827130,1035,0.1534,0.0110
1790169827181,1036,0.1421,0.0107
1790169827231,1037,0.1649,0.0114
1790169827281,1038,0.1378,0.0106
1790169827330,1039,0.1798,0.0114
1790169827381,1040,0.1747,0.0101
1790169827430,1041,0.1571,0.0111
1790169827480,1042,0.1596,0.0111
1790169827531,1043,0.1630,0.0116
1790169827581,1044,0.1361,0.0089
1790169827631,1045,0.2183,0.0108
1790169827681,1046,0.1361,0.0091
1790169827730,1047,0.1615,0.0103
1790169827781,1048,0.1560,0.0101
1790169827831,1049,0.1608,0.0096
1790169827881,1050,0.1807,0.0106
1790169827932,1051,0.1887,0.0130
1790169827981,1052,0.2244,0.0133
1790169828031,1053,0.1793,0.0121
1790169828081,1054,0.1555,0.0108
1790169828131,1055,0.2268,0.0113
1790169828181,1056,0.1752,0.0123
1790169828231,1057,0.1895,0.0119
1790169828281,1058,0.1523,0.0103
1790169828331,1059,0.1346,0.0093
1790169828381,1060,0.1608,0.0098
1790169828431,1061,0.1817,0.0113
1790169828481,1062,0.1719,0.0112
1790169828530,1063,0.2102,0.0129
1790169828581,1064,0.1995,0.0122
1790169828631,1065,0.1823,0.0117
1790169828681,1066,0.1371,0.0100
1790169828731,1067,0.1531,0.0105
1790169828781,1068,0.1052,0.0083
1790169828831,1069,0.1043,0.0083
1790169828882,1070,0.1125,0.0074
1790169828931,1071,0.1885,0.0122
1790169828982,1072,0.1821,0.0122
1790169829031,1073,0.1452,0.0110
1790169829081,1074,0.2081,0.0126
1790169829131,1075,0.1244,0.0091
1790169829181,1076,0.1595,0.0110
1790169829231,1077,0.1979,0.0143
1790169829280,1078,0.1663,0.0099
1790169829331,1079,0.1750,0.0116
1790169829381,1080,0.1338,0.0085
1790169829431,1081,0.1461,0.0104
1790169829481,1082,0.1799,0.0118
1790169829531,1083,0.1944,0.0122
1790169829581,1084,0.1509,0.0097
1790169829631,1085,0.1371,0.0090
1790169829681,1086,0.1231,0.0086
1790169829731,1087,0.2058,0.0111
1790169829781,1088,0.1078,0.0067
1790169829831,1089,0.1359,0.0078
1790169829881,1090,0.1442,0.0085
1790169829931,1091,0.1918,0.0132
1790169829981,1092,0.1983,0.0128
1790169830030,1093,0.1834,0.0126
1790169830081,1094,0.1562,0.0110
1790169830131,1095,0.1732,0.0105
1790169830181,1096,0.1424,0.0100
1790169830231,1097,0.1513,0.0104
1790169830281,1098,0.2166,0.0124
1790169830331,1099,0.1370,0.0093
1790169830381,1100,0.1581,0.0094
1790169830430,1101,0.1791,0.0125
1790169830482,1102,0.1514,0.0101
1790169830531,1103,0.2258,0.0210
1790169830581,1104,0.1660,0.0159
1790169830631,1105,0.1337,0.0092
1790169830680,1106,0.1141,0.0089
1790169830731,1107,0.1885,0.0114
1790169830782,1108,0.1382,0.0096
1790169830831,1109,0.1440,0.0100
1790169830881,1110,0.2913,0.0092
1790169830931,1111,0.1904,0.0136
1790169830981,1112,0.2174,0.0137
1790169831031,1113,0.1945,0.0128
1790169831081,1114,0.1512,0.0108
1790169831131,1115,0.1973,0.0097
1790169831181,1116,0.1981,0.0139
1790169831231,1117,0.1599,0.0114
1790169831281,1118,0.1669,0.0117
1790169831331,1119,0.1355,0.0096
1790169831381,1120,0.2229,0.0144
1790169831431,1121,0.1726,0.0114
1790169831481,1122,0.1429,0.0096
1790169831531,1123,0.1837,0.0107
1790169831581,1124,0.1933,0.0147
1790169831631,1125,0.2302,0.0122
1790169831681,1126,0.1656,0.0119
1790169831730,1127,0.1321,0.0099
1790169831781,1128,0.1155,0.0082
1790169831831,1129,0.1090,0.0080
1790169831881,1130,0.1487,0.0084
1790169831931,1131,0.1870,0.0126
1790169831980,1132,0.1826,0.0130
1790169832031,1133,0.1770,0.0123
1790169832081,1134,0.1638,0.0107
1790169832131,1135,0.1980,0.0115
1790169832181,1136,0.1542,0.0104
1790169832231,1137,0.1705,0.0115
1790169832281,1138,0.1834,0.0121
1790169832331,1139,0.1481,0.0106
1790169832381,1140,0.1817,0.0103
1790169832430,1141,0.1162,0.0087
1790169832481,1142,0.1566,0.0109
1790169832531,1143,0.1918,0.0133
1790169832581,1144,0.2372,0.0142
1790169832631,1145,0.2346,0.0140
1790169832681,1146,0.1825,0.0120
1790169832731,1147,0.1585,0.0097
1790169832781,1148,0.1502,0.0104
1790169832831,1149,0.1382,0.0099
1790169832880,1150,0.2016,0.0116
1790169832931,1151,0.1821,0.0125
1790169832981,1152,0.1839,0.0127
1790169833031,1153,0.1622,0.0117
1790169833081,1154,0.1916,0.0115
1790169833131,1155,0.1806,0.0108
1790169833181,1156,0.1339,0.0102
1790169833231,1157,0.1438,0.0097
1790169833280,1158,0.1292,0.0093
1790169833331,1159,0.1747,0.0198
1790169833380,1160,0.1806,0.0081
1790169833432,1161,0.1137,0.0080
1790169833481,1162,0.1392,0.0090
1790169833531,1163,0.1287,0.0088
1790169833581,1164,0.1345,0.0090
1790169833631,1165,0.1387,0.0088
1790169833681,1166,0.1161,0.0079
1790169833731,1167,0.1989,0.0110
1790169833781,1168,0.1585,0.0101
1790169833831,1169,0.1403,0.0094
1790169833880,1170,0.1395,0.0087
1790169833931,1171,0.2012,0.0131
1790169833981,1172,0.1878,0.0138
1790169834031,1173,0.2247,0.0142
1790169834081,1174,0.1597,0.0109
1790169834131,1175,0.1881,0.0109
1790169834181,1176,0.2062,0.0156
1790169834230,1177,0.1764,0.0115
1790169834281,1178,0.1577,0.0186
1790169834331,1179,0.1703,0.0112
1790169834381,1180,0.1635,0.0099
1790169834431,1181,0.1513,0.0113
1790169834481,1182,0.1819,0.0121
1790169834531,1183,0.1398,0.0106
1790169834581,1184,0.1417,0.0108
1790169834631,1185,0.1430,0.0096
1790169834681,1186,0.1190,0.0089
1790169834731,1187,0.1427,0.0091
1790169834781,1188,0.1203,0.0080
1790169834831,1189,0.1050,0.0075
1790169834881,1190,0.1476,0.0086
1790169834931,1191,0.1863,0.0127
1790169834981,1192,0.1896,0.0122
1790169835031,1193,0.2260,0.0136
1790169835081,1194,0.1610,0.0110
1790169835131,1195,0.1576,0.0098
1790169835180,1196,0.1438,0.0100
1790169835231,1197,0.1523,0.0101
1790169835281,1198,0.2381,0.0144
1790169835331,1199,0.1907,0.0125
1790169835381,1200,0.1858,0.0101
1790169835431,1201,0.1815,0.0115
1790169835481,1202,0.2342,0.0141
1790169835531,1203,0.1188,0.0095
1790169835582,1204,0.2300,0.0205
1790169835631,1205,0.2236,0.0130
1790169835681,1206,0.1508,0.0108
1790169835731,1207,0.1649,0.0099
1790169835781,1208,0.1272,0.0091
1790169835831,1209,0.1411,0.0099
1790169835881,1210,0.4889,0.0119
1790169835931,1211,0.1903,0.0126
1790169835981,1212,0.2335,0.0147
1790169836030,1213,0.1496,0.0114
1790169836080,1214,0.1575,0.0111
1790169836131,1215,0.1940,0.0123
1790169836181,1216,0.1419,0.0099
1790169836231,1217,0.1219,0.0090
1790169836282,1218,0.1355,0.0099
1790169836331,1219,0.1266,0.0094
1790169836381,1220,0.1978,0.0116
1790169836430,1221,0.1549,0.0105
1790169836482,1222,0.1980,0.0116
1790169836531,1223,0.2224,0.0133
1790169836581,1224,0.2303,0.0146
1790169836631,1225,0.2368,0.0136
1790169836681,1226,0.2122,0.0133
1790169836730,1227,0.1902,0.0111
1790169836781,1228,0.1904,0.0107
1790169836831,1229,0.1777,0.0122
1790169836881,1230,0.1489,0.0096
1790169836931,1231,0.1886,0.0126
1790169836980,1232,0.2128,0.0133
1790169837031,1233,0.1960,0.0169
1790169837081,1234,0.1809,0.0121
1790169837131,1235,0.1837,0.0116
1790169837181,1236,0.1439,0.0111
1790169837231,1237,0.1920,0.0142
1790169837281,1238,0.1518,0.0099
1790169837331,1239,0.1340,0.0097
1790169837381,1240,0.1954,0.0108
1790169837431,1241,0.1675,0.0115
1790169837481,1242,0.2578,0.0153
1790169837532,1243,0.1273,0.0094
1790169837581,1244,0.1665,0.0106
1790169837631,1245,0.2025,0.0138
1790169837681,1246,0.1810,0.0120
1790169837731,1247,0.1621,0.0097
1790169837781,1248,0.1407,0.0105
1790169837831,1249,0.1877,0.0131
1790169837881,1250,0.1822,0.0118
1790169837931,1251,0.1885,0.0127
1790169837981,1252,0.2356,0.0148
1790169838031,1253,0.1752,0.0123
1790169838082,1254,0.2276,0.0139
1790169838131,1255,0.1532,0.0102
1790169838181,1256,0.1401,0.0096
1790169838230,1257,0.1663,0.0106
1790169838281,1258,0.1157,0.0085
1790169838331,1259,0.1360,0.0094
1790169838381,1260,0.2086,0.0122
1790169838431,1261,0.1406,0.0098
1790169838481,1262,0.1569,0.0107
1790169838530,1263,0.1469,0.0098
1790169838581,1264,0.1316,0.0093
1790169838631,1265,0.2073,0.0129
1790169838681,1266,0.1753,0.0121
1790169838732,1267,0.2419,0.0135
1790169838781,1268,0.1698,0.0114
1790169838831,1269,0.1498,0.0110
1790169838881,1270,0.1649,0.0106
1790169838930,1271,0.1990,0.0138
1790169838981,1272,0.2399,0.0146
1790169839031,1273,0.2121,0.0138
1790169839081,1274,0.1810,0.0124
1790169839131,1275,0.2002,0.0138
1790169839181,1276,0.1797,0.0117
1790169839230,1277,0.2434,0.0146
1790169839281,1278,0.1479,0.0102
1790169839331,1279,0.1487,0.0107
1790169839381,1280,0.1983,0.0106
1790169839431,1281,0.1857,0.0124
1790169839480,1282,0.1690,0.0167
1790169839531,1283,0.1510,0.0107
1790169839581,1284,0.1888,0.0124
1790169839630,1285,0.2018,0.0098
1790169839681,1286,0.1882,0.0114
1790169839731,1287,0.1742,0.0113
1790169839781,1288,0.1242,0.0096
1790169839831,1289,0.1651,0.0099
1790169839881,1290,0.1939,0.0099
1790169839931,1291,0.1799,0.0125
1790169839981,1292,0.1837,0.0123
1790169840030,1293,0.1897,0.0133
1790169840081,1294,0.1850,0.0124
1790169840131,1295,0.1875,0.0126
1790169840181,1296,0.1545,0.0099
1790169840231,1297,0.2080,0.0138
1790169840281,1298,0.1440,0.0103
1790169840331,1299,0.1273,0.0094
1790169840381,1300,0.1778,0.0098
1790169840431,1301,0.1700,0.0115
1790169840481,1302,0.1466,0.0105
1790169840531,1303,0.1362,0.0101
1790169840582,1304,0.1520,0.0100
1790169840631,1305,0.1376,0.0094
1790169840681,1306,0.1127,0.0084
1790169840731,1307,0.1603,0.0108
1790169840781,1308,0.1255,0.0083
1790169840831,1309,0.1089,0.0077
1790169840881,1310,0.1140,0.0074
1790169840931,1311,0.3056,0.0106
1790169840981,1312,0.1940,0.0126
1790169841031,1313,0.1793,0.0116
1790169841081,1314,0.1390,0.0096
1790169841131,1315,0.1426,0.0099
1790169841181,1316,0.1695,0.0116
1790169841231,1317,0.2653,0.0149
1790169841280,1318,0.1550,0.0113
1790169841331,1319,0.1368,0.0107
1790169841380,1320,0.1676,0.0105
1790169841431,1321,0.1166,0.0085
1790169841481,1322,0.1860,0.0119
1790169841531,1323,0.2011,0.0123
1790169841581,1324,0.1543,0.0106
1790169841631,1325,0.1639,0.0107
1790169841681,1326,0.1846,0.0126
1790169841731,1327,0.1911,0.0125
1790169841781,1328,0.1682,0.0116
1790169841830,1329,0.2136,0.0117
1790169841881,1330,0.1641,0.0111
1790169841931,1331,0.1895,0.0122
1790169841981,1332,0.2334,0.0215
1790169842032,1333,0.1678,0.0118
1790169842081,1334,0.1606,0.0116
1790169842131,1335,0.1825,0.0114
1790169842181,1336,0.1552,0.0116
1790169842231,1337,0.1583,0.0109
1790169842281,1338,0.1258,0.0102
1790169842331,1339,0.1204,0.0089
1790169842381,1340,0.1659,0.0106
1790169842430,1341,0.1447,0.0096
1790169842481,1342,0.1802,0.0120
1790169842532,1343,0.2163,0.0119
1790169842581,1344,0.1323,0.0104
1790169842631,1345,0.1451,0.0111
1790169842681,1346,0.1908,0.0135
1790169842732,1347,0.3035,0.0151
1790169842781,1348,0.1709,0.0122
1790169842830,1349,0.1698,0.0186
1790169842881,1350,0.1760,0.0117
1790169842931,1351,0.3278,0.0170
1790169842981,1352,0.1836,0.0134
1790169843030,1353,0.2242,0.0121
1790169843081,1354,0.1798,0.0122
1790169843131,1355,0.1784,0.0123
1790169843181,1356,0.1745,0.0115
1790169843231,1357,0.1323,0.0102
1790169843281,1358,0.2163,0.0130
1790169843331,1359,0.1499,0.0108
1790169843382,1360,0.1864,0.0117
1790169843431,1361,0.1308,0.0100
1790169843481,1362,0.1918,0.0130
1790169843531,1363,0.1683,0.0117
1790169843580,1364,0.1550,0.0111
1790169843631,1365,0.1900,0.0118
1790169843681,1366,0.1501,0.0108
1790169843731,1367,0.1315,0.0099
1790169843781,1368,0.1731,0.0109
1790169843831,1369,0.1286,0.0098
1790169843880,1370,0.1315,0.0090
1790169843931,1371,0.1882,0.0123
1790169843981,1372,0.1853,0.0132
1790169844031,1373,0.2183,0.0138
1790169844081,1374,0.1570,0.0110
1790169844131,1375,0.1401,0.0101
1790169844181,1376,0.1419,0.0100
1790169844231,1377,0.1320,0.0094
1790169844281,1378,0.1361,0.0099
1790169844331,1379,0.1465,0.0091
1790169844381,1380,0.1404,0.0088
1790169844431,1381,0.1134,0.0083
1790169844481,1382,0.1299,0.0084
1790169844531,1383,0.1938,0.0124
1790169844581,1384,0.1850,0.0110
1790169844631,1385,0.1727,0.0096
1790169844681,1386,0.1600,0.0100
1790169844731,1387,0.1786,0.0120
1790169844781,1388,0.2410,0.0144
1790169844831,1389,0.1948,0.0121
1790169844881,1390,0.1618,0.0111
1790169844930,1391,0.1903,0.0130
1790169844981,1392,0.1863,0.0128
1790169845031,1393,0.1595,0.0117
1790169845081,1394,0.1583,0.0103
1790169845131,1395,0.1562,0.0092
1790169845181,1396,0.1430,0.0099
1790169845230,1397,0.1332,0.0098
1790169845281,1398,0.1355,0.0102
1790169845331,1399,0.1206,0.0090
1790169845381,1400,0.1728,0.0084
1790169845431,1401,0.1143,0.0078
1790169845481,1402,0.1263,0.0080
1790169845531,1403,0.2181,0.0131
1790169845580,1404,0.1607,0.0105
1790169845631,1405,0.1902,0.0129
1790169845681,1406,0.1878,0.0132
1790169845731,1407,0.2002,0.0138
1790169845781,1408,0.2351,0.0122
1790169845831,1409,0.2649,0.0244
1790169845916,1410,2.0667,0.0434
1790169845932,1411,1.7565,0.0447
1790169846018,1412,1.2412,0.0751
1790169846032,1413,1.0466,0.0504
1790169846082,1414,1.1568,0.0490
1790169846131,1415,0.8206,0.0494
1790169846181,1416,0.6022,0.0365
1790169846231,1417,0.5517,0.0506
1790169846281,1418,0.6285,0.0596
1790169846331,1419,0.4655,0.0426
1790169846380,1420,0.7015,0.0274
1790169846431,1421,0.5188,0.0274
1790169846481,1422,0.6995,0.0315
1790169846531,1423,0.7177,0.0335
1790169846581,1424,0.6606,0.0325
1790169846631,1425,0.6515,0.0593
1790169846681,1426,0.6601,0.0612
1790169846731,1427,0.7991,0.0586
1790169846781,1428,0.6447,0.0782
1790169846831,1429,0.8104,0.1312
1790169846881,1430,0.6064,0.0302
1790169846932,1431,1.0516,0.0343
1790169846980,1432,0.6689,0.0561
1790169847031,1433,0.4868,0.0703
1790169847081,1434,0.4618,0.0818
1790169847131,1435,0.4716,0.0463
1790169847181,1436,0.3947,0.0310
1790169847231,1437,0.3736,0.0293
1790169847281,1438,0.3513,0.0284
1790169847331,1439,0.3541,0.0287
1790169847381,1440,0.3938,0.0297
1790169847431,1441,0.4506,0.0328
1790169847481,1442,0.3842,0.0305
1790169847530,1443,0.5838,0.0298
1790169847581,1444,0.3688,0.0548
1790169847631,1445,0.3091,0.0601
1790169847681,1446,0.2099,0.0192
1790169847731,1447,0.2844,0.0238
1790169847781,1448,0.3349,0.0237
1790169847831,1449,0.4103,0.0427
1790169847881,1450,0.4749,0.0491
1790169847931,1451,0.6721,0.0311
1790169847981,1452,1.0107,0.0347
1790169848031,1453,0.4893,0.0273
1790169848081,1454,0.2546,0.0274
1790169848131,1455,0.2626,0.0253
1790169848181,1456,0.2007,0.0172
1790169848231,1457,0.1666,0.0186
1790169848281,1458,0.2711,0.0355
1790169848331,1459,0.1841,0.0174
1790169848381,1460,0.3048,0.0649
1790169848432,1461,0.3492,0.1186
1790169848481,1462,0.1911,0.0163
1790169848531,1463,0.2036,0.0161
1790169848581,1464,0.2657,0.0258
1790169848631,1465,0.2843,0.0237
1790169848681,1466,0.2530,0.0231
1790169848731,1467,0.2778,0.0238
1790169848781,1468,0.2115,0.0186
1790169848831,1469,0.2622,0.0230
1790169848882,1470,0.2196,0.0183
1790169848931,1471,0.2377,0.0215
1790169848981,1472,0.3181,0.0275
1790169849032,1473,0.3143,0.0262
1790169849081,1474,0.2456,0.0178
1790169849131,1475,0.2381,0.0215
1790169849181,1476,0.2124,0.0189
1790169849231,1477,0.1957,0.0168
1790169849281,1478,0.3578,0.0207
1790169849331,1479,0.2965,0.0696
1790169849381,1480,0.2565,0.0198
1790169849432,1481,0.4176,0.0320
1790169849481,1482,0.2465,0.0208
1790169849531,1483,0.2321,0.0190
1790169849580,1484,0.2427,0.0260
1790169849631,1485,0.2311,0.0205
1790169849681,1486,0.1753,0.0145
1790169849731,1487,0.2129,0.0243
1790169849781,1488,0.1993,0.0298
1790169849831,1489,0.1598,0.0180
1790169849881,1490,0.2002,0.0151
1790169849931,1491,0.2302,0.0195
1790169849981,1492,0.2234,0.0196
1790169850031,1493,0.2876,0.0253
1790169850081,1494,0.2305,0.0174
1790169850131,1495,0.2096,0.0171
1790169850182,1496,1.3311,0.0202
1790169850231,1497,0.2177,0.0187
1790169850281,1498,0.2674,0.0197
1790169850331,1499,0.2183,0.0173
1790169850381,1500,0.1708,0.0126
1790169850431,1501,0.1586,0.0144
1790169850481,1502,0.1717,0.0139
1790169850531,1503,0.1677,0.0145
1790169850581,1504,0.2244,0.0190
1790169850630,1505,0.2919,0.0222
1790169850681,1506,0.2374,0.0242
1790169850731,1507,0.1875,0.0165
1790169850782,1508,0.3162,0.0224
1790169850831,1509,0.2191,0.0196
1790169850881,1510,0.2394,0.0192
1790169850931,1511,0.2368,0.0215
1790169850982,1512,0.6900,0.0208
1790169851031,1513,0.2559,0.0188
1790169851081,1514,0.2520,0.0222
1790169851131,1515,0.2314,0.0174
1790169851181,1516,0.1863,0.0152
1790169851231,1517,0.1678,0.0412
1790169851281,1518,0.2290,0.0176
1790169851330,1519,0.1795,0.0132
1790169851381,1520,0.2327,0.0143
1790169851430,1521,0.1726,0.0149
1790169851481,1522,0.1976,0.0139
1790169851531,1523,0.1688,0.0140
1790169851581,1524,0.1798,0.0149
1790169851631,1525,0.2711,0.0201
1790169851681,1526,0.2672,0.0206
1790169851730,1527,0.2247,0.0193
1790169851781,1528,0.2067,0.0325
1790169851831,1529,0.1901,0.0200
1790169851881,1530,0.2949,0.0522
1790169851932,1531,0.2457,0.0200
1790169851981,1532,0.2736,0.0169
1790169852031,1533,0.3084,0.0186
1790169852081,1534,0.2789,0.0188
1790169852131,1535,0.3114,0.0222
1790169852181,1536,0.5906,0.0559
1790169852231,1537,0.5750,0.0798
1790169852281,1538,0.2132,0.0106
1790169852331,1539,0.1713,0.0105
1790169852382,1540,0.2450,0.0113
1790169852431,1541,0.1910,0.0126
1790169852482,1542,0.2298,0.0134
1790169852531,1543,0.1992,0.0100
1790169852581,1544,0.2003,0.0115
1790169852632,1545,0.1573,0.0097
1790169852680,1546,0.1457,0.0091
1790169852731,1547,0.2218,0.0126
1790169852781,1548,0.2282,0.0105
1790169852831,1549,0.1706,0.0114
1790169852882,1550,0.1789,0.0105
1790169852931,1551,0.2038,0.0124
1790169852981,1552,0.1673,0.0107
1790169853031,1553,0.2028,0.0127
1790169853082,1554,0.1931,0.0099
1790169853131,1555,0.1707,0.0095
1790169853180,1556,0.1400,0.0102
1790169853231,1557,0.1380,0.0095
1790169853281,1558,0.2267,0.0117
1790169853331,1559,0.1634,0.0105
1790169853381,1560,0.1800,0.0108
1790169853431,1561,0.2036,0.0114
1790169853481,1562,0.1972,0.0098
1790169853531,1563,0.1838,0.0100
1790169853581,1564,0.1233,0.0086
1790169853630,1565,0.1269,0.0082
1790169853681,1566,0.1689,0.0102
1790169853731,1567,0.1980,0.0110
1790169853781,1568,0.2099,0.0105
1790169853831,1569,0.1978,0.0115
1790169853881,1570,0.2129,0.0217
1790169853932,1571,0.2541,0.0445
1790169853981,1572,0.2263,0.0160
1790169854031,1573,0.1857,0.0122
1790169854081,1574,0.1685,0.0105
1790169854131,1575,0.1961,0.0105
1790169854181,1576,0.1641,0.0106
1790169854231,1577,0.1764,0.0106
1790169854281,1578,0.1397,0.0100
1790169854331,1579,0.1993,0.0114
1790169854381,1580,0.2030,0.0103
1790169854430,1581,0.1416,0.0096
1790169854481,1582,0.1376,0.0094
1790169854531,1583,0.1726,0.0099
1790169854581,1584,0.1353,0.0095
1790169854631,1585,0.1376,0.0090
1790169854681,1586,0.1908,0.0115
1790169854731,1587,0.1950,0.0097
1790169854781,1588,0.2960,0.0150
1790169854830,1589,0.2046,0.0110
1790169854881,1590,0.1715,0.0109
1790169854931,1591,0.2172,0.0123
1790169854980,1592,0.1676,0.0111
1790169855031,1593,0.1720,0.0103
1790169855081,1594,0.2297,0.0232
1790169855131,1595,0.2943,0.0334
1790169855181,1596,0.1928,0.0363
1790169855232,1597,0.1349,0.0100
1790169855281,1598,0.1309,0.0088
1790169855331,1599,0.1737,0.0101
1790169855381,1600,0.2249,0.0102
1790169855431,1601,0.1588,0.0097
1790169855481,1602,0.1478,0.0089
1790169855531,1603,0.1486,0.0099
1790169855581,1604,0.1476,0.0099
1790169855631,1605,0.2056,0.0101
1790169855681,1606,0.1532,0.0099
1790169855731,1607,0.1492,0.0087
1790169855781,1608,0.1396,0.0089
1790169855830,1609,0.2529,0.0117
1790169855880,1610,0.2440,0.0110
1790169855931,1611,0.2934,0.0118
1790169855980,1612,0.1798,0.0102
1790169856031,1613,0.5255,0.0122
1790169856080,1614,0.1576,0.0100
1790169856131,1615,0.1819,0.0100
1790169856181,1616,0.1911,0.0111
1790169856231,1617,0.1818,0.0106
1790169856282,1618,0.1704,0.0104
1790169856331,1619,0.1986,0.0113
1790169856381,1620,0.1741,0.0106
1790169856431,1621,0.1364,0.0090
1790169856481,1622,0.1611,0.0104
1790169856531,1623,0.1498,0.0101
1790169856581,1624,0.1324,0.0088
1790169856631,1625,0.1399,0.0088
1790169856681,1626,0.1188,0.0081
1790169856731,1627,0.2160,0.0112
1790169856780,1628,0.2306,0.0122
1790169856831,1629,0.1964,0.0118
1790169856880,1630,0.2377,0.0115
1790169856931,1631,0.1712,0.0102
1790169856981,1632,0.2072,0.0116
1790169857031,1633,0.1499,0.0093
1790169857081,1634,0.1996,0.0115
1790169857131,1635,0.1782,0.0104
1790169857181,1636,0.1396,0.0091
1790169857230,1637,0.1320,0.0095
1790169857281,1638,0.1513,0.0097
1790169857331,1639,0.1219,0.0083
1790169857380,1640,0.1633,0.0085
1790169857431,1641,0.1713,0.0093
1790169857481,1642,0.1318,0.0081
1790169857531,1643,0.1301,0.0086
1790169857581,1644,0.1381,0.0086
1790169857632,1645,0.1318,0.0080
1790169857681,1646,0.1208,0.0077
1790169857731,1647,0.2142,0.0108
1790169857781,1648,0.1464,0.0098
1790169857832,1649,0.1471,0.0096
1790169857881,1650,0.1916,0.0101
1790169857931,1651,0.2214,0.0121
1790169857980,1652,0.2154,0.0115
1790169858031,1653,0.1710,0.0106
1790169858081,1654,0.2052,0.0112
1790169858131,1655,0.1838,0.0102
1790169858181,1656,0.1669,0.0108
1790169858231,1657,0.1603,0.0097
1790169858280,1658,0.1135,0.0087
1790169858331,1659,0.1208,0.0086
1790169858382,1660,0.2508,0.0118
1790169858431,1661,0.1391,0.0088
1790169858481,1662,0.1845,0.0110
1790169858531,1663,0.2212,0.0121
1790169858581,1664,0.1546,0.0104
1790169858631,1665,0.1527,0.0095
1790169858681,1666,0.1528,0.0086
1790169858732,1667,0.2125,0.0117
1790169858781,1668,0.1517,0.0095
1790169858831,1669,0.1534,0.0097
1790169858881,1670,0.1598,0.0095
1790169858931,1671,0.2122,0.0104
1790169858981,1672,0.2288,0.0117
1790169859031,1673,0.1732,0.0100
1790169859081,1674,0.1783,0.0109
1790169859131,1675,0.2197,0.0113
1790169859181,1676,0.1735,0.0107
1790169859231,1677,0.1861,0.0108
1790169859281,1678,0.1602,0.0097
1790169859331,1679,0.1744,0.0105
1790169859381,1680,0.2774,0.0120
1790169859430,1681,0.1531,0.0098
1790169859481,1682,0.1464,0.0098
1790169859531,1683,0.1341,0.0094
1790169859581,1684,0.1462,0.0102
1790169859631,1685,0.1468,0.0091
1790169859681,1686,0.1181,0.0084
1790169859731,1687,0.1120,0.0080
1790169859781,1688,0.1602,0.0092
1790169859831,1689,0.1593,0.0091
1790169859880,1690,0.2019,0.0169
1790169859931,1691,0.1724,0.0102
1790169859981,1692,0.1941,0.0121
1790169860031,1693,0.2102,0.0104
1790169860081,1694,0.1766,0.0099
1790169860131,1695,0.2151,0.0114
1790169860181,1696,0.1571,0.0106
1790169860231,1697,0.1348,0.0097
1790169860281,1698,0.1317,0.0093
1790169860331,1699,0.1265,0.0086
1790169860381,1700,0.1893,0.0093
1790169860431,1701,0.1439,0.0091
1790169860480,1702,0.1462,0.0087
1790169860531,1703,0.1332,0.0090
1790169860581,1704,0.1307,0.0082
1790169860630,1705,0.1530,0.0087
1790169860681,1706,0.1207,0.0083
1790169860731,1707,0.1364,0.0085
1790169860780,1708,0.2083,0.0110
1790169860830,1709,0.1863,0.0094
1790169860881,1710,0.1525,0.0103
1790169860931,1711,0.1680,0.0100
1790169860981,1712,0.1675,0.0102
1790169861031,1713,0.5060,0.0118
1790169861081,1714,0.2137,0.0110
1790169861131,1715,0.2101,0.0114
1790169861181,1716,0.1713,0.0104
1790169861232,1717,0.1521,0.0102
1790169861281,1718,0.1215,0.0098
1790169861331,1719,0.1375,0.0090
1790169861380,1720,0.2589,0.0108
1790169861432,1721,0.1438,0.0092
1790169861480,1722,0.1645,0.0104
1790169861531,1723,0.1316,0.0088
1790169861581,1724,0.1593,0.0099
1790169861631,1725,0.2231,0.0105
1790169861681,1726,0.1658,0.0092
1790169861731,1727,0.1928,0.0085
1790169861781,1728,0.2136,0.0093
1790169861831,1729,0.1421,0.0091
1790169861881,1730,0.1403,0.0090
1790169861931,1731,0.1652,0.0096
1790169861980,1732,0.1680,0.0097
1790169862031,1733,0.1787,0.0103
1790169862081,1734,0.2558,0.0115
1790169862131,1735,0.1809,0.0109
1790169862181,1736,0.2103,0.0115
1790169862231,1737,0.1945,0.0114
1790169862281,1738,0.1556,0.0102
1790169862330,1739,0.1519,0.0102
1790169862381,1740,0.2375,0.0107
1790169862431,1741,0.1605,0.0091
1790169862481,1742,0.1531,0.0098
1790169862531,1743,0.1545,0.0287
1790169862581,1744,0.1560,0.0128
1790169862631,1745,0.1435,0.0094
1790169862682,1746,0.1075,0.0076
1790169862732,1747,0.1300,0.0071
1790169862780,1748,0.1526,0.0090
1790169862832,1749,1.3743,0.0114
1790169862881,1750,0.3076,0.0121
1790169862931,1751,0.2580,0.0122
1790169862980,1752,0.1707,0.0100
1790169863031,1753,0.1598,0.0098
1790169863081,1754,0.1900,0.0107
1790169863131,1755,0.2316,0.0104
1790169863181,1756,0.1678,0.0096
1790169863231,1757,0.1264,0.0090
1790169863281,1758,0.1172,0.0088
1790169863331,1759,0.1290,0.0095
1790169863381,1760,0.1668,0.0092
1790169863431,1761,0.1391,0.0095
1790169863481,1762,0.1453,0.0085
1790169863531,1763,0.1323,0.0086
1790169863581,1764,0.1906,0.0100
1790169863631,1765,0.1522,0.0091
1790169863681,1766,0.1419,0.0091
1790169863731,1767,0.1452,0.0090
1790169863781,1768,0.1347,0.0082
1790169863831,1769,0.2164,0.0116
1790169863881,1770,0.2072,0.0108
1790169863932,1771,0.2132,0.0110
1790169863980,1772,0.2427,0.0121
1790169864031,1773,0.1920,0.0104
1790169864081,1774,0.1961,0.0108
1790169864131,1775,0.1869,0.0106
1790169864181,1776,0.2132,0.0109
1790169864231,1777,0.1669,0.0099
1790169864280,1778,0.1296,0.0091
1790169864331,1779,0.1270,0.0097
1790169864381,1780,0.1449,0.0090
1790169864431,1781,0.1669,0.0104
1790169864481,1782,0.1644,0.0099
1790169864532,1783,0.2110,0.0108
1790169864580,1784,0.1686,0.0107
1790169864631,1785,0.1948,0.0101
1790169864681,1786,0.1501,0.0100
1790169864731,1787,0.1435,0.0101
1790169864780,1788,0.1249,0.0090
1790169864831,1789,0.1383,0.0086
1790169864880,1790,0.1592,0.0084
1790169864931,1791,0.1930,0.0112
1790169864981,1792,0.2463,0.0120
1790169865031,1793,0.2253,0.0101
1790169865081,1794,0.1681,0.0097
1790169865131,1795,0.1815,0.0103
1790169865181,1796,0.1777,0.0096
1790169865231,1797,0.2068,0.0111
1790169865281,1798,0.1499,0.0098
1790169865331,1799,0.1504,0.0144
1790169865380,1800,0.1987,0.0094
1790169865431,1801,0.1561,0.0094
1790169865481,1802,0.1652,0.0097
1790169865530,1803,0.3037,0.0100
1790169865581,1804,0.1413,0.0091
1790169865631,1805,0.1878,0.0098
1790169865680,1806,0.1350,0.0087
1790169865731,1807,0.1140,0.0088
1790169865781,1808,0.1112,0.0078
1790169865830,1809,0.1211,0.0085
1790169865882,1810,0.1916,0.0111
1790169865930,1811,0.1796,0.0110
1790169865981,1812,0.2046,0.0109
1790169866032,1813,0.4273,0.0130
1790169866081,1814,0.2053,0.0115
1790169866130,1815,0.1778,0.0147
1790169866181,1816,0.1828,0.0122
1790169866231,1817,0.2334,0.0115
1790169866281,1818,0.1911,0.0109
1790169866331,1819,0.1679,0.0104
1790169866381,1820,0.2236,0.0108
1790169866431,1821,0.2127,0.0114
1790169866481,1822,0.1496,0.0103
1790169866531,1823,0.1406,0.0099
1790169866581,1824,0.1565,0.0092
1790169866631,1825,0.1576,0.0097
1790169866681,1826,0.1434,0.0093
1790169866731,1827,0.1552,0.0095
1790169866781,1828,0.1460,0.0088
1790169866831,1829,0.2186,0.0117
1790169866881,1830,0.2230,0.0118
1790169866931,1831,0.1632,0.0104
1790169866980,1832,0.2195,0.0126
1790169867030,1833,0.1515,0.0104
1790169867081,1834,0.1380,0.0099
1790169867131,1835,0.1908,0.0106
1790169867181,1836,0.1667,0.0104
1790169867231,1837,0.1864,0.0118
1790169867281,1838,0.2449,0.0111
1790169867330,1839,0.1865,0.0119
1790169867382,1840,0.2048,0.0098
1790169867431,1841,0.1580,0.0095
1790169867481,1842,0.1220,0.0091
1790169867531,1843,0.1379,0.0100
1790169867580,1844,0.1856,0.0112
1790169867631,1845,0.1564,0.0105
1790169867681,1846,0.1406,0.0097
1790169867731,1847,0.1074,0.0086
1790169867782,1848,0.1284,0.0085
1790169867831,1849,0.1569,0.0098
1790169867881,1850,0.1496,0.0088
1790169867931,1851,0.1810,0.0103
1790169867981,1852,0.1576,0.0100
1790169868031,1853,0.1547,0.0107
1790169868081,1854,0.1120,0.0088
1790169868131,1855,0.1269,0.0085
1790169868182,1856,0.1559,0.0095
1790169868231,1857,0.1461,0.0103
1790169868281,1858,0.1154,0.0089
1790169868331,1859,0.1598,0.0093
1790169868381,1860,0.1818,0.0098
1790169868431,1861,0.1456,0.0097
1790169868481,1862,0.1255,0.0088
1790169868531,1863,0.1463,0.0094
1790169868581,1864,0.1399,0.0085
1790169868631,1865,0.1192,0.0081
1790169868681,1866,0.1166,0.0085
1790169868731,1867,0.1763,0.0102
1790169868782,1868,0.2148,0.0110
1790169868831,1869,0.1573,0.0099
1790169868881,1870,0.1435,0.0091
1790169868930,1871,0.1859,0.0113
1790169868981,1872,0.1858,0.0109
1790169869031,1873,0.1610,0.0109
1790169869081,1874,0.1967,0.0107
1790169869131,1875,0.1548,0.0096
1790169869180,1876,0.1385,0.0096
1790169869231,1877,0.1673,0.0104
1790169869281,1878,0.1546,0.0107
1790169869331,1879,0.1829,0.0108
1790169869381,1880,0.2196,0.0115
1790169869431,1881,0.1548,0.0109
1790169869481,1882,0.1636,0.0103
1790169869532,1883,0.1994,0.0121
1790169869581,1884,0.1925,0.0120
1790169869631,1885,0.1418,0.0091
1790169869681,1886,0.1308,0.0093
1790169869731,1887,0.1404,0.0104
1790169869781,1888,0.1552,0.0115
1790169869831,1889,0.1509,0.0101
1790169869880,1890,0.1417,0.0090
1790169869931,1891,0.1673,0.0109
1790169869981,1892,0.1584,0.0106
1790169870031,1893,0.1596,0.0105
1790169870081,1894,0.1574,0.0108
1790169870131,1895,0.1937,0.0109
1790169870181,1896,0.1496,0.0105
1790169870231,1897,0.1544,0.0107
1790169870281,1898,0.1639,0.0110
1790169870331,1899,0.1748,0.0119
1790169870381,1900,0.1483,0.0102
1790169870431,1901,0.2651,0.0129
1790169870481,1902,0.1599,0.0101
1790169870530,1903,0.1414,0.0107
1790169870581,1904,0.1461,0.0108
1790169870630,1905,0.1549,0.0104
1790169870681,1906,0.1185,0.0096
1790169870730,1907,0.1238,0.0092
1790169870781,1908,0.1139,0.0080
1790169870831,1909,0.1190,0.0089
1790169870881,1910,0.1347,0.0081
1790169870931,1911,0.1870,0.0107
1790169870981,1912,0.1550,0.0105
1790169871031,1913,0.1557,0.0098
1790169871081,1914,0.5619,0.0091
1790169871131,1915,0.2210,0.0108
1790169871181,1916,0.1424,0.0095
1790169871231,1917,0.1825,0.0103
1790169871280,1918,0.1625,0.0105
1790169871331,1919,0.1370,0.0109
1790169871380,1920,0.1669,0.0096
1790169871431,1921,0.1351,0.0086
1790169871481,1922,0.1978,0.0116
1790169871531,1923,0.1599,0.0107
1790169871581,1924,0.2180,0.0128
1790169871631,1925,0.1751,0.0088
1790169871681,1926,0.1037,0.0088
1790169871731,1927,0.1147,0.0084
1790169871780,1928,0.1184,0.0084
1790169871831,1929,0.1073,0.0086
1790169871881,1930,0.1555,0.0082
1790169871930,1931,0.1576,0.0106
1790169871981,1932,0.1637,0.0107
1790169872031,1933,0.1639,0.0112
1790169872080,1934,0.2132,0.0124
1790169872131,1935,0.1645,0.0108
1790169872181,1936,0.1375,0.0099
1790169872231,1937,0.1374,0.0093
1790169872281,1938,0.1605,0.0108
1790169872331,1939,0.1592,0.0105
1790169872381,1940,0.1760,0.0110
1790169872432,1941,0.1488,0.0104
1790169872481,1942,0.1534,0.0093
1790169872531,1943,0.2030,0.0116
1790169872581,1944,0.1987,0.0102
1790169872631,1945,0.1430,0.0104
1790169872681,1946,0.1307,0.0092
1790169872731,1947,0.1479,0.0102
1790169872780,1948,0.1437,0.0090
1790169872831,1949,0.1717,0.0100
1790169872881,1950,0.1545,0.0096
1790169872931,1951,0.1387,0.0095
1790169872981,1952,0.2031,0.0118
1790169873031,1953,0.2087,0.0104
1790169873080,1954,0.1535,0.0106
1790169873131,1955,0.1656,0.0099
1790169873181,1956,0.1493,0.0105
1790169873231,1957,0.2637,0.0133
1790169873280,1958,0.1533,0.0107
1790169873331,1959,0.1563,0.0109
1790169873381,1960,0.1357,0.0102
1790169873431,1961,0.1057,0.0088
1790169873481,1962,0.2120,0.0121
1790169873531,1963,0.1879,0.0113
1790169873581,1964,0.2063,0.0121
1790169873631,1965,0.1516,0.0104
1790169873681,1966,0.1573,0.0111
1790169873731,1967,0.1650,0.0320
1790169873781,1968,0.1909,0.0314
1790169873830,1969,0.1217,0.0092
1790169873881,1970,0.1193,0.0090
1790169873931,1971,0.1097,0.0082
1790169873981,1972,0.1695,0.0117
1790169874031,1973,0.1620,0.0103
1790169874080,1974,0.1438,0.0097
1790169874131,1975,0.1300,0.0096
1790169874181,1976,0.1384,0.0097
1790169874230,1977,0.1183,0.0080
1790169874281,1978,0.1534,0.0100
1790169874330,1979,0.1421,0.0101
1790169874381,1980,0.1454,0.0100
1790169874431,1981,0.1201,0.0086
1790169874481,1982,0.1140,0.0082
1790169874531,1983,0.1099,0.0079
1790169874580,1984,0.1975,0.0116
1790169874631,1985,0.1643,0.0107
1790169874681,1986,0.1280,0.0096
1790169874731,1987,0.1084,0.0098
1790169874781,1988,0.1277,0.0098
1790169874831,1989,0.1669,0.0102
1790169874880,1990,0.1949,0.0119
1790169874931,1991,0.1455,0.0101
1790169874981,1992,0.1626,0.0110
1790169875031,1993,0.1447,0.0093
1790169875081,1994,0.1639,0.0106
1790169875131,1995,0.2029,0.0118
1790169875181,1996,0.1400,0.0105
1790169875231,1997,0.1345,0.0098
1790169875281,1998,0.1958,0.0121
1790169875331,1999,0.1766,0.0372
1790169875381,2000,0.1547,0.0252
1790169875431,2001,0.1249,0.0089
1790169875481,2002,0.1164,0.0085
1790169875531,2003,0.1281,0.0090
1790169875581,2004,0.1324,0.0083
1790169875631,2005,0.1957,0.0117
1790169875681,2006,0.2468,0.0129
1790169875731,2007,0.1429,0.0101
1790169875781,2008,0.1423,0.0093
1790169875830,2009,0.1878,0.0117
1790169875881,2010,0.1910,0.0105
1790169875931,2011,0.1221,0.0093
1790169875981,2012,0.1615,0.0104
1790169876030,2013,0.1856,0.0108
1790169876081,2014,0.4417,0.0106
1790169876131,2015,0.1664,0.0107
1790169876181,2016,0.1362,0.0097
1790169876231,2017,0.1210,0.0134
1790169876281,2018,0.1958,0.0119
1790169876331,2019,0.2426,0.0142
1790169876381,2020,0.1740,0.0107
1790169876431,2021,0.1567,0.0107
1790169876481,2022,0.1558,0.0107
1790169876530,2023,0.2287,0.0124
1790169876581,2024,0.1495,0.0092
1790169876631,2025,0.1112,0.0083
1790169876681,2026,0.1886,0.0116
1790169876731,2027,0.1521,0.0105
1790169876781,2028,0.1608,0.0098
1790169876831,2029,0.1189,0.0093
1790169876881,2030,0.1944,0.0110
1790169876931,2031,0.1948,0.0117
1790169876981,2032,0.2002,0.0119
1790169877031,2033,0.1546,0.0107
1790169877081,2034,0.1509,0.0109
1790169877131,2035,0.1805,0.0118
1790169877181,2036,0.1890,0.0118
1790169877231,2037,0.1455,0.0098
1790169877281,2038,0.1412,0.0103
1790169877331,2039,0.1867,0.0117
1790169877381,2040,0.1890,0.0159
1790169877431,2041,0.1531,0.0106
1790169877481,2042,0.2029,0.0117
1790169877531,2043,0.1439,0.0095
1790169877581,2044,0.1567,0.0100
1790169877630,2045,0.1238,0.0091
1790169877681,2046,0.2788,0.0225
1790169877731,2047,0.2002,0.0122
1790169877781,2048,0.1596,0.0104
1790169877830,2049,0.1213,0.0097
1790169877881,2050,0.1891,0.0112
1790169877931,2051,0.2071,0.0119
1790169877980,2052,0.1544,0.0107
1790169878031,2053,0.1499,0.0104
1790169878081,2054,0.1943,0.0117
1790169878130,2055,0.1952,0.0118
1790169878181,2056,0.1969,0.0116
1790169878231,2057,0.1331,0.0090
1790169878281,2058,0.1259,0.0091
1790169878331,2059,0.1714,0.0106
1790169878381,2060,0.2078,0.0110
1790169878430,2061,0.1423,0.0095
1790169878481,2062,0.1303,0.0094
1790169878531,2063,0.1288,0.0099
1790169878581,2064,0.1130,0.0088
1790169878631,2065,0.1452,0.0086
1790169878681,2066,0.1188,0.0083
1790169878731,2067,0.1215,0.0076
1790169878782,2068,1.1912,0.0117
1790169878832,2069,0.1859,0.0106
1790169878881,2070,0.1831,0.0113
1790169878931,2071,0.1215,0.0091
1790169878981,2072,0.1920,0.0110
1790169879031,2073,0.1832,0.0117
1790169879081,2074,0.1786,0.0109
1790169879131,2075,0.1804,0.0106
1790169879181,2076,0.1452,0.0101
1790169879231,2077,0.0997,0.0082
1790169879282,2078,0.2055,0.0144
1790169879330,2079,0.1564,0.0108
1790169879381,2080,0.2161,0.0116
1790169879431,2081,0.1316,0.0091
1790169879481,2082,0.1558,0.0102
1790169879531,2083,0.1549,0.0107
1790169879580,2084,0.1637,0.0109
1790169879631,2085,0.1449,0.0099
1790169879681,2086,0.1534,0.0107
1790169879730,2087,0.1265,0.0096
1790169879781,2088,0.1216,0.0090
1790169879831,2089,0.1887,0.0108
1790169879881,2090,0.1471,0.0100
1790169879931,2091,0.1987,0.0106
1790169879981,2092,0.1862,0.0101
1790169880031,2093,0.1381,0.0101
1790169880081,2094,0.1626,0.0097
1790169880131,2095,0.1556,0.0105
1790169880181,2096,0.1320,0.0097
1790169880231,2097,0.1261,0.0101
1790169880281,2098,0.1745,0.0106
1790169880331,2099,0.1492,0.0101
1790169880380,2100,0.1769,0.0122
1790169880431,2101,0.1461,0.0092
1790169880481,2102,0.1438,0.0102
1790169880531,2103,0.1857,0.0107
1790169880581,2104,0.1205,0.0084
1790169880631,2105,0.1451,0.0099
1790169880681,2106,0.1259,0.0090
1790169880731,2107,0.1881,0.0111
1790169880780,2108,0.1275,0.0088
1790169880831,2109,0.1846,0.0105
1790169880881,2110,0.1669,0.0111
1790169880931,2111,0.1427,0.0101
1790169880981,2112,0.2008,0.0119
1790169881031,2113,0.1490,0.0098
1790169881081,2114,0.4846,0.0122
1790169881131,2115,0.1482,0.0103
1790169881180,2116,0.1837,0.0114
1790169881231,2117,0.1879,0.0111
1790169881280,2118,0.1433,0.0097
1790169881331,2119,0.1941,0.0113
1790169881381,2120,0.2183,0.0095
1790169881431,2121,0.1488,0.0101
1790169881481,2122,0.1828,0.0106
1790169881531,2123,0.1491,0.0100
1790169881581,2124,0.1616,0.0106
1790169881631,2125,0.2278,0.0130
1790169881680,2126,0.1903,0.0112
1790169881731,2127,0.1514,0.0134
1790169881781,2128,0.1612,0.0138
1790169881831,2129,0.2427,0.0131
1790169881881,2130,0.2052,0.0123
1790169881931,2131,0.2018,0.0108
1790169881981,2132,0.1608,0.0105
1790169882031,2133,0.1521,0.0097
1790169882081,2134,0.2253,0.0131
1790169882130,2135,0.1638,0.0104
1790169882181,2136,0.1903,0.0119
1790169882231,2137,0.1944,0.0115
1790169882281,2138,0.2860,0.0123
1790169882331,2139,0.1933,0.0118
1790169882381,2140,0.2469,0.0115
1790169882431,2141,0.1334,0.0105
1790169882481,2142,0.1424,0.0105
1790169882531,2143,0.1467,0.0107
1790169882580,2144,0.1407,0.0094
1790169882631,2145,0.1203,0.0092
1790169882680,2146,0.0943,0.0079
1790169882731,2147,0.0990,0.0083
1790169882781,2148,0.0982,0.0081
1790169882831,2149,0.1213,0.0087
1790169882880,2150,0.1092,0.0087
1790169882931,2151,0.1822,0.0117
1790169882981,2152,0.1541,0.0111
1790169883031,2153,0.1438,0.0103
1790169883081,2154,0.1102,0.0089
1790169883132,2155,0.1835,0.0118
1790169883181,2156,0.1545,0.0110
1790169883231,2157,0.1361,0.0098
1790169883281,2158,0.1333,0.0091
1790169883331,2159,0.1423,0.0104
1790169883381,2160,0.1554,0.0106
1790169883431,2161,0.1763,0.0113
1790169883481,2162,0.1451,0.0106
1790169883531,2163,0.1394,0.0105
1790169883581,2164,0.1209,0.0104
1790169883631,2165,0.1091,0.0087
1790169883681,2166,0.0902,0.0080
1790169883730,2167,0.1046,0.0081
1790169883781,2168,0.1048,0.0082
1790169883831,2169,0.0942,0.0076
1790169883881,2170,0.1241,0.0091
1790169883931,2171,0.1478,0.0101
1790169883981,2172,0.1840,0.0117
1790169884030,2173,0.1910,0.0159
1790169884080,2174,0.1330,0.0104
1790169884131,2175,0.1659,0.0107
1790169884181,2176,0.1049,0.0099
1790169884231,2177,0.2327,0.0118
1790169884280,2178,0.1477,0.0105
1790169884331,2179,0.1107,0.0098
1790169884381,2180,0.2173,0.0126
1790169884431,2181,0.1645,0.0108
1790169884481,2182,0.1350,0.0106
1790169884531,2183,0.1223,0.0091
1790169884581,2184,0.0944,0.0093
1790169884631,2185,0.0909,0.0080
1790169884681,2186,0.0929,0.0084
1790169884731,2187,0.1505,0.0089
1790169884781,2188,0.1067,0.0079
1790169884831,2189,0.1215,0.0089
1790169884881,2190,0.1236,0.0095
1790169884931,2191,0.1003,0.0079
1790169884981,2192,0.1828,0.0111
1790169885031,2193,0.1404,0.0099
1790169885081,2194,0.1242,0.0094
1790169885131,2195,0.1245,0.0101
1790169885181,2196,0.1387,0.0105
1790169885231,2197,0.1246,0.0106
1790169885281,2198,0.1109,0.0102
1790169885331,2199,0.1404,0.0102
1790169885380,2200,0.1604,0.0108
1790169885431,2201,0.1339,0.0094
1790169885481,2202,0.1356,0.0163
1790169885530,2203,0.1450,0.0108
1790169885581,2204,0.1297,0.0099
1790169885630,2205,0.1279,0.0097
1790169885681,2206,0.1279,0.0094
1790169885731,2207,0.1050,0.0090
1790169885781,2208,0.0950,0.0078
1790169885831,2209,0.1204,0.0079
1790169885881,2210,0.1300,0.0078
1790169885931,2211,0.0961,0.0077
1790169885981,2212,0.1438,0.0104
1790169886031,2213,0.1807,0.0117
1790169886081,2214,0.1476,0.0106
1790169886131,2215,0.3832,0.0120
1790169886181,2216,0.1448,0.0108
1790169886232,2217,0.1192,0.0094
1790169886281,2218,0.1279,0.0101
1790169886331,2219,0.1842,0.0234
1790169886381,2220,0.2483,0.0114
1790169886432,2221,0.1156,0.0092
1790169886480,2222,0.1094,0.0091
1790169886532,2223,0.1927,0.0128
1790169886581,2224,0.1629,0.0129
1790169886631,2225,0.1853,0.0116
1790169886681,2226,0.1148,0.0090
1790169886730,2227,0.1296,0.0244
1790169886781,2228,0.1511,0.0428
1790169886830,2229,0.1282,0.0095
1790169886881,2230,0.1431,0.0098
1790169886931,2231,0.1075,0.0090
1790169886981,2232,0.1427,0.0107
1790169887031,2233,0.1707,0.0115
1790169887081,2234,0.1837,0.0119
1790169887131,2235,0.1477,0.0105
1790169887181,2236,0.1329,0.0109
1790169887230,2237,0.1230,0.0093
1790169887281,2238,0.1380,0.0107
1790169887331,2239,0.1342,0.0106
1790169887381,2240,0.1818,0.0113
1790169887431,2241,0.1514,0.0112
1790169887481,2242,0.1018,0.0097
1790169887531,2243,0.1378,0.0107
1790169887581,2244,0.1385,0.0098
1790169887631,2245,0.1085,0.0095
1790169887681,2246,0.1131,0.0094
1790169887730,2247,0.1235,0.0100
1790169887781,2248,0.1234,0.0087
1790169887831,2249,0.1244,0.0094
1790169887880,2250,0.1346,0.0094
1790169887931,2251,0.1043,0.0079
1790169887981,2252,0.1419,0.0108
1790169888031,2253,0.1387,0.0105
1790169888080,2254,0.1270,0.0100
1790169888131,2255,0.1717,0.0113
1790169888181,2256,0.1365,0.0098
1790169888231,2257,0.1398,0.0103
1790169888281,2258,0.1124,0.0093
1790169888331,2259,0.1343,0.0104
1790169888381,2260,0.1721,0.0112
1790169888431,2261,0.1051,0.0094
1790169888481,2262,0.1433,0.0115
1790169888531,2263,0.1620,0.0126
1790169888581,2264,0.1315,0.0103
1790169888630,2265,0.1298,0.0102
1790169888681,2266,0.0925,0.0085
1790169888731,2267,0.1583,0.0114
1790169888780,2268,0.1294,0.0101
1790169888831,2269,0.1320,0.0091
1790169888881,2270,0.1479,0.0107
1790169888931,2271,0.1318,0.0097
1790169888981,2272,0.1376,0.0108
1790169889031,2273,0.1415,0.0103
1790169889081,2274,0.1269,0.0105
1790169889131,2275,0.1099,0.0087
1790169889181,2276,0.1513,0.0109
1790169889231,2277,0.1370,0.0104
1790169889280,2278,0.1230,0.0099
1790169889331,2279,0.1216,0.0101
1790169889380,2280,0.1382,0.0095
1790169889431,2281,0.1532,0.0100
1790169889481,2282,0.1249,0.0093
1790169889531,2283,0.1239,0.0094
1790169889581,2284,0.1322,0.0102
1790169889631,2285,0.1309,0.0093
1790169889680,2286,0.1013,0.0084
1790169889731,2287,0.0926,0.0079
1790169889781,2288,0.0893,0.0072
1790169889831,2289,0.0915,0.0074
1790169889881,2290,0.1315,0.0092
1790169889931,2291,0.1236,0.0084
1790169889982,2292,0.1661,0.0106
1790169890031,2293,0.1346,0.0100
1790169890081,2294,0.1287,0.0098
1790169890131,2295,0.1246,0.0094
1790169890181,2296,0.0961,0.0084
1790169890231,2297,0.1736,0.0118
1790169890280,2298,0.1828,0.0121
1790169890330,2299,0.1437,0.0108
1790169890381,2300,0.1781,0.0188
1790169890430,2301,0.1427,0.0107
1790169890481,2302,0.1448,0.0111
1790169890532,2303,0.1284,0.0096
1790169890581,2304,0.1414,0.0096
1790169890630,2305,0.1181,0.0096
1790169890681,2306,0.1316,0.0104
1790169890731,2307,0.1163,0.0095
1790169890781,2308,0.1128,0.0092
1790169890831,2309,0.1422,0.0096
1790169890881,2310,0.1538,0.0095
1790169890931,2311,0.1086,0.0091
1790169890980,2312,0.1467,0.0107
1790169891031,2313,0.1392,0.0103
1790169891080,2314,0.1453,0.0106
1790169891131,2315,0.1345,0.0096
1790169891180,2316,0.3564,0.0093
1790169891231,2317,0.0951,0.0080
1790169891281,2318,0.1707,0.0116
1790169891330,2319,0.1385,0.0106
1790169891381,2320,0.1516,0.0114
1790169891430,2321,0.1349,0.0102
1790169891481,2322,0.1132,0.0098
1790169891531,2323,0.1507,0.0114
1790169891581,2324,0.1351,0.0098
1790169891632,2325,0.1357,0.0105
1790169891681,2326,0.1120,0.0100
1790169891731,2327,0.1001,0.0090
1790169891782,2328,0.0983,0.0084
1790169891831,2329,0.0912,0.0082
1790169891881,2330,0.0981,0.0088
1790169891930,2331,0.1277,0.0085
1790169891981,2332,0.1385,0.0099
1790169892031,2333,0.1430,0.0106
1790169892081,2334,0.1233,0.0094
1790169892131,2335,0.1321,0.0093
1790169892181,2336,0.0930,0.0084
1790169892230,2337,0.1112,0.0083
1790169892281,2338,0.1368,0.0104
1790169892331,2339,0.1449,0.0106
1790169892381,2340,0.1355,0.0098
1790169892431,2341,0.1349,0.0104
1790169892481,2342,0.1423,0.0098
1790169892531,2343,0.1571,0.0114
1790169892581,2344,0.1306,0.0101
1790169892631,2345,0.1403,0.0100
1790169892681,2346,0.1137,0.0096
1790169892731,2347,0.0951,0.0083
1790169892781,2348,0.0993,0.0082
1790169892831,2349,0.1255,0.0101
1790169892880,2350,0.1746,0.0109
1790169892930,2351,0.1294,0.0103
1790169892981,2352,0.1432,0.0108
1790169893031,2353,0.1460,0.0109
1790169893081,2354,0.1375,0.0107
1790169893131,2355,0.1285,0.0102
1790169893181,2356,0.1322,0.0156
1790169893231,2357,0.1497,0.0110
1790169893281,2358,0.1722,0.0117
1790169893331,2359,0.1798,0.0124
1790169893381,2360,0.2079,0.0114
1790169893431,2361,0.1716,0.0115
1790169893480,2362,0.1270,0.0094
1790169893532,2363,0.1229,0.0101
1790169893581,2364,0.1186,0.0102
1790169893631,2365,0.1307,0.0095
1790169893682,2366,0.1415,0.0100
1790169893731,2367,0.1210,0.0098
1790169893782,2368,0.1124,0.0085
1790169893831,2369,0.1193,0.0091
1790169893881,2370,0.1413,0.0096
1790169893931,2371,0.1079,0.0087
1790169893982,2372,0.1412,0.0107
1790169894031,2373,0.1377,0.0107
1790169894081,2374,0.1350,0.0094
1790169894131,2375,0.1435,0.0104
1790169894181,2376,0.1131,0.0093
1790169894231,2377,0.0965,0.0091
1790169894281,2378,0.0936,0.0086
1790169894331,2379,0.1314,0.0093
1790169894382,2380,0.1575,0.0110
1790169894431,2381,0.1382,0.0107
1790169894481,2382,0.1442,0.0105
1790169894531,2383,0.1144,0.0104
1790169894581,2384,0.2469,0.0144
1790169894631,2385,0.1172,0.0092
1790169894681,2386,0.1260,0.0097
1790169894731,2387,0.1027,0.0082
1790169894781,2388,0.1413,0.0084
1790169894831,2389,0.1082,0.0082
1790169894881,2390,0.1035,0.0078
1790169894931,2391,0.0959,0.0071
1790169894981,2392,0.1471,0.0109
1790169895031,2393,0.1430,0.0106
1790169895081,2394,0.1218,0.0104
1790169895131,2395,0.1265,0.0094
1790169895181,2396,0.1141,0.0095
1790169895231,2397,0.1141,0.0094
1790169895281,2398,0.1091,0.0087
1790169895331,2399,0.1486,0.0097
1790169895381,2400,0.2079,0.0108
1790169895431,2401,0.1785,0.0119
1790169895481,2402,0.1442,0.0106
1790169895531,2403,0.1122,0.0101
1790169895581,2404,0.1549,0.0100
1790169895632,2405,0.1227,0.0096
1790169895681,2406,0.1302,0.0097
1790169895731,2407,0.1140,0.0104
1790169895781,2408,0.1546,0.0120
1790169895831,2409,0.1199,0.0096
1790169895881,2410,0.1478,0.0103
1790169895931,2411,0.1158,0.0088
1790169895981,2412,0.1479,0.0113
1790169896031,2413,0.1359,0.0099
1790169896081,2414,0.1317,0.0099
1790169896131,2415,0.1326,0.0104
1790169896180,2416,0.4084,0.0113
1790169896231,2417,0.1401,0.0103
1790169896282,2418,0.1554,0.0112
1790169896331,2419,0.1323,0.0102
1790169896381,2420,0.2022,0.0115
1790169896431,2421,0.1430,0.0107
1790169896481,2422,0.2029,0.0137
1790169896531,2423,0.1374,0.0109
1790169896582,2424,0.1931,0.0122
1790169896631,2425,0.1791,0.0120
1790169896681,2426,0.1851,0.0133
1790169896730,2427,0.1383,0.0100
1790169896781,2428,0.1211,0.0095
1790169896831,2429,0.1170,0.0101
1790169896882,2430,0.1140,0.0087
1790169896930,2431,0.1121,0.0080
1790169896982,2432,0.1452,0.0110
1790169897031,2433,0.1382,0.0107
1790169897080,2434,0.1235,0.0099
1790169897131,2435,0.2004,0.0110
1790169897181,2436,0.1420,0.0111
1790169897231,2437,0.1161,0.0102
1790169897281,2438,0.1142,0.0084
1790169897331,2439,0.1290,0.0104
1790169897382,2440,0.1424,0.0096
1790169897431,2441,0.1215,0.0093
1790169897481,2442,0.1621,0.0102
1790169897531,2443,0.1694,0.0108
1790169897582,2444,0.1477,0.0106
1790169897631,2445,0.1485,0.0108
1790169897682,2446,0.1365,0.0106
1790169897731,2447,0.1398,0.0107
1790169897781,2448,0.1060,0.0098
1790169897831,2449,0.1399,0.0095
1790169897882,2450,0.1249,0.0092
1790169897930,2451,0.1159,0.0097
1790169897980,2452,0.1407,0.0107
1790169898031,2453,0.1461,0.0114
1790169898082,2454,0.1211,0.0094
1790169898131,2455,0.1139,0.0085
1790169898181,2456,0.0856,0.0082
1790169898231,2457,0.0895,0.0079
1790169898281,2458,0.0869,0.0070
1790169898331,2459,0.0939,0.0075
1790169898380,2460,0.1569,0.0113
1790169898431,2461,0.1372,0.0101
1790169898480,2462,0.1369,0.0101
1790169898532,2463,0.1765,0.0116
1790169898580,2464,0.1729,0.0115
1790169898631,2465,0.1728,0.0111
1790169898681,2466,0.1249,0.0099
1790169898731,2467,0.1234,0.0099
1790169898781,2468,0.1168,0.0093
1790169898830,2469,0.1401,0.0103
1790169898882,2470,0.1255,0.0101
1790169898931,2471,0.1481,0.0110
1790169898981,2472,0.1401,0.0106
1790169899031,2473,0.1405,0.0101
1790169899081,2474,0.1338,0.0117
1790169899131,2475,0.1478,0.0109
1790169899181,2476,0.1515,0.0100
1790169899231,2477,0.2162,0.0113
1790169899280,2478,0.0855,0.0082
1790169899331,2479,0.0815,0.0076
1790169899381,2480,0.1537,0.0102
1790169899430,2481,0.1439,0.0109
1790169899481,2482,0.1381,0.0108
1790169899531,2483,0.1397,0.0107
1790169899582,2484,0.1070,0.0089
1790169899631,2485,0.1681,0.0111
1790169899681,2486,0.1517,0.0108
1790169899731,2487,0.1460,0.0108
1790169899781,2488,0.1135,0.0098
1790169899831,2489,0.1282,0.0102
1790169899881,2490,0.1896,0.0132
1790169899931,2491,0.0966,0.0085
1790169899981,2492,0.1508,0.0111
1790169900031,2493,0.1388,0.0102
1790169900082,2494,0.1308,0.0099
1790169900131,2495,0.1352,0.0108
1790169900181,2496,0.1094,0.0102
1790169900231,2497,0.1083,0.0088
1790169900281,2498,0.0922,0.0080
1790169900331,2499,0.0920,0.0078
1790169900381,2500,0.2127,0.0131
1790169900432,2501,0.1370,0.0096
1790169900481,2502,0.1254,0.0099
1790169900531,2503,0.1285,0.0099
1790169900582,2504,0.1586,0.0111
1790169900631,2505,0.1878,0.0119
1790169900680,2506,0.1439,0.0102
1790169900731,2507,0.1594,0.0112
1790169900782,2508,0.1141,0.0092
1790169900830,2509,0.1240,0.0092
1790169900881,2510,0.1332,0.0102
1790169900931,2511,0.1281,0.0097
1790169900982,2512,0.1395,0.0108
1790169901031,2513,0.1366,0.0104
1790169901082,2514,0.1331,0.0102
1790169901131,2515,0.1275,0.0155
1790169901181,2516,0.3415,0.0104
1790169901230,2517,0.1300,0.0102
1790169901281,2518,0.1076,0.0087
1790169901331,2519,0.1005,0.0087
1790169901380,2520,0.1304,0.0100
1790169901431,2521,0.1383,0.0110
1790169901481,2522,0.1215,0.0099
1790169901531,2523,0.1410,0.0106
1790169901581,2524,0.1271,0.0100
1790169901632,2525,0.1103,0.0089
1790169901681,2526,0.1620,0.0113
1790169901731,2527,0.1418,0.0108
1790169901781,2528,0.1292,0.0098
1790169901831,2529,0.1113,0.0091
1790169901881,2530,0.1241,0.0096
1790169901931,2531,0.1471,0.0101
1790169901981,2532,0.1406,0.0100
1790169902030,2533,0.1352,0.0103
1790169902081,2534,0.1337,0.0103
1790169902131,2535,0.1428,0.0093
1790169902181,2536,0.0983,0.0087
1790169902232,2537,0.0869,0.0080
1790169902281,2538,0.1126,0.0088
1790169902331,2539,0.1039,0.0085
1790169902381,2540,0.1104,0.0090
1790169902431,2541,0.1783,0.0121
1790169902481,2542,0.1376,0.0104
1790169902531,2543,0.1375,0.0102
1790169902581,2544,0.1762,0.0109
1790169902631,2545,0.1041,0.0091
1790169902681,2546,0.0966,0.0088
1790169902731,2547,0.1880,0.0113
1790169902780,2548,0.1432,0.0109
1790169902831,2549,0.1288,0.0103
1790169902880,2550,0.1328,0.0108
1790169902931,2551,0.1129,0.0101
1790169902980,2552,0.1659,0.0107
1790169903031,2553,0.1804,0.0116
1790169903080,2554,0.1322,0.0108
1790169903131,2555,0.1604,0.0112
1790169903181,2556,0.0954,0.0090
1790169903230,2557,0.0969,0.0084
1790169903282,2558,0.1057,0.0084
1790169903330,2559,0.1515,0.0108
1790169903382,2560,0.2227,0.0149
1790169903431,2561,0.1758,0.0126
1790169903481,2562,0.1412,0.0107
1790169903530,2563,0.1794,0.0118
1790169903581,2564,0.1752,0.0120
1790169903631,2565,0.1464,0.0111
1790169903681,2566,0.1405,0.0100
1790169903731,2567,0.1767,0.0117
1790169903780,2568,0.1701,0.0119
1790169903831,2569,0.1388,0.0103
1790169903882,2570,0.1785,0.0111
1790169903931,2571,0.1252,0.0101
1790169903982,2572,0.1762,0.0117
1790169904031,2573,0.1371,0.0104
1790169904081,2574,0.1369,0.0105
1790169904131,2575,0.1677,0.0113
1790169904182,2576,0.1197,0.0104
1790169904231,2577,0.1111,0.0093
1790169904282,2578,0.0951,0.0086
1790169904331,2579,0.0974,0.0084
1790169904380,2580,0.1303,0.0082
1790169904431,2581,0.1385,0.0107
1790169904482,2582,0.1402,0.0103
1790169904531,2583,0.1380,0.0104
1790169904581,2584,0.1744,0.0118
1790169904631,2585,0.1368,0.0099
1790169904682,2586,0.1366,0.0104
1790169904730,2587,0.1232,0.0093
1790169904782,2588,0.1403,0.0110
1790169904831,2589,0.1923,0.0122
1790169904881,2590,0.1723,0.0128
1790169904931,2591,0.1112,0.0095
1790169904981,2592,0.1396,0.0106
1790169905031,2593,0.1367,0.0108
1790169905082,2594,0.1272,0.0095
1790169905131,2595,0.1670,0.0106
1790169905182,2596,0.1206,0.0099
1790169905231,2597,0.0979,0.0091
1790169905282,2598,0.0920,0.0084
1790169905331,2599,0.0904,0.0086
1790169905380,2600,0.1086,0.0077
1790169905431,2601,0.1272,0.0094
1790169905481,2602,0.1375,0.0102
1790169905530,2603,0.1378,0.0108
1790169905581,2604,0.1282,0.0100
1790169905631,2605,0.1088,0.0096
1790169905680,2606,0.1543,0.0125
1790169905731,2607,0.1155,0.0100
1790169905781,2608,0.1187,0.0095
1790169905831,2609,0.1838,0.0120
1790169905881,2610,0.1726,0.0113
1790169905931,2611,0.1121,0.0090
1790169905980,2612,0.1395,0.0105
1790169906031,2613,0.1382,0.0105
1790169906081,2614,0.1382,0.0101
1790169906131,2615,0.1284,0.0103
1790169906182,2616,0.5071,0.0117
1790169906231,2617,0.1244,0.0096
1790169906281,2618,0.0918,0.0085
1790169906331,2619,0.0891,0.0080
1790169906382,2620,0.0934,0.0079
1790169906431,2621,0.1055,0.0082
1790169906481,2622,0.1365,0.0102
1790169906531,2623,0.1374,0.0096
1790169906582,2624,0.1558,0.0091
1790169906631,2625,0.1070,0.0089
1790169906682,2626,0.1334,0.0100
1790169906731,2627,0.1468,0.0106
1790169906782,2628,0.1528,0.0110
1790169906831,2629,0.1365,0.0110
1790169906881,2630,0.1903,0.0135
1790169906931,2631,0.1382,0.0103
1790169906982,2632,0.1523,0.0109
1790169907031,2633,0.1707,0.0112
1790169907081,2634,0.1166,0.0097
1790169907131,2635,0.1214,0.0101
1790169907181,2636,0.1235,0.0100
1790169907231,2637,0.1410,0.0109
1790169907282,2638,0.1825,0.0123
1790169907331,2639,0.1303,0.0107
1790169907382,2640,0.1393,0.0107
1790169907431,2641,0.1480,0.0104
1790169907481,2642,0.1360,0.0106
1790169907531,2643,0.1588,0.0101
1790169907581,2644,0.1363,0.0102
1790169907632,2645,0.1148,0.0104
1790169907682,2646,0.1255,0.0101
1790169907731,2647,0.1151,0.0092
1790169907781,2648,0.1705,0.0098
1790169907831,2649,0.1794,0.0123
1790169907882,2650,0.1351,0.0102
1790169907930,2651,0.1482,0.0112
1790169907981,2652,0.2074,0.0116
1790169908031,2653,0.1372,0.0109
1790169908081,2654,0.1347,0.0105
1790169908131,2655,0.1385,0.0103
1790169908182,2656,0.1679,0.0118
1790169908230,2657,0.1082,0.0091
1790169908280,2658,0.0932,0.0089
1790169908331,2659,0.1008,0.0153
1790169908380,2660,0.1176,0.0089
1790169908431,2661,0.1284,0.0104
1790169908481,2662,0.1228,0.0101
1790169908531,2663,0.1944,0.0112
1790169908581,2664,0.1896,0.0111
1790169908631,2665,0.1165,0.0097
1790169908681,2666,0.1454,0.0102
1790169908731,2667,0.1248,0.0093
1790169908780,2668,0.1071,0.0088
1790169908831,2669,0.1531,0.0107
1790169908881,2670,0.1401,0.0106
1790169908931,2671,0.1305,0.0102
1790169908981,2672,0.1868,0.0182
1790169909031,2673,0.1363,0.0103
1790169909082,2674,0.1705,0.0103
1790169909131,2675,0.1654,0.0110
1790169909181,2676,0.1400,0.0108
1790169909231,2677,0.1119,0.0090
1790169909281,2678,0.0996,0.0088
1790169909331,2679,0.0911,0.0082
1790169909381,2680,0.0939,0.0076
1790169909431,2681,0.1099,0.0081
1790169909481,2682,0.1283,0.0093
1790169909531,2683,0.1399,0.0094
1790169909581,2684,0.1449,0.0109
1790169909630,2685,0.1324,0.0102
1790169909681,2686,0.1499,0.0109
1790169909731,2687,0.1170,0.0103
1790169909780,2688,0.1049,0.0092
1790169909831,2689,0.1314,0.0094
1790169909881,2690,0.2064,0.0109
1790169909931,2691,0.1092,0.0093
1790169909981,2692,0.1390,0.0107
1790169910031,2693,0.1690,0.0115
1790169910080,2694,0.1753,0.0118
1790169910131,2695,0.1565,0.0110
1790169910180,2696,0.1399,0.0118
1790169910231,2697,0.1170,0.0096
1790169910282,2698,0.1077,0.0093
1790169910330,2699,0.0938,0.0082
1790169910382,2700,0.1921,0.0119
1790169910431,2701,0.1018,0.0093
1790169910482,2702,0.1371,0.0105
1790169910531,2703,0.1384,0.0097
1790169910582,2704,0.1369,0.0103
1790169910632,2705,0.1332,0.0105
1790169910682,2706,0.1024,0.0091
1790169910731,2707,0.1153,0.0094
1790169910782,2708,0.1099,0.0087
1790169910831,2709,0.1167,0.0090
1790169910882,2710,0.1857,0.0115
1790169910930,2711,0.1516,0.0098
1790169910982,2712,0.2273,0.0140
1790169911031,2713,0.1377,0.0104
1790169911081,2714,0.2035,0.0454
1790169911131,2715,0.1683,0.0238
1790169911182,2716,0.3327,0.0181
1790169911231,2717,0.1221,0.0095
1790169911281,2718,0.1093,0.0086
1790169911331,2719,0.1167,0.0104
1790169911382,2720,0.1190,0.0087
1790169911431,2721,0.1591,0.0109
1790169911482,2722,0.1829,0.0102
1790169911530,2723,0.1241,0.0095
1790169911581,2724,0.1563,0.0110
1790169911631,2725,0.1426,0.0102
1790169911680,2726,0.2229,0.0133
1790169911731,2727,0.1287,0.0104
1790169911782,2728,0.1471,0.0092
1790169911832,2729,0.1407,0.0102
1790169911881,2730,0.1792,0.0117
1790169911931,2731,0.1274,0.0091
1790169911981,2732,0.1388,0.0101
1790169912031,2733,0.1363,0.0093
1790169912081,2734,0.1349,0.0100
1790169912131,2735,0.1672,0.0103
1790169912181,2736,0.1568,0.0103
1790169912231,2737,0.1265,0.0087
1790169912281,2738,0.1061,0.0091
1790169912331,2739,0.1092,0.0086
1790169912382,2740,0.1129,0.0084
1790169912431,2741,0.0859,0.0073
1790169912482,2742,0.1144,0.0086
1790169912530,2743,0.0973,0.0077
1790169912580,2744,0.1702,0.0107
1790169912630,2745,0.1749,0.0105
1790169912681,2746,0.1388,0.0100
1790169912731,2747,0.1439,0.0102
1790169912781,2748,0.1152,0.0091
1790169912831,2749,0.1080,0.0088
1790169912881,2750,0.1025,0.0090
1790169912931,2751,0.1434,0.0098
1790169912981,2752,0.1853,0.0107
1790169913031,2753,0.1628,0.0098
1790169913081,2754,0.1252,0.0096
1790169913131,2755,0.1170,0.0093
1790169913181,2756,0.1447,0.0097
1790169913231,2757,0.1478,0.0101
1790169913281,2758,0.1220,0.0088
1790169913331,2759,0.1036,0.0086
1790169913381,2760,0.0985,0.0085
1790169913431,2761,0.1384,0.0098
1790169913481,2762,0.1383,0.0099
1790169913531,2763,0.1356,0.0096
1790169913581,2764,0.2396,0.0141
1790169913631,2765,0.1372,0.0097
1790169913681,2766,0.1503,0.0104
1790169913731,2767,0.1084,0.0086
1790169913782,2768,0.1132,0.0088
1790169913831,2769,0.1280,0.0099
1790169913882,2770,0.1310,0.0098
1790169913930,2771,0.1370,0.0094
1790169913982,2772,0.1390,0.0095
1790169914030,2773,0.1369,0.0095
1790169914081,2774,0.1294,0.0099
1790169914131,2775,0.1362,0.0092
1790169914181,2776,0.1542,0.0103
1790169914230,2777,0.1400,0.0101
1790169914282,2778,0.1271,0.0089
1790169914331,2779,0.1444,0.0095
1790169914382,2780,0.1235,0.0096
1790169914431,2781,0.1406,0.0094
1790169914482,2782,0.1123,0.0087
1790169914530,2783,0.1321,0.0093
1790169914581,2784,0.1112,0.0085
1790169914631,2785,0.1501,0.0110
1790169914681,2786,0.2310,0.0138
1790169914731,2787,0.1618,0.0105
1790169914781,2788,0.1302,0.0093
1790169914831,2789,0.1355,0.0101
1790169914881,2790,0.1620,0.0104
1790169914931,2791,0.1876,0.0124
1790169914981,2792,0.1714,0.0114
1790169915031,2793,0.1374,0.0103
1790169915081,2794,0.1305,0.0102
1790169915131,2795,0.1278,0.0097
1790169915180,2796,0.1238,0.0097
1790169915231,2797,0.1402,0.0100
1790169915281,2798,0.1376,0.0100
1790169915331,2799,0.1318,0.0097
1790169915381,2800,0.1348,0.0103
1790169915431,2801,0.1355,0.0085
1790169915482,2802,0.1073,0.0085
1790169915531,2803,0.1115,0.0085
1790169915581,2804,0.1225,0.0088
1790169915630,2805,0.1424,0.0096
1790169915681,2806,0.1471,0.0103
1790169915731,2807,0.1429,0.0104
1790169915781,2808,0.1146,0.0093
1790169915831,2809,0.0991,0.0085
1790169915881,2810,0.0946,0.0078
1790169915931,2811,0.1491,0.0103
1790169915981,2812,0.1728,0.0120
1790169916031,2813,0.1380,0.0095
1790169916082,2814,0.1386,0.0103
1790169916131,2815,0.1778,0.0096
1790169916181,2816,0.1107,0.0098
1790169916232,2817,0.3536,0.0091
1790169916281,2818,0.1760,0.0117
1790169916331,2819,0.1426,0.0100
1790169916381,2820,0.1154,0.0092
1790169916431,2821,0.0990,0.0085
1790169916480,2822,0.1387,0.0100
1790169916531,2823,0.1380,0.0133
1790169916581,2824,0.1399,0.0109
1790169916631,2825,0.1925,0.0120
1790169916681,2826,0.1755,0.0105
1790169916731,2827,0.1227,0.0092
1790169916781,2828,0.1278,0.0093
1790169916832,2829,0.1505,0.0105
1790169916881,2830,0.1555,0.0107
1790169916931,2831,0.1736,0.0112
1790169916981,2832,0.1387,0.0100
1790169917031,2833,0.1387,0.0096
1790169917081,2834,0.1299,0.0097
1790169917131,2835,0.1227,0.0090
1790169917181,2836,0.1262,0.0088
1790169917230,2837,0.0979,0.0094
1790169917281,2838,0.1103,0.0087
1790169917331,2839,0.1404,0.0101
1790169917381,2840,0.1862,0.0118
1790169917431,2841,0.1272,0.0092
1790169917481,2842,0.1241,0.0093
1790169917530,2843,0.1002,0.0087
1790169917581,2844,0.1307,0.0093
1790169917630,2845,0.1695,0.0099
1790169917681,2846,0.1383,0.0102
1790169917731,2847,0.1440,0.0094
1790169917781,2848,0.1423,0.0113
1790169917831,2849,0.1581,0.0111
1790169917881,2850,0.1738,0.0127
1790169917931,2851,0.1716,0.0113
1790169917981,2852,0.1883,0.0126
1790169918031,2853,0.1825,0.0112
1790169918081,2854,0.1568,0.0102
1790169918131,2855,0.1629,0.0096
1790169918181,2856,0.1471,0.0108
1790169918231,2857,0.1135,0.0093
1790169918281,2858,0.1248,0.0087
1790169918331,2859,0.1332,0.0089
1790169918381,2860,0.1467,0.0096
1790169918431,2861,0.1214,0.0098
1790169918481,2862,0.0906,0.0089
1790169918531,2863,0.0943,0.0082
1790169918581,2864,0.1195,0.0088
1790169918631,2865,0.1299,0.0100
1790169918681,2866,0.1299,0.0098
1790169918731,2867,0.1049,0.0084
1790169918781,2868,0.1257,0.0089
1790169918831,2869,0.1313,0.0100
1790169918881,2870,0.1224,0.0093
1790169918931,2871,0.0996,0.0080
1790169918981,2872,0.1884,0.0107
1790169919031,2873,0.1794,0.0116
1790169919080,2874,0.1515,0.0098
1790169919131,2875,0.1250,0.0095
1790169919180,2876,0.1399,0.0095
1790169919231,2877,0.1167,0.0090
1790169919281,2878,0.0989,0.0084
1790169919331,2879,0.1025,0.0086
1790169919380,2880,0.1833,0.0107
1790169919431,2881,0.1721,0.0115
1790169919480,2882,0.1105,0.0089
1790169919531,2883,0.1377,0.0091
1790169919581,2884,0.1358,0.0098
1790169919631,2885,0.1450,0.0102
1790169919681,2886,0.1506,0.0100
1790169919730,2887,0.1197,0.0099
1790169919781,2888,0.1307,0.0099
1790169919830,2889,0.1165,0.0099
1790169919881,2890,0.1193,0.0100
1790169919931,2891,0.1036,0.0089
1790169919981,2892,0.1381,0.0101
1790169920031,2893,0.1425,0.0096
1790169920081,2894,0.1367,0.0102
1790169920131,2895,0.1484,0.0093
1790169920181,2896,0.2374,0.0131
1790169920231,2897,0.0987,0.0091
1790169920281,2898,0.0852,0.0086
1790169920331,2899,0.0889,0.0079
1790169920381,2900,0.1789,0.0098
1790169920431,2901,0.1644,0.0107
1790169920481,2902,0.1437,0.0097
1790169920531,2903,0.1229,0.0089
1790169920580,2904,0.1372,0.0103
1790169920631,2905,0.1257,0.0089
1790169920681,2906,0.1541,0.0106
1790169920731,2907,0.1395,0.0100
1790169920781,2908,0.1436,0.0149
1790169920831,2909,0.1309,0.0099
1790169920880,2910,0.1776,0.0110
1790169920931,2911,0.1714,0.0104
1790169920981,2912,0.1367,0.0098
1790169921031,2913,0.1369,0.0094
1790169921081,2914,0.1613,0.0108
1790169921131,2915,0.1473,0.0110
1790169921181,2916,0.1620,0.0115
1790169921231,2917,0.1215,0.0102
1790169921281,2918,0.2960,0.0098
1790169921331,2919,0.1299,0.0083
1790169921381,2920,0.1707,0.0110
1790169921431,2921,0.1480,0.0109
1790169921481,2922,0.1381,0.0095
1790169921531,2923,0.1394,0.0099
1790169921580,2924,0.1687,0.0105
1790169921631,2925,0.1331,0.0101
1790169921681,2926,0.1389,0.0105
1790169921731,2927,0.1400,0.0098
1790169921780,2928,0.1778,0.0111
1790169921831,2929,0.1069,0.0084
1790169921880,2930,0.1056,0.0079
1790169921931,2931,0.0864,0.0074
1790169921981,2932,0.1428,0.0098
1790169922031,2933,0.1844,0.0118
1790169922081,2934,0.1305,0.0103
1790169922131,2935,0.1246,0.0087
1790169922181,2936,0.1477,0.0100
1790169922231,2937,0.1133,0.0087
1790169922280,2938,0.1254,0.0091
1790169922331,2939,0.1460,0.0105
1790169922381,2940,0.1419,0.0098
1790169922431,2941,0.1299,0.0103
1790169922481,2942,0.1293,0.0102
1790169922531,2943,0.1791,0.0111
1790169922581,2944,0.1638,0.0113
1790169922630,2945,0.1303,0.0091
1790169922681,2946,0.1382,0.0100
1790169922731,2947,0.1363,0.0136
1790169922780,2948,0.1558,0.0109
1790169922831,2949,0.1348,0.0099
1790169922881,2950,0.1395,0.0105
1790169922930,2951,0.1230,0.0096
1790169922981,2952,0.1377,0.0101
1790169923031,2953,0.1525,0.0102
1790169923081,2954,0.1349,0.0098
1790169923131,2955,0.1590,0.0101
1790169923181,2956,0.1301,0.0088
1790169923231,2957,0.0876,0.0084
1790169923281,2958,0.0871,0.0079
1790169923332,2959,0.1336,0.0099
1790169923381,2960,0.1121,0.0077
1790169923431,2961,0.1110,0.0084
1790169923481,2962,0.1277,0.0092
1790169923531,2963,0.1754,0.0108
1790169923580,2964,0.1835,0.0114
1790169923631,2965,0.1464,0.0099
1790169923681,2966,0.1646,0.0108
1790169923731,2967,0.1364,0.0092
1790169923781,2968,0.1394,0.0102
1790169923831,2969,0.1763,0.0105
1790169923881,2970,0.1114,0.0087
1790169923931,2971,0.1982,0.0111
1790169923980,2972,0.1796,0.0109
1790169924031,2973,0.1362,0.0094
1790169924081,2974,0.1325,0.0096
1790169924131,2975,0.1358,0.0096
1790169924180,2976,0.1079,0.0088
1790169924231,2977,0.0958,0.0083
1790169924281,2978,0.0856,0.0077
1790169924331,2979,0.0830,0.0076
1790169924381,2980,0.0897,0.0067
1790169924431,2981,0.1434,0.0087
1790169924481,2982,0.1438,0.0100
1790169924531,2983,0.1117,0.0084
1790169924581,2984,0.1495,0.0093
1790169924630,2985,0.1395,0.0101
1790169924680,2986,0.1422,0.0097
1790169924731,2987,0.1232,0.0091
1790169924781,2988,0.1362,0.0092
1790169924831,2989,0.1741,0.0111
1790169924881,2990,0.1113,0.0084
1790169924931,2991,0.1101,0.0087
1790169924981,2992,0.1329,0.0093
1790169925031,2993,0.1385,0.0099
1790169925080,2994,0.1650,0.0106
1790169925131,2995,0.1576,0.0101
1790169925181,2996,0.2070,0.0126
1790169925231,2997,0.1229,0.0094
1790169925281,2998,0.1099,0.0089
1790169925332,2999,0.0960,0.0079
1790169925381,3000,0.0944,0.0067
1790169925431,3001,0.1171,0.0081
1790169925481,3002,0.1264,0.0165
1790169925531,3003,0.1234,0.0083
1790169925581,3004,0.1163,0.0081
1790169925631,3005,0.2493,0.0109
1790169925681,3006,0.1826,0.0117
1790169925731,3007,0.1335,0.0102
1790169925781,3008,0.1205,0.0096
1790169925831,3009,0.1400,0.0099
1790169925881,3010,0.1430,0.0102
1790169925931,3011,0.1130,0.0093
1790169925981,3012,0.1022,0.0081
1790169926030,3013,0.1408,0.0100
1790169926081,3014,0.1365,0.0096
1790169926131,3015,0.1738,0.0101
1790169926181,3016,0.1431,0.0103
1790169926231,3017,0.1650,0.0103
1790169926280,3018,0.1011,0.0090
1790169926332,3019,0.3908,0.0097
1790169926381,3020,0.1114,0.0091
1790169926431,3021,0.1029,0.0082
1790169926481,3022,0.1441,0.0095
1790169926531,3023,0.1043,0.0079
1790169926581,3024,0.1437,0.0102
1790169926631,3025,0.1359,0.0092
1790169926681,3026,0.1512,0.0113
1790169926731,3027,0.1706,0.0098
1790169926781,3028,0.1132,0.0087
1790169926831,3029,0.1371,0.0096
1790169926881,3030,0.1280,0.0104
1790169926930,3031,0.1130,0.0095
1790169926981,3032,0.1438,0.0104
1790169927031,3033,0.1409,0.0101
1790169927081,3034,0.1373,0.0091
1790169927131,3035,0.1333,0.0099
1790169927181,3036,0.1579,0.0101
1790169927231,3037,0.1088,0.0088
1790169927281,3038,0.0979,0.0085
1790169927332,3039,0.0937,0.0082
1790169927381,3040,0.1024,0.0083
1790169927431,3041,0.1713,0.0107
1790169927480,3042,0.1568,0.0098
1790169927531,3043,0.1344,0.0092
1790169927581,3044,0.1546,0.0104
1790169927631,3045,0.1391,0.0095
1790169927681,3046,0.1207,0.0094
1790169927731,3047,0.1792,0.0114
1790169927781,3048,0.1788,0.0100
1790169927831,3049,0.1525,0.0111
1790169927882,3050,0.1801,0.0112
1790169927930,3051,0.1150,0.0091
1790169927981,3052,0.1034,0.0081
1790169928031,3053,0.1462,0.0110
1790169928081,3054,0.1440,0.0098
1790169928131,3055,0.1131,0.0095
1790169928181,3056,0.1268,0.0100
1790169928231,3057,0.1249,0.0096
1790169928281,3058,0.1013,0.0092
1790169928331,3059,0.1002,0.0083
1790169928381,3060,0.1076,0.0080
1790169928431,3061,0.1079,0.0083
1790169928482,3062,0.0944,0.0078
1790169928530,3063,0.1062,0.0079
1790169928581,3064,0.1660,0.0158
1790169928632,3065,0.1331,0.0093
1790169928682,3066,0.1151,0.0088
1790169928730,3067,0.1292,0.0093
1790169928781,3068,0.1730,0.0109
1790169928831,3069,0.1439,0.0103
1790169928881,3070,0.1505,0.0098
1790169928931,3071,0.1753,0.0112
1790169928980,3072,0.1677,0.0109
1790169929031,3073,0.1370,0.0101
1790169929081,3074,0.1380,0.0098
1790169929131,3075,0.1321,0.0102
1790169929182,3076,0.1229,0.0099
1790169929231,3077,0.1122,0.0088
1790169929282,3078,0.1521,0.0086
1790169929331,3079,0.0843,0.0074
1790169929381,3080,0.0897,0.0071
1790169929431,3081,0.1218,0.0083
1790169929481,3082,0.0954,0.0065
1790169929531,3083,0.1082,0.0071
1790169929581,3084,0.1174,0.0082
1790169929631,3085,0.1076,0.0075
1790169929680,3086,0.0895,0.0069
1790169929731,3087,0.1526,0.0102
1790169929782,3088,0.1137,0.0088
1790169929831,3089,0.1524,0.0110
1790169929880,3090,0.1467,0.0100
1790169929931,3091,0.1556,0.0121
1790169929981,3092,0.1215,0.0092
1790169930031,3093,0.1868,0.0119
1790169930081,3094,0.1379,0.0094
1790169930131,3095,0.1452,0.0099
1790169930181,3096,0.1515,0.0102
1790169930231,3097,0.1084,0.0089
1790169930280,3098,0.1067,0.0085
1790169930331,3099,0.1005,0.0086
1790169930381,3100,0.0975,0.0080
1790169930431,3101,0.0780,0.0067
1790169930481,3102,0.1832,0.0112
1790169930531,3103,0.1425,0.0100
1790169930581,3104,0.1395,0.0107
1790169930631,3105,0.1288,0.0102
1790169930681,3106,0.1231,0.0092
1790169930730,3107,0.1253,0.0099
1790169930781,3108,0.1111,0.0083
1790169930831,3109,0.0939,0.0077
1790169930880,3110,0.1798,0.0113
1790169930931,3111,0.1851,0.0116
1790169930981,3112,0.1074,0.0090
1790169931031,3113,0.1412,0.0101
1790169931081,3114,0.1395,0.0099
1790169931131,3115,0.1521,0.0104
1790169931181,3116,0.1225,0.0094
1790169931230,3117,0.2420,0.0117
1790169931281,3118,0.1249,0.0101
1790169931331,3119,0.0994,0.0085
1790169931381,3120,0.3170,0.0100
1790169931431,3121,0.0988,0.0090
1790169931481,3122,0.1154,0.0089
1790169931530,3123,0.1201,0.0084
1790169931581,3124,0.1108,0.0081
1790169931631,3125,0.1811,0.0102
1790169931680,3126,0.1387,0.0101
1790169931731,3127,0.1048,0.0091
1790169931780,3128,0.1524,0.0104
1790169931831,3129,0.1153,0.0085
1790169931881,3130,0.1431,0.0101
1790169931931,3131,0.1811,0.0109
1790169931980,3132,0.1579,0.0237
1790169932031,3133,0.1541,0.0107
1790169932081,3134,0.1433,0.0103
1790169932130,3135,0.1748,0.0110
1790169932181,3136,0.1367,0.0094
1790169932231,3137,0.1178,0.0089
1790169932281,3138,0.1065,0.0082
1790169932331,3139,0.1127,0.0082
1790169932381,3140,0.1089,0.0081
1790169932431,3141,0.1087,0.0082
1790169932481,3142,0.1082,0.0077
1790169932530,3143,0.0858,0.0074
1790169932581,3144,0.1281,0.0077
1790169932631,3145,0.1119,0.0076
1790169932681,3146,0.0991,0.0075
1790169932731,3147,0.1110,0.0080
1790169932781,3148,0.1271,0.0084
1790169932831,3149,0.1259,0.0087
1790169932881,3150,0.1401,0.0093
1790169932931,3151,0.1473,0.0151
1790169932980,3152,0.1830,0.0172
1790169933031,3153,0.1864,0.0101
1790169933081,3154,0.1367,0.0105
1790169933131,3155,0.1528,0.0097
1790169933181,3156,0.1135,0.0090
1790169933231,3157,0.1083,0.0082
1790169933281,3158,0.1560,0.0096
1790169933331,3159,0.1011,0.0082
1790169933381,3160,0.1019,0.0078
1790169933431,3161,0.0865,0.0067
1790169933481,3162,0.0869,0.0068
1790169933530,3163,0.1013,0.0069
1790169933581,3164,0.1426,0.0098
1790169933631,3165,0.1493,0.0104
1790169933681,3166,0.2086,0.0102
1790169933730,3167,0.2668,0.0460
1790169933781,3168,0.1765,0.0340
1790169933831,3169,0.1337,0.0248
1790169933881,3170,0.1306,0.0096
1790169933931,3171,0.1488,0.0109
1790169933980,3172,0.1298,0.0100
1790169934031,3173,0.1424,0.0105
1790169934081,3174,0.1351,0.0102
1790169934131,3175,0.1335,0.0096
1790169934181,3176,0.1254,0.0087
1790169934231,3177,0.1064,0.0083
1790169934281,3178,0.1181,0.0091
1790169934331,3179,0.1328,0.0102
1790169934381,3180,0.1054,0.0081
1790169934431,3181,0.0967,0.0079
1790169934481,3182,0.0913,0.0076
1790169934531,3183,0.0810,0.0061
1790169934581,3184,0.1659,0.0094
1790169934631,3185,0.1425,0.0097
1790169934681,3186,0.1837,0.0109
1790169934731,3187,0.1335,0.0092
1790169934781,3188,0.1405,0.0103
1790169934831,3189,0.1395,0.0101
1790169934881,3190,0.1515,0.0101
1790169934930,3191,0.1112,0.0094
1790169934981,3192,0.1337,0.0100
1790169935031,3193,0.1706,0.0104
1790169935081,3194,0.1383,0.0099
1790169935131,3195,0.1575,0.0112
1790169935181,3196,0.1122,0.0092
1790169935230,3197,0.0922,0.0077
1790169935281,3198,0.1006,0.0083
1790169935331,3199,0.0998,0.0079
1790169935380,3200,0.1236,0.0076
1790169935431,3201,0.1045,0.0073
1790169935481,3202,0.1042,0.0069
1790169935531,3203,0.1473,0.0093
1790169935581,3204,0.0852,0.0062
1790169935631,3205,0.1035,0.0070
1790169935681,3206,0.1029,0.0071
1790169935731,3207,0.1127,0.0079
1790169935781,3208,0.1335,0.0090
1790169935831,3209,0.1199,0.0086
1790169935880,3210,0.1316,0.0092
1790169935931,3211,0.1308,0.0092
1790169935982,3212,0.1668,0.0115
1790169936030,3213,0.1445,0.0099
1790169936081,3214,0.1473,0.0101
1790169936131,3215,0.1608,0.0100
1790169936181,3216,0.1431,0.0097
1790169936231,3217,0.1061,0.0091
1790169936281,3218,0.0974,0.0086
1790169936331,3219,0.1050,0.0085
1790169936381,3220,0.1105,0.0080
1790169936431,3221,0.2932,0.0077
1790169936481,3222,0.0943,0.0075
1790169936532,3223,0.0854,0.0067
1790169936581,3224,0.0872,0.0067
1790169936630,3225,0.1243,0.0085
1790169936681,3226,0.1484,0.0426
1790169936731,3227,0.1679,0.0375
1790169936781,3228,0.1972,0.0412
1790169936830,3229,0.1158,0.0081
1790169936881,3230,0.1448,0.0090
1790169936931,3231,0.0887,0.0063
1790169936981,3232,0.1276,0.0086
1790169937030,3233,0.1282,0.0076
1790169937081,3234,0.1560,0.0109
1790169937131,3235,0.1541,0.0103
1790169937180,3236,0.1396,0.0085
1790169937231,3237,0.1424,0.0087
1790169937280,3238,0.1131,0.0079
1790169937331,3239,0.1099,0.0081
1790169937381,3240,0.1409,0.0088
1790169937430,3241,0.1270,0.0083
1790169937481,3242,0.1399,0.0084
1790169937531,3243,0.1416,0.0091
1790169937581,3244,0.1803,0.0105
1790169937631,3245,0.1382,0.0092
1790169937681,3246,0.1363,0.0094
1790169937731,3247,0.1472,0.0091
1790169937781,3248,0.1485,0.0089
1790169937831,3249,0.1166,0.0082
1790169937881,3250,0.1236,0.0092
1790169937931,3251,0.1401,0.0089
1790169937981,3252,0.1231,0.0155
1790169938031,3253,0.1665,0.0098
1790169938081,3254,0.1687,0.0095
1790169938131,3255,0.1420,0.0090
1790169938181,3256,0.1654,0.0101
1790169938231,3257,0.1359,0.0091
1790169938282,3258,0.1087,0.0082
1790169938330,3259,0.1028,0.0080
1790169938381,3260,0.1411,0.0087
1790169938431,3261,0.1470,0.0089
1790169938481,3262,0.1258,0.0081
1790169938531,3263,0.1229,0.0083
1790169938580,3264,0.1377,0.0085
1790169938631,3265,0.1565,0.0091
1790169938680,3266,0.1441,0.0095
1790169938732,3267,0.1539,0.0097
1790169938781,3268,0.1048,0.0071
1790169938831,3269,0.1549,0.0086
1790169938881,3270,0.1176,0.0089
1790169938932,3271,0.1093,0.0076
1790169938980,3272,0.1686,0.0095
1790169939031,3273,0.1407,0.0091
1790169939081,3274,0.1767,0.0101
1790169939131,3275,0.1809,0.0101
1790169939181,3276,0.1258,0.0083
1790169939231,3277,0.1586,0.0110
1790169939281,3278,0.1323,0.0086
1790169939331,3279,0.1075,0.0082
1790169939381,3280,0.1158,0.0080
1790169939431,3281,0.1010,0.0076
1790169939481,3282,0.0956,0.0073
1790169939531,3283,0.0867,0.0067
1790169939581,3284,0.1124,0.0076
1790169939630,3285,0.1247,0.0079
1790169939681,3286,0.1366,0.0090
1790169939731,3287,0.1370,0.0088
1790169939781,3288,0.1086,0.0079
1790169939831,3289,0.1579,0.0098
1790169939881,3290,0.1009,0.0080
1790169939931,3291,0.1662,0.0099
1790169939981,3292,0.1368,0.0094
1790169940031,3293,0.1408,0.0092
1790169940081,3294,0.1393,0.0088
1790169940131,3295,0.1524,0.0090
1790169940180,3296,0.1275,0.0090
1790169940232,3297,0.1596,0.0093
1790169940281,3298,0.1440,0.0092
1790169940331,3299,0.1207,0.0082
1790169940381,3300,0.1244,0.0083
1790169940431,3301,0.1013,0.0078
1790169940481,3302,0.1112,0.0074
1790169940531,3303,0.1053,0.0064
1790169940581,3304,0.0912,0.0069
1790169940631,3305,0.0933,0.0059
1790169940681,3306,0.1384,0.0087
1790169940731,3307,0.2253,0.0114
1790169940781,3308,0.1498,0.0082
1790169940831,3309,0.1422,0.0086
1790169940881,3310,0.1435,0.0326
1790169940931,3311,0.1381,0.0087
1790169940981,3312,0.1120,0.0083
1790169941031,3313,0.1382,0.0090
1790169941081,3314,0.1490,0.0096
1790169941131,3315,0.1390,0.0087
1790169941181,3316,0.1339,0.0087
1790169941231,3317,0.1135,0.0082
1790169941281,3318,0.1071,0.0079
1790169941331,3319,0.1402,0.0088
1790169941381,3320,0.1901,0.0113
1790169941431,3321,0.3176,0.0098
1790169941480,3322,0.1412,0.0089
1790169941531,3323,0.1297,0.0086
1790169941581,3324,0.1338,0.0087
1790169941630,3325,0.1376,0.0086
1790169941681,3326,0.1369,0.0088
1790169941731,3327,0.1593,0.0092
1790169941780,3328,0.1588,0.0087
1790169941831,3329,0.1408,0.0092
1790169941881,3330,0.1271,0.0098
1790169941931,3331,0.1163,0.0084
1790169941981,3332,0.1252,0.0088
1790169942030,3333,0.1692,0.0099
1790169942081,3334,0.1482,0.0089
1790169942131,3335,0.1427,0.0086
1790169942181,3336,0.1762,0.0100
1790169942231,3337,0.1273,0.0089
1790169942281,3338,0.1300,0.0088
1790169942331,3339,0.1616,0.0091
1790169942381,3340,0.1521,0.0097
1790169942431,3341,0.1607,0.0097
1790169942481,3342,0.1354,0.0084
1790169942531,3343,0.1136,0.0082
1790169942580,3344,0.1423,0.0084
1790169942631,3345,0.1032,0.0080
1790169942681,3346,0.1153,0.0077
1790169942730,3347,0.1005,0.0075
1790169942781,3348,0.1139,0.0073
1790169942831,3349,0.1360,0.0082
1790169942881,3350,0.1361,0.0084
1790169942931,3351,0.1098,0.0070
1790169942981,3352,0.1015,0.0074
1790169943030,3353,0.1035,0.0067
1790169943081,3354,0.1421,0.0093
1790169943131,3355,0.1583,0.0091
1790169943181,3356,0.1358,0.0091
1790169943231,3357,0.1350,0.0087
1790169943281,3358,0.1176,0.0086
1790169943331,3359,0.1013,0.0072
1790169943381,3360,0.1947,0.0098
1790169943431,3361,0.1851,0.0088
1790169943481,3362,0.1443,0.0090
1790169943531,3363,0.1130,0.0080
1790169943581,3364,0.1236,0.0080
1790169943630,3365,0.1112,0.0075
1790169943681,3366,0.1278,0.0086
1790169943731,3367,0.1792,0.0089
1790169943781,3368,0.1809,0.0104
1790169943831,3369,0.1630,0.0098
1790169943881,3370,0.1384,0.0094
1790169943931,3371,0.1430,0.0092
1790169943981,3372,0.1112,0.0078
1790169944031,3373,0.1104,0.0080
1790169944081,3374,0.1439,0.0097
1790169944131,3375,0.1749,0.0105
1790169944181,3376,0.1276,0.0093
1790169944231,3377,0.1343,0.0084
1790169944281,3378,0.1130,0.0080
1790169944331,3379,0.0904,0.0071
1790169944380,3380,0.1184,0.0117
1790169944431,3381,0.1765,0.0103
1790169944481,3382,0.1857,0.0109
1790169944531,3383,0.1501,0.0092
1790169944581,3384,0.1218,0.0085
1790169944631,3385,0.1138,0.0078
1790169944681,3386,0.1773,0.0104
1790169944731,3387,0.2213,0.0119
1790169944781,3388,0.1152,0.0079
1790169944831,3389,0.1237,0.0079
1790169944881,3390,0.1383,0.0091
1790169944931,3391,0.1143,0.0077
1790169944981,3392,0.1660,0.0105
1790169945031,3393,0.1311,0.0083
1790169945081,3394,0.1367,0.0091
1790169945131,3395,0.1489,0.0093
1790169945180,3396,0.1006,0.0080
1790169945231,3397,0.1246,0.0080
1790169945281,3398,0.0962,0.0070
1790169945330,3399,0.0901,0.0069
1790169945381,3400,0.0968,0.0060
1790169945431,3401,0.1526,0.0076
1790169945481,3402,0.1557,0.0104
1790169945531,3403,0.1669,0.0097
1790169945582,3404,0.1334,0.0088
1790169945631,3405,0.1596,0.0100
1790169945681,3406,0.1109,0.0081
1790169945731,3407,0.1448,0.0099
1790169945781,3408,0.1183,0.0083
1790169945831,3409,0.1307,0.0085
1790169945881,3410,0.1385,0.0086
1790169945931,3411,0.1217,0.0083
1790169945981,3412,0.1055,0.0074
1790169946031,3413,0.1079,0.0073
1790169946081,3414,0.1514,0.0100
1790169946131,3415,0.1646,0.0098
1790169946181,3416,0.1352,0.0090
1790169946230,3417,0.1276,0.0083
1790169946281,3418,0.1185,0.0089
1790169946331,3419,0.1554,0.0100
1790169946381,3420,0.1100,0.0082
1790169946432,3421,0.4798,0.0079
1790169946481,3422,0.1123,0.0077
1790169946531,3423,0.1580,0.0104
1790169946581,3424,0.1253,0.0092
1790169946631,3425,0.1453,0.0086
1790169946680,3426,0.1071,0.0081
1790169946731,3427,0.1567,0.0105
1790169946781,3428,0.1261,0.0085
1790169946830,3429,0.1910,0.0117
1790169946881,3430,0.1488,0.0094
1790169946931,3431,0.1348,0.0084
1790169946981,3432,0.1738,0.0106
1790169947031,3433,0.1181,0.0080
1790169947081,3434,0.1683,0.0097
1790169947131,3435,0.1407,0.0085
1790169947181,3436,0.1393,0.0091
1790169947230,3437,0.1353,0.0088
1790169947280,3438,0.1264,0.0086
1790169947331,3439,0.1464,0.0083
1790169947381,3440,0.1298,0.0081
1790169947431,3441,0.1007,0.0071
1790169947481,3442,0.1212,0.0073
1790169947531,3443,0.1306,0.0077
1790169947581,3444,0.1659,0.0097
1790169947631,3445,0.1732,0.0098
1790169947681,3446,0.1902,0.0107
1790169947730,3447,0.1410,0.0086
1790169947781,3448,0.1311,0.0085
1790169947831,3449,0.1267,0.0085
1790169947881,3450,0.1382,0.0087
1790169947930,3451,0.1026,0.0079
1790169947981,3452,0.1570,0.0098
1790169948031,3453,0.1435,0.0093
1790169948081,3454,0.1925,0.0096
1790169948131,3455,0.1466,0.0087
1790169948180,3456,0.1472,0.0096
1790169948231,3457,0.1276,0.0084
1790169948281,3458,0.1136,0.0083
1790169948331,3459,0.0840,0.0065
1790169948381,3460,0.1647,0.0094
1790169948431,3461,0.1164,0.0083
1790169948481,3462,0.1332,0.0088
1790169948531,3463,0.1128,0.0079
1790169948581,3464,0.1765,0.0102
1790169948631,3465,0.1706,0.0096
1790169948681,3466,0.1147,0.0081
1790169948731,3467,0.1800,0.0108
1790169948781,3468,0.1343,0.0091
1790169948831,3469,0.1093,0.0083
1790169948881,3470,0.1932,0.0109
1790169948930,3471,0.1085,0.0082
1790169948981,3472,0.1555,0.0095
1790169949031,3473,0.1396,0.0094
1790169949081,3474,0.1474,0.0088
1790169949131,3475,0.1396,0.0087
1790169949180,3476,0.1290,0.0087
1790169949231,3477,0.1600,0.0111
1790169949280,3478,0.0968,0.0073
1790169949331,3479,0.0843,0.0071
1790169949381,3480,0.0979,0.0075
1790169949431,3481,0.0862,0.0062
1790169949481,3482,0.0873,0.0068
1790169949531,3483,0.0932,0.0060
1790169949580,3484,0.1268,0.0073
1790169949631,3485,0.1772,0.0099
1790169949681,3486,0.1817,0.0105
1790169949730,3487,0.1369,0.0090
1790169949781,3488,0.1656,0.0096
1790169949831,3489,0.1627,0.0097
1790169949881,3490,0.1802,0.0107
1790169949931,3491,0.1167,0.0085
1790169949980,3492,0.1294,0.0092
1790169950031,3493,0.1283,0.0087
1790169950081,3494,0.1324,0.0087
1790169950131,3495,0.1817,0.0095
1790169950181,3496,0.1573,0.0089
1790169950231,3497,0.1342,0.0084
1790169950281,3498,0.1158,0.0093
1790169950331,3499,0.0974,0.0075
1790169950380,3500,0.1401,0.0080
1790169950431,3501,0.1036,0.0079
1790169950480,3502,0.0956,0.0070
1790169950531,3503,0.1059,0.0067
1790169950581,3504,0.0798,0.0055
1790169950631,3505,0.1006,0.0063
1790169950680,3506,0.1638,0.0103
1790169950731,3507,0.2371,0.0123
1790169950781,3508,0.1243,0.0088
1790169950831,3509,0.1230,0.0083
1790169950881,3510,0.1487,0.0099
1790169950931,3511,0.1267,0.0083
1790169950981,3512,0.1344,0.0085
1790169951031,3513,0.1139,0.0083
1790169951081,3514,0.1870,0.0104
1790169951131,3515,0.1675,0.0089
1790169951181,3516,0.1633,0.0099
1790169951231,3517,0.1577,0.0108
1790169951281,3518,0.1430,0.0097
1790169951331,3519,0.1296,0.0080
1790169951381,3520,0.1135,0.0079
1790169951431,3521,0.0883,0.0071
1790169951481,3522,0.3416,0.0083
1790169951531,3523,0.1055,0.0074
1790169951581,3524,0.0938,0.0067
1790169951631,3525,0.1395,0.0091
1790169951681,3526,0.1232,0.0084
1790169951731,3527,0.2067,0.0231
1790169951781,3528,0.1866,0.0112
1790169951831,3529,0.1407,0.0087
1790169951881,3530,0.1319,0.0095
1790169951931,3531,0.2202,0.0122
1790169951981,3532,0.1979,0.0126
1790169952031,3533,0.1685,0.0102
1790169952081,3534,0.1460,0.0098
1790169952131,3535,0.1425,0.0088
1790169952181,3536,0.1776,0.0123
1790169952231,3537,0.1701,0.0111
1790169952280,3538,0.1324,0.0084
1790169952331,3539,0.1098,0.0082
1790169952381,3540,0.1071,0.0078
1790169952431,3541,0.0927,0.0072
1790169952480,3542,0.0883,0.0071
1790169952531,3543,0.0873,0.0065
1790169952581,3544,0.1170,0.0072
1790169952631,3545,0.1187,0.0074
1790169952681,3546,0.1243,0.0077
1790169952731,3547,0.1587,0.0089
1790169952781,3548,0.1626,0.0113
1790169952831,3549,0.1483,0.0091
1790169952881,3550,0.1367,0.0092
1790169952932,3551,0.1743,0.0107
1790169952980,3552,0.1146,0.0090
1790169953031,3553,0.1470,0.0088
1790169953080,3554,0.1353,0.0088
1790169953131,3555,0.1665,0.0101
1790169953180,3556,0.1335,0.0095
1790169953231,3557,0.1325,0.0085
1790169953281,3558,0.1324,0.0086
1790169953331,3559,0.1093,0.0081
1790169953381,3560,0.1068,0.0075
1790169953431,3561,0.1806,0.0091
1790169953480,3562,0.0887,0.0062
1790169953531,3563,0.0782,0.0051
1790169953580,3564,0.0985,0.0056
1790169953631,3565,0.1028,0.0059
1790169953681,3566,0.1496,0.0081
1790169953731,3567,0.1371,0.0085
1790169953781,3568,0.1424,0.0084
1790169953831,3569,0.1731,0.0089
1790169953881,3570,0.1505,0.0103
1790169953932,3571,0.1689,0.0108
1790169953981,3572,0.1566,0.0088
1790169954031,3573,0.1430,0.0092
1790169954081,3574,0.1472,0.0092
1790169954131,3575,0.1796,0.0099
1790169954180,3576,0.1680,0.0094
1790169954231,3577,0.1372,0.0089
1790169954280,3578,0.1339,0.0088
1790169954331,3579,0.1265,0.0085
1790169954381,3580,0.1280,0.0092
1790169954431,3581,0.1089,0.0080
1790169954480,3582,0.0935,0.0077
1790169954531,3583,0.0951,0.0067
1790169954581,3584,0.0900,0.0090
1790169954631,3585,0.1086,0.0066
1790169954681,3586,0.0944,0.0057
1790169954731,3587,0.1107,0.0063
1790169954781,3588,0.1422,0.0091
1790169954830,3589,0.1741,0.0104
1790169954881,3590,0.1432,0.0104
1790169954930,3591,0.1336,0.0089
1790169954981,3592,0.1266,0.0087
1790169955031,3593,0.1418,0.0098
1790169955081,3594,0.1697,0.0092
1790169955131,3595,0.1455,0.0094
1790169955180,3596,0.1346,0.0088
1790169955232,3597,0.1204,0.0079
1790169955280,3598,0.1195,0.0083
1790169955331,3599,0.1502,0.0097
1790169955381,3600,0.1157,0.0085
1790169955431,3601,0.1011,0.0071
1790169955481,3602,0.1832,0.0102
1790169955531,3603,0.1612,0.0093
1790169955581,3604,0.1396,0.0090
1790169955631,3605,0.1327,0.0081
1790169955681,3606,0.1986,0.0103
1790169955731,3607,0.1300,0.0086
1790169955781,3608,0.1515,0.0088
1790169955831,3609,0.1473,0.0089
1790169955881,3610,0.1744,0.0100
1790169955931,3611,0.1419,0.0088
1790169955981,3612,0.1276,0.0084
1790169956031,3613,0.1775,0.0108
1790169956081,3614,0.1385,0.0096
1790169956131,3615,0.1455,0.0088
1790169956181,3616,0.1267,0.0085
1790169956231,3617,0.1346,0.0087
1790169956281,3618,0.1477,0.0088
1790169956331,3619,0.2059,0.0108
1790169956381,3620,0.1327,0.0093
1790169956431,3621,0.1005,0.0081
1790169956481,3622,0.2328,0.0077
1790169956531,3623,0.0908,0.0071
1790169956580,3624,0.1017,0.0069
1790169956631,3625,0.1155,0.0076
1790169956681,3626,0.1156,0.0066
1790169956730,3627,0.1265,0.0086
1790169956781,3628,0.1530,0.0089
1790169956831,3629,0.1324,0.0085
1790169956881,3630,0.1203,0.0086
1790169956931,3631,0.2011,0.0109
1790169956980,3632,0.1799,0.0100
1790169957032,3633,0.1342,0.0086
1790169957081,3634,0.1639,0.0096
1790169957130,3635,0.1555,0.0096
1790169957181,3636,0.1213,0.0088
1790169957231,3637,0.1756,0.0109
1790169957281,3638,0.1439,0.0091
1790169957330,3639,0.1373,0.0086
1790169957381,3640,0.1755,0.0100
1790169957431,3641,0.1194,0.0083
1790169957481,3642,0.1400,0.0089
1790169957531,3643,0.0993,0.0072
1790169957581,3644,0.1209,0.0078
1790169957631,3645,0.1519,0.0087
1790169957681,3646,0.1607,0.0087
1790169957730,3647,0.1576,0.0096
1790169957781,3648,0.1652,0.0088
1790169957831,3649,0.1396,0.0090
1790169957881,3650,0.1750,0.0105
1790169957931,3651,0.1549,0.0093
1790169957981,3652,0.1739,0.0098
1790169958031,3653,0.2241,0.0133
1790169958081,3654,0.1900,0.0108
1790169958131,3655,0.1676,0.0093
1790169958181,3656,0.1219,0.0082
1790169958231,3657,0.1166,0.0082
1790169958281,3658,0.1237,0.0083
1790169958332,3659,0.1254,0.0082
1790169958380,3660,0.1271,0.0080
1790169958431,3661,0.1033,0.0075
1790169958481,3662,0.1030,0.0067
1790169958531,3663,0.0953,0.0066
1790169958581,3664,0.0920,0.0058
1790169958631,3665,0.1315,0.0072
1790169958681,3666,0.0883,0.0059
1790169958730,3667,0.1801,0.0078
1790169958781,3668,0.1796,0.0105
1790169958831,3669,0.1664,0.0105
1790169958880,3670,0.1541,0.0095
1790169958931,3671,0.1136,0.0082
1790169958981,3672,0.1371,0.0086
1790169959031,3673,0.1607,0.0104
1790169959080,3674,0.1457,0.0091
1790169959131,3675,0.1607,0.0093
1790169959180,3676,0.1107,0.0083
1790169959231,3677,0.1104,0.0082
1790169959281,3678,0.1061,0.0075
1790169959331,3679,0.1123,0.0079
1790169959381,3680,0.1463,0.0088
1790169959431,3681,0.1839,0.0110
1790169959481,3682,0.0908,0.0069
1790169959531,3683,0.0845,0.0060
1790169959581,3684,0.0872,0.0059
1790169959630,3685,0.1075,0.0070
1790169959681,3686,0.1111,0.0071
1790169959730,3687,0.1564,0.0084
1790169959781,3688,0.1544,0.0090
1790169959830,3689,0.1395,0.0092
1790169959882,3690,0.1394,0.0096
1790169959930,3691,0.0979,0.0078
1790169959981,3692,0.1358,0.0088
1790169960031,3693,0.1731,0.0100
1790169960081,3694,0.1607,0.0111
1790169960131,3695,0.1791,0.0099
1790169960180,3696,0.1380,0.0091
1790169960231,3697,0.1422,0.0095
1790169960280,3698,0.1503,0.0089
1790169960331,3699,0.1238,0.0085
1790169960381,3700,0.1434,0.0091
1790169960431,3701,0.1095,0.0078
1790169960481,3702,0.0943,0.0077
1790169960531,3703,0.1448,0.0098
1790169960581,3704,0.1029,0.0076
1790169960630,3705,0.1229,0.0078
1790169960681,3706,0.1292,0.0088
1790169960731,3707,0.1040,0.0070
1790169960781,3708,0.1590,0.0093
1790169960831,3709,0.1365,0.0088
1790169960881,3710,0.1150,0.0076
1790169960931,3711,0.1246,0.0066
1790169960981,3712,0.1663,0.0089
1790169961031,3713,0.1254,0.0079
1790169961081,3714,0.1642,0.0094
1790169961131,3715,0.1556,0.0090
1790169961181,3716,0.1586,0.0087
1790169961231,3717,0.1235,0.0097
1790169961280,3718,0.1600,0.0099
1790169961331,3719,0.1104,0.0078
1790169961381,3720,0.1587,0.0099
1790169961431,3721,0.1838,0.0106
1790169961481,3722,0.1675,0.0088
1790169961531,3723,0.2774,0.0081
1790169961581,3724,0.1043,0.0071
1790169961631,3725,0.1054,0.0077
1790169961681,3726,0.1094,0.0079
1790169961731,3727,0.1058,0.0163
1790169961782,3728,0.1380,0.0086
1790169961831,3729,0.1670,0.0106
1790169961881,3730,0.1790,0.0108
1790169961931,3731,0.1975,0.0115
1790169961981,3732,0.1580,0.0102
1790169962031,3733,0.1368,0.0089
1790169962080,3734,0.1532,0.0098
1790169962131,3735,0.1669,0.0094
1790169962182,3736,0.1808,0.0091
1790169962232,3737,0.1193,0.0095
1790169962281,3738,0.1126,0.0086
1790169962331,3739,0.1006,0.0078
1790169962381,3740,0.1310,0.0087
1790169962430,3741,0.1506,0.0095
1790169962481,3742,0.2375,0.0120
1790169962531,3743,0.1183,0.0094
1790169962580,3744,0.0955,0.0077
1790169962631,3745,0.1846,0.0107
1790169962681,3746,0.1042,0.0080
1790169962731,3747,0.1716,0.0111
1790169962780,3748,0.1806,0.0106
1790169962831,3749,0.1740,0.0094
1790169962881,3750,0.1314,0.0090
1790169962931,3751,0.1019,0.0072
1790169962981,3752,0.1923,0.0094
1790169963031,3753,0.1419,0.0094
1790169963081,3754,0.1688,0.0109
1790169963131,3755,0.1629,0.0111
1790169963181,3756,0.1784,0.0097
1790169963231,3757,0.2237,0.0120
1790169963281,3758,0.1649,0.0089
1790169963331,3759,0.1603,0.0109
1790169963381,3760,0.1162,0.0073
1790169963431,3761,0.1150,0.0077
1790169963481,3762,0.1293,0.0084
1790169963531,3763,0.1677,0.0091
1790169963581,3764,0.1178,0.0084
1790169963632,3765,0.1410,0.0081
1790169963681,3766,0.1116,0.0083
1790169963730,3767,0.1058,0.0079
1790169963781,3768,0.1163,0.0076
1790169963831,3769,0.1411,0.0094
1790169963881,3770,0.1709,0.0098
1790169963931,3771,0.1738,0.0096
1790169963980,3772,0.1725,0.0106
1790169964031,3773,0.1750,0.0106
1790169964081,3774,0.1709,0.0180
1790169964131,3775,0.1819,0.0107
1790169964181,3776,0.1286,0.0091
1790169964230,3777,0.1749,0.0107
1790169964281,3778,0.1745,0.0098
1790169964331,3779,0.1270,0.0086
1790169964381,3780,0.1108,0.0065
1790169964432,3781,0.1300,0.0073
1790169964481,3782,0.1309,0.0086
1790169964530,3783,0.1150,0.0083
1790169964581,3784,0.1298,0.0083
1790169964631,3785,0.1127,0.0080
1790169964681,3786,0.0977,0.0078
1790169964731,3787,0.1093,0.0085
1790169964781,3788,0.1243,0.0083
1790169964831,3789,0.1431,0.0090
1790169964881,3790,0.1664,0.0100
1790169964931,3791,0.1555,0.0085
1790169964981,3792,0.1446,0.0093
1790169965030,3793,0.1448,0.0104
1790169965082,3794,0.1593,0.0110
1790169965131,3795,0.1771,0.0105
1790169965181,3796,0.1788,0.0106
1790169965231,3797,0.1147,0.0084
1790169965281,3798,0.1740,0.0106
1790169965331,3799,0.1260,0.0083
1790169965380,3800,0.1142,0.0079
1790169965431,3801,0.1192,0.0078
1790169965481,3802,0.1344,0.0090
1790169965531,3803,0.1252,0.0086
1790169965581,3804,0.0939,0.0073
1790169965631,3805,0.1085,0.0075
1790169965681,3806,0.1199,0.0081
1790169965730,3807,0.1078,0.0072
1790169965781,3808,0.1210,0.0076
1790169965831,3809,0.1581,0.0084
1790169965881,3810,0.1253,0.0079
1790169965931,3811,0.1166,0.0081
1790169965981,3812,0.1165,0.0080
1790169966030,3813,0.1481,0.0091
1790169966081,3814,0.1608,0.0109
1790169966131,3815,0.1435,0.0093
1790169966181,3816,0.1692,0.0105
1790169966231,3817,0.1386,0.0099
1790169966281,3818,0.1497,0.0088
1790169966331,3819,0.1389,0.0088
1790169966381,3820,0.1782,0.0103
1790169966431,3821,0.1443,0.0089
1790169966481,3822,0.1321,0.0084
1790169966531,3823,0.3225,0.0090
1790169966581,3824,0.0973,0.0079
1790169966631,3825,0.1292,0.0084
1790169966681,3826,0.0951,0.0072
1790169966731,3827,0.1462,0.0082
1790169966781,3828,0.1343,0.0077
1790169966832,3829,0.1615,0.0095
1790169966881,3830,0.1371,0.0081
1790169966931,3831,0.1039,0.0076
1790169966981,3832,0.0939,0.0067
1790169967032,3833,0.1515,0.0086
1790169967081,3834,0.1250,0.0083
1790169967131,3835,0.1753,0.0094
1790169967181,3836,0.1387,0.0086
1790169967231,3837,0.1672,0.0098
1790169967281,3838,0.1461,0.0086
1790169967331,3839,0.1704,0.0094
1790169967381,3840,0.1581,0.0096
1790169967431,3841,0.1555,0.0091
1790169967481,3842,0.1396,0.0100
1790169967531,3843,0.1598,0.0091
1790169967580,3844,0.1162,0.0087
1790169967631,3845,0.1143,0.0079
1790169967681,3846,0.0989,0.0077
1790169967730,3847,0.0887,0.0120
1790169967781,3848,0.0920,0.0068
1790169967831,3849,0.1810,0.0113
1790169967880,3850,0.1555,0.0098
1790169967931,3851,0.2110,0.0118
1790169967981,3852,0.1242,0.0087
1790169968031,3853,0.1749,0.0096
1790169968080,3854,0.1623,0.0098
1790169968131,3855,0.1801,0.0098
1790169968181,3856,0.1502,0.0113
1790169968231,3857,0.1292,0.0083
1790169968281,3858,0.1341,0.0088
1790169968331,3859,0.1072,0.0075
1790169968380,3860,0.1643,0.0100
1790169968431,3861,0.1433,0.0088
1790169968481,3862,0.1196,0.0082
1790169968531,3863,0.1499,0.0094
1790169968581,3864,0.0983,0.0085
1790169968631,3865,0.1080,0.0078
1790169968681,3866,0.1053,0.0081
1790169968731,3867,0.1251,0.0075
1790169968781,3868,0.1009,0.0074
1790169968831,3869,0.1313,0.0084
1790169968881,3870,0.1354,0.0090
1790169968931,3871,0.1488,0.0088
1790169968981,3872,0.1367,0.0088
1790169969031,3873,0.1487,0.0104
1790169969081,3874,0.1728,0.0104
1790169969131,3875,0.1405,0.0087
1790169969181,3876,0.1643,0.0107
1790169969231,3877,0.1292,0.0091
1790169969281,3878,0.1184,0.0080
1790169969331,3879,0.1084,0.0077
1790169969381,3880,0.1719,0.0096
1790169969431,3881,0.1681,0.0091
1790169969481,3882,0.1536,0.0106
1790169969532,3883,0.1410,0.0093
1790169969581,3884,0.1539,0.0098
1790169969631,3885,0.1676,0.0096
1790169969681,3886,0.1400,0.0091
1790169969731,3887,0.1262,0.0084
1790169969781,3888,0.1093,0.0086
1790169969831,3889,0.2785,0.0157
1790169969881,3890,0.1550,0.0105
1790169969931,3891,0.2152,0.0110
1790169969981,3892,0.1379,0.0092
1790169970031,3893,0.1238,0.0085
1790169970081,3894,0.1666,0.0111
1790169970131,3895,0.1441,0.0093
1790169970181,3896,0.1371,0.0090
1790169970231,3897,0.1370,0.0090
1790169970280,3898,0.1203,0.0090
1790169970331,3899,0.1140,0.0092
1790169970380,3900,0.1956,0.0103
1790169970431,3901,0.1297,0.0085
1790169970481,3902,0.1407,0.0087
1790169970531,3903,0.1232,0.0083
1790169970581,3904,0.1329,0.0083
1790169970631,3905,0.1915,0.0112
1790169970681,3906,0.1087,0.0082
1790169970731,3907,0.1339,0.0089
1790169970781,3908,0.1185,0.0081
1790169970832,3909,0.1247,0.0083
1790169970880,3910,0.1455,0.0100
1790169970932,3911,0.1371,0.0089
1790169970981,3912,0.1775,0.0109
1790169971031,3913,0.0926,0.0074
1790169971081,3914,0.1482,0.0100
1790169971131,3915,0.1585,0.0095
1790169971181,3916,0.1609,0.0103
1790169971231,3917,0.1294,0.0094
1790169971281,3918,0.1271,0.0088
1790169971332,3919,0.1549,0.0092
1790169971381,3920,0.1927,0.0087
1790169971431,3921,0.1082,0.0068
1790169971481,3922,0.2121,0.0107
1790169971531,3923,0.1772,0.0105
1790169971581,3924,0.3252,0.0087
1790169971631,3925,0.1430,0.0089
1790169971681,3926,0.1736,0.0093
1790169971731,3927,0.1333,0.0100
1790169971781,3928,0.1162,0.0084
1790169971831,3929,0.1188,0.0079
1790169971881,3930,0.1406,0.0092
1790169971930,3931,0.1145,0.0079
1790169971982,3932,0.1160,0.0081
1790169972031,3933,0.1131,0.0082
1790169972081,3934,0.1769,0.0106
1790169972130,3935,0.1706,0.0109
1790169972181,3936,0.1388,0.0090
1790169972231,3937,0.1170,0.0083
1790169972281,3938,0.1289,0.0086
1790169972331,3939,0.1064,0.0078
1790169972381,3940,0.1136,0.0155
1790169972430,3941,0.1417,0.0084
1790169972481,3942,0.1267,0.0082
1790169972531,3943,0.1143,0.0078
1790169972580,3944,0.1452,0.0085
1790169972631,3945,0.1354,0.0089
1790169972681,3946,0.1100,0.0081
1790169972730,3947,0.1022,0.0077
1790169972781,3948,0.0928,0.0068
1790169972831,3949,0.0953,0.0067
1790169972881,3950,0.1121,0.0075
1790169972931,3951,0.1323,0.0077
1790169972981,3952,0.1172,0.0078
1790169973031,3953,0.1074,0.0078
1790169973081,3954,0.1356,0.0082
1790169973131,3955,0.1425,0.0090
1790169973181,3956,0.1481,0.0099
1790169973230,3957,0.1717,0.0096
1790169973281,3958,0.1628,0.0086
1790169973332,3959,0.1255,0.0084
1790169973381,3960,0.1106,0.0081
1790169973431,3961,0.1027,0.0078
1790169973481,3962,0.0879,0.0069
1790169973531,3963,0.0891,0.0069
1790169973581,3964,0.1600,0.0086
1790169973630,3965,0.1612,0.0102
1790169973681,3966,0.1153,0.0081
1790169973730,3967,0.0993,0.0083
1790169973781,3968,0.1124,0.0079
1790169973830,3969,0.1115,0.0079
1790169973881,3970,0.1416,0.0097
1790169973931,3971,0.1862,0.0101
1790169973981,3972,0.1765,0.0110
1790169974031,3973,0.1225,0.0084
1790169974081,3974,0.1947,0.0109
1790169974131,3975,0.1556,0.0101
1790169974180,3976,0.1747,0.0104
1790169974231,3977,0.1107,0.0083
1790169974281,3978,0.1244,0.0079
1790169974330,3979,0.0911,0.0067
1790169974381,3980,0.1232,0.0081
1790169974431,3981,0.1537,0.0115
1790169974481,3982,0.1207,0.0083
1790169974531,3983,0.1018,0.0079
1790169974581,3984,0.1017,0.0072
1790169974631,3985,0.1845,0.0103
1790169974681,3986,0.1431,0.0084
1790169974731,3987,0.1313,0.0083
1790169974782,3988,0.1440,0.0093
1790169974831,3989,0.1178,0.0081
1790169974881,3990,0.1252,0.0086
1790169974931,3991,0.1080,0.0077
1790169974981,3992,0.1373,0.0090
1790169975030,3993,0.1324,0.0090
1790169975081,3994,0.1845,0.0098
1790169975131,3995,0.1629,0.0088
1790169975180,3996,0.1876,0.0115
1790169975231,3997,0.1791,0.0120
1790169975280,3998,0.1383,0.0085
1790169975331,3999,0.1233,0.0082
1790169975381,4000,0.0943,0.0073
1790169975431,4001,0.1187,0.0071
1790169975481,4002,0.1354,0.0091
1790169975530,4003,0.2091,0.0119
1790169975581,4004,0.1457,0.0096
1790169975631,4005,0.1671,0.0106
1790169975681,4006,0.1688,0.0103
1790169975731,4007,0.1666,0.0090
1790169975780,4008,0.1059,0.0073
1790169975831,4009,0.0981,0.0078
1790169975881,4010,0.1076,0.0077
1790169975931,4011,0.0942,0.0071
1790169975981,4012,0.1033,0.0072
1790169976031,4013,0.1070,0.0070
1790169976080,4014,0.1773,0.0095
1790169976131,4015,0.1649,0.0108
1790169976180,4016,0.1477,0.0095
1790169976231,4017,0.1383,0.0093
1790169976281,4018,0.1353,0.0094
1790169976331,4019,0.1068,0.0076
1790169976380,4020,0.1080,0.0078
1790169976431,4021,0.1055,0.0074
1790169976481,4022,0.1198,0.0078
1790169976530,4023,0.1061,0.0070
1790169976581,4024,0.2832,0.0076
1790169976630,4025,0.1565,0.0101
1790169976681,4026,0.1349,0.0085
1790169976731,4027,0.1618,0.0191
1790169976781,4028,0.1404,0.0091
1790169976831,4029,0.1384,0.0082
1790169976881,4030,0.1468,0.0099
1790169976931,4031,0.1474,0.0176
1790169976981,4032,0.1395,0.0087
1790169977031,4033,0.1149,0.0082
1790169977080,4034,0.1654,0.0098
1790169977131,4035,0.1878,0.0110
1790169977181,4036,0.1754,0.0108
1790169977231,4037,0.1670,0.0104
1790169977281,4038,0.1046,0.0083
1790169977331,4039,0.1156,0.0084
1790169977381,4040,0.1305,0.0076
1790169977431,4041,0.1714,0.0093
1790169977481,4042,0.1204,0.0077
1790169977531,4043,0.1643,0.0096
1790169977581,4044,0.1510,0.0088
1790169977632,4045,0.1316,0.0081
1790169977681,4046,0.1701,0.0104
1790169977731,4047,0.1643,0.0091
1790169977781,4048,0.1346,0.0094
1790169977831,4049,0.1287,0.0083
1790169977881,4050,0.1376,0.0096
1790169977932,4051,0.1418,0.0090
1790169977981,4052,0.1716,0.0095
1790169978030,4053,0.2121,0.0124
1790169978081,4054,0.1687,0.0105
1790169978131,4055,0.1793,0.0091
1790169978180,4056,0.1676,0.0124
1790169978231,4057,0.1180,0.0084
1790169978281,4058,0.1141,0.0087
1790169978330,4059,0.0910,0.0072
1790169978381,4060,0.1044,0.0075
1790169978431,4061,0.1009,0.0070
1790169978480,4062,0.1552,0.0087
1790169978531,4063,0.1893,0.0115
1790169978581,4064,0.1161,0.0077
1790169978631,4065,0.1225,0.0078
1790169978681,4066,0.1296,0.0088
1790169978730,4067,0.1178,0.0085
1790169978781,4068,0.1672,0.0092
1790169978831,4069,0.1908,0.0103
1790169978881,4070,0.1273,0.0081
1790169978932,4071,0.1047,0.0078
1790169978980,4072,0.1553,0.0098
1790169979031,4073,0.1442,0.0087
1790169979081,4074,0.1895,0.0106
1790169979130,4075,0.1616,0.0106
1790169979181,4076,0.1598,0.0098
1790169979231,4077,0.1589,0.0092
1790169979281,4078,0.1402,0.0101
1790169979331,4079,0.0985,0.0076
1790169979381,4080,0.1362,0.0086
1790169979431,4081,0.1254,0.0084
1790169979481,4082,0.1604,0.0076
1790169979531,4083,0.1036,0.0075
1790169979581,4084,0.0954,0.0063
1790169979631,4085,0.0929,0.0063
1790169979681,4086,0.1305,0.0082
1790169979730,4087,0.1879,0.0111
1790169979781,4088,0.1685,0.0135
1790169979830,4089,0.1667,0.0098
1790169979881,4090,0.1448,0.0097
1790169979931,4091,0.1986,0.0124
1790169979981,4092,0.1356,0.0094
1790169980031,4093,0.1372,0.0087
1790169980081,4094,0.1659,0.0103
1790169980131,4095,0.1609,0.0095
1790169980181,4096,0.1396,0.0090
1790169980231,4097,0.1665,0.0105
1790169980281,4098,0.1920,0.0102
1790169980331,4099,0.1032,0.0077
1790169980380,4100,0.1653,0.0092
1790169980431,4101,0.1543,0.0116
1790169980481,4102,0.1008,0.0079
1790169980531,4103,0.0807,0.0069
1790169980581,4104,0.0836,0.0066
1790169980631,4105,0.1156,0.0074
1790169980681,4106,0.1231,0.0075
1790169980731,4107,0.1686,0.0092
1790169980781,4108,0.1885,0.0108
1790169980831,4109,0.1605,0.0107
1790169980881,4110,0.1506,0.0093
1790169980931,4111,0.1597,0.0106
1790169980981,4112,0.1356,0.0089
1790169981032,4113,0.1129,0.0083
1790169981081,4114,0.1556,0.0091
1790169981131,4115,0.1775,0.0094
1790169981181,4116,0.1465,0.0089
1790169981231,4117,0.1345,0.0090
1790169981281,4118,0.1217,0.0088
1790169981331,4119,0.1065,0.0082
1790169981381,4120,0.1058,0.0079
1790169981430,4121,0.1669,0.0101
1790169981481,4122,0.1471,0.0087
1790169981531,4123,0.1374,0.0088
1790169981581,4124,0.3756,0.0106
1790169981630,4125,0.1368,0.0091
1790169981681,4126,0.1455,0.0083
1790169981731,4127,0.1969,0.0115
1790169981781,4128,0.1059,0.0082
1790169981831,4129,0.0942,0.0071
1790169981881,4130,0.1043,0.0081
1790169981931,4131,0.1803,0.0107
1790169981981,4132,0.1652,0.0106
1790169982031,4133,0.1041,0.0081
1790169982080,4134,0.1288,0.0094
1790169982131,4135,0.1125,0.0086
1790169982181,4136,0.1765,0.0111
1790169982231,4137,0.1343,0.0090
1790169982281,4138,0.1633,0.0102
1790169982331,4139,0.1179,0.0080
1790169982381,4140,0.1277,0.0080
1790169982431,4141,0.0968,0.0075
1790169982481,4142,0.0998,0.0071
1790169982530,4143,0.0933,0.0069
1790169982581,4144,0.0958,0.0064
1790169982630,4145,0.1180,0.0066
1790169982681,4146,0.0896,0.0066
1790169982730,4147,0.0908,0.0060
1790169982781,4148,0.1238,0.0074
1790169982831,4149,0.1315,0.0073
1790169982882,4150,0.1172,0.0073
1790169982931,4151,0.1390,0.0087
1790169982981,4152,0.1785,0.0102
1790169983031,4153,0.1339,0.0092
1790169983081,4154,0.1330,0.0090
1790169983131,4155,0.1788,0.0104
1790169983181,4156,0.1424,0.0093
1790169983231,4157,0.1298,0.0089
1790169983281,4158,0.1395,0.0092
1790169983331,4159,0.1475,0.0082
1790169983381,4160,0.1083,0.0081
1790169983430,4161,0.1056,0.0080
1790169983481,4162,0.1290,0.0079
1790169983531,4163,0.0946,0.0076
1790169983581,4164,0.1639,0.0079
1790169983631,4165,0.1068,0.0073
1790169983681,4166,0.1333,0.0073
1790169983731,4167,0.1037,0.0070
1790169983781,4168,0.1340,0.0089
1790169983831,4169,0.1171,0.0082
1790169983881,4170,0.1369,0.0083
1790169983930,4171,0.1176,0.0082
1790169983981,4172,0.1041,0.0075
1790169984031,4173,0.1830,0.0103
1790169984082,4174,0.1589,0.0092
1790169984131,4175,0.1461,0.0138
1790169984181,4176,0.1837,0.0176
1790169984231,4177,0.1509,0.0101
1790169984281,4178,0.1710,0.0101
1790169984331,4179,0.1442,0.0095
1790169984381,4180,0.1071,0.0076
1790169984431,4181,0.1215,0.0090
1790169984481,4182,0.1610,0.0102
1790169984531,4183,0.1120,0.0079
1790169984580,4184,0.1799,0.0093
1790169984631,4185,0.1324,0.0096
1790169984681,4186,0.1117,0.0083
1790169984731,4187,0.1160,0.0085
1790169984781,4188,0.1254,0.0082
1790169984831,4189,0.0973,0.0075
1790169984881,4190,0.1042,0.0071
1790169984931,4191,0.1079,0.0072
1790169984981,4192,0.1117,0.0072
1790169985031,4193,0.1250,0.0074
1790169985081,4194,0.1708,0.0097
1790169985131,4195,0.1525,0.0106
1790169985181,4196,0.1724,0.0102
1790169985231,4197,0.1405,0.0087
1790169985281,4198,0.1196,0.0087
1790169985331,4199,0.1109,0.0078
1790169985380,4200,0.1204,0.0082
1790169985431,4201,0.1754,0.0098
1790169985481,4202,0.1536,0.0093
1790169985530,4203,0.1469,0.0099
1790169985581,4204,0.1035,0.0077
1790169985631,4205,0.1115,0.0078
1790169985680,4206,0.1217,0.0080
1790169985731,4207,0.1411,0.0079
1790169985781,4208,0.1338,0.0087
1790169985831,4209,0.1249,0.0086
1790169985881,4210,0.1137,0.0082
1790169985930,4211,0.1042,0.0079
1790169985981,4212,0.1304,0.0089
1790169986031,4213,0.0942,0.0079
1790169986081,4214,0.1758,0.0093
1790169986131,4215,0.1898,0.0103
1790169986181,4216,0.1720,0.0104
1790169986231,4217,0.1677,0.0089
1790169986281,4218,0.1077,0.0083
1790169986331,4219,0.1527,0.0092
1790169986380,4220,0.1419,0.0092
1790169986431,4221,0.1091,0.0073
1790169986481,4222,0.1132,0.0079
1790169986531,4223,0.1262,0.0075
1790169986581,4224,0.1023,0.0073
1790169986631,4225,0.3278,0.0070
1790169986681,4226,0.0963,0.0072
1790169986731,4227,0.1048,0.0076
1790169986781,4228,0.1064,0.0072
1790169986831,4229,0.1389,0.0093
1790169986881,4230,0.1346,0.0088
1790169986930,4231,0.0991,0.0072
1790169986981,4232,0.1175,0.0079
1790169987031,4233,0.1089,0.0077
1790169987080,4234,0.1401,0.0087
1790169987131,4235,0.1711,0.0104
1790169987181,4236,0.1731,0.0105
1790169987231,4237,0.1350,0.0086
1790169987281,4238,0.1121,0.0079
1790169987331,4239,0.1042,0.0081
1790169987381,4240,0.1009,0.0072
1790169987430,4241,0.0880,0.0067
1790169987481,4242,0.0976,0.0079
1790169987531,4243,0.1205,0.0079
1790169987580,4244,0.1215,0.0082
1790169987631,4245,0.1426,0.0098
1790169987681,4246,0.1505,0.0098
1790169987731,4247,0.1081,0.0068
1790169987780,4248,0.1384,0.0094
1790169987831,4249,0.1838,0.0097
1790169987880,4250,0.1644,0.0106
1790169987931,4251,0.1334,0.0089
1790169987981,4252,0.1368,0.0090
1790169988030,4253,0.1425,0.0095
1790169988081,4254,0.1630,0.0091
1790169988131,4255,0.1482,0.0093
1790169988181,4256,0.1714,0.0098
1790169988231,4257,0.1689,0.0109
1790169988281,4258,0.1644,0.0097
1790169988331,4259,0.1324,0.0089
1790169988381,4260,0.1677,0.0172
1790169988430,4261,0.1001,0.0076
1790169988481,4262,0.1057,0.0077
1790169988530,4263,0.1305,0.0084
1790169988581,4264,0.1109,0.0068
1790169988631,4265,0.0976,0.0059
1790169988681,4266,0.0907,0.0062
1790169988730,4267,0.1170,0.0069
1790169988781,4268,0.0900,0.0063
1790169988830,4269,0.1647,0.0099
1790169988881,4270,0.1224,0.0090
1790169988931,4271,0.1154,0.0083
1790169988980,4272,0.1322,0.0085
1790169989031,4273,0.1196,0.0082
1790169989081,4274,0.1383,0.0095
1790169989130,4275,0.1747,0.0098
1790169989181,4276,0.1463,0.0169
1790169989231,4277,0.1369,0.0090
1790169989280,4278,0.1342,0.0090
1790169989331,4279,0.2036,0.0107
1790169989381,4280,0.1279,0.0086
1790169989431,4281,0.1155,0.0077
1790169989481,4282,0.0903,0.0068
1790169989530,4283,0.0948,0.0071
1790169989581,4284,0.1021,0.0074
1790169989631,4285,0.0857,0.0060
1790169989681,4286,0.1043,0.0071
1790169989730,4287,0.1105,0.0072
1790169989781,4288,0.1026,0.0073
1790169989831,4289,0.1723,0.0076
1790169989880,4290,0.1852,0.0094
1790169989931,4291,0.0963,0.0073
1790169989981,4292,0.1411,0.0093
1790169990031,4293,0.1321,0.0092
1790169990080,4294,0.1286,0.0094
1790169990131,4295,0.1578,0.0086
1790169990181,4296,0.1330,0.0086
1790169990231,4297,0.1408,0.0097
1790169990281,4298,0.1365,0.0091
1790169990331,4299,0.1275,0.0087
1790169990380,4300,0.1248,0.0084
1790169990431,4301,0.0940,0.0076
1790169990481,4302,0.1161,0.0081
1790169990531,4303,0.1628,0.0091
1790169990581,4304,0.1257,0.0084
1790169990631,4305,0.1273,0.0079
1790169990681,4306,0.1370,0.0087
1790169990731,4307,0.1281,0.0078
1790169990781,4308,0.0933,0.0074
1790169990831,4309,0.1142,0.0076
1790169990881,4310,0.1318,0.0083
1790169990931,4311,0.1138,0.0075
1790169990981,4312,0.1086,0.0071
1790169991031,4313,0.1050,0.0065
1790169991081,4314,0.1312,0.0164
1790169991131,4315,0.1232,0.0062
1790169991180,4316,0.1426,0.0093
1790169991231,4317,0.1403,0.0094
1790169991281,4318,0.1816,0.0099
1790169991331,4319,0.1375,0.0087
1790169991381,4320,0.1420,0.0091
1790169991431,4321,0.1049,0.0079
1790169991481,4322,0.1026,0.0077
1790169991532,4323,0.1061,0.0078
1790169991581,4324,0.1153,0.0075
1790169991631,4325,0.0930,0.0065
1790169991681,4326,0.2567,0.0070
1790169991731,4327,0.0888,0.0064
1790169991781,4328,0.0956,0.0065
1790169991831,4329,0.0974,0.0052
1790169991881,4330,0.1740,0.0094
1790169991932,4331,0.1158,0.0079
1790169991981,4332,0.1323,0.0087
1790169992031,4333,0.1316,0.0084
1790169992081,4334,0.2258,0.0118
1790169992131,4335,0.1305,0.0091
1790169992181,4336,0.1449,0.0094
1790169992231,4337,0.1788,0.0102
1790169992281,4338,0.0931,0.0079
1790169992330,4339,0.1646,0.0099
1790169992381,4340,0.1918,0.0099
1790169992431,4341,0.1353,0.0088
1790169992481,4342,0.1103,0.0080
1790169992530,4343,0.0966,0.0076
1790169992581,4344,0.1568,0.0076
1790169992631,4345,0.1339,0.0079
1790169992681,4346,0.1080,0.0078
1790169992731,4347,0.1029,0.0074
1790169992781,4348,0.1129,0.0071
1790169992830,4349,0.1744,0.0090
1790169992881,4350,0.1155,0.0080
1790169992931,4351,0.1751,0.0096
1790169992981,4352,0.1762,0.0085
1790169993030,4353,0.1813,0.0086
1790169993081,4354,0.1861,0.0096
1790169993131,4355,0.1352,0.0086
1790169993181,4356,0.1697,0.0097
1790169993231,4357,0.1335,0.0087
1790169993281,4358,0.1182,0.0085
1790169993331,4359,0.1326,0.0085
1790169993381,4360,0.2064,0.0111
1790169993430,4361,0.1331,0.0087
1790169993481,4362,0.1187,0.0086
1790169993531,4363,0.0912,0.0076
1790169993581,4364,0.1554,0.0097
1790169993630,4365,0.1294,0.0089
1790169993681,4366,0.1420,0.0095
1790169993731,4367,0.1330,0.0092
1790169993781,4368,0.1157,0.0086
1790169993831,4369,0.0964,0.0080
1790169993880,4370,0.1097,0.0082
1790169993931,4371,0.1256,0.0086
1790169993981,4372,0.1119,0.0079
1790169994031,4373,0.1133,0.0079
1790169994081,4374,0.1238,0.0090
1790169994131,4375,0.1187,0.0078
1790169994181,4376,0.1370,0.0092
1790169994231,4377,0.1335,0.0093
1790169994281,4378,0.1619,0.0104
1790169994331,4379,0.1631,0.0096
1790169994381,4380,0.1388,0.0098
1790169994431,4381,0.1695,0.0105
1790169994480,4382,0.1303,0.0086
1790169994531,4383,0.0921,0.0079
1790169994581,4384,0.0939,0.0081
1790169994631,4385,0.0915,0.0074
1790169994681,4386,0.0959,0.0074
1790169994731,4387,0.1305,0.0087
1790169994781,4388,0.0897,0.0069
1790169994831,4389,0.1179,0.0074
1790169994882,4390,0.1229,0.0076
1790169994931,4391,0.1298,0.0083
1790169994981,4392,0.1207,0.0080
1790169995030,4393,0.1291,0.0079
1790169995081,4394,0.1484,0.0100
1790169995131,4395,0.1165,0.0087
1790169995181,4396,0.1140,0.0086
1790169995231,4397,0.1734,0.0096
1790169995281,4398,0.1616,0.0100
1790169995330,4399,0.1633,0.0113
1790169995382,4400,0.1441,0.0097
1790169995431,4401,0.1227,0.0083
1790169995481,4402,0.1649,0.0091
1790169995531,4403,0.1316,0.0087
1790169995581,4404,0.1202,0.0126
1790169995631,4405,0.0942,0.0074
1790169995681,4406,0.1034,0.0078
1790169995731,4407,0.1069,0.0079
1790169995781,4408,0.0971,0.0074
1790169995831,4409,0.1341,0.0088
1790169995881,4410,0.1175,0.0080
1790169995930,4411,0.1377,0.0093
1790169995981,4412,0.1246,0.0085
1790169996031,4413,0.1258,0.0090
1790169996081,4414,0.1506,0.0090
1790169996130,4415,0.1355,0.0087
1790169996181,4416,0.1053,0.0081
1790169996231,4417,0.1791,0.0110
1790169996281,4418,0.1532,0.0096
1790169996331,4419,0.1300,0.0097
1790169996381,4420,0.1566,0.0095
1790169996431,4421,0.1115,0.0090
1790169996481,4422,0.1563,0.0094
1790169996531,4423,0.1822,0.0110
1790169996581,4424,0.1104,0.0083
1790169996631,4425,0.0878,0.0073
1790169996680,4426,0.0995,0.0075
1790169996732,4427,0.4481,0.0120
1790169996781,4428,0.1458,0.0090
1790169996831,4429,0.1016,0.0081
1790169996881,4430,0.0973,0.0081
1790169996931,4431,0.1250,0.0086
1790169996980,4432,0.1666,0.0100
1790169997031,4433,0.1755,0.0107
1790169997081,4434,0.1257,0.0089
1790169997131,4435,0.1282,0.0083
1790169997181,4436,0.1318,0.0089
1790169997230,4437,0.1366,0.0088
1790169997281,4438,0.1352,0.0097
1790169997331,4439,0.1525,0.0097
1790169997381,4440,0.1196,0.0099
1790169997431,4441,0.1177,0.0088
1790169997481,4442,0.1308,0.0089
1790169997531,4443,0.1701,0.0102
1790169997580,4444,0.1410,0.0088
1790169997631,4445,0.1309,0.0084
1790169997681,4446,0.1064,0.0078
1790169997731,4447,0.1380,0.0091
1790169997781,4448,0.1318,0.0086
1790169997831,4449,0.1330,0.0091
1790169997881,4450,0.1277,0.0092
1790169997931,4451,0.1008,0.0076
1790169997981,4452,0.1280,0.0095
1790169998031,4453,0.1782,0.0104
1790169998081,4454,0.1595,0.0091
1790169998131,4455,0.1356,0.0084
1790169998180,4456,0.1751,0.0110
1790169998231,4457,0.1333,0.0085
1790169998281,4458,0.1369,0.0091
1790169998330,4459,0.1257,0.0086
1790169998382,4460,0.3379,0.0184
1790169998431,4461,0.1231,0.0093
1790169998480,4462,0.1133,0.0084
1790169998531,4463,0.1041,0.0078
1790169998581,4464,0.1644,0.0104
1790169998631,4465,0.1731,0.0104
1790169998681,4466,0.1242,0.0085
1790169998731,4467,0.1244,0.0087
1790169998781,4468,0.1116,0.0081
1790169998830,4469,0.1122,0.0083
1790169998881,4470,0.0977,0.0075
1790169998932,4471,0.0831,0.0071
1790169998980,4472,0.1151,0.0078
1790169999031,4473,0.1253,0.0087
1790169999081,4474,0.1170,0.0087
1790169999131,4475,0.1230,0.0083
1790169999181,4476,0.1517,0.0090
1790169999231,4477,0.1323,0.0085
1790169999281,4478,0.1653,0.0098
1790169999331,4479,0.1234,0.0098
1790169999381,4480,0.1439,0.0091
1790169999430,4481,0.1254,0.0097
1790169999481,4482,0.1306,0.0087
1790169999531,4483,0.1018,0.0082
1790169999581,4484,0.1256,0.0098
1790169999631,4485,0.1682,0.0093
1790169999680,4486,0.1322,0.0087
1790169999731,4487,0.1434,0.0088
1790169999781,4488,0.1308,0.0092
1790169999831,4489,0.1299,0.0096
1790169999880,4490,0.0978,0.0085
1790169999931,4491,0.0860,0.0073
1790169999981,4492,0.0925,0.0071
1790170000031,4493,0.1463,0.0093
1790170000081,4494,0.1550,0.0086
1790170000131,4495,0.1184,0.0084
1790170000181,4496,0.1136,0.0087
1790170000231,4497,0.1409,0.0094
1790170000280,4498,0.1841,0.0117
1790170000331,4499,0.1054,0.0085
1790170000381,4500,0.1232,0.0095
1790170000431,4501,0.0919,0.0077
1790170000481,4502,0.1053,0.0077
1790170000531,4503,0.0959,0.0072
1790170000581,4504,0.1204,0.0075
1790170000630,4505,0.0887,0.0065
1790170000681,4506,0.1741,0.0099
1790170000731,4507,0.1366,0.0089
1790170000781,4508,0.1231,0.0085
1790170000830,4509,0.1178,0.0084
1790170000881,4510,0.1240,0.0094
1790170000931,4511,0.1231,0.0080
1790170000981,4512,0.0856,0.0070
1790170001031,4513,0.1340,0.0085
1790170001081,4514,0.1630,0.0109
1790170001132,4515,0.1163,0.0092
1790170001180,4516,0.1623,0.0092
1790170001231,4517,0.1570,0.0101
1790170001281,4518,0.1632,0.0106
1790170001331,4519,0.1398,0.0098
1790170001382,4520,0.1192,0.0084
1790170001431,4521,0.1184,0.0128
1790170001481,4522,0.1766,0.0093
1790170001531,4523,0.1318,0.0093
1790170001580,4524,0.1339,0.0097
1790170001631,4525,0.1691,0.0099
1790170001680,4526,0.1395,0.0089
1790170001731,4527,0.1674,0.0109
1790170001781,4528,0.3232,0.0091
1790170001831,4529,0.1452,0.0098
1790170001881,4530,0.1375,0.0094
1790170001931,4531,0.1023,0.0083
1790170001982,4532,0.0945,0.0084
1790170002031,4533,0.1063,0.0082
1790170002081,4534,0.1216,0.0082
1790170002131,4535,0.1236,0.0086
1790170002181,4536,0.1403,0.0103
1790170002231,4537,0.1322,0.0093
1790170002281,4538,0.1208,0.0085
1790170002330,4539,0.1612,0.0104
1790170002382,4540,0.1206,0.0087
1790170002430,4541,0.1090,0.0081
1790170002481,4542,0.1205,0.0083
1790170002530,4543,0.1203,0.0083
1790170002581,4544,0.1303,0.0081
1790170002631,4545,0.1072,0.0074
1790170002681,4546,0.0984,0.0075
1790170002731,4547,0.1703,0.0102
1790170002781,4548,0.1334,0.0084
1790170002831,4549,0.1333,0.0087
1790170002881,4550,0.1430,0.0086
1790170002932,4551,0.0911,0.0077
1790170002981,4552,0.0846,0.0075
1790170003031,4553,0.0916,0.0069
1790170003081,4554,0.1375,0.0090
1790170003131,4555,0.1147,0.0088
1790170003181,4556,0.1382,0.0102
1790170003231,4557,0.1754,0.0094
1790170003281,4558,0.1326,0.0098
1790170003331,4559,0.1268,0.0087
1790170003381,4560,0.1283,0.0085
1790170003431,4561,0.1119,0.0089
1790170003481,4562,0.1186,0.0088
1790170003531,4563,0.1037,0.0078
1790170003581,4564,0.0933,0.0073
1790170003631,4565,0.1191,0.0076
1790170003681,4566,0.0995,0.0076
1790170003731,4567,0.1124,0.0078
1790170003781,4568,0.1652,0.0100
1790170003831,4569,0.1838,0.0113
1790170003881,4570,0.1892,0.0093
1790170003931,4571,0.0973,0.0082
1790170003980,4572,0.0979,0.0081
1790170004031,4573,0.0789,0.0068
1790170004081,4574,0.1380,0.0093
1790170004131,4575,0.1607,0.0089
1790170004181,4576,0.0980,0.0084
1790170004231,4577,0.1332,0.0094
1790170004281,4578,0.1141,0.0084
1790170004330,4579,0.1350,0.0097
1790170004381,4580,0.1730,0.0102
1790170004431,4581,0.1704,0.0100
1790170004481,4582,0.1332,0.0095
1790170004531,4583,0.1772,0.0109
1790170004581,4584,0.1347,0.0105
1790170004632,4585,0.1348,0.0087
1790170004681,4586,0.1535,0.0103
1790170004731,4587,0.1158,0.0086
1790170004780,4588,0.1116,0.0082
1790170004831,4589,0.1840,0.0114
1790170004881,4590,0.1409,0.0094
1790170004930,4591,0.0958,0.0078
1790170004981,4592,0.1036,0.0079
1790170005031,4593,0.0993,0.0078
1790170005081,4594,0.1365,0.0095
1790170005131,4595,0.1407,0.0093
1790170005181,4596,0.1081,0.0082
1790170005231,4597,0.1316,0.0088
1790170005280,4598,0.1191,0.0083
1790170005331,4599,0.1322,0.0097
1790170005381,4600,0.1162,0.0086
1790170005430,4601,0.1124,0.0088
1790170005481,4602,0.1148,0.0087
1790170005531,4603,0.0927,0.0070
1790170005581,4604,0.1108,0.0076
1790170005631,4605,0.1247,0.0084
1790170005681,4606,0.1150,0.0080
1790170005731,4607,0.1001,0.0078
1790170005781,4608,0.1055,0.0093
1790170005831,4609,0.1237,0.0081
1790170005881,4610,0.1817,0.0102
1790170005930,4611,0.1364,0.0091
1790170005981,4612,0.1111,0.0085
1790170006031,4613,0.0937,0.0077
1790170006081,4614,0.1250,0.0094
1790170006131,4615,0.1402,0.0090
1790170006181,4616,0.1185,0.0084
1790170006230,4617,0.1402,0.0092
1790170006281,4618,0.1334,0.0093
1790170006330,4619,0.1669,0.0095
1790170006381,4620,0.1568,0.0093
1790170006431,4621,0.1168,0.0087
1790170006480,4622,0.1562,0.0089
1790170006531,4623,0.1006,0.0083
1790170006581,4624,0.1033,0.0079
1790170006630,4625,0.1389,0.0086
1790170006681,4626,0.1096,0.0078
1790170006731,4627,0.0941,0.0075
1790170006781,4628,0.1047,0.0077
1790170006830,4629,0.3561,0.0088
1790170006881,4630,0.1258,0.0083
1790170006931,4631,0.1356,0.0087
1790170006981,4632,0.1170,0.0084
1790170007030,4633,0.0991,0.0073
1790170007081,4634,0.1201,0.0083
1790170007130,4635,0.1510,0.0088
1790170007181,4636,0.1029,0.0085
1790170007231,4637,0.1323,0.0088
1790170007281,4638,0.1513,0.0087
1790170007331,4639,0.1087,0.0086
1790170007381,4640,0.1341,0.0092
1790170007431,4641,0.1029,0.0078
1790170007481,4642,0.1640,0.0105
1790170007531,4643,0.0886,0.0079
1790170007581,4644,0.0931,0.0079
1790170007631,4645,0.1069,0.0081
1790170007681,4646,0.1150,0.0084
1790170007731,4647,0.1142,0.0082
1790170007780,4648,0.0976,0.0080
1790170007831,4649,0.1337,0.0089
1790170007881,4650,0.1361,0.0101
1790170007931,4651,0.1527,0.0107
1790170007981,4652,0.1311,0.0091
1790170008031,4653,0.1283,0.0086
1790170008081,4654,0.1320,0.0089
1790170008131,4655,0.1457,0.0093
1790170008181,4656,0.1404,0.0091
1790170008231,4657,0.1332,0.0094
1790170008281,4658,0.1615,0.0098
1790170008331,4659,0.1507,0.0098
1790170008381,4660,0.1480,0.0092
1790170008431,4661,0.1098,0.0080
1790170008481,4662,0.1266,0.0095
1790170008531,4663,0.1233,0.0090
1790170008581,4664,0.0907,0.0078
1790170008631,4665,0.1568,0.0101
1790170008681,4666,0.1204,0.0084
1790170008731,4667,0.0987,0.0076
1790170008782,4668,0.0957,0.0069
1790170008831,4669,0.0997,0.0071
1790170008880,4670,0.1595,0.0089
1790170008931,4671,0.1240,0.0086
1790170008981,4672,0.1332,0.0091
1790170009031,4673,0.1288,0.0087
1790170009081,4674,0.1092,0.0085
1790170009130,4675,0.1300,0.0081
1790170009181,4676,0.1691,0.0105
1790170009231,4677,0.1675,0.0099
1790170009281,4678,0.1275,0.0093
1790170009331,4679,0.1033,0.0081
1790170009381,4680,0.1361,0.0089
1790170009432,4681,0.1059,0.0082
1790170009481,4682,0.1299,0.0097
1790170009531,4683,0.1363,0.0092
1790170009581,4684,0.0896,0.0071
1790170009631,4685,0.1245,0.0080
1790170009681,4686,0.1124,0.0079
1790170009731,4687,0.1253,0.0093
1790170009781,4688,0.1233,0.0083
1790170009830,4689,0.1381,0.0089
1790170009880,4690,0.1588,0.0090
1790170009931,4691,0.1110,0.0157
1790170009981,4692,0.1105,0.0078
1790170010031,4693,0.1834,0.0094
1790170010081,4694,0.1402,0.0087
1790170010131,4695,0.1791,0.0096
1790170010181,4696,0.1330,0.0087
1790170010231,4697,0.1320,0.0087
1790170010281,4698,0.1308,0.0094
1790170010332,4699,0.1117,0.0081
1790170010381,4700,0.2255,0.0117
1790170010431,4701,0.1136,0.0133
1790170010481,4702,0.1358,0.0087
1790170010531,4703,0.1426,0.0092
1790170010581,4704,0.0841,0.0072
1790170010631,4705,0.1381,0.0096
1790170010681,4706,0.1469,0.0093
1790170010731,4707,0.1170,0.0083
1790170010781,4708,0.1556,0.0099
1790170010831,4709,0.1198,0.0085
1790170010880,4710,0.1231,0.0087
1790170010931,4711,0.0917,0.0075
1790170010981,4712,0.0900,0.0074
1790170011031,4713,0.0971,0.0073
1790170011081,4714,0.1775,0.0091
1790170011131,4715,0.1595,0.0096
1790170011181,4716,0.1360,0.0098
1790170011231,4717,0.1840,0.0106
1790170011281,4718,0.1247,0.0088
1790170011331,4719,0.1090,0.0082
1790170011381,4720,0.1566,0.0099
1790170011431,4721,0.1419,0.0091
1790170011480,4722,0.1743,0.0107
1790170011531,4723,0.1264,0.0088
1790170011581,4724,0.1161,0.0092
1790170011631,4725,0.1180,0.0083
1790170011681,4726,0.1477,0.0096
1790170011731,4727,0.1171,0.0084
1790170011780,4728,0.0943,0.0079
1790170011831,4729,0.2552,0.0069
1790170011881,4730,0.0912,0.0070
1790170011931,4731,0.1692,0.0104
1790170011981,4732,0.1252,0.0085
1790170012031,4733,0.0933,0.0075
1790170012081,4734,0.0824,0.0071
1790170012131,4735,0.1858,0.0094
1790170012181,4736,0.1490,0.0102
1790170012231,4737,0.1312,0.0088
1790170012281,4738,0.1584,0.0095
1790170012331,4739,0.1187,0.0084
1790170012380,4740,0.1771,0.0100
1790170012432,4741,0.1375,0.0098
1790170012481,4742,0.0966,0.0081
1790170012530,4743,0.0854,0.0077
1790170012581,4744,0.1070,0.0076
1790170012631,4745,0.1118,0.0066
1790170012681,4746,0.1242,0.0088
1790170012731,4747,0.1053,0.0074
1790170012781,4748,0.1772,0.0095
1790170012832,4749,0.1722,0.0089
1790170012881,4750,0.1799,0.0088
1790170012931,4751,0.1166,0.0079
1790170012981,4752,0.1422,0.0090
1790170013030,4753,0.1101,0.0067
1790170013081,4754,0.1175,0.0080
1790170013131,4755,0.1823,0.0101
1790170013181,4756,0.1744,0.0104
1790170013230,4757,0.1381,0.0089
1790170013281,4758,0.1322,0.0087
1790170013331,4759,0.1245,0.0091
1790170013381,4760,0.1531,0.0090
1790170013432,4761,0.1330,0.0090
1790170013481,4762,0.1350,0.0091
1790170013531,4763,0.1292,0.0077
1790170013581,4764,0.1256,0.0077
1790170013630,4765,0.0927,0.0062
1790170013681,4766,0.1404,0.0083
1790170013731,4767,0.1220,0.0076
1790170013781,4768,0.1115,0.0076
1790170013831,4769,0.1367,0.0079
1790170013881,4770,0.1118,0.0079
1790170013932,4771,0.0983,0.0075
1790170013981,4772,0.0979,0.0070
1790170014031,4773,0.1010,0.0068
1790170014081,4774,0.1050,0.0070
1790170014131,4775,0.1991,0.0114
1790170014180,4776,0.1080,0.0076
1790170014230,4777,0.1428,0.0101
1790170014281,4778,0.2028,0.0107
1790170014331,4779,0.1325,0.0089
1790170014381,4780,0.1161,0.0080
1790170014431,4781,0.1213,0.0082
1790170014482,4782,0.1262,0.0088
1790170014531,4783,0.1685,0.0103
1790170014581,4784,0.1447,0.0089
1790170014630,4785,0.1223,0.0085
1790170014681,4786,0.1234,0.0085
1790170014731,4787,0.1307,0.0089
1790170014780,4788,0.0989,0.0081
1790170014831,4789,0.0896,0.0072
1790170014881,4790,0.0895,0.0072
1790170014931,4791,0.1061,0.0069
1790170014981,4792,0.1650,0.0103
1790170015031,4793,0.1196,0.0084
1790170015080,4794,0.1218,0.0102
1790170015131,4795,0.1236,0.0085
1790170015181,4796,0.1257,0.0087
1790170015231,4797,0.1615,0.0106
1790170015281,4798,0.1301,0.0091
1790170015331,4799,0.1098,0.0090
1790170015381,4800,0.1418,0.0104
1790170015431,4801,0.1419,0.0096
1790170015480,4802,0.1165,0.0079
1790170015531,4803,0.0971,0.0077
1790170015581,4804,0.0889,0.0074
1790170015632,4805,0.1167,0.0077
1790170015681,4806,0.1258,0.0083
1790170015731,4807,0.1480,0.0095
1790170015781,4808,0.2642,0.0072
1790170015831,4809,0.1019,0.0069
1790170015881,4810,0.1238,0.0078
1790170015930,4811,0.1037,0.0069
1790170015981,4812,0.0999,0.0064
1790170016031,4813,0.0816,0.0063
1790170016081,4814,0.1052,0.0076
1790170016131,4815,0.1252,0.0082
1790170016180,4816,0.1335,0.0091
1790170016231,4817,0.1352,0.0087
1790170016281,4818,0.1602,0.0101
1790170016331,4819,0.1298,0.0084
1790170016381,4820,0.1421,0.0090
1790170016431,4821,0.1270,0.0085
1790170016481,4822,0.1242,0.0092
1790170016531,4823,0.1259,0.0092
1790170016581,4824,0.1014,0.0078
1790170016630,4825,0.1075,0.0071
1790170016681,4826,0.1262,0.0084
1790170016731,4827,0.1286,0.0084
1790170016781,4828,0.1202,0.0080
1790170016831,4829,0.2655,0.0095
1790170016881,4830,0.1710,0.0092
1790170016931,4831,0.0950,0.0070
1790170016981,4832,0.1098,0.0072
1790170017031,4833,0.1172,0.0076
1790170017081,4834,0.1827,0.0097
1790170017131,4835,0.1324,0.0080
1790170017181,4836,0.1130,0.0079
1790170017230,4837,0.1315,0.0086
1790170017281,4838,0.1322,0.0086
1790170017330,4839,0.1477,0.0111
1790170017381,4840,0.1444,0.0102
1790170017431,4841,0.1331,0.0093
1790170017481,4842,0.1138,0.0086
1790170017531,4843,0.1187,0.0085
1790170017581,4844,0.1204,0.0086
1790170017632,4845,0.1133,0.0080
1790170017681,4846,0.1156,0.0084
1790170017731,4847,0.0989,0.0071
1790170017781,4848,0.1072,0.0076
1790170017831,4849,0.1236,0.0076
1790170017881,4850,0.1724,0.0094
1790170017931,4851,0.1404,0.0099
1790170017981,4852,0.1412,0.0097
1790170018031,4853,0.1665,0.0108
1790170018081,4854,0.1490,0.0101
1790170018131,4855,0.1222,0.0107
1790170018181,4856,0.1617,0.0105
1790170018230,4857,0.1581,0.0112
1790170018280,4858,0.1701,0.0098
1790170018331,4859,0.1550,0.0327
1790170018381,4860,0.1763,0.0111
1790170018431,4861,0.1646,0.0115
1790170018481,4862,0.1217,0.0085
1790170018531,4863,0.1200,0.0085
1790170018581,4864,0.1004,0.0080
1790170018631,4865,0.1328,0.0089
1790170018681,4866,0.1130,0.0082
1790170018731,4867,0.1403,0.0090
1790170018781,4868,0.1435,0.0092
1790170018831,4869,0.1294,0.0088
1790170018881,4870,0.1214,0.0086
1790170018931,4871,0.1277,0.0313
1790170018980,4872,0.1197,0.0252
1790170019031,4873,0.0963,0.0187
1790170019081,4874,0.1004,0.0072
1790170019130,4875,0.1410,0.0079
1790170019181,4876,0.1351,0.0090
1790170019231,4877,0.1317,0.0087
1790170019281,4878,0.1600,0.0089
1790170019331,4879,0.1286,0.0085
1790170019381,4880,0.1737,0.0101
1790170019431,4881,0.1308,0.0087
1790170019481,4882,0.1105,0.0082
1790170019531,4883,0.1270,0.0085
1790170019581,4884,0.1333,0.0083
1790170019631,4885,0.1059,0.0077
1790170019682,4886,0.1593,0.0091
1790170019731,4887,0.1338,0.0084
1790170019781,4888,0.1139,0.0086
1790170019831,4889,0.1328,0.0089
1790170019880,4890,0.1208,0.0087
1790170019931,4891,0.1084,0.0084
1790170019980,4892,0.1019,0.0076
1790170020031,4893,0.1345,0.0088
1790170020081,4894,0.1347,0.0095
1790170020131,4895,0.1555,0.0097
1790170020181,4896,0.1743,0.0092
1790170020230,4897,0.1387,0.0096
1790170020281,4898,0.1299,0.0086
1790170020331,4899,0.1295,0.0085
1790170020381,4900,0.1638,0.0096
1790170020431,4901,0.1593,0.0094
1790170020481,4902,0.1303,0.0085
1790170020531,4903,0.1080,0.0079
1790170020581,4904,0.0978,0.0079
1790170020631,4905,0.0937,0.0074
1790170020681,4906,0.0922,0.0076
1790170020731,4907,0.1027,0.0077
1790170020781,4908,0.1146,0.0078
1790170020830,4909,0.0984,0.0067
1790170020881,4910,0.0955,0.0067
1790170020931,4911,0.0835,0.0064
1790170020981,4912,0.0731,0.0060
1790170021031,4913,0.1062,0.0060
1790170021081,4914,0.1739,0.0104
1790170021131,4915,0.1534,0.0094
1790170021181,4916,0.1250,0.0089
1790170021231,4917,0.1356,0.0086
1790170021280,4918,0.1299,0.0088
1790170021331,4919,0.1326,0.0091
1790170021381,4920,0.1341,0.0087
1790170021432,4921,0.1215,0.0086
1790170021481,4922,0.1346,0.0092
1790170021531,4923,0.1156,0.0083
1790170021581,4924,0.0865,0.0075
1790170021631,4925,0.1133,0.0077
1790170021681,4926,0.1129,0.0078
1790170021731,4927,0.1124,0.0081
1790170021781,4928,0.1128,0.0080
1790170021831,4929,0.1246,0.0083
1790170021881,4930,0.3279,0.0089
1790170021931,4931,0.1042,0.0077
1790170021981,4932,0.0830,0.0066
1790170022031,4933,0.0888,0.0063
1790170022081,4934,0.1762,0.0094
1790170022131,4935,0.1334,0.0082
1790170022181,4936,0.1175,0.0078
1790170022231,4937,0.1667,0.0109
1790170022281,4938,0.1284,0.0088
1790170022331,4939,0.1117,0.0085
1790170022381,4940,0.1763,0.0103
1790170022430,4941,0.1338,0.0090
1790170022481,4942,0.1653,0.0092
1790170022531,4943,0.1302,0.0083
1790170022581,4944,0.1352,0.0089
1790170022631,4945,0.1292,0.0079
1790170022681,4946,0.1345,0.0088
1790170022731,4947,0.1480,0.0090
1790170022781,4948,0.1189,0.0084
1790170022831,4949,0.1201,0.0090
1790170022881,4950,0.1253,0.0090
1790170022931,4951,0.1182,0.0085
1790170022981,4952,0.1582,0.0089
1790170023030,4953,0.1140,0.0081
1790170023081,4954,0.1143,0.0077
1790170023131,4955,0.1312,0.0087
1790170023181,4956,0.1289,0.0086
1790170023231,4957,0.1284,0.0088
1790170023280,4958,0.1315,0.0091
1790170023331,4959,0.1201,0.0083
1790170023381,4960,0.1553,0.0089
1790170023431,4961,0.1077,0.0081
1790170023480,4962,0.2030,0.0102
1790170023531,4963,0.1609,0.0098
1790170023581,4964,0.1353,0.0085
1790170023631,4965,0.1700,0.0093
1790170023681,4966,0.1555,0.0090
1790170023731,4967,0.1282,0.0102
1790170023780,4968,0.1334,0.0082
1790170023831,4969,0.1010,0.0077
1790170023881,4970,0.1210,0.0085
1790170023931,4971,0.0985,0.0075
1790170023980,4972,0.0845,0.0060
1790170024031,4973,0.0763,0.0057
1790170024081,4974,0.1109,0.0070
1790170024131,4975,0.2282,0.0126
1790170024181,4976,0.1277,0.0085
1790170024231,4977,0.1325,0.0090
1790170024281,4978,0.1274,0.0090
1790170024331,4979,0.1117,0.0086
1790170024380,4980,0.1243,0.0088
1790170024431,4981,0.1203,0.0081
1790170024481,4982,0.1236,0.0087
1790170024530,4983,0.0889,0.0076
1790170024581,4984,0.1384,0.0084
1790170024632,4985,0.1838,0.0093
1790170024681,4986,0.1300,0.0089
1790170024731,4987,0.1265,0.0084
1790170024781,4988,0.1277,0.0091
1790170024831,4989,0.1219,0.0085
1790170024881,4990,0.1210,0.0083
1790170024931,4991,0.1300,0.0086
1790170024981,4992,0.1048,0.0078
1790170025031,4993,0.0854,0.0068
1790170025081,4994,0.1044,0.0075
1790170025131,4995,0.2184,0.0098
1790170025181,4996,0.1018,0.0077
1790170025231,4997,0.1344,0.0081
1790170025281,4998,0.1319,0.0085
1790170025331,4999,0.1438,0.0091
1790170025380,5000,0.0995,0.0071
1790170025431,5001,0.1252,0.0082
1790170025481,5002,0.1381,0.0088
1790170025531,5003,0.0857,0.0076
1790170025580,5004,0.0862,0.0069
1790170025632,5005,0.1662,0.0099
1790170025681,5006,0.1840,0.0102
1790170025731,5007,0.1343,0.0089
1790170025781,5008,0.1445,0.0088
1790170025832,5009,0.1148,0.0082
1790170025881,5010,0.1244,0.0088
1790170025930,5011,0.1266,0.0080
1790170025981,5012,0.1212,0.0080
1790170026031,5013,0.0987,0.0074
1790170026080,5014,0.1224,0.0358
1790170026131,5015,0.1407,0.0079
1790170026181,5016,0.1045,0.0078
1790170026231,5017,0.1361,0.0091
1790170026281,5018,0.1648,0.0100
1790170026331,5019,0.1087,0.0082
1790170026381,5020,0.1591,0.0098
1790170026431,5021,0.1203,0.0080
1790170026481,5022,0.1265,0.0083
1790170026531,5023,0.0953,0.0075
1790170026581,5024,0.1736,0.0106
1790170026632,5025,0.1339,0.0084
1790170026681,5026,0.1710,0.0102
1790170026732,5027,0.1336,0.0089
1790170026780,5028,0.1249,0.0085
1790170026831,5029,0.1453,0.0090
1790170026881,5030,0.1064,0.0079
1790170026931,5031,0.2736,0.0077
1790170026981,5032,0.1117,0.0075
1790170027031,5033,0.0832,0.0061
1790170027081,5034,0.0820,0.0058
1790170027131,5035,0.1423,0.0092
1790170027181,5036,0.1381,0.0087
1790170027231,5037,0.1289,0.0086
1790170027281,5038,0.1271,0.0088
1790170027330,5039,0.1124,0.0087
1790170027381,5040,0.1058,0.0084
1790170027430,5041,0.1907,0.0092
1790170027481,5042,0.1613,0.0103
1790170027531,5043,0.1162,0.0083
1790170027580,5044,0.1004,0.0077
1790170027631,5045,0.1073,0.0078
1790170027681,5046,0.1083,0.0079
1790170027731,5047,0.1424,0.0093
1790170027781,5048,0.1106,0.0087
1790170027830,5049,0.1105,0.0079
1790170027881,5050,0.1174,0.0080
1790170027930,5051,0.1369,0.0079
1790170027981,5052,0.1072,0.0080
1790170028031,5053,0.1918,0.0102
1790170028080,5054,0.1365,0.0096
1790170028131,5055,0.1472,0.0092
1790170028181,5056,0.1080,0.0078
1790170028230,5057,0.1274,0.0091
1790170028282,5058,0.1723,0.0107
1790170028331,5059,0.1080,0.0081
1790170028381,5060,0.1120,0.0079
1790170028431,5061,0.1103,0.0079
1790170028480,5062,0.1663,0.0093
1790170028531,5063,0.1300,0.0086
1790170028581,5064,0.1185,0.0081
1790170028631,5065,0.1744,0.0096
1790170028681,5066,0.1108,0.0080
1790170028730,5067,0.1460,0.0094
1790170028781,5068,0.1296,0.0087
1790170028831,5069,0.1292,0.0089
1790170028881,5070,0.1267,0.0086
1790170028931,5071,0.1093,0.0085
1790170028981,5072,0.1013,0.0078
1790170029031,5073,0.1184,0.0087
1790170029081,5074,0.1055,0.0079
1790170029131,5075,0.1216,0.0093
1790170029181,5076,0.1131,0.0092
1790170029231,5077,0.1307,0.0088
1790170029281,5078,0.1604,0.0098
1790170029331,5079,0.1644,0.0105
1790170029381,5080,0.1059,0.0078
1790170029432,5081,0.1339,0.0086
1790170029481,5082,0.1302,0.0086
1790170029531,5083,0.1270,0.0083
1790170029581,5084,0.1364,0.0082
1790170029632,5085,0.1449,0.0088
1790170029680,5086,0.1172,0.0090
1790170029731,5087,0.1050,0.0081
1790170029781,5088,0.1627,0.0100
1790170029830,5089,0.1342,0.0089
1790170029881,5090,0.1337,0.0090
1790170029931,5091,0.1394,0.0075
1790170029980,5092,0.1250,0.0089
1790170030031,5093,0.1186,0.0084
1790170030081,5094,0.0881,0.0071
1790170030130,5095,0.1348,0.0079
1790170030181,5096,0.1550,0.0091
1790170030231,5097,0.1311,0.0087
1790170030281,5098,0.1646,0.0102
1790170030331,5099,0.1195,0.0086
1790170030380,5100,0.1508,0.0100
1790170030432,5101,0.1001,0.0073
1790170030481,5102,0.1252,0.0085
1790170030531,5103,0.1266,0.0083
1790170030581,5104,0.0908,0.0076
1790170030631,5105,0.1155,0.0080
1790170030681,5106,0.1021,0.0078
1790170030731,5107,0.1067,0.0073
1790170030781,5108,0.1007,0.0075
1790170030831,5109,0.1629,0.0092
1790170030881,5110,0.1382,0.0091
1790170030931,5111,0.1157,0.0080
1790170030980,5112,0.1618,0.0401
1790170031031,5113,0.1217,0.0284
1790170031080,5114,0.1223,0.0248
1790170031132,5115,0.1661,0.0097
1790170031181,5116,0.1286,0.0079
1790170031231,5117,0.1551,0.0086
1790170031281,5118,0.1307,0.0084
1790170031331,5119,0.1256,0.0081
1790170031381,5120,0.1214,0.0081
1790170031431,5121,0.1118,0.0077
1790170031481,5122,0.1009,0.0071
1790170031532,5123,0.1625,0.0085
1790170031581,5124,0.0891,0.0073
1790170031631,5125,0.1252,0.0083
1790170031681,5126,0.1578,0.0083
1790170031731,5127,0.1269,0.0077
1790170031781,5128,0.1248,0.0087
1790170031831,5129,0.1244,0.0080
1790170031881,5130,0.1854,0.0096
1790170031931,5131,0.3768,0.0093
1790170031981,5132,0.1758,0.0092
1790170032031,5133,0.1322,0.0083
1790170032080,5134,0.1278,0.0086
1790170032131,5135,0.1364,0.0085
1790170032181,5136,0.1296,0.0085
1790170032231,5137,0.1652,0.0102
1790170032281,5138,0.1371,0.0090
1790170032331,5139,0.1053,0.0082
1790170032381,5140,0.1004,0.0069
1790170032431,5141,0.0818,0.0066
1790170032481,5142,0.0861,0.0066
1790170032531,5143,0.1301,0.0086
1790170032581,5144,0.1331,0.0087
1790170032631,5145,0.1157,0.0072
1790170032681,5146,0.1580,0.0081
1790170032731,5147,0.1285,0.0075
1790170032780,5148,0.1199,0.0069
1790170032831,5149,0.0999,0.0072
1790170032880,5150,0.1070,0.0070
1790170032931,5151,0.1328,0.0086
1790170032981,5152,0.1115,0.0079
1790170033031,5153,0.1123,0.0083
1790170033081,5154,0.1163,0.0076
1790170033131,5155,0.1321,0.0076
1790170033181,5156,0.1215,0.0074
1790170033231,5157,0.1358,0.0083
1790170033281,5158,0.1375,0.0089
1790170033331,5159,0.1240,0.0081
1790170033381,5160,0.1037,0.0079
1790170033430,5161,0.1558,0.0102
1790170033481,5162,0.0895,0.0061
1790170033531,5163,0.1684,0.0094
1790170033581,5164,0.1185,0.0082
1790170033631,5165,0.0949,0.0070
1790170033681,5166,0.0990,0.0079
1790170033731,5167,0.1196,0.0071
1790170033781,5168,0.1073,0.0068
1790170033831,5169,0.0987,0.0073
1790170033881,5170,0.1031,0.0073
1790170033931,5171,0.1471,0.0078
1790170033981,5172,0.1697,0.0103
1790170034030,5173,0.1778,0.0092
1790170034082,5174,0.1720,0.0109
1790170034131,5175,0.1478,0.0089
1790170034181,5176,0.1478,0.0089
1790170034231,5177,0.1353,0.0092
1790170034281,5178,0.1648,0.0106
1790170034332,5179,0.1319,0.0090
1790170034380,5180,0.1410,0.0092
1790170034431,5181,0.1303,0.0086
1790170034481,5182,0.1148,0.0078
1790170034531,5183,0.0911,0.0072
1790170034581,5184,0.1276,0.0084
1790170034631,5185,0.1773,0.0101
1790170034681,5186,0.1488,0.0089
1790170034731,5187,0.1338,0.0091
1790170034781,5188,0.1311,0.0088
1790170034831,5189,0.1295,0.0083
1790170034881,5190,0.1086,0.0080
1790170034930,5191,0.1371,0.0093
1790170034981,5192,0.1158,0.0080
1790170035031,5193,0.1608,0.0086
1790170035081,5194,0.1203,0.0078
1790170035131,5195,0.1304,0.0089
1790170035180,5196,0.1246,0.0078
1790170035231,5197,0.1326,0.0084
1790170035281,5198,0.1256,0.0086
1790170035331,5199,0.1462,0.0365
1790170035381,5200,0.1411,0.0405
1790170035431,5201,0.1401,0.0246
1790170035481,5202,0.1290,0.0205
1790170035531,5203,0.1078,0.0075
1790170035581,5204,0.1365,0.0088
1790170035630,5205,0.1185,0.0086
1790170035681,5206,0.1178,0.0078
1790170035731,5207,0.1050,0.0077
1790170035781,5208,0.0913,0.0072
1790170035831,5209,0.0965,0.0065
1790170035881,5210,0.0835,0.0063
1790170035931,5211,0.1212,0.0064
1790170035981,5212,0.0980,0.0059
1790170036031,5213,0.1089,0.0067
1790170036081,5214,0.1331,0.0077
1790170036131,5215,0.1662,0.0086
1790170036181,5216,0.1096,0.0082
1790170036231,5217,0.1680,0.0091
1790170036281,5218,0.1360,0.0081
1790170036331,5219,0.1387,0.0088
1790170036381,5220,0.1341,0.0082
1790170036431,5221,0.1539,0.0088
1790170036481,5222,0.1124,0.0076
1790170036531,5223,0.1007,0.0073
1790170036581,5224,0.1341,0.0081
1790170036631,5225,0.1035,0.0073
1790170036681,5226,0.1203,0.0081
1790170036731,5227,0.0862,0.0062
1790170036781,5228,0.0951,0.0069
1790170036832,5229,0.1408,0.0077
1790170036881,5230,0.1137,0.0071
1790170036931,5231,0.1414,0.0074
1790170036981,5232,0.2856,0.0083
1790170037031,5233,0.1494,0.0089
1790170037081,5234,0.1403,0.0090
1790170037130,5235,0.1570,0.0081
1790170037181,5236,0.1489,0.0080
1790170037231,5237,0.1409,0.0090
1790170037281,5238,0.1357,0.0088
1790170037331,5239,0.1269,0.0080
1790170037380,5240,0.1383,0.0083
1790170037430,5241,0.1179,0.0079
1790170037481,5242,0.1300,0.0076
1790170037531,5243,0.1233,0.0078
1790170037581,5244,0.1310,0.0079
1790170037630,5245,0.1306,0.0086
1790170037681,5246,0.1431,0.0087
1790170037731,5247,0.1404,0.0082
1790170037780,5248,0.1354,0.0078
1790170037831,5249,0.1255,0.0079
1790170037881,5250,0.1289,0.0081
1790170037931,5251,0.1452,0.0068
1790170037981,5252,0.1065,0.0075
1790170038031,5253,0.1415,0.0081
1790170038081,5254,0.1027,0.0071
1790170038131,5255,0.1753,0.0091
1790170038181,5256,0.1515,0.0086
1790170038230,5257,0.1462,0.0083
1790170038282,5258,0.1598,0.0088
1790170038330,5259,0.1436,0.0088
1790170038381,5260,0.1080,0.0077
1790170038430,5261,0.0991,0.0070
1790170038481,5262,0.1078,0.0066
1790170038531,5263,0.0818,0.0066
1790170038581,5264,0.1600,0.0101
1790170038630,5265,0.1323,0.0081
1790170038681,5266,0.1638,0.0088
1790170038731,5267,0.1009,0.0080
1790170038781,5268,0.0921,0.0066
1790170038831,5269,0.0928,0.0071
1790170038881,5270,0.0919,0.0067
1790170038931,5271,0.0956,0.0064
1790170038981,5272,0.0957,0.0064
1790170039031,5273,0.0827,0.0062
1790170039081,5274,0.0873,0.0051
1790170039131,5275,0.1013,0.0052
1790170039181,5276,0.1840,0.0099
1790170039231,5277,0.1349,0.0082
1790170039281,5278,0.1320,0.0082
1790170039330,5279,0.1298,0.0082
1790170039381,5280,0.1486,0.0086
1790170039431,5281,0.1116,0.0074
1790170039481,5282,0.0834,0.0069
1790170039531,5283,0.0750,0.0057
1790170039581,5284,0.1199,0.0077
1790170039631,5285,0.1275,0.0077
1790170039681,5286,0.1323,0.0079
1790170039731,5287,0.1065,0.0079
1790170039781,5288,0.0968,0.0077
1790170039831,5289,0.1035,0.0077
1790170039880,5290,0.1702,0.0090
1790170039931,5291,0.1525,0.0074
1790170039981,5292,0.1422,0.0069
1790170040031,5293,0.1123,0.0069
1790170040080,5294,0.0988,0.0065
1790170040132,5295,0.1711,0.0092
1790170040181,5296,0.1135,0.0087
1790170040231,5297,0.1630,0.0089
1790170040281,5298,0.1575,0.0184
1790170040331,5299,0.1631,0.0158
1790170040381,5300,0.2230,0.0603
1790170040431,5301,0.1610,0.0086
1790170040481,5302,0.1415,0.0250
1790170040531,5303,0.0964,0.0132
1790170040581,5304,0.0893,0.0047
1790170040631,5305,0.1111,0.0049
1790170040681,5306,0.1220,0.0065
1790170040731,5307,0.1259,0.0128
1790170040781,5308,0.1019,0.0052
1790170040831,5309,0.1161,0.0057
1790170040881,5310,0.1141,0.0062
1790170040931,5311,0.0901,0.0051
1790170040982,5312,1.5167,0.0059
1790170041030,5313,0.1356,0.0058
1790170041081,5314,0.1336,0.0056
1790170041131,5315,0.1229,0.0055
1790170041182,5316,0.1192,0.0054
1790170041231,5317,0.1350,0.0057
1790170041281,5318,0.1613,0.0073
1790170041331,5319,0.1236,0.0056
1790170041381,5320,0.1080,0.0060
1790170041431,5321,0.1404,0.0063
1790170041481,5322,0.0872,0.0044
1790170041531,5323,0.1002,0.0044
1790170041580,5324,0.0985,0.0042
1790170041630,5325,0.1240,0.0058
1790170041681,5326,0.1687,0.0070
1790170041731,5327,0.1080,0.0052
1790170041781,5328,0.0916,0.0048
1790170041831,5329,0.0754,0.0044
1790170041881,5330,0.0924,0.0046
1790170041931,5331,0.0935,0.0044
1790170041981,5332,0.0855,0.0039
1790170042030,5333,0.2079,0.0030
1790170042081,5334,0.0868,0.0036
1790170042131,5335,0.0956,0.0032
1790170042181,5336,0.1299,0.0062
1790170042231,5337,0.1629,0.0068
1790170042280,5338,0.1633,0.0066
1790170042331,5339,0.1288,0.0063
1790170042381,5340,0.1345,0.0061
1790170042431,5341,0.2233,0.0076
1790170042481,5342,0.1196,0.0055
1790170042531,5343,0.0750,0.0048
1790170042581,5344,0.0823,0.0045
1790170042631,5345,0.1121,0.0045
1790170042681,5346,0.1227,0.0059
1790170042731,5347,0.1128,0.0053
1790170042780,5348,0.1046,0.0052
1790170042831,5349,0.1043,0.0044
1790170042881,5350,0.1168,0.0052
1790170042931,5351,0.1026,0.0047
1790170042981,5352,0.0864,0.0038
1790170043030,5353,0.0873,0.0036
1790170043081,5354,0.1357,0.0051
1790170043131,5355,0.1179,0.0055
1790170043181,5356,0.1183,0.0043
1790170043231,5357,0.1269,0.0053
1790170043281,5358,0.1304,0.0053
1790170043331,5359,0.1647,0.0073
1790170043380,5360,0.1429,0.0069
1790170043431,5361,0.1305,0.0057
1790170043481,5362,0.1272,0.0059
1790170043531,5363,0.1060,0.0054
1790170043581,5364,0.1003,0.0050
1790170043631,5365,0.1247,0.0050
1790170043680,5366,0.1030,0.0052
1790170043732,5367,0.1322,0.0058
1790170043781,5368,0.1229,0.0052
1790170043831,5369,0.1074,0.0055
1790170043881,5370,0.1246,0.0065
1790170043931,5371,0.1120,0.0054
1790170043981,5372,0.0978,0.0047
1790170044031,5373,0.0952,0.0045
1790170044081,5374,0.1111,0.0043
1790170044131,5375,0.1333,0.0062
1790170044181,5376,0.1213,0.0060
1790170044231,5377,0.1728,0.0073
1790170044281,5378,0.1235,0.0059
1790170044331,5379,0.1285,0.0063
1790170044381,5380,0.1799,0.0074
1790170044431,5381,0.1581,0.0063
1790170044481,5382,0.1187,0.0062
1790170044531,5383,0.0849,0.0049
1790170044581,5384,0.0849,0.0046
1790170044631,5385,0.1170,0.0055
1790170044681,5386,0.1028,0.0054
1790170044731,5387,0.1332,0.0057
1790170044781,5388,0.1692,0.0067
1790170044830,5389,0.1558,0.0068
1790170044881,5390,0.1334,0.0066
1790170044931,5391,0.0963,0.0049
1790170044982,5392,0.1114,0.0059
1790170045032,5393,0.0876,0.0046
1790170045080,5394,0.1006,0.0052
1790170045131,5395,0.1821,0.0066
1790170045181,5396,0.1046,0.0049
1790170045231,5397,0.1619,0.0071
1790170045281,5398,0.1295,0.0064
1790170045330,5399,0.1113,0.0058
1790170045381,5400,0.1424,0.0065
1790170045431,5401,0.1311,0.0066
1790170045481,5402,0.1264,0.0060
1790170045530,5403,0.1135,0.0054
1790170045581,5404,0.0820,0.0050
1790170045631,5405,0.1231,0.0049
1790170045681,5406,0.1061,0.0045
1790170045731,5407,0.1584,0.0061
1790170045781,5408,0.1324,0.0063
1790170045831,5409,0.2073,0.0060
1790170045881,5410,0.1178,0.0059
1790170045931,5411,0.0971,0.0046
1790170045981,5412,0.1121,0.0046
1790170046031,5413,0.0798,0.0038
1790170046081,5414,0.1013,0.0045
1790170046130,5415,0.1239,0.0044
1790170046181,5416,0.1218,0.0049
1790170046231,5417,0.1270,0.0056
1790170046281,5418,0.1468,0.0059
1790170046331,5419,0.1134,0.0056
1790170046381,5420,0.1333,0.0053
1790170046432,5421,0.1234,0.0062
1790170046480,5422,0.1785,0.0068
1790170046531,5423,0.1287,0.0057
1790170046581,5424,0.1102,0.0055
1790170046631,5425,0.1411,0.0053
1790170046681,5426,0.1639,0.0078
1790170046731,5427,0.1300,0.0066
1790170046781,5428,0.1318,0.0067
1790170046831,5429,0.1241,0.0060
1790170046881,5430,0.1172,0.0057
1790170046931,5431,0.1420,0.0064
1790170046980,5432,0.1268,0.0046
1790170047031,5433,0.3345,0.0052
1790170047081,5434,0.1014,0.0041
1790170047131,5435,0.1404,0.0048
1790170047181,5436,0.1585,0.0071
1790170047231,5437,0.1245,0.0059
1790170047281,5438,0.1233,0.0053
1790170047330,5439,0.1091,0.0053
1790170047381,5440,0.1378,0.0064
1790170047431,5441,0.1403,0.0058
1790170047481,5442,0.1034,0.0051
1790170047531,5443,0.1240,0.0065
1790170047581,5444,0.1184,0.0057
1790170047631,5445,0.1064,0.0051
1790170047681,5446,0.1128,0.0055
1790170047731,5447,0.1058,0.0051
1790170047780,5448,0.1218,0.0061
1790170047831,5449,0.1039,0.0049
1790170047881,5450,0.1263,0.0059
1790170047931,5451,0.0842,0.0046
1790170047981,5452,0.1028,0.0040
1790170048031,5453,0.0759,0.0038
1790170048081,5454,0.1175,0.0048
1790170048131,5455,0.1132,0.0040
1790170048181,5456,0.0908,0.0037
1790170048231,5457,0.1537,0.0055
1790170048281,5458,0.1506,0.0068
1790170048331,5459,0.1268,0.0061
1790170048381,5460,0.1258,0.0057
1790170048431,5461,0.1661,0.0067
1790170048481,5462,0.0980,0.0058
1790170048531,5463,0.1412,0.0059
1790170048580,5464,0.1211,0.0058
1790170048632,5465,0.1247,0.0050
1790170048681,5466,0.1543,0.0075
1790170048731,5467,0.1264,0.0058
1790170048780,5468,0.1254,0.0060
1790170048831,5469,0.1192,0.0056
1790170048881,5470,0.1570,0.0071
1790170048930,5471,0.0990,0.0051
1790170048981,5472,0.0789,0.0043
1790170049031,5473,0.0769,0.0042
1790170049080,5474,0.0909,0.0046
1790170049131,5475,0.1271,0.0055
1790170049181,5476,0.0828,0.0043
1790170049231,5477,0.1308,0.0062
1790170049282,5478,0.1580,0.0072
1790170049331,5479,0.1530,0.0062
1790170049381,5480,0.1391,0.0063
1790170049431,5481,0.1282,0.0052
1790170049481,5482,0.0943,0.0051
1790170049531,5483,0.0969,0.0046
1790170049581,5484,0.1488,0.0065
1790170049631,5485,0.1514,0.0063
1790170049681,5486,0.1213,0.0054
1790170049730,5487,0.1463,0.0066
1790170049781,5488,0.0890,0.0040
1790170049832,5489,0.1226,0.0057
1790170049880,5490,0.1102,0.0055
1790170049930,5491,0.1305,0.0055
1790170049981,5492,0.1258,0.0052
1790170050031,5493,0.1012,0.0052
1790170050081,5494,0.0896,0.0043
1790170050130,5495,0.1423,0.0056
1790170050181,5496,0.0887,0.0045
1790170050232,5497,0.1171,0.0049
1790170050281,5498,0.1534,0.0065
1790170050330,5499,0.1222,0.0064
1790170050381,5500,0.1360,0.0062
1790170050431,5501,0.1502,0.0064
1790170050482,5502,0.1157,0.0058
1790170050531,5503,0.1140,0.0048
1790170050581,5504,0.1634,0.0060
1790170050631,5505,0.1692,0.0068
1790170050680,5506,0.1255,0.0057
1790170050731,5507,0.1110,0.0048
1790170050781,5508,0.0862,0.0042
1790170050831,5509,0.1188,0.0053
1790170050880,5510,0.1431,0.0045
1790170050931,5511,0.1023,0.0050
1790170050981,5512,0.0735,0.0036
1790170051031,5513,0.0707,0.0036
1790170051081,5514,0.0831,0.0036
1790170051131,5515,0.1616,0.0064
1790170051181,5516,0.1468,0.0065
1790170051231,5517,0.1152,0.0048
1790170051281,5518,0.1200,0.0056
1790170051331,5519,0.1184,0.0060
1790170051382,5520,0.1277,0.0054
1790170051431,5521,0.1293,0.0052
1790170051481,5522,0.1185,0.0063
1790170051531,5523,0.1161,0.0047
1790170051581,5524,0.0781,0.0039
1790170051631,5525,0.0850,0.0042
1790170051681,5526,0.1200,0.0060
1790170051731,5527,0.1411,0.0062
1790170051781,5528,0.0884,0.0047
1790170051831,5529,0.1192,0.0055
1790170051880,5530,0.1378,0.0056
1790170051931,5531,0.1037,0.0047
1790170051981,5532,0.1006,0.0048
1790170052031,5533,0.0889,0.0042
1790170052081,5534,0.3093,0.0051
1790170052131,5535,0.1517,0.0051
1790170052181,5536,0.1173,0.0047
1790170052231,5537,0.0853,0.0040
1790170052281,5538,0.1206,0.0054
1790170052331,5539,0.1251,0.0062
1790170052380,5540,0.1359,0.0058
1790170052430,5541,0.1167,0.0061
1790170052482,5542,0.1115,0.0053
1790170052531,5543,0.0830,0.0043
1790170052581,5544,0.1616,0.0059
1790170052631,5545,0.0821,0.0041
1790170052681,5546,0.1448,0.0060
1790170052732,5547,0.1257,0.0056
1790170052781,5548,0.1264,0.0055
1790170052831,5549,0.1730,0.0075
1790170052881,5550,0.1630,0.0066
1790170052930,5551,0.0941,0.0051
1790170052981,5552,0.1422,0.0068
1790170053031,5553,0.1061,0.0052
1790170053081,5554,0.0908,0.0045
1790170053131,5555,0.0954,0.0045
1790170053181,5556,0.1011,0.0047
1790170053231,5557,0.0818,0.0044
1790170053280,5558,0.1227,0.0054
1790170053331,5559,0.1178,0.0053
1790170053381,5560,0.1210,0.0047
1790170053431,5561,0.1180,0.0055
1790170053481,5562,0.1149,0.0050
1790170053531,5563,0.1058,0.0056
1790170053581,5564,0.0853,0.0042
1790170053631,5565,0.1003,0.0049
1790170053681,5566,0.0840,0.0040
1790170053731,5567,0.1548,0.0061
1790170053780,5568,0.1273,0.0059
1790170053831,5569,0.1173,0.0053
1790170053881,5570,0.1191,0.0054
1790170053931,5571,0.0964,0.0047
1790170053981,5572,0.0766,0.0039
1790170054031,5573,0.0676,0.0034
1790170054081,5574,0.0932,0.0043
1790170054131,5575,0.1045,0.0042
1790170054181,5576,0.1053,0.0048
1790170054230,5577,0.1011,0.0045
1790170054281,5578,0.1335,0.0059
1790170054331,5579,0.1700,0.0064
1790170054381,5580,0.1291,0.0053
1790170054430,5581,0.1080,0.0057
1790170054480,5582,0.1400,0.0050
1790170054531,5583,0.1167,0.0052
1790170054581,5584,0.1317,0.0062
1790170054631,5585,0.1066,0.0046
1790170054681,5586,0.1135,0.0058
1790170054731,5587,0.1137,0.0050
1790170054781,5588,0.1680,0.0061
1790170054831,5589,0.1306,0.0118
1790170054881,5590,0.1755,0.0069
1790170054931,5591,0.1358,0.0068
1790170054981,5592,0.1399,0.0052
1790170055031,5593,0.0828,0.0047
1790170055081,5594,0.0963,0.0049
1790170055131,5595,0.1044,0.0045
1790170055181,5596,0.1267,0.0048
1790170055231,5597,0.0883,0.0044
1790170055281,5598,0.1185,0.0062
1790170055331,5599,0.1160,0.0052
1790170055381,5600,0.1803,0.0070
1790170055431,5601,0.1105,0.0053
1790170055481,5602,0.1083,0.0048
1790170055531,5603,0.0922,0.0045
1790170055581,5604,0.0841,0.0046
1790170055631,5605,0.0928,0.0042
1790170055681,5606,0.0988,0.0040
1790170055731,5607,0.1325,0.0062
1790170055780,5608,0.0900,0.0052
1790170055831,5609,0.1574,0.0064
1790170055881,5610,0.1970,0.0064
1790170055930,5611,0.1263,0.0059
1790170055981,5612,0.1301,0.0053
1790170056032,5613,0.1168,0.0054
1790170056080,5614,0.1076,0.0052
1790170056131,5615,0.1268,0.0049
1790170056181,5616,0.0956,0.0046
1790170056232,5617,0.1164,0.0049
1790170056281,5618,0.1237,0.0056
1790170056331,5619,0.1523,0.0069
1790170056380,5620,0.1398,0.0053
1790170056431,5621,0.1204,0.0064
1790170056481,5622,0.1219,0.0057
1790170056531,5623,0.1015,0.0049
1790170056581,5624,0.0877,0.0044
1790170056631,5625,0.0772,0.0040
1790170056681,5626,0.0741,0.0038
1790170056731,5627,0.0867,0.0043
1790170056781,5628,0.1138,0.0045
1790170056831,5629,0.0812,0.0040
1790170056881,5630,0.1647,0.0064
1790170056930,5631,0.1387,0.0059
1790170056981,5632,0.1511,0.0093
1790170057031,5633,0.1340,0.0222
1790170057081,5634,0.4254,0.0039
1790170057131,5635,0.1381,0.0032
1790170057181,5636,0.1464,0.0031
1790170057231,5637,0.1111,0.0032
1790170057281,5638,0.1519,0.0041
1790170057331,5639,0.1126,0.0033
1790170057381,5640,0.1336,0.0027
1790170057431,5641,0.1036,0.0024
1790170057481,5642,0.1100,0.0029
1790170057531,5643,0.1155,0.0032
1790170057581,5644,0.1162,0.0027
1790170057630,5645,0.0858,0.0019
1790170057681,5646,0.0650,0.0024
1790170057731,5647,0.1030,0.0028
1790170057781,5648,0.1022,0.0026
1790170057831,5649,0.0973,0.0025
1790170057881,5650,0.1461,0.0032
1790170057930,5651,0.1214,0.0035
1790170057981,5652,0.1311,0.0036
1790170058031,5653,0.1017,0.0028
1790170058081,5654,0.1382,0.0028
1790170058130,5655,0.1357,0.0030
1790170058181,5656,0.1125,0.0030
1790170058231,5657,0.1477,0.0031
1790170058281,5658,0.1224,0.0035
1790170058331,5659,0.1170,0.0030
1790170058381,5660,0.1391,0.0035
1790170058430,5661,0.1164,0.0030
1790170058480,5662,0.1197,0.0035
1790170058531,5663,0.0865,0.0023
1790170058580,5664,0.1435,0.0031
1790170058631,5665,0.0785,0.0017
1790170058680,5666,0.0995,0.0023
1790170058731,5667,0.1272,0.0031
1790170058781,5668,0.1741,0.0038
1790170058831,5669,0.1169,0.0034
1790170058881,5670,0.1909,0.0038
1790170058931,5671,0.1467,0.0034
1790170058981,5672,0.1683,0.0037
1790170059031,5673,0.1050,0.0029
1790170059081,5674,0.1063,0.0022
1790170059131,5675,0.1466,0.0030
1790170059180,5676,0.1519,0.0040
1790170059231,5677,0.1102,0.0030
1790170059281,5678,0.1129,0.0033
1790170059330,5679,0.1152,0.0034
1790170059381,5680,0.1584,0.0037
1790170059431,5681,0.1396,0.0029
1790170059482,5682,0.1426,0.0031
1790170059530,5683,0.0890,0.0029
1790170059581,5684,0.1317,0.0030
1790170059631,5685,0.0876,0.0020
1790170059681,5686,0.0737,0.0017
1790170059730,5687,0.0945,0.0017
1790170059781,5688,0.1085,0.0029
1790170059831,5689,0.0763,0.0017
1790170059881,5690,0.1255,0.0029
1790170059931,5691,0.1211,0.0029
1790170059981,5692,0.1634,0.0038
1790170060031,5693,0.1267,0.0034
1790170060081,5694,0.1457,0.0039
1790170060131,5695,0.1251,0.0031
1790170060181,5696,0.0839,0.0027
1790170060231,5697,0.0922,0.0026
1790170060281,5698,0.1623,0.0040
1790170060331,5699,0.1149,0.0031
1790170060381,5700,0.1220,0.0025
1790170060432,5701,0.1115,0.0028
1790170060482,5702,0.1181,0.0030
1790170060531,5703,0.0858,0.0021
1790170060580,5704,0.1121,0.0032
1790170060631,5705,0.1153,0.0027
1790170060681,5706,0.0795,0.0022
1790170060730,5707,0.0901,0.0027
1790170060781,5708,0.1150,0.0026
1790170060831,5709,0.0951,0.0027
1790170060881,5710,0.1172,0.0025
1790170060931,5711,0.0837,0.0020
1790170060981,5712,0.1297,0.0032
1790170061031,5713,0.1247,0.0036
1790170061081,5714,0.1161,0.0034
1790170061131,5715,0.1467,0.0029
1790170061181,5716,0.0808,0.0020
1790170061231,5717,0.0749,0.0025
1790170061281,5718,0.1231,0.0029
1790170061331,5719,0.1128,0.0029
1790170061381,5720,0.1424,0.0027
1790170061431,5721,0.1554,0.0038
1790170061481,5722,0.1511,0.0033
1790170061531,5723,0.1045,0.0029
1790170061580,5724,0.1101,0.0032
1790170061631,5725,0.1335,0.0036
1790170061681,5726,0.1066,0.0031
1790170061731,5727,0.1508,0.0039
1790170061781,5728,0.1149,0.0032
1790170061831,5729,0.1118,0.0025
1790170061881,5730,0.1874,0.0040
1790170061931,5731,0.0983,0.0026
1790170061981,5732,0.1378,0.0035
1790170062031,5733,0.1181,0.0031
1790170062081,5734,0.3278,0.0039
1790170062131,5735,0.1569,0.0035
1790170062181,5736,0.0991,0.0029
1790170062231,5737,0.0791,0.0026
1790170062281,5738,0.1107,0.0033
1790170062331,5739,0.1136,0.0030
1790170062381,5740,0.1143,0.0021
1790170062431,5741,0.1256,0.0034
1790170062481,5742,0.1461,0.0036
1790170062531,5743,0.0943,0.0030
1790170062581,5744,0.1071,0.0029
1790170062630,5745,0.1117,0.0026
1790170062681,5746,0.0997,0.0026
1790170062731,5747,0.0903,0.0017
1790170062781,5748,0.0998,0.0022
1790170062831,5749,0.1130,0.0022
1790170062881,5750,0.1297,0.0029
1790170062930,5751,0.1131,0.0029
1790170062981,5752,0.1086,0.0020
1790170063031,5753,0.1147,0.0030
1790170063081,5754,0.1608,0.0035
1790170063131,5755,0.1323,0.0034
1790170063181,5756,0.1054,0.0029
1790170063231,5757,0.1577,0.0036
1790170063281,5758,0.1205,0.0035
1790170063331,5759,0.1173,0.0033
1790170063381,5760,0.1240,0.0030
1790170063431,5761,0.0945,0.0027
1790170063481,5762,0.1008,0.0027
1790170063531,5763,0.1192,0.0027
1790170063581,5764,0.0843,0.0018
1790170063630,5765,0.1293,0.0035
1790170063681,5766,0.1115,0.0027
1790170063731,5767,0.1388,0.0028
1790170063781,5768,0.1169,0.0029
1790170063830,5769,0.1127,0.0030
1790170063881,5770,0.1285,0.0030
1790170063930,5771,0.1075,0.0021
1790170063981,5772,0.0911,0.0018
1790170064030,5773,0.1145,0.0031
1790170064081,5774,0.1353,0.0034
1790170064130,5775,0.1655,0.0036
1790170064182,5776,0.1191,0.0034
1790170064231,5777,0.1489,0.0036
1790170064280,5778,0.1192,0.0029
1790170064331,5779,0.1166,0.0033
1790170064381,5780,0.1328,0.0033
1790170064431,5781,0.1072,0.0031
1790170064481,5782,0.1484,0.0033
1790170064530,5783,0.1041,0.0025
1790170064582,5784,0.0990,0.0021
1790170064631,5785,0.0939,0.0019
1790170064681,5786,0.0874,0.0021
1790170064731,5787,0.1093,0.0028
1790170064782,5788,0.0860,0.0017
1790170064830,5789,0.1260,0.0032
1790170064881,5790,0.1610,0.0034
1790170064931,5791,0.1186,0.0030
1790170064981,5792,0.1382,0.0034
1790170065031,5793,0.1144,0.0034
1790170065081,5794,0.1223,0.0031
1790170065131,5795,0.1289,0.0035
1790170065181,5796,0.1560,0.0037
1790170065231,5797,0.1515,0.0039
1790170065281,5798,0.1143,0.0029
1790170065331,5799,0.1510,0.0035
1790170065381,5800,0.1170,0.0029
1790170065431,5801,0.0999,0.0023
1790170065481,5802,0.1729,0.0031
1790170065531,5803,0.1318,0.0030
1790170065581,5804,0.1365,0.0028
1790170065631,5805,0.1186,0.0029
1790170065681,5806,0.1006,0.0030
1790170065731,5807,0.0978,0.0031
1790170065781,5808,0.0728,0.0017
1790170065831,5809,0.1084,0.0030
1790170065881,5810,0.1064,0.0028
1790170065930,5811,0.0761,0.0021
1790170065982,5812,0.1059,0.0025
1790170066032,5813,0.1171,0.0034
1790170066082,5814,0.0888,0.0027
1790170066131,5815,0.1274,0.0024
1790170066181,5816,0.1075,0.0030
1790170066231,5817,0.1375,0.0036
1790170066281,5818,0.1213,0.0036
1790170066332,5819,0.1567,0.0038
1790170066381,5820,0.1244,0.0032
1790170066431,5821,0.1036,0.0030
1790170066481,5822,0.1118,0.0022
1790170066531,5823,0.0794,0.0024
1790170066581,5824,0.0834,0.0017
1790170066631,5825,0.1011,0.0025
1790170066681,5826,0.1153,0.0031
1790170066731,5827,0.1584,0.0033
1790170066782,5828,0.0910,0.0030
1790170066831,5829,0.1206,0.0035
1790170066881,5830,0.1584,0.0038
1790170066931,5831,0.0981,0.0024
1790170066981,5832,0.0970,0.0028
1790170067031,5833,0.0767,0.0020
1790170067081,5834,0.1137,0.0028
1790170067131,5835,0.3691,0.0029
1790170067182,5836,0.0937,0.0029
1790170067231,5837,0.1081,0.0025
1790170067281,5838,0.1587,0.0038
1790170067331,5839,0.1146,0.0034
1790170067381,5840,0.1540,0.0040
1790170067431,5841,0.0987,0.0027
1790170067481,5842,0.1006,0.0031
1790170067531,5843,0.0917,0.0022
1790170067581,5844,0.0928,0.0026
1790170067631,5845,0.0804,0.0021
1790170067682,5846,0.0794,0.0016
1790170067730,5847,0.1093,0.0030
1790170067781,5848,0.0927,0.0025
1790170067831,5849,0.1181,0.0034
1790170067881,5850,0.1123,0.0027
1790170067931,5851,0.1231,0.0033
1790170067981,5852,0.0967,0.0022
1790170068030,5853,0.0998,0.0029
1790170068081,5854,0.1437,0.0044
1790170068132,5855,0.1346,0.0040
1790170068182,5856,0.0972,0.0025
1790170068231,5857,0.0826,0.0017
1790170068280,5858,0.0858,0.0022
1790170068331,5859,0.1275,0.0034
1790170068381,5860,0.1689,0.0038
1790170068430,5861,0.0952,0.0031
1790170068481,5862,0.1420,0.0038
1790170068531,5863,0.1441,0.0040
1790170068581,5864,0.1128,0.0031
1790170068631,5865,0.1127,0.0033
1790170068681,5866,0.0857,0.0025
1790170068731,5867,0.1087,0.0028
1790170068782,5868,0.0853,0.0023
1790170068831,5869,0.1049,0.0028
1790170068880,5870,0.1727,0.0035
1790170068931,5871,0.1158,0.0030
1790170068982,5872,0.0934,0.0020
1790170069031,5873,0.0963,0.0017
1790170069081,5874,0.0803,0.0018
1790170069131,5875,0.1057,0.0029
1790170069182,5876,0.1019,0.0027
1790170069231,5877,0.0964,0.0026
1790170069281,5878,0.0825,0.0020
1790170069331,5879,0.1347,0.0037
1790170069382,5880,0.1664,0.0040
1790170069431,5881,0.1234,0.0033
1790170069481,5882,0.1404,0.0032
1790170069530,5883,0.1073,0.0032
1790170069582,5884,0.0793,0.0025
1790170069631,5885,0.0943,0.0023
1790170069680,5886,0.0754,0.0021
1790170069731,5887,0.1673,0.0038
1790170069782,5888,0.1061,0.0025
1790170069831,5889,0.1167,0.0032
1790170069881,5890,0.1193,0.0028
1790170069930,5891,0.1345,0.0035
1790170069981,5892,0.1398,0.0028
1790170070031,5893,0.0798,0.0024
1790170070081,5894,0.0904,0.0019
1790170070131,5895,0.1474,0.0036
1790170070182,5896,0.1434,0.0039
1790170070231,5897,0.0916,0.0025
1790170070281,5898,0.1144,0.0030
1790170070331,5899,0.1156,0.0032
1790170070381,5900,0.1431,0.0034
1790170070431,5901,0.1190,0.0032
1790170070481,5902,0.1062,0.0032
1790170070530,5903,0.1274,0.0032
1790170070581,5904,0.1311,0.0024
1790170070631,5905,0.1084,0.0028
1790170070681,5906,0.0755,0.0020
1790170070731,5907,0.1078,0.0032
1790170070780,5908,0.1037,0.0029
1790170070831,5909,0.1248,0.0035
1790170070881,5910,0.1220,0.0028
1790170070932,5911,0.1217,0.0026
1790170070982,5912,0.1838,0.0038
1790170071032,5913,0.0988,0.0026
1790170071081,5914,0.1120,0.0029
1790170071131,5915,0.1424,0.0031
1790170071181,5916,0.0943,0.0034
1790170071231,5917,0.0928,0.0024
1790170071281,5918,0.0989,0.0029
1790170071330,5919,0.1166,0.0030
1790170071381,5920,0.1257,0.0030
1790170071431,5921,0.1439,0.0035
1790170071481,5922,0.1235,0.0035
1790170071531,5923,0.1500,0.0034
1790170071581,5924,0.1469,0.0037
1790170071631,5925,0.1013,0.0032
1790170071681,5926,0.0952,0.0028
1790170071731,5927,0.0957,0.0025
1790170071781,5928,0.0924,0.0025
1790170071831,5929,0.0879,0.0025
1790170071881,5930,0.1020,0.0028
1790170071931,5931,0.1049,0.0027
1790170071981,5932,0.0905,0.0023
1790170072031,5933,0.0798,0.0021
1790170072081,5934,0.0759,0.0017
1790170072131,5935,0.2685,0.0015
1790170072181,5936,0.1182,0.0034
1790170072231,5937,0.0975,0.0026
1790170072282,5938,0.1146,0.0034
1790170072331,5939,0.1155,0.0031
1790170072381,5940,0.2244,0.0041
1790170072431,5941,0.0905,0.0029
1790170072482,5942,0.1267,0.0035
1790170072531,5943,0.1569,0.0042
1790170072582,5944,0.1157,0.0032
1790170072631,5945,0.1122,0.0027
1790170072682,5946,0.0850,0.0019
1790170072731,5947,0.1163,0.0026
1790170072781,5948,0.1533,0.0040
1790170072831,5949,0.0978,0.0028
1790170072882,5950,0.1320,0.0033
1790170072931,5951,0.0930,0.0026
1790170072981,5952,0.1258,0.0029
1790170073031,5953,0.0869,0.0027
1790170073081,5954,0.1015,0.0021
1790170073131,5955,0.0972,0.0022
1790170073181,5956,0.1191,0.0030
1790170073231,5957,0.1213,0.0032
1790170073280,5958,0.1024,0.0024
1790170073331,5959,0.1253,0.0036
1790170073381,5960,0.1294,0.0024
1790170073431,5961,0.0868,0.0028
1790170073482,5962,0.0800,0.0018
1790170073531,5963,0.1371,0.0033
1790170073581,5964,0.1223,0.0033
1790170073631,5965,0.1012,0.0027
1790170073681,5966,0.1144,0.0021
1790170073730,5967,0.1049,0.0031
1790170073781,5968,0.0995,0.0023
1790170073831,5969,0.1341,0.0034
1790170073881,5970,0.1341,0.0032
1790170073931,5971,0.1087,0.0029
1790170073981,5972,0.1196,0.0028
1790170074031,5973,0.1094,0.0024
1790170074080,5974,0.1185,0.0026
1790170074131,5975,0.1072,0.0030
1790170074181,5976,0.2050,0.0035
1790170074231,5977,0.0969,0.0027
1790170074281,5978,0.0815,0.0023
1790170074330,5979,0.1426,0.0040
1790170074381,5980,0.1374,0.0031
1790170074431,5981,0.1059,0.0031
1790170074481,5982,0.0962,0.0028
1790170074531,5983,0.1484,0.0033
1790170074581,5984,0.1344,0.0031
1790170074631,5985,0.1034,0.0031
1790170074680,5986,0.0702,0.0021
1790170074731,5987,0.0984,0.0031
1790170074781,5988,0.0784,0.0022
1790170074831,5989,0.1289,0.0024
1790170074881,5990,0.1404,0.0035
1790170074931,5991,0.0759,0.0028
1790170074981,5992,0.0687,0.0023
1790170075031,5993,0.0692,0.0017
1790170075080,5994,0.0981,0.0024
1790170075131,5995,0.1498,0.0035
1790170075181,5996,0.1196,0.0034
1790170075231,5997,0.1166,0.0034
1790170075281,5998,0.1083,0.0030
1790170075331,5999,0.1233,0.0037
1790170075582,6000,201.0916,0.0044
1790170075582,6001,0.1121,0.0018
1790170075583,6002,0.0128,0.0002
1790170075583,6003,0.0418,0.0012
1790170075583,6004,0.0705,0.0003
1790170075630,6005,0.1737,0.0041
1790170075681,6006,0.1679,0.0042
1790170075731,6007,0.1574,0.0040
1790170075780,6008,0.1318,0.0039
1790170075831,6009,0.1223,0.0035
1790170075881,6010,0.2301,0.0038
1790170075931,6011,0.0920,0.0031
1790170075981,6012,0.0810,0.0027
1790170076030,6013,0.1182,0.0022
1790170076081,6014,0.1003,0.0030
1790170076131,6015,0.0943,0.0027
1790170076181,6016,0.1069,0.0028
1790170076230,6017,0.1132,0.0034
1790170076281,6018,0.1143,0.0032
1790170076330,6019,0.1512,0.0043
1790170076381,6020,0.1869,0.0038
1790170076431,6021,0.1479,0.0037
1790170076480,6022,0.0950,0.0025
1790170076531,6023,0.0950,0.0025
1790170076581,6024,0.0867,0.0026
1790170076631,6025,0.0918,0.0025
1790170076681,6026,0.1575,0.0036
1790170076730,6027,0.1283,0.0034
1790170076781,6028,0.1090,0.0030
1790170076831,6029,0.1063,0.0033
1790170076882,6030,0.1332,0.0036
1790170076931,6031,0.0839,0.0023
1790170076980,6032,0.1990,0.0042
1790170077031,6033,0.1063,0.0028
1790170077081,6034,0.1041,0.0028
1790170077131,6035,0.1076,0.0027
1790170077181,6036,0.2699,0.0032
1790170077231,6037,0.1473,0.0032
1790170077281,6038,0.1154,0.0031
1790170077331,6039,0.1214,0.0037
1790170077380,6040,0.1356,0.0033
1790170077431,6041,0.1057,0.0030
1790170077481,6042,0.1426,0.0031
1790170077531,6043,0.1130,0.0030
1790170077581,6044,0.1230,0.0032
1790170077631,6045,0.1240,0.0031
1790170077680,6046,0.1067,0.0032
1790170077730,6047,0.1468,0.0043
1790170077781,6048,0.1292,0.0038
1790170077831,6049,0.0944,0.0027
1790170077881,6050,0.1375,0.0038
1790170077931,6051,0.1089,0.0037
1790170077981,6052,0.0811,0.0024
1790170078031,6053,0.0904,0.0026
1790170078081,6054,0.0873,0.0018
1790170078131,6055,0.0840,0.0014
1790170078181,6056,0.0949,0.0023
1790170078231,6057,0.0805,0.0021
1790170078281,6058,0.1106,0.0028
1790170078331,6059,0.1326,0.0038
1790170078381,6060,0.1480,0.0040
1790170078431,6061,0.1057,0.0028
1790170078481,6062,0.1054,0.0026
1790170078531,6063,0.1060,0.0021
1790170078580,6064,0.1751,0.0035
1790170078631,6065,0.1368,0.0038
1790170078682,6066,0.1271,0.0039
1790170078731,6067,0.1145,0.0038
1790170078781,6068,0.2195,0.0048
1790170078831,6069,0.1767,0.0048
1790170078880,6070,0.1348,0.0037
1790170078931,6071,0.1541,0.0039
1790170078981,6072,0.1548,0.0040
1790170079032,6073,0.1217,0.0033
1790170079081,6074,0.1428,0.0036
1790170079131,6075,0.1234,0.0037
1790170079181,6076,0.1208,0.0036
1790170079230,6077,0.1418,0.0037
1790170079281,6078,0.1182,0.0035
1790170079331,6079,0.1662,0.0039
1790170079380,6080,0.1416,0.0038
1790170079430,6081,0.1633,0.0038
1790170079481,6082,0.0994,0.0031
1790170079531,6083,0.1173,0.0027
1790170079581,6084,0.1692,0.0038
1790170079631,6085,0.1052,0.0026
1790170079681,6086,0.1152,0.0028
1790170079731,6087,0.1160,0.0030
1790170079780,6088,0.1436,0.0034
1790170079831,6089,0.1276,0.0039
1790170079881,6090,0.1227,0.0033
1790170079931,6091,0.1327,0.0035
1790170079981,6092,0.1266,0.0037
1790170080031,6093,0.1669,0.0051
1790170080082,6094,0.1458,0.0035
1790170080131,6095,0.1146,0.0029
1790170080181,6096,0.1383,0.0039
1790170080231,6097,0.0907,0.0021
1790170080281,6098,0.0864,0.0028
1790170080331,6099,0.1214,0.0036
1790170080381,6100,0.1677,0.0037
1790170080431,6101,0.1189,0.0032
1790170080481,6102,0.0970,0.0028
1790170080531,6103,0.1376,0.0041
1790170080581,6104,0.1217,0.0038
1790170080631,6105,0.1089,0.0027
1790170080681,6106,0.0962,0.0030
1790170080731,6107,0.1207,0.0033
1790170080781,6108,0.0828,0.0026
1790170080831,6109,0.1500,0.0039
1790170080882,6110,0.1518,0.0036
1790170080931,6111,0.1570,0.0038
1790170080981,6112,0.1126,0.0028
1790170081031,6113,0.1063,0.0028
1790170081081,6114,0.0896,0.0021
1790170081131,6115,0.1162,0.0025
1790170081181,6116,0.1058,0.0030
1790170081231,6117,0.0968,0.0026
1790170081281,6118,0.0850,0.0025
1790170081332,6119,0.1747,0.0048
1790170081381,6120,0.1401,0.0039
1790170081431,6121,0.1199,0.0024
1790170081481,6122,0.1049,0.0026
1790170081531,6123,0.1766,0.0036
1790170081581,6124,0.0893,0.0030
1790170081631,6125,0.0865,0.0026
1790170081681,6126,0.1410,0.0036
1790170081731,6127,0.1294,0.0037
1790170081781,6128,0.1145,0.0030
1790170081830,6129,0.1147,0.0022
1790170081881,6130,0.1932,0.0041
1790170081931,6131,0.1177,0.0035
1790170081982,6132,0.1371,0.0038
1790170082031,6133,0.0839,0.0025
1790170082081,6134,0.0936,0.0026
1790170082131,6135,0.1055,0.0033
1790170082182,6136,0.2492,0.0032
1790170082231,6137,0.0868,0.0020
1790170082281,6138,0.0906,0.0028
1790170082331,6139,0.1254,0.0040
1790170082382,6140,0.1758,0.0045
1790170082430,6141,0.1104,0.0035
1790170082481,6142,0.1228,0.0033
1790170082531,6143,0.1891,0.0053
1790170082581,6144,0.1505,0.0038
1790170082631,6145,0.1097,0.0033
1790170082680,6146,0.0992,0.0025
1790170082731,6147,0.1066,0.0033
1790170082781,6148,0.1162,0.0028
1790170082832,6149,0.0978,0.0030
1790170082881,6150,0.1089,0.0026
1790170082931,6151,0.1251,0.0038
1790170082980,6152,0.1212,0.0035
1790170083031,6153,0.1743,0.0041
1790170083081,6154,0.1391,0.0030
1790170083130,6155,0.1109,0.0033
1790170083181,6156,0.1069,0.0031
1790170083231,6157,0.1018,0.0033
1790170083281,6158,0.0829,0.0020
1790170083330,6159,0.1501,0.0048
1790170083381,6160,0.1398,0.0036
1790170083431,6161,0.0974,0.0027
1790170083481,6162,0.0843,0.0020
1790170083531,6163,0.0842,0.0020
1790170083581,6164,0.1218,0.0034
1790170083631,6165,0.1176,0.0034
1790170083681,6166,0.1065,0.0033
1790170083731,6167,0.1056,0.0034
1790170083781,6168,0.8332,0.0028
1790170083831,6169,0.1077,0.0026
1790170083881,6170,0.1213,0.0026
1790170083931,6171,0.0856,0.0032
1790170083981,6172,0.1506,0.0037
1790170084031,6173,0.2051,0.0044
1790170084080,6174,0.0823,0.0028
1790170084131,6175,0.0909,0.0026
1790170084181,6176,0.0930,0.0031
1790170084231,6177,0.0785,0.0028
1790170084280,6178,0.0718,0.0019
1790170084330,6179,0.1136,0.0034
1790170084381,6180,0.1402,0.0037
1790170084431,6181,0.1145,0.0036
1790170084481,6182,0.1204,0.0041
1790170084531,6183,0.0827,0.0027
1790170084581,6184,0.1020,0.0028
1790170084631,6185,0.0894,0.0028
1790170084681,6186,0.0847,0.0022
1790170084731,6187,0.1540,0.0037
1790170084781,6188,0.1001,0.0032
1790170084830,6189,0.1092,0.0028
1790170084881,6190,0.1579,0.0038
1790170084931,6191,0.1204,0.0039
1790170084981,6192,0.1208,0.0036
1790170085031,6193,0.1994,0.0046
1790170085081,6194,0.1063,0.0034
1790170085131,6195,0.1138,0.0037
1790170085181,6196,0.1341,0.0045
1790170085231,6197,0.1426,0.0036
1790170085280,6198,0.1326,0.0038
1790170085331,6199,0.1191,0.0037
1790170085381,6200,0.1420,0.0036
1790170085431,6201,0.1482,0.0039
1790170085481,6202,0.1167,0.0034
1790170085530,6203,0.1115,0.0033
1790170085581,6204,0.1048,0.0033
1790170085631,6205,0.1186,0.0028
1790170085681,6206,0.0874,0.0022
1790170085731,6207,0.1405,0.0036
1790170085781,6208,0.0812,0.0022
1790170085831,6209,0.0985,0.0028
1790170085881,6210,0.1283,0.0030
1790170085931,6211,0.1159,0.0038
1790170085980,6212,0.1379,0.0039
1790170086031,6213,0.1488,0.0041
1790170086081,6214,0.1481,0.0034
1790170086131,6215,0.1475,0.0048
1790170086181,6216,0.1084,0.0029
1790170086231,6217,0.1284,0.0033
1790170086281,6218,0.0861,0.0027
1790170086330,6219,0.1132,0.0035
1790170086381,6220,0.1340,0.0037
1790170086430,6221,0.1165,0.0038
1790170086481,6222,0.0992,0.0029
1790170086531,6223,0.1086,0.0025
1790170086581,6224,0.1131,0.0029
1790170086631,6225,0.1082,0.0032
1790170086681,6226,0.0935,0.0026
1790170086731,6227,0.0948,0.0024
1790170086781,6228,0.0955,0.0024
1790170086831,6229,0.0831,0.0022
1790170086881,6230,0.0889,0.0025
1790170086931,6231,0.0812,0.0021
1790170086981,6232,0.1082,0.0032
1790170087031,6233,0.1549,0.0038
1790170087081,6234,0.1058,0.0032
1790170087131,6235,0.1401,0.0039
1790170087181,6236,0.1206,0.0035
1790170087231,6237,0.2921,0.0041
1790170087280,6238,0.1080,0.0032
1790170087331,6239,0.0942,0.0029
1790170087381,6240,0.1456,0.0039
1790170087430,6241,0.1958,0.0042
1790170087482,6242,0.1234,0.0039
1790170087531,6243,0.0937,0.0031
1790170087581,6244,0.0935,0.0027
1790170087631,6245,0.0917,0.0028
1790170087682,6246,0.1297,0.0032
1790170087731,6247,0.0870,0.0022
1790170087781,6248,0.1225,0.0040
1790170087831,6249,0.1195,0.0029
1790170087881,6250,0.1418,0.0035
1790170087931,6251,0.1046,0.0030
1790170087980,6252,0.1548,0.0041
1790170088031,6253,0.1596,0.0047
1790170088081,6254,0.1239,0.0033
1790170088131,6255,0.1651,0.0039
1790170088181,6256,0.1228,0.0039
1790170088231,6257,0.0941,0.0033
1790170088281,6258,0.1039,0.0027
1790170088331,6259,0.0746,0.0024
1790170088381,6260,0.1444,0.0039
1790170088431,6261,0.1155,0.0035
1790170088481,6262,0.1528,0.0048
1790170088531,6263,0.1022,0.0033
1790170088581,6264,0.1003,0.0030
1790170088631,6265,0.1111,0.0029
1790170088682,6266,0.1147,0.0036
1790170088731,6267,0.1515,0.0045
1790170088781,6268,0.1171,0.0036
1790170088831,6269,0.1083,0.0033
1790170088881,6270,0.1088,0.0027
1790170088932,6271,0.0864,0.0032
1790170088981,6272,0.1357,0.0035
1790170089030,6273,0.1682,0.0041
1790170089081,6274,0.1504,0.0042
1790170089131,6275,0.1478,0.0036
1790170089181,6276,0.1518,0.0040
1790170089231,6277,0.1695,0.0039
1790170089281,6278,0.0815,0.0021
1790170089331,6279,0.1096,0.0031
1790170089381,6280,0.1801,0.0042
1790170089430,6281,0.1587,0.0042
1790170089481,6282,0.1578,0.0097
1790170089530,6283,0.1093,0.0033
1790170089581,6284,0.1090,0.0030
1790170089631,6285,0.1479,0.0038
1790170089681,6286,0.0996,0.0034
1790170089731,6287,0.0905,0.0022
1790170089781,6288,0.0943,0.0029
1790170089831,6289,0.0756,0.0023
1790170089880,6290,0.0786,0.0018
1790170089931,6291,0.0947,0.0021
1790170089981,6292,0.0770,0.0019
1790170090031,6293,0.1690,0.0041
1790170090081,6294,0.1019,0.0031
1790170090131,6295,0.1455,0.0033
1790170090181,6296,0.0911,0.0027
1790170090231,6297,0.1490,0.0041
1790170090281,6298,0.1154,0.0036
1790170090331,6299,0.1050,0.0034
1790170090381,6300,0.1410,0.0037
1790170090431,6301,0.1148,0.0032
1790170090481,6302,0.1198,0.0037
1790170090531,6303,0.1241,0.0031
1790170090581,6304,0.0813,0.0029
1790170090630,6305,0.0889,0.0025
1790170090681,6306,0.0881,0.0029
1790170090732,6307,0.1596,0.0036
1790170090782,6308,0.0989,0.0028
1790170090831,6309,0.1324,0.0035
1790170090880,6310,0.1030,0.0027
1790170090931,6311,0.0844,0.0028
1790170090980,6312,0.0871,0.0021
1790170091031,6313,0.1232,0.0038
1790170091081,6314,0.1194,0.0038
1790170091131,6315,0.1071,0.0026
1790170091181,6316,0.1284,0.0039
1790170091231,6317,0.0909,0.0033
1790170091281,6318,0.2196,0.0052
1790170091331,6319,0.0880,0.0027
1790170091380,6320,0.1628,0.0036
1790170091431,6321,0.1522,0.0044
1790170091481,6322,0.1177,0.0037
1790170091531,6323,0.1258,0.0042
1790170091582,6324,0.0900,0.0021
1790170091632,6325,0.0904,0.0023
1790170091681,6326,0.1163,0.0030
1790170091732,6327,0.1138,0.0032
1790170091781,6328,0.1255,0.0040
1790170091831,6329,0.1189,0.0031
1790170091881,6330,0.1163,0.0027
1790170091931,6331,0.0830,0.0024
1790170091981,6332,0.0844,0.0021
1790170092032,6333,0.1222,0.0038
1790170092081,6334,0.1663,0.0042
1790170092131,6335,0.1351,0.0037
1790170092181,6336,0.1184,0.0036
1790170092232,6337,0.2127,0.0022
1790170092281,6338,0.1473,0.0038
1790170092331,6339,0.1210,0.0033
1790170092381,6340,0.1437,0.0035
1790170092430,6341,0.1184,0.0037
1790170092481,6342,0.1217,0.0034
1790170092531,6343,0.1434,0.0035
1790170092581,6344,0.0929,0.0026
1790170092631,6345,0.1213,0.0034
1790170092681,6346,0.1181,0.0035
1790170092731,6347,0.1080,0.0028
1790170092781,6348,0.0814,0.0024
1790170092831,6349,0.0861,0.0021
1790170092881,6350,0.0869,0.0026
1790170092931,6351,0.0726,0.0025
1790170092981,6352,0.0683,0.0018
1790170093031,6353,0.1362,0.0031
1790170093080,6354,0.1090,0.0029
1790170093131,6355,0.1095,0.0032
1790170093181,6356,0.1461,0.0032
1790170093231,6357,0.0994,0.0032
1790170093281,6358,0.0892,0.0029
1790170093331,6359,0.1524,0.0039
1790170093381,6360,0.1451,0.0037
1790170093431,6361,0.1168,0.0038
1790170093481,6362,0.0911,0.0029
1790170093531,6363,0.1315,0.0034
1790170093581,6364,0.0952,0.0023
1790170093631,6365,0.1038,0.0023
1790170093681,6366,0.1064,0.0031
1790170093731,6367,0.0872,0.0021
1790170093781,6368,0.1771,0.0030
1790170093830,6369,0.1002,0.0024
1790170093881,6370,0.1806,0.0031
1790170093931,6371,0.0851,0.0019
1790170093981,6372,0.0719,0.0016
1790170094031,6373,0.1755,0.0058
1790170094081,6374,0.1236,0.0039
1790170094131,6375,0.1242,0.0039
1790170094180,6376,0.1070,0.0029
1790170094231,6377,0.1048,0.0033
1790170094281,6378,0.0773,0.0028
1790170094331,6379,0.1001,0.0033
1790170094380,6380,0.2309,0.0040
1790170094431,6381,0.1434,0.0037
1790170094481,6382,0.0999,0.0028
1790170094531,6383,0.2354,0.0048
1790170094581,6384,0.1105,0.0024
1790170094631,6385,0.1015,0.0031
1790170094681,6386,0.1147,0.0034
1790170094731,6387,0.1009,0.0033
1790170094781,6388,0.1130,0.0033
1790170094831,6389,0.1041,0.0030
1790170094881,6390,0.1121,0.0027
1790170094931,6391,0.0815,0.0019
1790170094982,6392,0.0776,0.0022
1790170095032,6393,0.1183,0.0031
1790170095081,6394,0.1549,0.0039
1790170095131,6395,0.1226,0.0030
1790170095181,6396,0.1179,0.0031
1790170095232,6397,0.0982,0.0029
1790170095281,6398,0.1271,0.0031
1790170095330,6399,0.1292,0.0037
1790170095381,6400,0.1412,0.0034
1790170095431,6401,0.1522,0.0039
1790170095481,6402,0.1123,0.0037
1790170095531,6403,0.0951,0.0028
1790170095582,6404,0.1118,0.0035
1790170095631,6405,0.1706,0.0054
1790170095681,6406,0.1549,0.0055
1790170095731,6407,0.1271,0.0102
1790170095781,6408,0.1829,0.0040
1790170095831,6409,0.1183,0.0037
1790170095881,6410,0.1538,0.0038
1790170095931,6411,0.1237,0.0039
1790170095981,6412,0.1543,0.0041
1790170096031,6413,0.1299,0.0046
1790170096080,6414,0.1020,0.0028
1790170096131,6415,0.1814,0.0043
1790170096181,6416,0.1104,0.0037
1790170096231,6417,0.1003,0.0028
1790170096281,6418,0.0826,0.0023
1790170096331,6419,0.0836,0.0019
1790170096381,6420,0.1292,0.0036
1790170096431,6421,0.1450,0.0038
1790170096481,6422,0.1491,0.0041
1790170096531,6423,0.1163,0.0037
1790170096581,6424,0.1166,0.0033
1790170096631,6425,0.0974,0.0025
1790170096680,6426,0.1203,0.0037
1790170096731,6427,0.0953,0.0028
1790170096781,6428,0.0996,0.0023
1790170096831,6429,0.1170,0.0028
1790170096881,6430,0.1234,0.0033
1790170096931,6431,0.1113,0.0038
1790170096981,6432,0.0710,0.0019
1790170097031,6433,0.0822,0.0025
1790170097080,6434,0.1536,0.0041
1790170097131,6435,0.1526,0.0039
1790170097181,6436,0.1170,0.0038
1790170097231,6437,0.1009,0.0028
1790170097281,6438,0.2438,0.0029
1790170097330,6439,0.0951,0.0025
1790170097381,6440,0.1375,0.0035
1790170097431,6441,0.1563,0.0042
1790170097481,6442,0.0975,0.0032
1790170097531,6443,0.1290,0.0037
1790170097581,6444,0.1272,0.0037
1790170097631,6445,0.1106,0.0033
1790170097681,6446,0.1129,0.0034
1790170097731,6447,0.1192,0.0038
1790170097781,6448,0.1129,0.0038
1790170097831,6449,0.1056,0.0033
1790170097881,6450,0.1072,0.0028
1790170097931,6451,0.0786,0.0027
1790170097981,6452,0.0755,0.0019
1790170098031,6453,0.1076,0.0031
1790170098081,6454,0.1516,0.0039
1790170098131,6455,0.1581,0.0038
1790170098181,6456,0.1153,0.0035
1790170098231,6457,0.0914,0.0028
1790170098281,6458,0.0924,0.0026
1790170098331,6459,0.0849,0.0028
1790170098381,6460,0.1905,0.0093
1790170098431,6461,0.1220,0.0038
1790170098481,6462,0.0990,0.0026
1790170098531,6463,0.1086,0.0032
1790170098580,6464,0.1246,0.0036
1790170098631,6465,0.1236,0.0036
1790170098681,6466,0.1173,0.0037
1790170098731,6467,0.1143,0.0034
1790170098781,6468,0.1179,0.0038
1790170098831,6469,0.1199,0.0037
1790170098881,6470,0.1279,0.0044
1790170098931,6471,0.0885,0.0027
1790170098981,6472,0.0875,0.0026
1790170099031,6473,0.0809,0.0030
1790170099081,6474,0.1058,0.0030
1790170099131,6475,0.1547,0.0039
1790170099181,6476,0.1483,0.0044
1790170099231,6477,0.1175,0.0038
1790170099280,6478,0.1510,0.0048
1790170099331,6479,0.0915,0.0026
1790170099381,6480,0.1469,0.0035
1790170099431,6481,0.1437,0.0038
1790170099480,6482,0.1012,0.0033
1790170099531,6483,0.0776,0.0028
1790170099581,6484,0.1380,0.0035
1790170099630,6485,0.1230,0.0038
1790170099681,6486,0.1181,0.0038
1790170099731,6487,0.1139,0.0034
1790170099781,6488,0.1140,0.0032
1790170099831,6489,0.1168,0.0032
1790170099881,6490,0.1082,0.0032
1790170099931,6491,0.0879,0.0029
1790170099981,6492,0.1100,0.0032
1790170100031,6493,0.0702,0.0027
1790170100081,6494,0.1493,0.0037
1790170100131,6495,0.1348,0.0039
1790170100181,6496,0.1234,0.0039
1790170100231,6497,0.1093,0.0034
1790170100281,6498,0.0877,0.0029
1790170100331,6499,0.0944,0.0026
1790170100381,6500,0.1416,0.0037
1790170100431,6501,0.1531,0.0044
1790170100481,6502,0.1479,0.0032
1790170100531,6503,0.0706,0.0021
1790170100581,6504,0.0714,0.0025
1790170100630,6505,0.1272,0.0038
1790170100681,6506,0.1527,0.0042
1790170100730,6507,0.1143,0.0035
1790170100782,6508,0.1397,0.0035
1790170100831,6509,0.1109,0.0037
1790170100881,6510,0.1316,0.0027
1790170100931,6511,0.0754,0.0020
1790170100981,6512,0.0742,0.0020
1790170101031,6513,0.0899,0.0029
1790170101080,6514,0.1385,0.0032
1790170101131,6515,0.1194,0.0033
1790170101181,6516,0.1122,0.0030
1790170101231,6517,0.1042,0.0032
1790170101280,6518,0.1035,0.0020
1790170101331,6519,0.0762,0.0026
1790170101381,6520,0.1680,0.0040
1790170101431,6521,0.1159,0.0036
1790170101481,6522,0.1119,0.0037
1790170101531,6523,0.1627,0.0038
1790170101581,6524,0.1049,0.0027
1790170101632,6525,0.1209,0.0038
1790170101681,6526,0.1526,0.0039
1790170101731,6527,0.1192,0.0037
1790170101781,6528,0.1571,0.0040
1790170101831,6529,0.1175,0.0032
1790170101881,6530,0.0965,0.0030
1790170101931,6531,0.0811,0.0021
1790170101981,6532,0.1008,0.0030
1790170102032,6533,0.1104,0.0029
1790170102082,6534,0.1802,0.0041
1790170102131,6535,0.1240,0.0038
1790170102181,6536,0.1140,0.0030
1790170102231,6537,0.1116,0.0037
1790170102281,6538,0.2628,0.0022
1790170102331,6539,0.1164,0.0036
1790170102381,6540,0.1397,0.0033
1790170102431,6541,0.1108,0.0036
1790170102481,6542,0.1081,0.0033
1790170102531,6543,0.0811,0.0024
1790170102581,6544,0.0774,0.0025
1790170102631,6545,0.0751,0.0021
1790170102681,6546,0.1197,0.0033
1790170102731,6547,0.1195,0.0037
1790170102781,6548,0.1481,0.0041
1790170102831,6549,0.1335,0.0039
1790170102881,6550,0.1406,0.0039
1790170102931,6551,0.0878,0.0027
1790170102981,6552,0.0968,0.0027
1790170103031,6553,0.1071,0.0032
1790170103081,6554,0.1179,0.0037
1790170103131,6555,0.1342,0.0035
1790170103181,6556,0.1232,0.0038
1790170103231,6557,0.1141,0.0037
1790170103281,6558,0.0973,0.0027
1790170103331,6559,0.1477,0.0034
1790170103381,6560,0.1127,0.0029
1790170103431,6561,0.1110,0.0031
1790170103481,6562,0.1406,0.0041
1790170103531,6563,0.0979,0.0030
1790170103581,6564,0.1192,0.0032
1790170103631,6565,0.0840,0.0030
1790170103681,6566,0.1132,0.0036
1790170103731,6567,0.1486,0.0041
1790170103781,6568,0.1140,0.0034
1790170103831,6569,0.1461,0.0036
1790170103881,6570,0.1086,0.0029
1790170103930,6571,0.0820,0.0028
1790170103981,6572,0.1181,0.0035
1790170104031,6573,0.0822,0.0028
1790170104080,6574,0.1121,0.0027
1790170104131,6575,0.1396,0.0034
1790170104181,6576,0.1122,0.0034
1790170104231,6577,0.1070,0.0034
1790170104281,6578,0.0971,0.0031
1790170104331,6579,0.0783,0.0024
1790170104381,6580,0.0911,0.0021
1790170104431,6581,0.1482,0.0044
1790170104481,6582,0.1120,0.0032
1790170104531,6583,0.0879,0.0030
1790170104581,6584,0.0763,0.0027
1790170104631,6585,0.0977,0.0029
1790170104681,6586,0.1143,0.0037
1790170104731,6587,0.1826,0.0034
1790170104781,6588,0.1484,0.0043
1790170104831,6589,0.1216,0.0039
1790170104881,6590,0.1073,0.0034
1790170104930,6591,0.0807,0.0024
1790170104982,6592,0.1121,0.0033
1790170105031,6593,0.0698,0.0023
1790170105081,6594,0.0895,0.0029
1790170105130,6595,0.1482,0.0043
1790170105181,6596,0.1244,0.0038
1790170105231,6597,0.1172,0.0039
1790170105280,6598,0.1546,0.0037
1790170105331,6599,0.1053,0.0036
1790170105381,6600,0.1317,0.0032
1790170105431,6601,0.1177,0.0035
1790170105481,6602,0.1146,0.0037
1790170105531,6603,0.1221,0.0034
1790170105581,6604,0.0928,0.0032
1790170105632,6605,0.1052,0.0028
1790170105681,6606,0.0786,0.0024
1790170105731,6607,0.1092,0.0032
1790170105782,6608,0.1287,0.0036
1790170105831,6609,0.1533,0.0046
1790170105881,6610,0.1305,0.0038
1790170105931,6611,0.1295,0.0031
1790170105982,6612,0.0756,0.0027
1790170106030,6613,0.0745,0.0026
1790170106081,6614,0.1230,0.0027
1790170106131,6615,0.1255,0.0045
1790170106181,6616,0.1040,0.0033
1790170106231,6617,0.1184,0.0040
1790170106282,6618,0.1284,0.0039
1790170106331,6619,0.1554,0.0038
1790170106381,6620,0.1873,0.0042
1790170106431,6621,0.1153,0.0039
1790170106481,6622,0.1083,0.0034
1790170106531,6623,0.0799,0.0029
1790170106581,6624,0.0855,0.0024
1790170106631,6625,0.0704,0.0027
1790170106681,6626,0.0751,0.0027
1790170106731,6627,0.1148,0.0037
1790170106782,6628,0.1142,0.0037
1790170106830,6629,0.1310,0.0038
1790170106881,6630,0.1631,0.0041
1790170106931,6631,0.1173,0.0033
1790170106982,6632,0.1029,0.0036
1790170107030,6633,0.1115,0.0034
1790170107081,6634,0.0870,0.0027
1790170107131,6635,0.1275,0.0038
1790170107181,6636,0.1197,0.0037
1790170107231,6637,0.1098,0.0036
1790170107281,6638,0.1213,0.0039
1790170107331,6639,0.2182,0.0029
1790170107381,6640,0.1062,0.0026
1790170107431,6641,0.1158,0.0048
1790170107481,6642,0.1412,0.0046
1790170107531,6643,0.0701,0.0028
1790170107581,6644,0.0917,0.0028
1790170107630,6645,0.0887,0.0028
1790170107681,6646,0.0852,0.0020
1790170107731,6647,0.1527,0.0044
1790170107781,6648,0.1432,0.0046
1790170107831,6649,0.0781,0.0028
1790170107881,6650,0.1143,0.0031
1790170107931,6651,0.1485,0.0039
1790170107981,6652,0.1117,0.0038
1790170108031,6653,0.0741,0.0030
1790170108081,6654,0.0706,0.0027
1790170108131,6655,0.1894,0.0059
1790170108181,6656,0.1827,0.0300
1790170108231,6657,0.1542,0.0209
1790170108281,6658,0.0943,0.0154
1790170108331,6659,0.1357,0.0026
1790170108381,6660,0.1173,0.0024
1790170108431,6661,0.1461,0.0041
1790170108481,6662,0.1074,0.0033
1790170108531,6663,0.0795,0.0021
1790170108581,6664,0.0781,0.0025
1790170108630,6665,0.0783,0.0021
1790170108682,6666,0.0633,0.0016
1790170108731,6667,0.0723,0.0018
1790170108781,6668,0.1355,0.0035
1790170108831,6669,0.1345,0.0028
1790170108881,6670,0.1330,0.0029
1790170108931,6671,0.1191,0.0037
1790170108981,6672,0.1469,0.0039
1790170109031,6673,0.1115,0.0032
1790170109081,6674,0.1342,0.0030
1790170109131,6675,0.1243,0.0038
1790170109181,6676,0.1122,0.0036
1790170109231,6677,0.1407,0.0038
1790170109281,6678,0.1529,0.0039
1790170109331,6679,0.1604,0.0040
1790170109381,6680,0.1461,0.0037
1790170109431,6681,0.1117,0.0037
1790170109481,6682,0.1022,0.0028
1790170109531,6683,0.1329,0.0037
1790170109580,6684,0.1095,0.0031
1790170109631,6685,0.0952,0.0025
1790170109682,6686,0.0849,0.0024
1790170109731,6687,0.0920,0.0028
1790170109780,6688,0.1176,0.0036
1790170109831,6689,0.1439,0.0042
1790170109882,6690,0.1287,0.0033
1790170109931,6691,0.0924,0.0026
1790170109981,6692,0.0854,0.0024
1790170110031,6693,0.1165,0.0036
1790170110080,6694,0.1214,0.0034
1790170110131,6695,0.1374,0.0033
1790170110181,6696,0.1536,0.0041
1790170110231,6697,0.0984,0.0086
1790170110281,6698,0.0838,0.0022
1790170110331,6699,0.0966,0.0021
1790170110381,6700,0.1404,0.0028
1790170110431,6701,0.1136,0.0037
1790170110481,6702,0.1114,0.0037
1790170110531,6703,0.1406,0.0040
1790170110581,6704,0.0947,0.0027
1790170110631,6705,0.0882,0.0025
1790170110681,6706,0.0698,0.0022
1790170110731,6707,0.0771,0.0027
1790170110781,6708,0.1530,0.0042
1790170110831,6709,0.1010,0.0028
1790170110881,6710,0.0940,0.0022
1790170110931,6711,0.0757,0.0023
1790170110981,6712,0.0933,0.0021
1790170111031,6713,0.1161,0.0029
1790170111081,6714,0.1211,0.0038
1790170111130,6715,0.1400,0.0035
1790170111181,6716,0.1206,0.0037
1790170111231,6717,0.1216,0.0032
1790170111280,6718,0.1117,0.0029
1790170111331,6719,0.1077,0.0028
1790170111381,6720,0.1350,0.0034
1790170111430,6721,0.1214,0.0036
1790170111481,6722,0.1504,0.0039
1790170111531,6723,0.0968,0.0030
1790170111581,6724,0.0860,0.0026
1790170111631,6725,0.0808,0.0023
1790170111681,6726,0.1139,0.0025
1790170111731,6727,0.0682,0.0019
1790170111781,6728,0.0762,0.0026
1790170111831,6729,0.1463,0.0035
1790170111880,6730,0.1153,0.0027
1790170111932,6731,0.1022,0.0027
1790170111981,6732,0.0789,0.0017
1790170112031,6733,0.1055,0.0022
1790170112081,6734,0.1627,0.0039
1790170112132,6735,0.1260,0.0038
1790170112181,6736,0.1607,0.0045
1790170112231,6737,0.0928,0.0027
1790170112281,6738,0.0805,0.0024
1790170112331,6739,0.2648,0.0033
1790170112382,6740,0.1360,0.0037
1790170112431,6741,0.1265,0.0039
1790170112481,6742,0.1146,0.0037
1790170112531,6743,0.0932,0.0025
1790170112581,6744,0.0925,0.0023
1790170112631,6745,0.0972,0.0025
1790170112681,6746,0.0751,0.0019
1790170112731,6747,0.0885,0.0020
1790170112782,6748,0.1169,0.0024
1790170112831,6749,0.1584,0.0040
1790170112882,6750,0.1143,0.0031
1790170112931,6751,0.0820,0.0022
1790170112980,6752,0.0786,0.0025
1790170113031,6753,0.0892,0.0019
1790170113081,6754,0.0874,0.0026
1790170113131,6755,0.1588,0.0038
1790170113181,6756,0.1230,0.0038
1790170113232,6757,0.1201,0.0033
1790170113281,6758,0.0804,0.0027
1790170113331,6759,0.1394,0.0025
1790170113381,6760,0.0895,0.0020
1790170113430,6761,0.1703,0.0043
1790170113481,6762,0.1037,0.0028
1790170113531,6763,0.0812,0.0023
1790170113581,6764,0.1296,0.0030
1790170113632,6765,0.0924,0.0031
1790170113681,6766,0.0755,0.0021
1790170113731,6767,0.0719,0.0026
1790170113781,6768,0.1189,0.0033
1790170113831,6769,0.1061,0.0031
1790170113881,6770,0.1392,0.0038
1790170113931,6771,0.0934,0.0028
1790170113980,6772,0.0786,0.0023
1790170114031,6773,0.0750,0.0026
1790170114081,6774,0.0709,0.0023
1790170114131,6775,0.0800,0.0023
1790170114181,6776,0.1515,0.0039
1790170114231,6777,0.1183,0.0036
1790170114281,6778,0.1565,0.0045
1790170114331,6779,0.1794,0.0038
1790170114381,6780,0.1415,0.0037
1790170114431,6781,0.1179,0.0034
1790170114480,6782,0.1402,0.0037
1790170114531,6783,0.1014,0.0024
1790170114581,6784,0.0948,0.0021
1790170114631,6785,0.0792,0.0027
1790170114681,6786,0.0738,0.0017
1790170114731,6787,0.1244,0.0031
1790170114781,6788,0.0890,0.0028
1790170114831,6789,0.1176,0.0030
1790170114881,6790,0.1524,0.0032
1790170114932,6791,0.0966,0.0022
1790170114981,6792,0.0975,0.0029
1790170115031,6793,0.0715,0.0022
1790170115081,6794,0.1077,0.0027
1790170115131,6795,0.0899,0.0024
1790170115181,6796,0.1191,0.0036
1790170115231,6797,0.1546,0.0046
1790170115281,6798,0.1150,0.0031
1790170115331,6799,0.1262,0.0034
1790170115381,6800,0.1593,0.0037
1790170115431,6801,0.1174,0.0036
1790170115482,6802,0.1136,0.0036
1790170115531,6803,0.1500,0.0041
1790170115581,6804,0.1337,0.0035
1790170115632,6805,0.1023,0.0024
1790170115682,6806,0.0939,0.0031
1790170115731,6807,0.0902,0.0030
1790170115780,6808,0.0956,0.0025
1790170115831,6809,0.1227,0.0030
1790170115881,6810,0.1198,0.0030
1790170115931,6811,0.1040,0.0024
1790170115981,6812,0.0922,0.0024
1790170116031,6813,0.0846,0.0023
1790170116081,6814,0.1003,0.0028
1790170116131,6815,0.1241,0.0030
1790170116181,6816,0.1421,0.0042
1790170116230,6817,0.1417,0.0037
1790170116281,6818,0.1153,0.0036
1790170116331,6819,0.1697,0.0032
1790170116381,6820,0.1425,0.0032
1790170116431,6821,0.1133,0.0036
1790170116481,6822,0.1146,0.0033
1790170116531,6823,0.0776,0.0022
1790170116581,6824,0.0849,0.0026
1790170116631,6825,0.0897,0.0026
1790170116681,6826,0.0659,0.0022
1790170116730,6827,0.0680,0.0018
1790170116781,6828,0.1124,0.0030
1790170116831,6829,0.1418,0.0033
1790170116881,6830,0.1274,0.0035
1790170116931,6831,0.1131,0.0036
1790170116981,6832,0.1083,0.0032
1790170117031,6833,0.0899,0.0023
1790170117081,6834,0.0885,0.0022
1790170117131,6835,0.1036,0.0025
1790170117181,6836,0.1734,0.0052
1790170117231,6837,0.1178,0.0037
1790170117281,6838,0.1485,0.0035
1790170117331,6839,0.1173,0.0036
1790170117380,6840,0.2738,0.0032
1790170117431,6841,0.1135,0.0036
1790170117481,6842,0.1485,0.0039
1790170117531,6843,0.1005,0.0028
1790170117581,6844,0.0992,0.0029
1790170117631,6845,0.0727,0.0017
1790170117680,6846,0.0718,0.0016
1790170117731,6847,0.0834,0.0024
1790170117781,6848,0.1626,0.0033
1790170117831,6849,0.0973,0.0025
1790170117881,6850,0.1179,0.0030
1790170117931,6851,0.1155,0.0035
1790170117981,6852,0.0943,0.0024
1790170118031,6853,0.0938,0.0023
1790170118081,6854,0.0945,0.0030
1790170118131,6855,0.1097,0.0030
1790170118181,6856,0.0846,0.0026
1790170118231,6857,0.1167,0.0039
1790170118280,6858,0.1228,0.0036
1790170118331,6859,0.1410,0.0034
1790170118381,6860,0.1888,0.0038
1790170118431,6861,0.1162,0.0038
1790170118481,6862,0.1595,0.0041
1790170118532,6863,0.0945,0.0029
1790170118581,6864,0.0657,0.0019
1790170118631,6865,0.0662,0.0024
1790170118681,6866,0.1042,0.0022
1790170118731,6867,0.0882,0.0018
1790170118780,6868,0.0882,0.0020
1790170118831,6869,0.0900,0.0026
1790170118882,6870,0.0963,0.0022
1790170118931,6871,0.1311,0.0028
1790170118981,6872,0.1000,0.0023
1790170119031,6873,0.1156,0.0038
1790170119081,6874,0.1154,0.0031
1790170119131,6875,0.1371,0.0035
1790170119180,6876,0.1122,0.0035
1790170119231,6877,0.1493,0.0045
1790170119281,6878,0.1148,0.0028
1790170119331,6879,0.0867,0.0026
1790170119381,6880,0.1619,0.0035
1790170119431,6881,0.1381,0.0040
1790170119481,6882,0.1148,0.0037
1790170119531,6883,0.1058,0.0034
1790170119581,6884,0.1000,0.0027
1790170119631,6885,0.0964,0.0028
1790170119680,6886,0.0817,0.0021
1790170119731,6887,0.0786,0.0017
1790170119781,6888,0.0945,0.0075
1790170119830,6889,0.1124,0.0034
1790170119881,6890,0.1207,0.0031
1790170119931,6891,0.1315,0.0033
1790170119981,6892,0.1093,0.0030
1790170120031,6893,0.0904,0.0023
1790170120081,6894,0.0899,0.0029
1790170120131,6895,0.0882,0.0028
1790170120181,6896,0.0831,0.0026
1790170120231,6897,0.1494,0.0039
1790170120281,6898,0.1761,0.0040
1790170120331,6899,0.0997,0.0026
1790170120381,6900,0.0922,0.0024
1790170120430,6901,0.1474,0.0043
1790170120480,6902,0.1146,0.0037
1790170120531,6903,0.1093,0.0031
1790170120581,6904,0.1319,0.0036
1790170120631,6905,0.0939,0.0026
1790170120681,6906,0.0674,0.0018
1790170120731,6907,0.0751,0.0018
1790170120781,6908,0.0933,0.0024
1790170120831,6909,0.0955,0.0028
1790170120881,6910,0.1041,0.0022
1790170120931,6911,0.0857,0.0030
1790170120981,6912,0.1161,0.0034
1790170121031,6913,0.0807,0.0027
1790170121081,6914,0.0839,0.0021
1790170121132,6915,0.1052,0.0023
1790170121181,6916,0.0816,0.0019
1790170121231,6917,0.1579,0.0041
1790170121281,6918,0.1132,0.0031
1790170121331,6919,0.1290,0.0037
1790170121381,6920,0.1020,0.0021
1790170121432,6921,0.1212,0.0035
1790170121481,6922,0.1794,0.0039
1790170121532,6923,0.1173,0.0032
1790170121581,6924,0.0982,0.0029
1790170121630,6925,0.1292,0.0029
1790170121681,6926,0.0958,0.0030
1790170121731,6927,0.1024,0.0030
1790170121781,6928,0.1126,0.0030
1790170121831,6929,0.1104,0.0030
1790170121881,6930,0.1274,0.0029
1790170121931,6931,0.0956,0.0032
1790170121981,6932,0.1243,0.0033
1790170122031,6933,0.1347,0.0040
1790170122081,6934,0.0973,0.0031
1790170122131,6935,0.1128,0.0027
1790170122181,6936,0.1073,0.0029
1790170122230,6937,0.1150,0.0036
1790170122281,6938,0.1272,0.0034
1790170122330,6939,0.1300,0.0034
1790170122381,6940,0.2451,0.0028
1790170122431,6941,0.1154,0.0036
1790170122481,6942,0.1180,0.0035
1790170122531,6943,0.1130,0.0036
1790170122581,6944,0.1149,0.0029
1790170122631,6945,0.1421,0.0025
1790170122681,6946,0.0749,0.0027
1790170122731,6947,0.0865,0.0021
1790170122781,6948,0.0876,0.0024
1790170122831,6949,0.1101,0.0031
1790170122881,6950,0.1219,0.0029
1790170122931,6951,0.0853,0.0027
1790170122981,6952,0.0917,0.0032
1790170123031,6953,0.1382,0.0035
1790170123080,6954,0.1299,0.0027
1790170123131,6955,0.0765,0.0016
1790170123181,6956,0.0972,0.0030
1790170123231,6957,0.1567,0.0043
1790170123280,6958,0.1059,0.0027
1790170123330,6959,0.0904,0.0028
1790170123382,6960,0.1003,0.0024
1790170123431,6961,0.1290,0.0043
1790170123480,6962,0.1112,0.0035
1790170123531,6963,0.1470,0.0037
1790170123581,6964,0.1240,0.0089
1790170123631,6965,0.1103,0.0026
1790170123681,6966,0.1246,0.0036
1790170123731,6967,0.0836,0.0020
1790170123781,6968,0.0846,0.0019
1790170123831,6969,0.0892,0.0026
1790170123881,6970,0.1047,0.0030
1790170123931,6971,0.0788,0.0022
1790170123981,6972,0.0805,0.0021
1790170124031,6973,0.1153,0.0032
1790170124081,6974,0.1502,0.0042
1790170124131,6975,0.1392,0.0031
1790170124182,6976,0.1386,0.0030
1790170124231,6977,0.0852,0.0024
1790170124281,6978,0.1341,0.0031
1790170124331,6979,0.0910,0.0027
1790170124380,6980,0.1308,0.0035
1790170124431,6981,0.1172,0.0041
1790170124481,6982,0.1638,0.0044
1790170124531,6983,0.1084,0.0033
1790170124580,6984,0.1576,0.0044
1790170124631,6985,0.1853,0.0033
1790170124681,6986,0.1100,0.0025
1790170124730,6987,0.0947,0.0027
1790170124781,6988,0.0959,0.0027
1790170124831,6989,0.1057,0.0029
1790170124881,6990,0.1227,0.0027
1790170124931,6991,0.0892,0.0027
1790170124982,6992,0.0849,0.0027
1790170125031,6993,0.1460,0.0035
1790170125081,6994,0.1261,0.0037
1790170125131,6995,0.1204,0.0027
1790170125181,6996,0.0871,0.0028
1790170125231,6997,0.0914,0.0026
1790170125281,6998,0.1153,0.0031
1790170125331,6999,0.1375,0.0035
1790170125382,7000,0.1237,0.0029
1790170125431,7001,0.1135,0.0034
1790170125481,7002,0.1217,0.0035
1790170125530,7003,0.0974,0.0031
1790170125581,7004,0.0989,0.0031
1790170125631,7005,0.1546,0.0039
1790170125681,7006,0.1163,0.0032
1790170125731,7007,0.1052,0.0029
1790170125781,7008,0.1485,0.0037
1790170125831,7009,0.1124,0.0034
1790170125881,7010,0.1509,0.0038
1790170125930,7011,0.0957,0.0030
1790170125981,7012,0.0784,0.0025
1790170126031,7013,0.1096,0.0029
1790170126081,7014,0.0889,0.0019
1790170126131,7015,0.1017,0.0022
1790170126180,7016,0.0974,0.0016
1790170126231,7017,0.1048,0.0029
1790170126280,7018,0.1244,0.0031
1790170126331,7019,0.1011,0.0029
1790170126381,7020,0.1248,0.0033
1790170126431,7021,0.1143,0.0035
1790170126481,7022,0.1557,0.0040
1790170126531,7023,0.1404,0.0032
1790170126581,7024,0.1652,0.0029
1790170126631,7025,0.1360,0.0030
1790170126681,7026,0.1324,0.0037
1790170126730,7027,0.1051,0.0034
1790170126781,7028,0.1022,0.0029
1790170126831,7029,0.1067,0.0033
1790170126881,7030,0.1067,0.0031
1790170126931,7031,0.0970,0.0028
1790170126980,7032,0.0743,0.0023
1790170127031,7033,0.0943,0.0021
1790170127081,7034,0.1116,0.0036
1790170127131,7035,0.1044,0.0027
1790170127180,7036,0.1273,0.0033
1790170127231,7037,0.0996,0.0033
1790170127281,7038,0.1087,0.0034
1790170127331,7039,0.1017,0.0027
1790170127381,7040,0.1256,0.0030
1790170127431,7041,0.2682,0.0035
1790170127481,7042,0.1591,0.0045
1790170127530,7043,0.1131,0.0033
1790170127581,7044,0.1007,0.0027
1790170127631,7045,0.1170,0.0025
1790170127680,7046,0.1350,0.0035
1790170127731,7047,0.1387,0.0037
1790170127781,7048,0.1020,0.0030
1790170127831,7049,0.1051,0.0030
1790170127881,7050,0.1034,0.0027
1790170127931,7051,0.1061,0.0024
1790170127981,7052,0.0813,0.0024
1790170128031,7053,0.0851,0.0026
1790170128080,7054,0.1129,0.0036
1790170128131,7055,0.1401,0.0038
1790170128181,7056,0.0845,0.0021
1790170128231,7057,0.1012,0.0030
1790170128282,7058,0.1157,0.0035
1790170128331,7059,0.1034,0.0027
1790170128381,7060,0.1049,0.0020
1790170128431,7061,0.1014,0.0030
1790170128481,7062,0.1616,0.0039
1790170128531,7063,0.1475,0.0039
1790170128581,7064,0.1326,0.0037
1790170128631,7065,0.0992,0.0021
1790170128681,7066,0.0875,0.0026
1790170128731,7067,0.0792,0.0019
1790170128781,7068,0.1171,0.0036
1790170128831,7069,0.1354,0.0035
1790170128880,7070,0.1599,0.0039
1790170128930,7071,0.1055,0.0033
1790170128980,7072,0.0951,0.0024
1790170129031,7073,0.0916,0.0029
1790170129081,7074,0.0849,0.0018
1790170129131,7075,0.1528,0.0036
1790170129181,7076,0.1433,0.0033
1790170129231,7077,0.1138,0.0033
1790170129280,7078,0.1127,0.0036
1790170129331,7079,0.0890,0.0030
1790170129381,7080,0.1001,0.0020
1790170129431,7081,0.0993,0.0025
1790170129481,7082,0.1481,0.0038
1790170129531,7083,0.1407,0.0037
1790170129581,7084,0.1423,0.0040
1790170129630,7085,0.1663,0.0037
1790170129681,7086,0.0917,0.0032
1790170129731,7087,0.0704,0.0025
1790170129781,7088,0.1136,0.0028
1790170129831,7089,0.1100,0.0033
1790170129881,7090,0.1408,0.0034
1790170129930,7091,0.0929,0.0027
1790170129981,7092,0.0732,0.0025
1790170130031,7093,0.0669,0.0016
1790170130081,7094,0.0742,0.0022
1790170130131,7095,0.1177,0.0036
1790170130181,7096,0.0866,0.0021
1790170130231,7097,0.1216,0.0030
1790170130280,7098,0.1036,0.0032
1790170130331,7099,0.0816,0.0022
1790170130381,7100,0.1300,0.0024
1790170130431,7101,0.1138,0.0034
1790170130482,7102,0.1117,0.0036
1790170130530,7103,0.1101,0.0035
1790170130580,7104,0.1158,0.0030
1790170130631,7105,0.1317,0.0034
1790170130681,7106,0.1484,0.0028
1790170130731,7107,0.0856,0.0025
1790170130781,7108,0.0966,0.0030
1790170130831,7109,0.1420,0.0037
1790170130881,7110,0.1558,0.0042
1790170130931,7111,0.1191,0.0034
1790170130981,7112,0.0967,0.0028
1790170131031,7113,0.1212,0.0033
1790170131081,7114,0.1060,0.0026
1790170131131,7115,0.1391,0.0033
1790170131181,7116,0.1114,0.0028
1790170131231,7117,0.0947,0.0026
1790170131280,7118,0.1359,0.0036
1790170131331,7119,0.0827,0.0019
1790170131381,7120,0.1317,0.0022
1790170131431,7121,0.1064,0.0023
1790170131481,7122,0.1152,0.0036
1790170131531,7123,0.0985,0.0027
1790170131581,7124,0.0957,0.0025
1790170131631,7125,0.1052,0.0025
1790170131681,7126,0.1159,0.0028
1790170131731,7127,0.1030,0.0027
1790170131781,7128,0.0915,0.0028
1790170131831,7129,0.0999,0.0024
1790170131880,7130,0.1328,0.0041
1790170131931,7131,0.1134,0.0036
1790170131981,7132,0.0986,0.0026
1790170132031,7133,0.0756,0.0030
1790170132081,7134,0.0698,0.0023
1790170132131,7135,0.0903,0.0027
1790170132181,7136,0.1163,0.0030
1790170132230,7137,0.1098,0.0035
1790170132281,7138,0.1266,0.0042
1790170132331,7139,0.1144,0.0035
1790170132381,7140,0.1287,0.0031
1790170132431,7141,0.1987,0.0014
1790170132481,7142,0.1290,0.0031
1790170132531,7143,0.1483,0.0034
1790170132581,7144,0.1092,0.0034
1790170132631,7145,0.0919,0.0021
1790170132681,7146,0.0744,0.0025
1790170132731,7147,0.0876,0.0024
1790170132781,7148,0.0905,0.0019
1790170132831,7149,0.0989,0.0024
1790170132881,7150,0.1228,0.0020
1790170132931,7151,0.1476,0.0033
1790170132981,7152,0.1138,0.0036
1790170133030,7153,0.0894,0.0022
1790170133081,7154,0.0923,0.0031
1790170133130,7155,0.1151,0.0025
1790170133181,7156,0.1126,0.0034
1790170133231,7157,0.1157,0.0033
1790170133281,7158,0.0938,0.0024
1790170133331,7159,0.1066,0.0028
1790170133381,7160,0.1459,0.0027
1790170133430,7161,0.1170,0.0027
1790170133481,7162,0.1189,0.0037
1790170133532,7163,0.1226,0.0037
1790170133580,7164,0.1086,0.0035
1790170133631,7165,0.1243,0.0030
1790170133680,7166,0.1256,0.0034
1790170133731,7167,0.1284,0.0029
1790170133781,7168,0.0868,0.0027
1790170133831,7169,0.0924,0.0029
1790170133881,7170,0.1172,0.0028
1790170133930,7171,0.1100,0.0027
1790170133981,7172,0.1495,0.0042
1790170134030,7173,0.0961,0.0027
1790170134081,7174,0.0870,0.0023
1790170134131,7175,0.1694,0.0034
1790170134181,7176,0.1157,0.0036
1790170134230,7177,0.1108,0.0030
1790170134281,7178,0.0775,0.0027
1790170134331,7179,0.1094,0.0032
1790170134381,7180,0.0866,0.0018
1790170134431,7181,0.0871,0.0023
1790170134481,7182,0.1113,0.0038
1790170134531,7183,0.1088,0.0032
1790170134580,7184,0.0860,0.0026
1790170134631,7185,0.1022,0.0025
1790170134681,7186,0.0672,0.0020
1790170134732,7187,0.1253,0.0028
1790170134781,7188,0.0861,0.0019
1790170134831,7189,0.0777,0.0017
1790170134881,7190,0.0767,0.0015
1790170134931,7191,0.1129,0.0034
1790170134981,7192,0.1462,0.0036
1790170135031,7193,0.1155,0.0037
1790170135081,7194,0.0944,0.0026
1790170135130,7195,0.0885,0.0020
1790170135181,7196,0.1140,0.0031
1790170135231,7197,0.1130,0.0036
1790170135281,7198,0.1350,0.0026
1790170135331,7199,0.1159,0.0037
1790170135381,7200,0.1056,0.0028
1790170135431,7201,0.1171,0.0036
1790170135481,7202,0.1153,0.0038
1790170135531,7203,0.1149,0.0036
1790170135581,7204,0.1177,0.0036
1790170135631,7205,0.1602,0.0039
1790170135681,7206,0.1144,0.0035
1790170135731,7207,0.1548,0.0038
1790170135781,7208,0.1176,0.0037
1790170135830,7209,0.1120,0.0035
1790170135881,7210,0.1216,0.0036
1790170135930,7211,0.1112,0.0036
1790170135981,7212,0.1564,0.0030
1790170136031,7213,0.1402,0.0036
1790170136080,7214,0.1333,0.0032
1790170136131,7215,0.1055,0.0028
1790170136180,7216,0.0895,0.0027
1790170136232,7217,0.1160,0.0036
1790170136281,7218,0.1135,0.0037
1790170136331,7219,0.1441,0.0039
1790170136381,7220,0.1344,0.0030
1790170136431,7221,0.1364,0.0035
1790170136481,7222,0.1123,0.0032
1790170136531,7223,0.1124,0.0036
1790170136581,7224,0.0928,0.0027
1790170136630,7225,0.1156,0.0030
1790170136681,7226,0.1238,0.0037
1790170136731,7227,0.1039,0.0032
1790170136780,7228,0.1344,0.0031
1790170136831,7229,0.1076,0.0035
1790170136881,7230,0.1019,0.0024
1790170136931,7231,0.1068,0.0032
1790170136980,7232,0.0962,0.0029
1790170137031,7233,0.1428,0.0042
1790170137081,7234,0.1425,0.0035
1790170137131,7235,0.1230,0.0032
1790170137181,7236,0.0996,0.0029
1790170137231,7237,0.1105,0.0037
1790170137280,7238,0.1307,0.0039
1790170137331,7239,0.1450,0.0041
1790170137381,7240,0.1016,0.0028
1790170137431,7241,0.2117,0.0025
1790170137482,7242,0.1150,0.0033
1790170137531,7243,0.1434,0.0040
1790170137580,7244,0.1145,0.0032
1790170137631,7245,0.1101,0.0028
1790170137682,7246,0.0932,0.0029
1790170137731,7247,0.0909,0.0027
1790170137780,7248,0.1113,0.0032
1790170137831,7249,0.1103,0.0032
1790170137881,7250,0.1227,0.0034
1790170137931,7251,0.1169,0.0037
1790170137981,7252,0.1455,0.0041
1790170138030,7253,0.0864,0.0017
1790170138081,7254,0.1238,0.0020
1790170138131,7255,0.1304,0.0039
1790170138182,7256,0.1121,0.0035
1790170138231,7257,0.1506,0.0040
1790170138281,7258,0.0958,0.0031
1790170138331,7259,0.1539,0.0039
1790170138381,7260,0.1121,0.0031
1790170138431,7261,0.1038,0.0027
1790170138481,7262,0.1129,0.0036
1790170138531,7263,0.1143,0.0037
1790170138581,7264,0.1362,0.0035
1790170138631,7265,0.0844,0.0024
1790170138681,7266,0.0663,0.0019
1790170138731,7267,0.0837,0.0023
1790170138780,7268,0.1479,0.0032
1790170138831,7269,0.1068,0.0035
1790170138880,7270,0.1081,0.0025
1790170138931,7271,0.1136,0.0032
1790170138981,7272,0.0904,0.0027
1790170139031,7273,0.0803,0.0019
1790170139081,7274,0.1133,0.0022
1790170139131,7275,0.1053,0.0023
1790170139181,7276,0.1399,0.0037
1790170139231,7277,0.1193,0.0036
1790170139281,7278,0.1131,0.0032
1790170139331,7279,0.1102,0.0038
1790170139381,7280,0.1676,0.0038
1790170139431,7281,0.1025,0.0021
1790170139480,7282,0.1092,0.0036
1790170139531,7283,0.1460,0.0039
1790170139581,7284,0.1402,0.0039
1790170139631,7285,0.2218,0.0041
1790170139681,7286,0.1425,0.0037
1790170139731,7287,0.1137,0.0035
1790170139781,7288,0.1281,0.0034
1790170139830,7289,0.0988,0.0032
1790170139881,7290,0.1336,0.0034
1790170139931,7291,0.1036,0.0027
1790170139980,7292,0.1116,0.0036
1790170140031,7293,0.1403,0.0035
1790170140081,7294,0.1324,0.0028
1790170140131,7295,0.1294,0.0028
1790170140181,7296,0.0929,0.0020
1790170140231,7297,0.1112,0.0037
1790170140281,7298,0.1132,0.0037
1790170140331,7299,0.1093,0.0028
1790170140381,7300,0.1232,0.0035
1790170140431,7301,0.0840,0.0024
1790170140481,7302,0.1096,0.0036
1790170140531,7303,0.1108,0.0035
1790170140580,7304,0.1257,0.0035
1790170140631,7305,0.0917,0.0025
1790170140681,7306,0.0697,0.0020
1790170140731,7307,0.1131,0.0026
1790170140780,7308,0.0965,0.0025
1790170140831,7309,0.0821,0.0022
1790170140881,7310,0.1362,0.0029
1790170140931,7311,0.0797,0.0020
1790170140981,7312,0.1348,0.0037
1790170141031,7313,0.1354,0.0036
1790170141082,7314,0.1146,0.0036
1790170141131,7315,0.1169,0.0026
1790170141181,7316,0.0839,0.0022
1790170141231,7317,0.1460,0.0033
1790170141281,7318,0.1458,0.0042
1790170141330,7319,0.1065,0.0025
1790170141381,7320,0.1326,0.0035
1790170141431,7321,0.0779,0.0023
1790170141481,7322,0.1168,0.0037
1790170141531,7323,0.1120,0.0036
1790170141581,7324,0.1010,0.0033
1790170141631,7325,0.1286,0.0030
1790170141681,7326,0.0715,0.0020
1790170141731,7327,0.0701,0.0020
1790170141781,7328,0.1004,0.0027
1790170141831,7329,0.1208,0.0028
1790170141881,7330,0.1545,0.0039
1790170141931,7331,0.0867,0.0027
1790170141981,7332,0.0974,0.0031
1790170142031,7333,0.0873,0.0023
1790170142081,7334,0.0961,0.0078
1790170142131,7335,0.0979,0.0030
1790170142180,7336,0.0748,0.0021
1790170142231,7337,0.0954,0.0027
1790170142281,7338,0.1414,0.0035
1790170142331,7339,0.1155,0.0037
1790170142380,7340,0.1333,0.0036
1790170142431,7341,0.1396,0.0037
1790170142481,7342,0.2674,0.0031
1790170142531,7343,0.1147,0.0036
1790170142581,7344,0.1113,0.0035
1790170142632,7345,0.1380,0.0027
1790170142681,7346,0.1052,0.0033
1790170142730,7347,0.1126,0.0037
1790170142782,7348,0.1350,0.0036
1790170142831,7349,0.1001,0.0029
1790170142881,7350,0.1068,0.0030
1790170142931,7351,0.0915,0.0026
1790170142981,7352,0.0907,0.0025
1790170143031,7353,0.0953,0.0026
1790170143081,7354,0.0894,0.0027
1790170143131,7355,0.1145,0.0026
1790170143181,7356,0.0792,0.0025
1790170143230,7357,0.0861,0.0029
1790170143280,7358,0.0923,0.0029
1790170143331,7359,0.1454,0.0039
1790170143381,7360,0.1716,0.0047
1790170143431,7361,0.1418,0.0043
1790170143481,7362,0.1211,0.0039
1790170143531,7363,0.1118,0.0036
1790170143581,7364,0.1069,0.0034
1790170143630,7365,0.1088,0.0026
1790170143681,7366,0.0841,0.0023
1790170143731,7367,0.0838,0.0024
1790170143781,7368,0.1292,0.0033
1790170143831,7369,0.0929,0.0027
1790170143881,7370,0.0814,0.0018
1790170143931,7371,0.0834,0.0026
1790170143981,7372,0.1083,0.0032
1790170144032,7373,0.1255,0.0028
1790170144081,7374,0.1106,0.0030
1790170144131,7375,0.0839,0.0019
1790170144181,7376,0.0672,0.0015
1790170144231,7377,0.0844,0.0020
1790170144281,7378,0.0701,0.0015
1790170144331,7379,0.1327,0.0036
1790170144381,7380,0.1415,0.0045
1790170144431,7381,0.1449,0.0034
1790170144481,7382,0.0996,0.0031
1790170144531,7383,0.1120,0.0031
1790170144581,7384,0.1100,0.0037
1790170144631,7385,0.0825,0.0029
1790170144681,7386,0.0800,0.0022
1790170144731,7387,0.0814,0.0025
1790170144781,7388,0.1076,0.0029
1790170144832,7389,0.1051,0.0030
1790170144881,7390,0.1038,0.0027
1790170144931,7391,0.0956,0.0025
1790170144981,7392,0.0871,0.0027
1790170145031,7393,0.0770,0.0017
1790170145081,7394,0.0915,0.0023
1790170145131,7395,0.0991,0.0026
1790170145181,7396,0.0893,0.0026
1790170145231,7397,0.0955,0.0019
1790170145281,7398,0.0878,0.0022
1790170145331,7399,0.1080,0.0028
1790170145381,7400,0.1561,0.0047
1790170145431,7401,0.1658,0.0038
1790170145480,7402,0.1249,0.0035
1790170145531,7403,0.1142,0.0037
1790170145581,7404,0.1061,0.0029
1790170145631,7405,0.1162,0.0023
1790170145681,7406,0.0911,0.0022
1790170145731,7407,0.1538,0.0041
1790170145782,7408,0.1699,0.0037
1790170145831,7409,0.1406,0.0038
1790170145881,7410,0.1549,0.0039
1790170145931,7411,0.1271,0.0031
1790170145981,7412,0.1079,0.0035
1790170146031,7413,0.1043,0.0034
1790170146081,7414,0.1156,0.0033
1790170146131,7415,0.1370,0.0038
1790170146181,7416,0.1239,0.0037
1790170146234,7417,0.1136,0.0031
1790170146281,7418,0.1136,0.0036
1790170146331,7419,0.1056,0.0034
1790170146381,7420,0.1555,0.0040
1790170146431,7421,0.1428,0.0038
1790170146481,7422,0.1053,0.0033
1790170146531,7423,0.1181,0.0037
1790170146581,7424,0.1146,0.0032
1790170146631,7425,0.1215,0.0041
1790170146726,7426,0.2176,0.0085
1790170146731,7427,0.0949,0.0030
1790170146781,7428,0.1130,0.0034
