fluid,L_m,v0_m_s,U_W_m2K,status,dp_Pa,dp_fraction,q0,qref,q1,q2,heat_ref,cp0_error,cp1_error,table_error,frozen_error,one_error,two_error,gated_error,flow_one_error,outlet_ref_K,vapor_in,vapor_out,one_self_mismatch,refinement_error,energy_residual,one_cpu_us,reference_cpu_us,reference_evals,detail
water-cooling,1.0,0.002,2.0,OK,0.008341827010661164,2.7806090035537214E-8,0.003795940340808883,0.0037710599498708263,0.0037693540845964092,0.0037691691105788717,18.663885238206113,9.030168158245248E-7,4.432909410195135E-7,7.3489607311592645E-6,5.747651205809467E-5,1.1824708095860374E-5,1.2310273712059288E-5,5.747651205809467E-5,4.5235697578223393E-4,358.8218245795987,0.0,0.0,6.930203963034413E-5,5.311307600941668E-9,2.9124247898797254E-14,0.0,15625.0,43,
water-cooling,1.0,0.002,15.0,OK,0.008341827010661164,2.7806090035537214E-8,0.003795940340808883,0.0036073462148879017,0.003612435016820793,0.0036036999314852007,130.9238789298683,5.0162728434628384E-5,2.2079309989115743E-5,1.5238802623364397E-5,0.003760552842773275,9.155934027138603E-5,9.193913919652785E-5,0.003760552842773275,0.0014106774425723374,351.35315474481274,0.0,0.0,0.0036686576026321105,NaN,1.5194611815337423E-15,0.0,0.0,43,
water-cooling,1.0,0.002,60.0,OK,0.008341827010661164,2.7806090035537214E-8,0.003795940340808883,0.003026571881262208,0.0031520092278592904,0.003046905586426757,399.06973213794913,7.400270111825025E-4,1.990614543814339E-4,1.053324246988668E-5,0.06933907538597016,0.013095687382372684,0.002170509148333642,0.06933907538597016,0.04144535518012196,328.5251277753744,0.0,0.0,0.05551636306824938,NaN,1.405985800568677E-15,0.0,15625.0,43,
water-cooling,1.0,0.02,2.0,OK,0.12747506871837624,4.2491689572792083E-7,0.037959403408088836,0.03796905747320123,0.037969750254361286,0.03796974743934686,18.831006783416903,1.2400090892550637E-8,9.80483344741952E-11,8.096313484806677E-7,1.0601915422413557E-6,7.91656175683218E-7,7.917286607511673E-7,1.0601915422413557E-6,1.82459404093926E-5,359.88195124344855,0.0,0.0,2.6853557914598734E-7,NaN,5.303320301453264E-13,0.0,0.0,43,
water-cooling,1.0,0.02,15.0,OK,0.12747506871837624,4.2491689572792083E-7,0.037959403408088836,0.03803126639536655,0.03803618500800963,0.03803603191724924,140.3343507120591,5.012606568153341E-7,2.452227117079953E-7,5.640760949022644E-6,1.9576334053036443E-5,4.688866228962871E-6,4.7184899543770605E-6,1.9576334053036443E-5,1.2933076148297803E-4,359.121625711288,0.0,0.0,1.4887537629745998E-5,NaN,8.101179091907131E-16,0.0,0.0,43,
water-cooling,1.0,0.02,60.0,OK,0.12747506871837624,4.2491689572792083E-7,0.037959403408088836,0.03823942222104168,0.03825524018405988,0.03825306723048488,549.2152359937359,7.693298838950417E-6,3.6740494764920798E-6,1.656165373824147E-5,2.3096533735058816E-4,4.5420563536609166E-6,6.192641330056258E-6,2.3096533735058816E-4,4.1365591056177607E-4,356.5800999085443,0.0,0.0,2.2642430942890052E-4,NaN,3.5189938169409943E-15,0.0,0.0,43,
water-cooling,1.0,0.2,2.0,OK,10.025771375905338,3.341923791968446E-5,0.3795940340808883,0.37959235523725465,0.37959213548366477,0.37959213547393744,18.847699431515224,1.237778738057845E-9,1.2167197899166415E-9,8.101071100665763E-8,8.057230992931731E-8,8.106731650773398E-8,8.106480687359581E-8,8.057230992931731E-8,5.789199567608193E-7,359.9881816051268,0.0,0.0,4.950066185455284E-10,NaN,3.408571263312598E-12,0.0,0.0,43,
water-cooling,1.0,0.2,15.0,OK,10.025771375905338,3.341923791968446E-5,0.3795940340808883,0.37958145067862037,0.37957980407612435,0.37957980354303633,141.26728340340424,9.301896593951038E-9,2.4805686372883655E-9,6.074495751071949E-7,5.829468313141993E-7,6.106556741884709E-7,6.106574784695757E-7,5.829468313141993E-7,4.337942470780692E-6,359.91141621784396,0.0,0.0,2.7708859794844188E-8,NaN,5.585066241660832E-13,0.0,0.0,43,
water-cooling,1.0,0.2,60.0,OK,10.025771375905338,3.341923791968446E-5,0.3795940340808883,0.37954369981052316,0.37953724486851204,0.37953723639758075,563.8187745964285,8.27561141053745E-8,3.62460903350114E-8,2.382669189370002E-6,1.9908652499875103E-6,2.4329224570927227E-6,2.4329882077566985E-6,1.9908652499875103E-6,1.700711147187345E-5,359.6464039358112,0.0,0.0,4.4205828259873576E-7,NaN,1.2904812049359625E-13,0.0,0.0,43,
water-cooling,1.0,1.0,2.0,OK,205.265960976472,6.842198699215734E-4,1.8979701704044414,1.8979698858728704,1.8979697781241218,1.8979697781238185,18.849184605166766,2.713774334096469E-10,2.8906750871115886E-10,1.6176552673026578E-8,1.6165661673824105E-8,1.616503629377541E-8,1.616519612568659E-8,1.6165661673824105E-8,5.6770525914084304E-8,359.99763614487097,0.0,0.0,6.253800588053431E-13,1.4431144096301253E-10,1.493335203711493E-11,0.0,0.0,43,
water-cooling,1.0,1.0,15.0,OK,205.265960976472,6.842198699215734E-4,1.8979701704044414,1.8979680367303464,1.8979672287148515,1.8979672287145477,141.35078465310252,1.858274438775862E-9,1.7240491118106827E-9,1.2151307287273196E-7,1.2134364664472222E-7,1.2157515229757914E-7,1.2157531235102887E-7,1.2134364664472222E-7,4.2572660830971513E-7,359.98227333914804,0.0,0.0,2.3150568100224307E-10,NaN,1.8186980262102151E-12,0.0,0.0,43,
water-cooling,1.0,1.0,60.0,OK,205.265960976472,6.842198699215734E-4,1.8979701704044414,1.8979616401418258,1.897958409364132,1.8979584092947817,565.1526190928225,7.441413667282589E-9,3.213460099185232E-9,4.85970543042542E-7,4.833123561344578E-7,4.869773376660338E-7,4.869763451361607E-7,4.833123561344578E-7,1.7022355064971408E-6,359.92912453512844,0.0,0.0,3.6649833163397702E-9,NaN,1.019485984294627E-12,0.0,0.0,43,
water-cooling,1.0,3.0,2.0,OK,1738.7847503776068,0.005795949167925356,5.693910511213325,5.693910800383679,5.693910738738,5.693910738737091,18.84943214864277,7.524327668782243E-11,8.235664572166169E-11,5.345226669182054E-9,5.35147115209083E-9,5.340706953503311E-9,5.3408665948369174E-9,5.35147115209083E-9,1.0826597209725795E-8,359.99921203810044,0.0,0.0,1.0764198645008474E-11,NaN,7.139058698614619E-11,0.0,0.0,43,
water-cooling,1.0,3.0,15.0,OK,1738.7847503776068,0.005795949167925356,5.693910511213325,5.6939126799554725,5.693912217550735,5.693912217549825,141.36470737895138,6.179991975691051E-10,6.416893993598286E-10,4.051293353442666E-8,4.052306958965219E-8,4.050987693524797E-8,4.0510036771881995E-8,4.052306958965219E-8,8.121036686055788E-8,359.9940905399318,0.0,0.0,1.3192654938653222E-11,NaN,8.826400445941892E-12,0.0,0.0,43,
water-cooling,1.0,3.0,60.0,OK,1738.7847503776068,0.005795949167925356,5.693910511213325,5.693919185521788,5.693917336130693,5.6939173361297835,565.3752962175182,2.4810123736443087E-9,2.1652264473434516E-9,1.620102059058357E-7,1.623127624413397E-7,1.6207340278469746E-7,1.6207356244386504E-7,1.623127624413397E-7,3.2480107903165483E-7,359.9763656786679,0.0,0.0,2.3935969543607594E-10,NaN,4.819938119122769E-13,0.0,15625.0,43,
water-cooling,10.0,0.002,2.0,OK,0.08341827010661164,2.780609003553721E-7,0.003795940340808883,0.0035435540014578013,0.003555296444934531,0.003539876943108009,169.9205153301561,8.854243247841894E-5,3.7199813633340505E-5,1.6074386660265935E-5,0.006794673807698337,3.207833380516527E-4,1.2198678291182139E-4,0.006794673807698337,0.003313747574299379,348.57238592918094,0.0,0.0,0.006471814419413974,NaN,1.170477653134457E-15,0.0,0.0,43,
water-cooling,10.0,0.002,15.0,OK,0.08341827010661164,2.780609003553721E-7,0.003795940340808883,0.002125836710678383,0.0025380676395310364,0.002240600480111922,496.0717036426329,0.0030170363062025723,1.6299320231167588E-4,1.3276891579576732E-6,0.48598644161315163,0.14514957152766134,0.042352520979324654,0.14514957152766134,0.19391467217682243,304.23569506178,0.0,0.0,0.2976352422075349,NaN,6.003780017600789E-16,0.0,15625.0,43,
water-cooling,10.0,0.002,60.0,OK,0.08341827010661164,2.780609003553721E-7,0.003795940340808883,0.0015911491400296737,0.0017439126204415226,0.0015955410615468891,399.47035596820757,0.004072606546596459,8.974287594196986E-9,2.0694623137970805E-9,1.3793863601302254,0.09600638758896933,0.002760194057775768,0.09600638758896933,0.09600827261798982,300.0000421485483,0.0,0.0,1.170960303766548,NaN,1.1684901570548414E-15,0.0,46875.0,43,
water-cooling,10.0,0.02,2.0,OK,1.2747506871837626,4.249168957279209E-6,0.037959403408088836,0.03805494998471129,0.03806135895843416,0.038061090334111675,186.6555450907018,8.868873935539039E-7,4.3531886221275727E-7,7.2906655178123585E-6,3.195918121958325E-5,5.640379938596617E-6,5.709538582386543E-6,3.195918121958325E-5,1.6841366827304746E-4,358.8323826473712,0.0,0.0,2.6318949729862694E-5,2.658541311798315E-9,1.3551948888952524E-14,0.0,0.0,43,
water-cooling,10.0,0.02,15.0,OK,1.2747506871837626,4.249168957279209E-6,0.037959403408088836,0.03862028208253076,0.03864454224457753,0.03863367091000049,1315.8063344090722,4.411317977008128E-5,1.9584324588605052E-5,1.5718591484742025E-5,0.0012494874180411432,2.8806271372607554E-5,8.86061910577078E-6,0.0012494874180411432,6.281715393721499E-4,351.88330419706915,0.0,0.0,0.0012782568675995388,NaN,1.7279680139723162E-16,0.0,15625.0,43,
water-cooling,10.0,0.02,60.0,OK,1.2747506871837626,4.249168957279209E-6,0.037959403408088836,0.03971714332656519,0.03975165865296146,0.03973262566058311,4318.377529848516,4.871499517123142E-4,1.520779113024055E-4,1.2317805861122537E-5,0.011802799942109412,2.1063271603912666E-4,8.772912505892825E-5,0.011802799942109412,8.690284221217912E-4,334.05583898673916,0.0,0.0,0.012010902769076206,NaN,2.3162252099080017E-15,0.0,0.0,43,
water-cooling,10.0,0.2,2.0,OK,100.2577137590534,3.341923791968447E-4,0.3795940340808883,0.37957726027213645,0.3795750655948078,0.3795750646474616,188.31001249606732,1.2404172412370648E-8,1.0176664740205082E-10,8.098724194739118E-7,7.663248364439308E-7,8.155703605683532E-7,8.155731647046416E-7,7.663248364439308E-7,5.781898860524641E-6,359.88191603632316,0.0,0.0,4.924556428764505E-8,NaN,1.2964933722141048E-13,0.0,0.0,43,
water-cooling,10.0,0.2,15.0,OK,100.2577137590534,3.341923791968447E-4,0.3795940340808883,0.379468023879713,0.37945271070905184,0.3794526584759982,1403.3205298431762,5.034855871081996E-7,2.463171005078379E-7,5.652173378395607E-6,3.203148372942704E-6,5.949897267032628E-6,5.9509128806239696E-6,3.203148372942704E-6,4.035431102891231E-5,359.11968479559766,0.0,0.0,2.746765237060901E-6,NaN,2.1225463516020712E-14,0.0,15625.0,43,
water-cooling,10.0,0.2,60.0,OK,100.2577137590534,3.341923791968447E-4,0.3795940340808883,0.3790863943604551,0.3790413933100353,0.3790406116558285,5490.759926341389,7.825173611685534E-6,3.735399628424387E-6,1.6639314724432226E-5,2.2571879855930404E-5,2.0120261992820068E-5,2.0180732113800746E-5,2.2571879855930404E-5,1.1870922061379654E-4,356.55112186873873,0.0,0.0,4.2693000843112695E-5,NaN,1.093252280167398E-14,0.0,0.0,43,
water-cooling,10.0,1.0,2.0,OK,2052.6596097647202,0.006842198699215734,1.8979701704044414,1.897967325671463,1.8979662483704067,1.897966248356294,188.45843196018683,2.4816872568376134E-9,2.1658990179046873E-9,1.620097163172686E-7,1.617167731637025E-7,1.6212414986405046E-7,1.6212220620471228E-7,1.617167731637025E-7,5.676077990338285E-7,359.97636560725266,0.0,0.0,4.0737676639356545E-10,NaN,1.8037065063200997E-12,0.0,0.0,43,
water-cooling,10.0,1.0,15.0,OK,2052.6596097647202,0.006842198699215734,1.8979701704044414,1.8979488391071704,1.8979407963069632,1.8979407958509533,1411.6300406288565,2.324642873842593E-8,5.726027244097027E-9,1.2099255285009104E-6,1.1933150419182895E-6,1.216188569496206E-6,1.2161884190552216E-6,1.1933150419182895E-6,4.237627506833994E-6,359.8229654489259,0.0,0.0,2.287355539647309E-8,NaN,8.295203551622088E-14,0.0,0.0,43,
water-cooling,10.0,1.0,60.0,OK,2052.6596097647202,0.006842198699215734,1.8979701704044414,1.8978839082198937,1.8978532409098805,1.8978532337497842,5621.576279982586,3.230248694743464E-7,1.567335192666766E-7,4.602528579399547E-6,4.334230111980691E-6,4.697917970321345E-6,4.697940175669293E-6,4.334230111980691E-6,1.6158685934581592E-5,359.29492398200733,0.0,0.0,3.636895669244066E-7,NaN,5.824338486603901E-14,0.0,0.0,43,
water-cooling,10.0,3.0,2.0,SCREENED_DP,17387.847503776065,0.05795949167925355
water-cooling,10.0,3.0,15.0,SCREENED_DP,17387.847503776065,0.05795949167925355
water-cooling,10.0,3.0,60.0,SCREENED_DP,17387.847503776065,0.05795949167925355
water-cooling,50.0,0.002,2.0,OK,0.4170913505330582,1.3903045017768607E-6,0.003795940340808883,0.002547117619953028,0.0028349201645138746,0.0026216212816105398,493.2426555292057,0.0018014257571578424,2.616165297741736E-4,5.197477450559628E-6,0.21412485517773686,0.05965286583529085,0.01617489115788788,0.05965286583529085,0.11299146231266467,313.73841921614445,0.0,0.0,0.14577603130500724,NaN,6.525400875836082E-16,0.0,15625.0,43,
water-cooling,50.0,0.002,15.0,OK,0.4170913505330582,1.3903045017768607E-6,0.003795940340808883,0.0015692197779614836,0.0016877352421980638,0.0015687346646082265,393.9650894636815,0.004072656963694424,2.5813022561439914E-10,6.287944226186304E-11,1.417557680795708,0.07552504660587395,3.0914287732276927E-4,0.07552504660587395,0.07552508953878935,300.0000009526518,0.0,0.0,1.2477930090284746,NaN,4.0246042143381653E-16,0.0,31250.0,43,
water-cooling,50.0,0.002,60.0,OK,0.4170913505330582,1.3903045017768607E-6,0.003795940340808883,0.0015099292440101035,0.0015263220128580415,0.0014945889369198974,379.07973598786083,0.004072658461772596,1.499510880281617E-16,0.0,1.5139855763883754,0.010856647033606578,0.010159619830572293,0.010856647033606578,0.010856647033606545,300.0,0.0,0.0,1.486985255293866,NaN,4.450218192704128E-16,0.0,31250.0,43,
water-cooling,50.0,0.02,2.0,OK,6.373753435918813,2.1245844786396043E-5,0.037959403408088836,0.03841469685641413,0.03843596104976712,0.038430553599749284,898.0473691974508,2.0562802210456047E-5,9.504216527444103E-6,1.9415978426506003E-5,5.938704149162843E-4,7.091609280991338E-6,3.534643492925247E-7,5.938704149162843E-4,5.535431773018379E-4,354.4321589762219,0.0,0.0,6.0095776243963E-4,NaN,8.355102789305618E-15,0.0,0.0,43,
water-cooling,50.0,0.02,15.0,OK,6.373753435918813,2.1245844786396043E-5,0.037959403408088836,0.0397452071243865,0.03973922452250787,0.03975839080673314,5067.603382705716,6.875052682120007E-4,1.9059526485986196E-4,1.1023302620164971E-5,0.014567652779110377,5.808802895080636E-5,9.265286058272717E-5,0.014567652779110377,1.5052385712593548E-4,329.56636181886176,0.0,0.0,0.014510407631138136,NaN,1.2563794496830079E-15,0.0,15625.0,43,
water-cooling,50.0,0.02,60.0,OK,6.373753435918813,2.1245844786396043E-5,0.037959403408088836,0.02927379727207287,0.031278282707057396,0.02966644285404422,7193.241706277967,0.003635947173963929,7.248603148367004E-5,4.776897684190848E-6,0.2569058895764411,0.06198534600388878,0.012267202563741102,0.06198534600388878,0.06847370760802536,301.2762488761501,0.0,0.0,0.18354353410431953,NaN,2.381151298400749E-16,0.0,15625.0,43,
water-cooling,50.0,0.2,2.0,OK,501.2885687952669,0.001670961895984223,0.3795940340808883,0.3795100940454118,0.37949957836412895,0.37949955497518856,937.8503152244477,2.2515259438199927E-7,1.0788459110687722E-7,3.881547778788692E-6,2.7931807559084394E-6,4.0179280104988785E-6,4.018231327631539E-6,2.7931807559084394E-6,2.7708568093037042E-5,359.411763771793,0.0,0.0,1.2247521755565112E-6,3.4368276396769895E-9,2.860819159366438E-14,0.0,0.0,43,
water-cooling,50.0,0.2,15.0,OK,501.2885687952669,0.001670961895984223,0.3795940340808883,0.3789580565267541,0.3789083530240447,0.378907158272473,6813.31406388174,1.2099482217974678E-5,5.703803392857106E-6,1.841520024713522E-5,4.285843590891956E-5,2.3212366963439555E-5,2.3327694326760832E-5,4.285843590891956E-5,1.3115832175447404E-4,355.7185480295653,0.0,0.0,6.607233656768164E-5,NaN,4.672183490164152E-15,0.0,0.0,43,
water-cooling,50.0,0.2,60.0,OK,501.2885687952669,0.001670961895984223,0.3795940340808883,0.3769829813321759,0.37695166305124517,0.37693383013350124,24451.956834047287,1.6476913309958544E-4,6.438753707082848E-5,1.4717704482626479E-5,9.604536833342224E-4,2.6488559322976692E-5,3.319178298792539E-5,9.604536833342224E-4,8.307611346287712E-5,344.5364866387474,0.0,0.0,9.869683860278425E-4,NaN,2.5293385877294438E-15,0.0,0.0,43,
water-cooling,50.0,1.0,2.0,OK,10263.2980488236,0.034210993496078666,1.8979701704044414,1.8979559598528994,1.8979505771176148,1.8979505769170757,941.5500965076883,1.2403542554069248E-8,1.0143827951256709E-10,8.098429788179169E-7,8.024645235347598E-7,8.126375187284135E-7,8.126380487960323E-7,8.024645235347598E-7,2.8360696446435903E-6,359.88192036607376,0.0,0.0,1.0173003460617947E-8,NaN,1.3209440687153714E-13,0.0,0.0,43,
water-cooling,50.0,1.0,15.0,OK,10263.2980488236,0.034210993496078666,1.8979701704044414,1.8978619279723419,1.897824243349874,1.8978242322199563,7016.616871853977,5.032099368066741E-7,2.461814308063433E-7,5.650760782707852E-6,5.230135566172916E-6,5.797212812985065E-6,5.797256060607572E-6,5.230135566172916E-6,1.985635620403363E-5,359.1199250747693,0.0,0.0,5.670805342986892E-7,NaN,7.466162037719623E-14,0.0,0.0,43,
water-cooling,50.0,1.0,60.0,OK,10263.2980488236,0.034210993496078666,1.8979701704044414,1.8975126325122966,1.8974002257450024,1.8974000599422163,27454.682032544333,7.808397053641192E-6,3.72759860302802E-6,1.6629532359547148E-5,9.56911357442893E-6,1.8364629254585723E-5,1.8367188697259697E-5,9.56911357442893E-6,5.9239008672820274E-5,356.55479432702367,0.0,0.0,8.795677209507789E-6,NaN,7.023079617142389E-15,0.0,15625.0,43,
water-cooling,50.0,3.0,2.0,SCREENED_DP,86939.23751888034,0.2897974583962678
water-cooling,50.0,3.0,15.0,SCREENED_DP,86939.23751888034,0.2897974583962678
water-cooling,50.0,3.0,60.0,SCREENED_DP,86939.23751888034,0.2897974583962678
water-cooling,150.0,0.002,2.0,OK,1.2512740515991747,4.170913505330582E-6,0.003795940340808883,0.001723723906034719,0.002048668461593348,0.0017674180126802026,432.12965771621515,0.004023611816298152,8.40248364785829E-6,1.3041758387441872E-6,1.0922488665902097,0.18538546770592626,0.025089971978481746,0.18538546770592626,0.18851311072556665,300.08672305661037,0.0,0.0,0.7650367104966573,1.8011359057605362E-5,1.3316428590768022E-15,0.0,31250.0,43,
water-cooling,150.0,0.002,15.0,OK,1.2512740515991747,4.170913505330582E-6,0.003795940340808883,0.0015161337503935344,0.0015456608060480737,0.0014995650710468763,380.63742662210507,0.0040726584617725515,1.4933744000229876E-16,0.0,1.503697539231941,0.01947523142128788,0.010928243858668524,0.01947523142128788,0.019475231421287913,300.0,0.0,0.0,1.455868923604396,NaN,5.859384726555915E-16,0.0,31250.0,43,
water-cooling,150.0,0.002,60.0,OK,1.2512740515991747,4.170913505330582E-6,0.003795940340808883,0.0014970446312502026,0.0014932743955853476,0.0014924500908758452,375.8449515615673,0.004072658461772614,1.5124167193049677E-16,0.0,1.535622693919847,0.0025184524136107347,0.003069073745998086,0.0025184524136107347,0.0025184524136106783,300.0,0.0,0.0,1.542024662065484,NaN,7.581176428599454E-16,0.0,46875.0,43,
water-cooling,150.0,0.02,2.0,OK,19.12126030775644,6.373753435918814E-5,0.037959403408088836,0.039141686877522175,0.03918478588461453,0.03915595554377209,2458.017248794048,1.5411933919057586E-4,6.078196428848367E-5,1.5283147153043737E-5,0.004260778964776868,1.350885769241156E-4,3.45332386571822E-5,0.004260778964776868,0.001101102444235808,345.0293085953061,0.0,0.0,0.004395273790419444,NaN,1.6648269470489745E-15,0.0,0.0,43,
water-cooling,150.0,0.02,15.0,OK,19.12126030775644,6.373753435918814E-5,0.037959403408088836,0.032557697373542215,0.03395280824452545,0.03289610750114241,7565.120912495443,0.00297599978039959,1.6827857518501968E-4,9.793521355438259E-7,0.12396003293487029,0.033400149863355634,0.00819345025624712,0.12396003293487029,0.0428504158318322,304.47334797989345,0.0,0.0,0.08763293007407556,NaN,1.5123737537491862E-15,0.0,31250.0,43,
water-cooling,150.0,0.02,60.0,OK,19.12126030775644,6.373753435918814E-5,0.037959403408088836,0.02434747752334193,0.025213605614453835,0.024315381947026475,6112.622046252524,0.004072591194334905,1.1629745486919138E-8,2.6672029972744992E-9,0.558860386015722,0.03557304387993211,0.0013182105834910905,0.03557304387993211,0.03557362730005793,300.0000557385467,0.0,0.0,0.5053118611268734,NaN,1.4367853556410281E-16,0.0,31250.0,43,
water-cooling,150.0,0.2,2.0,OK,1503.8657063858006,0.005012885687952669,0.3795940340808883,0.3793414025357065,0.37931352724882605,0.37931332295410236,2786.0359137234523,1.9953017550367463E-6,9.753771527397091E-7,1.0289664066387397E-5,4.90819739289649E-7,1.1371657203346324E-5,1.137958761498415E-5,4.90819739289649E-7,7.348337590910609E-5,358.2515374418511,0.0,0.0,1.0880961198617469E-5,NaN,1.958707796706737E-15,0.0,15625.0,43,
water-cooling,150.0,0.2,15.0,OK,1503.8657063858006,0.005012885687952669,0.3795940340808883,0.37764972078868575,0.3776070351218116,0.3775965952119214,19008.082287852594,9.777822498705398E-5,4.067844193252001E-5,1.6340927798642987E-5,5.341122338971417E-4,2.848461913762131E-5,3.145506793500982E-5,5.341122338971417E-4,1.1302978533919945E-4,348.0043934523607,0.0,0.0,5.626128788483388E-4,NaN,1.9139660600108407E-16,0.0,0.0,43,
water-cooling,150.0,0.2,60.0,OK,1503.8657063858006,0.005012885687952669,0.3795940340808883,0.37164831104252416,0.3717333215667622,0.3715739386212757,55745.98500317365,9.860653018967068E-4,2.3082093145001387E-4,9.638149113542999E-6,0.008131302856249412,7.879115950417344E-5,8.702548293938877E-5,0.008131302856249412,2.2873916472154074E-4,324.185009112129,0.0,0.0,0.00805187727999816,NaN,2.6101913448289547E-16,0.0,15625.0,43,
water-cooling,150.0,1.0,2.0,SCREENED_DP,30789.8941464708,0.102632980488236
water-cooling,150.0,1.0,15.0,SCREENED_DP,30789.8941464708,0.102632980488236
water-cooling,150.0,1.0,60.0,SCREENED_DP,30789.8941464708,0.102632980488236
water-cooling,150.0,3.0,2.0,SCREENED_DP,260817.712556641,0.8693923751888033
water-cooling,150.0,3.0,15.0,SCREENED_DP,260817.712556641,0.8693923751888033
water-cooling,150.0,3.0,60.0,SCREENED_DP,260817.712556641,0.8693923751888033
water-heating,1.0,0.002,2.0,OK,0.021855232767999996,7.285077589333332E-8,0.003910155501225256,0.003958626805537909,0.003953848490051625,0.003953363386248077,-18.671761558991673,3.208944226946867E-7,1.5433435224419422E-7,2.269452551945181E-6,1.195818629874045E-4,1.3707154660122104E-5,1.48698684681977E-5,1.195818629874045E-4,0.0012070638938731842,301.1283226490504,0.0,0.0,1.058761595881767E-4,7.499624465771015E-9,5.594073893653479E-14,0.0,31250.0,43,
water-heating,1.0,0.002,15.0,OK,0.021855232767999996,7.285077589333332E-8,0.003910155501225256,0.004235509907827546,0.00424791275997027,0.0042203696144297535,-132.3675908230948,1.285460035069983E-5,4.913577987958493E-6,4.956794563216538E-6,0.005400187252775268,1.8507420162171747E-4,2.3837691753981607E-4,0.005400187252775268,0.00292830200203355,307.4776526908504,0.0,0.0,0.005584227957866009,NaN,0.0,0.0,0.0,43,
water-heating,1.0,0.002,60.0,OK,0.021855232767999996,7.285077589333332E-8,0.003910155501225256,0.004913632450042997,0.00511342730733895,0.004867212933273501,-453.47916292383843,8.512140263587841E-5,9.793999797293569E-6,5.689247228177354E-7,0.052415648714523276,0.008331557651066461,0.0020198526340532022,0.052415648714523276,0.0406613354432329,322.0861403628009,0.0,0.0,0.06024526943012859,NaN,2.237649187921066E-15,0.0,15625.0,43,
water-heating,1.0,0.02,2.0,OK,0.21855232768000002,7.285077589333334E-7,0.03910155501225257,0.039150864429178006,0.03914506202148764,0.03914501364358802,-18.831476909912077,4.76667998578768E-9,9.439968850135301E-11,2.5789624901988907E-7,1.4681164953103092E-6,4.001490145838353E-7,4.0133501021144835E-7,1.4681164953103092E-6,1.4820637487744477E-4,300.1150577543471,0.0,0.0,1.0679679080727799E-6,NaN,2.3940742853019735E-13,0.0,0.0,43,
water-heating,1.0,0.02,15.0,OK,0.21855232768000002,7.285077589333334E-7,0.03910155501225257,0.039466857094310984,0.03942886431845884,0.03942613765954593,-140.36698903191223,1.8312666025554993E-7,8.820697841536932E-8,1.7670442657397803E-6,6.833129678457217E-5,8.632778724520976E-6,9.126024118870337E-6,6.833129678457217E-5,9.626501487402079E-4,300.85078485575684,0.0,0.0,5.969903342859685E-5,NaN,1.3566373291330339E-14,0.0,0.0,43,
water-heating,1.0,0.02,60.0,OK,0.21855232768000002,7.285077589333334E-7,0.03910155501225257,0.04050273376406184,0.04042483685618234,0.040380923813977156,-550.0352261518607,2.5868061986598838E-6,1.1642787118614587E-6,4.961815532171683E-6,9.926222660820178E-4,5.810554986523042E-5,8.815311336334682E-5,9.926222660820178E-4,0.001923250621384469,303.2488972320675,0.0,0.0,9.345710199797914E-4,NaN,9.094893009731174E-15,0.0,0.0,43,
water-heating,1.0,0.2,2.0,OK,12.482746277969506,4.1609154259898354E-5,0.39101555012252565,0.3910217490607551,0.3910209491519084,0.3910209490764522,-18.847744726851438,4.783022435866037E-10,4.714638180125571E-10,2.5832893864225426E-8,2.735395337209447E-8,2.6022500282659782E-8,2.602225768904602E-8,2.735395337209447E-8,2.0456888872224696E-6,300.01153005406826,0.0,0.0,1.3314531240824263E-9,NaN,1.857245484562742E-12,0.0,0.0,43,
water-heating,1.0,0.2,15.0,OK,12.482746277969506,4.1609154259898354E-5,0.39101555012252565,0.39106203700094616,0.3910560407123931,0.39105603651978094,-141.26984260618522,3.5793552484216613E-9,1.025220506424445E-9,1.9365889641604627E-7,2.7933406071808866E-7,2.0470816865803873E-7,2.0471637750549538E-7,2.7933406071808866E-7,1.5333343525400614E-5,300.086412519907,0.0,0.0,7.462590733658279E-8,NaN,1.3821575798164517E-13,0.0,0.0,43,
water-heating,1.0,0.2,60.0,OK,12.482746277969506,4.1609154259898354E-5,0.39101555012252565,0.39120096833877793,0.39117748302784133,0.391177416010115,-563.8603610249652,3.101012732806298E-8,1.3345367465359242E-8,7.57093232050217E-7,2.122527935752412E-6,9.299694199390251E-7,9.30462789368338E-7,2.122527935752412E-6,6.0033877309478956E-5,300.344785574758,0.0,0.0,1.1925596248573694E-6,NaN,2.1775231495182262E-14,0.0,15625.0,43,
water-heating,1.0,1.0,2.0,OK,232.92771007228856,7.764257002409619E-4,1.955077750612628,1.9550809199981818,1.9550804749895412,1.9550804749892285,-18.8491936590086,8.888855220021303E-11,9.576716398877926E-11,5.1680400414406956E-9,5.198537010938906E-9,5.197611381058274E-9,5.197771212892681E-9,5.198537010938906E-9,2.2761648177929666E-7,300.00230622091203,0.0,0.0,9.25629885442623E-13,3.515489888814642E-11,7.796702472249958E-12,0.0,0.0,43,
water-heating,1.0,1.0,15.0,OK,232.92771007228856,7.764257002409619E-4,1.955077750612628,1.9551015201563673,1.955098182815604,1.955098182601914,-141.3512940485836,7.178664915781275E-10,6.689811967524394E-10,3.874139829505259E-8,4.0494259155942536E-8,3.8988293725496176E-8,3.8988099289405555E-8,4.0494259155942536E-8,1.7069910328910672E-6,300.01729431408967,0.0,0.0,1.5059654891613845E-9,NaN,3.042211133206717E-13,0.0,0.0,43,
water-heating,1.0,1.0,60.0,OK,232.92771007228856,7.764257002409619E-4,1.955077750612628,1.955172817003088,1.9551594706699649,1.9551594672483903,-565.1607776794463,2.863198142830635E-9,1.2805997196922635E-9,1.5494643537821028E-7,1.8298284612615443E-7,1.5888112787709154E-7,1.5888327725459445E-7,1.8298284612615443E-7,6.826165445347824E-6,300.069144832719,0.0,0.0,2.4101722078371668E-8,NaN,2.017619071512078E-13,0.0,0.0,43,
water-heating,1.0,3.0,2.0,OK,1879.7824124814206,0.006265941374938069,5.865233251837884,5.86523475103391,5.8652345017047445,5.865234501703808,-18.84943516514276,8.389876380830221E-11,8.665111566378185E-11,1.7387550759981096E-9,1.6040760518592566E-9,1.6489198041851479E-9,1.6490794454932074E-9,1.6040760518592566E-9,4.250966515362192E-8,300.0007687512033,0.0,0.0,4.484375239983512E-11,NaN,1.071858508028254E-11,0.0,0.0,43,
water-heating,1.0,3.0,15.0,OK,1879.7824124814206,0.006265941374938069,5.865233251837884,5.865244495632799,5.8652426257174,5.865242625695126,-141.36487711922433,2.39378092519077E-10,2.488414151522614E-10,1.2905986279790986E-8,1.3004941121623485E-8,1.293336033128557E-8,1.293715800493953E-8,1.3004941121623485E-8,3.188128646304404E-7,300.0057653843672,0.0,0.0,7.158079126369414E-11,NaN,2.536674737239254E-12,0.0,0.0,43,
water-heating,1.0,3.0,60.0,OK,1879.7824124814206,0.006265941374938069,5.865233251837884,5.865278224502529,5.865270745374369,5.865270745138716,-565.378012038819,9.528511879075474E-10,8.361927759764281E-10,5.1660668087161505E-8,5.313496180178207E-8,5.190219304189721E-8,5.190372447562412E-8,5.313496180178207E-8,1.275153176573188E-6,300.0230580811429,0.0,0.0,1.2327688238682655E-9,NaN,3.4565844448362673E-13,0.0,0.0,43,
water-heating,10.0,0.002,2.0,OK,0.21855232767999994,7.285077589333331E-7,0.003910155501225256,0.004328414269875904,0.004356980904487018,0.004312857756280731,-173.0362896458443,2.034064773644619E-5,7.080864730101062E-6,3.971015934946162E-6,0.008969787219751635,5.49141529181059E-4,3.080848137314439E-4,0.008969787219751635,0.00659979217098676,309.5657794490249,0.0,0.0,0.009513704378761964,NaN,5.417370234585565E-15,0.0,15625.0,43,
water-heating,10.0,0.002,15.0,OK,0.21855232767999994,7.285077589333331E-7,0.003910155501225256,0.005750277394897729,0.006313845134337314,0.005616932901167207,-900.9737760062837,1.391032619610858E-4,5.813033456014676E-5,4.360553051177282E-6,0.16902786238870837,0.037712161711812645,0.009689697031490615,0.037712161711812645,0.09800705265795415,337.4868998128026,0.0,0.0,0.1992267525895448,NaN,4.863860614819701E-16,0.0,15625.0,43,
water-heating,10.0,0.002,60.0,OK,0.21855232767999994,7.285077589333331E-7,0.003910155501225256,0.007523188474918304,0.00854300559099561,0.007328316545060859,-1793.4925001249073,3.9573393246794704E-4,2.0217549783410212E-4,1.748234946797293E-5,0.4543968504036284,0.1097714457676377,0.021939799849555793,0.1097714457676377,0.13555650233638197,356.98499407541124,0.0,0.0,0.508364400906915,NaN,7.996595181456128E-16,0.0,15625.0,43,
water-heating,10.0,0.02,2.0,OK,2.1855232768,7.2850775893333336E-6,0.03910155501225257,0.03958626805537911,0.03953848490051626,0.03953363386248075,-186.71761558991685,3.2089442185748963E-7,1.5433435289111896E-7,2.269452551983234E-6,1.1958186298778497E-4,1.3707154660540694E-5,1.4869868469110996E-5,1.1958186298778497E-4,0.0012070638938737092,301.1283226490504,0.0,0.0,1.0587615958813862E-4,7.499624199390194E-9,3.6228288073184424E-14,0.0,0.0,43,
water-heating,10.0,0.02,15.0,OK,2.1855232768,7.2850775893333336E-6,0.03910155501225257,0.04235509907827548,0.04247912759970271,0.04220369614429756,-1323.6759082309484,1.2854600350141559E-5,4.913577988173209E-6,4.956794563087705E-6,0.005400187252775351,1.8507420162150267E-4,2.383769175395583E-4,0.005400187252775351,0.0029283020020333026,307.4776526908504,0.0,0.0,0.005584227957865879,NaN,2.919624973040836E-15,0.0,0.0,43,
water-heating,10.0,0.02,60.0,OK,2.1855232768,7.2850775893333336E-6,0.03910155501225257,0.04900909502282215,0.05025225092782942,0.048725501872771165,-4532.296505636484,8.537911028869205E-5,9.7391481755605E-6,5.645366824391882E-7,0.051893983797688135,0.005276275744223736,0.0012364729387946787,0.051893983797688135,0.025365820454925168,322.13129068207684,0.0,0.0,0.05687019670248134,NaN,7.984659806990162E-16,0.0,0.0,43,
water-heating,10.0,0.2,2.0,OK,124.82746277969507,4.1609154259898354E-4,0.39101555012252565,0.39107752998457135,0.39106953648511766,0.3910695290329571,-188.31456992804266,4.772410056903116E-9,8.935800419061479E-11,2.581801946818589E-7,4.104671282753727E-7,2.778178296294256E-7,2.7783573935436535E-7,4.104671282753727E-7,2.043967970749919E-5,300.11518446937737,0.0,0.0,1.3264933549829758E-7,NaN,2.212587035433167E-13,0.0,0.0,43,
water-heating,10.0,0.2,15.0,OK,124.82746277969507,4.1609154259898354E-4,0.39101555012252565,0.39147572715047324,0.39142023509001844,0.39141981694398076,-1403.5883396531851,1.8608718549739831E-7,8.963615373508449E-8,1.7799508873926675E-6,1.0233711352644356E-5,2.7983283639343456E-6,2.806003197696852E-6,1.0233711352644356E-5,1.4175096080342275E-4,300.85767422902524,0.0,0.0,7.435403795411349E-6,NaN,3.9850773265030407E-14,0.0,15625.0,43,
water-heating,10.0,0.2,60.0,OK,124.82746277969507,4.1609154259898354E-4,0.39101555012252565,0.39279079441854303,0.39263134127966626,0.39262470795856497,-5495.629494673501,2.7419350839244275E-6,1.2298067197514213E-6,5.03957729907178E-6,1.341075270242098E-4,1.658571190345307E-5,1.7066235514787552E-5,1.341075270242098E-4,4.05949276669829E-4,303.3472454324223,0.0,0.0,1.1752376433605382E-4,NaN,4.3029200704969825E-15,0.0,0.0,43,
water-heating,10.0,1.0,2.0,OK,2329.2771007228853,0.007764257002409618,1.955077750612628,1.9551094428991131,1.9551049932323408,1.9551049928479474,-188.4593376552013,9.552578255959251E-10,8.386015754779551E-10,5.165627845214357E-8,5.47741922566248E-8,5.209340741774295E-8,5.209195314889404E-8,5.47741922566248E-8,2.2759169766879515E-6,300.02305788420847,0.0,0.0,2.6807849785330756E-9,NaN,1.3793159374648793E-12,0.0,0.0,43,
water-heating,10.0,1.0,15.0,OK,2329.2771007228853,0.007764257002409618,1.955077750612628,1.9553152357429187,1.9552820068900116,1.955281985557042,-1411.681138787525,8.765087695878486E-9,2.0798520192581674E-9,3.856152163985057E-7,5.606473260482809E-7,4.1010313629148616E-7,4.1011864419832946E-7,5.606473260482809E-7,1.69941154753974E-5,300.1727007408929,0.0,0.0,1.505442514954644E-7,NaN,3.5563362537984836E-13,0.0,0.0,43,
water-heating,10.0,1.0,60.0,OK,2329.2771007228853,0.007764257002409618,1.955077750612628,1.9560200210640288,1.955893898273628,1.9558935582030479,-5622.402701472437,1.200407466247111E-7,5.74274193824163E-8,1.4546374810474353E-6,4.227524927134615E-6,1.8256339105771093E-6,1.8266343523272108E-6,4.227524927134615E-6,6.447929420078166E-5,300.68759515128875,0.0,0.0,2.4018954015392004E-6,NaN,1.1307229149515701E-13,0.0,0.0,43,
water-heating,10.0,3.0,2.0,SCREENED_DP,18797.824124814208,0.0626594137493807
water-heating,10.0,3.0,15.0,SCREENED_DP,18797.824124814208,0.0626594137493807
water-heating,10.0,3.0,60.0,SCREENED_DP,18797.824124814208,0.0626594137493807
water-heating,50.0,0.002,2.0,OK,1.0927616384,3.6425387946666668E-6,0.003910155501225256,0.005338418134976349,0.0057138356984384,0.00525265943568203,-676.5588255000553,1.2679845037339647E-4,1.2946406326032505E-5,1.767562815290231E-6,0.10499763678284314,0.020738947339403103,0.00505852331668815,0.020738947339403103,0.070323746467588,330.3265210935046,0.0,0.0,0.12318192075455109,NaN,4.938683461105148E-16,0.0,0.0,43,
water-heating,50.0,0.002,15.0,OK,1.0927616384,3.6425387946666668E-6,0.003910155501225256,0.00781879546923113,0.008825245510929284,0.007649493121003447,-1908.8890671946388,5.536864747607204E-4,1.6300392817702455E-4,1.9157351198184994E-5,0.4861261536953266,0.11257915150496525,0.019519177819258188,0.11257915150496525,0.1287218786651705,358.3533358379202,0.0,0.0,0.5381237859710334,NaN,0.0,0.0,46875.0,43,
water-heating,50.0,0.002,60.0,OK,1.0927616384,3.6425387946666668E-6,0.003910155501225256,0.00919894731471688,0.009789046494071106,0.009285802047657311,-2309.457194325429,9.052296801574895E-4,1.9760412609548706E-7,3.818935976220235E-8,0.5749323197385326,0.06414281479680294,0.009441240640456514,0.06414281479680294,0.06414855517328157,359.9996990152323,0.0,0.0,0.6005539159303223,NaN,5.55113256207064E-16,0.0,31250.0,43,
water-heating,50.0,0.02,2.0,OK,10.927616384000002,3.642538794666667E-5,0.03910155501225257,0.041358121094001554,0.041328062090554396,0.04120541848148958,-900.9270373895308,6.467220619381552E-6,2.7079121463483903E-6,5.780700978939311E-6,0.002583821970990843,3.8327552511332524E-5,1.7159909280065102E-4,0.002583821970990843,7.267980907265594E-4,305.2118104264552,0.0,0.0,0.00254559198478998,NaN,6.435871847481761E-15,0.0,0.0,43,
water-heating,50.0,0.02,15.0,OK,10.927616384000002,3.642538794666667E-5,0.03910155501225257,0.05019336878846051,0.05099437887418709,0.0500407061093206,-5408.289471128437,1.0560582443962939E-4,2.9530254496667185E-6,5.519873388471745E-7,0.0687270858359625,0.00401228640819172,7.760026252665936E-4,0.0687270858359625,0.015958484259194338,325.78513446104995,0.0,0.0,0.07244868736056609,NaN,2.6799161141518182E-15,0.0,15625.0,43,
water-heating,50.0,0.02,60.0,OK,10.927616384000002,3.642538794666667E-5,0.03910155501225257,0.048736375617868144,0.04816295278690953,0.04875982013796584,-11016.64174759458,1.7865592813126946E-4,2.1825703060391967E-4,1.0536537019499094E-5,0.15923914143504084,0.008797651218003837,3.6892762381388516E-4,0.008797651218003837,0.011765807852736147,354.0425794098823,0.0,0.0,0.1517767692963013,NaN,6.663134980257452E-16,0.0,15625.0,43,
water-heating,50.0,0.2,2.0,OK,624.1373138984753,0.002080457712994918,0.39101555012252565,0.3913235881607322,0.3912853946595029,0.39128520863992056,-937.967403322906,8.378740166268526E-8,3.9612586122450014E-8,1.2284650931876998E-6,5.005546818417184E-6,1.696461956423945E-6,1.698741578304908E-6,5.005546818417184E-6,9.76008152455466E-5,300.57336826632695,0.0,0.0,3.3090904757393417E-6,1.7645011563746194E-9,5.539102189943326E-14,0.0,0.0,43,
water-heating,50.0,0.2,15.0,OK,624.1373138984753,0.002080457712994918,0.39101555012252565,0.3932086918858971,0.39303405921044865,0.39302372415907766,-6821.201690047912,4.166605542804853E-6,1.8153782560610701E-6,5.526616686937039E-6,2.041408107575051E-4,2.1262321508249525E-5,2.2194014480182662E-5,2.041408107575051E-4,4.4412211391070403E-4,304.1503228430865,0.0,0.0,1.8288237775316958E-4,NaN,1.053357054035031E-14,0.0,0.0,43,
water-heating,50.0,0.2,60.0,OK,624.1373138984753,0.002080457712994918,0.39101555012252565,0.3984963544630669,0.39845858858891803,0.398338585233494,-24626.094686365148,4.4394640178495754E-5,1.1480420448625474E-5,2.7905747095939095E-6,0.002577957864068256,1.5570487996928794E-5,5.619404097079725E-5,0.002577957864068256,9.477094012509343E-5,314.78842553841037,0.0,0.0,0.002562427274314445,NaN,1.3295782175255018E-15,0.0,15625.0,43,
water-heating,50.0,1.0,2.0,OK,11646.385503614429,0.038821285012048096,1.955077750612628,1.9552361771309732,1.9552139377090936,1.95521392822714,-941.5727795789155,4.772453637442016E-9,8.864219531050222E-11,2.582008270194808E-7,3.360583620410841E-7,2.691295472815002E-7,2.6913366033809126E-7,3.360583620410841E-7,1.137428927499436E-5,300.1151933841848,0.0,0.0,6.692883277211038E-8,NaN,2.0550195807907632E-13,0.0,0.0,43,
water-heating,50.0,1.0,15.0,OK,11646.385503614429,0.038821285012048096,1.955077750612628,1.9562523026867633,1.9560975694546139,1.9560970387192205,-7017.912679668735,1.8629882476160622E-7,8.973822251749199E-8,1.7808686015303194E-6,6.098820887851181E-6,2.349412145239498E-6,2.351362407884525E-6,6.098820887851181E-6,7.909676678049887E-5,300.85816451498994,0.0,0.0,3.7494175515388166E-6,NaN,2.980719231144934E-15,0.0,0.0,43,
water-heating,50.0,1.0,60.0,OK,11646.385503614429,0.038821285012048096,1.955077750612628,1.959585502189129,1.9591350524751778,1.9591267105637227,-27476.40610756144,2.7535420082924143E-6,1.2346925158299827E-6,5.045149665474964E-6,7.073925866404796E-5,1.159648204177711E-5,1.1717834530954842E-5,7.073925866404796E-5,2.2986989516305157E-4,303.35449569556675,0.0,0.0,5.9143462478371374E-5,NaN,6.4878582764304186E-15,0.0,0.0,43,
water-heating,50.0,3.0,2.0,SCREENED_DP,93989.12062407103,0.31329706874690344
water-heating,50.0,3.0,15.0,SCREENED_DP,93989.12062407103,0.31329706874690344
water-heating,50.0,3.0,60.0,SCREENED_DP,93989.12062407103,0.31329706874690344
water-heating,150.0,0.002,2.0,OK,3.2782849151999995,1.0927616383999999E-5,0.003910155501225256,0.006589764178433537,0.00747617073353817,0.006388187882857837,-1354.113774514785,1.2393703719683639E-5,1.7917468269843336E-4,1.0139700809602631E-5,0.3159835348747443,0.0781796397366153,0.01932418434930536,0.0781796397366153,0.13451263673525607,349.1405420683536,0.0,0.0,0.3655820979031364,1.361428160437116E-5,7.786887568603612E-16,0.0,15625.0,43,
water-heating,150.0,0.002,15.0,OK,3.2782849151999995,1.0927616383999999E-5,0.003910155501225256,0.008992450878828388,0.009680348199908092,0.009028294759934016,-2257.43195550641,9.020425533367842E-4,2.4177185175526258E-6,4.529585101398414E-7,0.5651361231841777,0.0764105792164809,0.003983196280637294,0.0764105792164809,0.07649720085758527,359.99485705321297,0.0,0.0,0.5960055714685007,NaN,3.742894168616283E-16,0.0,46875.0,43,
water-heating,150.0,0.002,60.0,OK,3.2782849151999995,1.0927616383999999E-5,0.003910155501225256,0.009678834127706117,0.009941116749348132,0.00983771966092047,-2429.948224631234,9.054996408299189E-4,1.8714281492786787E-15,0.0,0.5960096588459708,0.027098575942240695,0.016415771891318657,0.027098575942240695,0.027098575942242714,360.0,0.0,0.0,0.6066683854727223,NaN,3.644106209692416E-16,0.0,31250.0,43,
water-heating,150.0,0.02,2.0,OK,32.782849152000004,1.0927616384000001E-4,0.03910155501225257,0.04497666689515381,0.04563662683547688,0.04475679831906639,-2500.8626579134907,3.6919939608715795E-5,1.0514548266169887E-5,3.136556823593908E-6,0.01783452305213273,0.001736255688381958,5.930792874347456E-4,0.01783452305213273,0.014673384798867366,313.30591762782893,0.0,0.0,0.019536857760095613,NaN,1.633689256168742E-15,0.0,15625.0,43,
water-heating,150.0,0.02,15.0,OK,32.782849152000004,1.0927616384000001E-4,0.03910155501225257,0.04970012133835795,0.04900359337516812,0.049701698709870804,-10191.14583248081,1.5075388687686423E-5,1.7804469773032637E-4,1.0012492671713611E-5,0.14824396196780856,0.008739708903398055,2.968262695602662E-5,0.008739708903398055,0.014014612931181395,349.0368383968192,0.0,0.0,0.1407342292608948,NaN,1.800609112622477E-16,0.0,15625.0,43,
water-heating,150.0,0.02,60.0,OK,32.782849152000004,1.0927616384000001E-4,0.03910155501225257,0.04634371215999568,0.04631968136236449,0.04647547216179557,-11626.828301217203,8.844319613501474E-4,1.3846353585624182E-5,2.480494463273435E-6,0.1558336539395988,5.134347522802733E-4,0.002831048906207801,5.134347522802733E-4,5.185341551455419E-4,359.9582496651597,0.0,0.0,0.15540000695139197,NaN,3.1305593727376233E-16,0.0,31250.0,43,
water-heating,150.0,0.2,2.0,OK,1872.4119416954263,0.006241373138984754,0.39101555012252565,0.3919247222700342,0.3918244288560016,0.39182276103920133,-2787.158005850667,7.242998568551599E-7,3.4341478680089853E-7,3.1938436067775396E-6,3.647908791354472E-5,6.858127862133177E-6,6.9190783272456355E-6,3.647908791354472E-5,2.558996877046031E-4,301.7012262506619,0.0,0.0,2.9621163197136174E-5,NaN,4.2421391917455844E-15,0.0,0.0,43,
water-heating,150.0,0.2,15.0,OK,1872.4119416954263,0.006241373138984754,0.39101555012252565,0.3969134379513241,0.3968233721939252,0.39674902729843053,-19098.96358402622,2.8525447740346083E-5,9.00121812197426E-6,3.516247025713042E-6,0.001551949921493898,2.6840182705703337E-5,4.6100377851228004E-5,0.001551949921493898,2.269153643771043E-4,311.5144544869298,0.0,0.0,0.0015251506741109414,NaN,2.0953409757000234E-15,0.0,15625.0,43,
water-heating,150.0,0.2,60.0,OK,1872.4119416954263,0.006241373138984754,0.39101555012252565,0.40723529731909264,0.407541314609731,0.4071360991629964,-57615.84985374882,1.3729900084950435E-4,3.1934723729139114E-5,3.305733332007063E-6,0.014706906627291686,2.724874851146989E-4,8.401637473428172E-5,0.014706906627291686,7.514508016689823E-4,333.8528211577856,0.0,0.0,0.014975313526884639,NaN,6.312477873140826E-16,0.0,0.0,43,
water-heating,150.0,1.0,2.0,SCREENED_DP,34939.156510843284,0.11646385503614429
water-heating,150.0,1.0,15.0,SCREENED_DP,34939.156510843284,0.11646385503614429
water-heating,150.0,1.0,60.0,SCREENED_DP,34939.156510843284,0.11646385503614429
water-heating,150.0,3.0,2.0,SCREENED_DP,281967.36187221314,0.9398912062407104
water-heating,150.0,3.0,15.0,SCREENED_DP,281967.36187221314,0.9398912062407104
water-heating,150.0,3.0,60.0,SCREENED_DP,281967.36187221314,0.9398912062407104
steam-condensing,1.0,0.002,2.0,OK,3.920112789023035E-4,3.920112789023035E-9,1.89083748468715E-6,7.032491423651869E-6,2.1957491816743513E-5,3.4020234803141512E-6,19.23509462815566,0.8943166999260909,0.08150086440735242,4.452776242197227E-7,0.7292851541797453,0.24199859426863457,0.5129257803957783,0.24199859426863457,2.122292014874767,304.485464651745,1.0,0.0,0.7820328887089697,1.5003767984941182E-4,0.0,0.0,93750.0,43,
steam-condensing,1.0,0.002,15.0,OK,3.920112789023035E-4,3.920112789023035E-9,1.89083748468715E-6,1.7633319913076856E-5,7.012158080447749E-5,5.462224855616003E-6,48.56085039476224,0.8950362627424544,6.905183218272952E-4,3.658001919158829E-14,0.8927690591439719,2.5939992004443186,0.6902327591988706,2.5939992004443186,2.9766522214841333,300.0000000025837,1.0,0.0,0.9701638940702126,NaN,1.628493147669748E-16,0.0,31250.0,45,
steam-condensing,1.0,0.002,60.0,OK,3.920112789023035E-4,3.920112789023035E-9,1.89083748468715E-6,3.0705407644434455E-5,7.012135448990385E-5,1.7789289886761007E-5,84.5604069050908,0.8950362627428662,5.48631737464133E-8,0.0,0.9384200494394063,1.283680949677538,0.4206463534775632,1.283680949677538,1.283680949684893,300.0,1.0,0.0,0.973034783790928,NaN,1.4717962835111778E-16,0.0,46875.0,46,
steam-condensing,1.0,0.02,2.0,OK,0.003920112789023036,3.920112789023036E-8,1.8908374846871505E-5,3.111990602534967E-5,3.575781610376003E-5,3.039474795259242E-5,24.321225879785715,0.6320973183136932,0.49196389341492636,8.60784443908813E-6,0.023630163900994473,0.008962800023695093,0.0014113278272271455,0.023630163900994473,0.14903355025019685,372.7559184237137,1.0,0.7244868285539419,0.03230343469940035,NaN,0.0,0.0,31250.0,43,
steam-condensing,1.0,0.02,15.0,OK,0.003920112789023036,3.920112789023036E-8,1.8908374846871505E-5,6.125184557088367E-5,1.6862632261890068E-4,3.3779001616126134E-5,163.61437525175623,0.8917845669427557,0.09587487074703453,3.88150955493654E-6,0.6817378871256297,0.0962380699609413,0.4314479516955043,0.0962380699609413,1.7529998655103043,319.80094328148175,1.0,0.0,0.709677923440745,NaN,0.0,0.0,15625.0,43,
steam-condensing,1.0,0.02,60.0,OK,0.003920112789023036,3.920112789023036E-8,1.8908374846871505E-5,1.1730216873328907E-4,6.389335427624892E-4,3.4342345797189674E-5,323.04100733598136,0.8950361219727845,0.012570836160410295,4.959277563449792E-9,0.838806047580722,1.2157178144634357,0.7072313988256634,1.2157178144634357,4.44690306805186,300.00088336728277,1.0,0.0,0.9272497827263653,NaN,0.0,0.0,31250.0,44,
steam-condensing,1.0,0.2,2.0,OK,0.03920112789023036,3.9201127890230355E-7,1.8908374846871503E-4,2.332297815387735E-4,2.4154568426311445E-4,2.3179988488328582E-4,33.82654505286698,0.002321253001465974,7.530401251991186E-4,4.716769577915743E-5,0.06131118319131606,0.010802920483020386,0.001974131638587527,0.06131118319131606,0.03565540673869071,373.98456861635526,1.0,1.0,0.07134338674039063,NaN,0.0,0.0,15625.0,43,
steam-condensing,1.0,0.2,15.0,OK,0.03920112789023036,3.9201127890230355E-7,1.8908374846871503E-4,2.977505328777357E-4,3.272650535287734E-4,2.944737167443722E-4,185.43710246792642,0.5435048610850977,0.5523057138019533,1.080183434210752E-5,0.027579987285833146,0.0074771458031384725,8.421427319946428E-4,0.027579987285833146,0.0991249969085938,372.7559190402925,1.0,0.7934500011855933,0.03479695121126033,NaN,0.0,0.0,15625.0,43,
steam-condensing,1.0,0.2,60.0,OK,0.03920112789023036,3.9201127890230355E-7,1.8908374846871503E-4,4.084013213134066E-4,7.891567344099971E-4,3.2378986169096077E-4,704.9248092791399,0.8325315156473433,0.14155625914661563,3.8974981278815885E-6,0.26276657943674264,0.025407425309710942,0.005650807818362569,0.025407425309710942,0.9323070059423223,372.7559147549615,1.0,0.3141438389170196,0.2810336629456475,NaN,0.0,0.0,15625.0,43,
steam-condensing,1.0,1.0,2.0,OK,0.19600563945115174,1.9600563945115174E-6,9.45418742343575E-4,0.0010002582076496932,0.0010030543722061695,9.997913316072823E-4,43.47682084724331,1.6809780647214137E-4,7.614628164092624E-5,4.807850911304781E-5,0.004651639619986684,1.738447565105911E-4,8.524788637061049E-5,0.004651639619986684,0.002795442751773519,427.3751735820801,1.0,1.0,0.004824645637151235,6.445824392093727E-10,0.0,0.0,0.0,43,
steam-condensing,1.0,1.0,15.0,OK,0.19600563945115174,1.9600563945115174E-6,9.45418742343575E-4,0.0011807309931509077,0.001195309062920614,0.0011801904088578283,226.98383112871463,0.030204904674182888,0.49916861822249714,3.4994327277646245E-5,0.04880729532862913,0.0029865483343013595,1.470392364988922E-4,0.04880729532862913,0.012346647842962978,372.7559207126587,1.0,0.9805009887770756,0.051639619443497556,NaN,0.0,0.0,0.0,43,
steam-condensing,1.0,1.0,60.0,OK,0.19600563945115174,1.9600563945115174E-6,9.45418742343575E-4,0.001259345390683981,0.0012846006556645174,0.0012589344793858732,744.9641539824047,0.5214021505091864,0.5632644220998445,1.1372372580866425E-5,0.019836524454129863,0.0015835525633019216,3.7322315235870115E-5,0.019836524454129863,0.02005427991983957,372.75591916165433,1.0,0.8070240904193895,0.021386210828455068,NaN,1.5236584561327948E-16,0.0,15625.0,43,
steam-condensing,1.0,3.0,2.0,OK,1.7174038529506748,1.717403852950675E-5,0.002836256227030725,0.0028570403161199834,0.0028570534168986623,0.0028569033543994235,45.803652608605574,2.180596089906609E-5,1.0532050517112812E-5,5.070493634466286E-5,2.5827226458007566E-4,5.057503529851555E-5,5.206305312734991E-5,2.5827226458007566E-4,4.585437106009309E-6,441.67122888338116,1.0,1.0,2.0770773410754437E-4,NaN,1.5513580966424531E-15,0.0,15625.0,43,
steam-condensing,1.0,3.0,15.0,OK,1.7174038529506748,1.717403852950675E-5,0.002836256227030725,0.002975540090841392,0.0029816785384050104,0.002975176198102061,289.547516886523,9.352537269346415E-4,3.634780171494074E-4,5.326224798657407E-5,0.00947464196511029,3.4435082474203177E-4,7.68778904422983E-5,0.00947464196511029,0.002062969200956891,399.15983885178457,1.0,1.0,0.00981561277549773,NaN,0.0,0.0,0.0,43,
steam-condensing,1.0,3.0,60.0,OK,1.7174038529506748,1.717403852950675E-5,0.002836256227030725,0.0031950898216439533,0.0032159553117862482,0.0031947329345553646,836.0464075156304,0.13434182986188278,0.5837757018182204,2.57095392127844E-5,0.020218035404382963,0.0011484357502756207,4.5792330997593495E-5,0.020218035404382963,0.006530486248289293,372.7559204429928,1.0,0.9503393728291654,0.0213419612833398,NaN,0.0,0.0,15625.0,43,
steam-condensing,10.0,0.002,2.0,OK,0.003920112789023035,3.920112789023035E-8,1.89083748468715E-6,1.9961960544878E-5,7.012135494379628E-5,7.150340734847414E-6,54.97375334810733,0.8950362627428647,1.8932022619992236E-4,2.585025371146732E-16,0.905277967039548,2.4895640252595603,0.641801679811345,2.4895640252595603,2.5127488998964376,300.0000000000088,1.0,0.0,0.972855625437792,NaN,1.4815749775242783E-16,0.0,31250.0,45,
steam-condensing,10.0,0.002,15.0,OK,0.003920112789023035,3.920112789023035E-8,1.89083748468715E-6,4.149368215140012E-5,7.012135448990385E-5,3.379251189723643E-5,114.27051180507208,0.8950362627428662,3.693537189729867E-14,0.0,0.9544307136255598,0.689928462700622,0.18559862260630514,0.689928462700622,0.6899284627006221,300.0,1.0,0.0,0.9730347837910149,NaN,0.0,0.0,31250.0,46,
steam-condensing,10.0,0.002,60.0,OK,0.003920112789023035,3.920112789023035E-8,1.89083748468715E-6,5.713604558414627E-5,7.012135448990385E-5,7.01214067893438E-5,157.3484162624024,0.8950362627428662,0.0,0.0,0.9669063991853891,0.22726999695198802,0.22727091230129892,0.22726999695198802,0.22726999695198816,300.0,1.0,0.0,0.9730347837910149,NaN,0.0,0.0,31250.0,46,
steam-condensing,10.0,0.02,2.0,OK,0.03920112789023036,3.9201127890230355E-7,1.8908374846871505E-5,7.032491423651868E-5,2.1957491816743525E-4,3.4020234803141505E-5,192.3509462815566,0.8943166999260908,0.08150086440735237,4.452776242566627E-7,0.7292851541797452,0.24199859426863496,0.5129257803957783,0.24199859426863496,2.1222920148747693,304.485464651745,1.0,0.0,0.7820328887089696,1.50037679849301E-4,0.0,0.0,31250.0,43,
steam-condensing,10.0,0.02,15.0,OK,0.03920112789023036,3.9201127890230355E-7,1.8908374846871505E-5,1.7633319913076866E-4,7.01215808044775E-4,5.462224855616002E-5,485.6085039476227,0.8950362627424544,6.905183218272947E-4,3.652149116088173E-14,0.8927690591439719,2.5939992004443173,0.6902327591988708,2.5939992004443173,2.9766522214841324,300.0000000025837,1.0,0.0,0.9701638940702125,NaN,0.0,0.0,46875.0,45,
steam-condensing,10.0,0.02,60.0,OK,0.03920112789023036,3.9201127890230355E-7,1.8908374846871505E-5,3.0705407644434463E-4,7.012135448990387E-4,1.7789289886761003E-4,845.6040690509083,0.8950362627428662,5.486317381363555E-8,0.0,0.9384200494394063,1.2836809496775379,0.4206463534775636,1.2836809496775379,1.2836809496848929,300.0,1.0,0.0,0.973034783790928,NaN,0.0,0.0,31250.0,46,
steam-condensing,10.0,0.2,2.0,OK,0.39201127890230353,3.9201127890230356E-6,1.8908374846871503E-4,3.111990602534966E-4,3.5757816103760035E-4,3.039474795259242E-4,243.21225879785732,0.6320973183136938,0.4919638934149251,8.607844439906142E-6,0.023630163900994896,0.00896280002369459,0.0014113278272278457,0.023630163900994896,0.1490335502501976,372.7559184237137,1.0,0.7244868285539414,0.03230343469940029,NaN,1.158216051959218E-16,0.0,15625.0,43,
steam-condensing,10.0,0.2,15.0,OK,0.39201127890230353,3.9201127890230356E-6,1.8908374846871503E-4,6.125184557088368E-4,0.0013407190720910122,3.652819566401269E-4,1636.1437525175627,0.8917845669427558,0.09587487074703457,3.881509555318705E-6,0.6817378871256298,0.086302196890146,0.3852008567184303,0.086302196890146,1.188863142971693,319.80094328148175,1.0,0.0,0.7070224898877241,NaN,0.0,0.0,15625.0,43,
steam-condensing,10.0,0.2,60.0,OK,0.39201127890230353,3.9201127890230356E-6,1.8908374846871503E-4,0.001142257783498933,0.004048515887109852,4.170448955977702E-4,3145.6903904277083,0.895036178847783,0.01117355772621182,3.138577877621954E-9,0.8344647746502741,1.2403827873138538,0.6348939486718916,1.2403827873138538,2.5443101772601167,300.00052646280426,1.0,0.0,0.9261129721728503,NaN,0.0,0.0,31250.0,44,
steam-condensing,10.0,1.0,2.0,OK,1.9600563945115175,1.9600563945115174E-5,9.45418742343575E-4,0.001197839979753878,0.0012113977186133248,0.0011975810740708216,284.931223759626,0.09638438171218093,0.5639933221203524,2.8281365054677414E-5,0.0417065320298501,0.002210289530095025,7.103028748363052E-5,0.0417065320298501,0.011318489187706376,372.7559205354185,1.0,0.9606770138502703,0.0438199667462368,NaN,0.0,0.0,15625.0,43,
steam-condensing,10.0,1.0,15.0,OK,1.9600563945115175,1.9600563945115174E-5,9.45418742343575E-4,0.0013553484239844115,0.001436530034605758,0.0013468884104656177,1778.0439252164604,0.7796832726897239,0.2848921605857768,5.128024026547792E-6,0.010851664163736544,0.0021428961888977044,2.289757005721027E-4,0.010851664163736544,0.059897225823815334,372.7559163637563,1.0,0.49408448882185474,0.012966773902256805,NaN,0.0,0.0,15625.0,43,
steam-condensing,10.0,1.0,60.0,OK,1.9600563945115175,1.9600563945115174E-5,9.45418742343575E-4,0.0017974387916918073,0.0025278842413683166,0.0016038994162477717,4944.748207837349,0.8949245132108592,0.05649566444156631,7.967205791967713E-7,0.4734589720498235,0.3517122293354736,0.10693394954252967,0.3517122293354736,0.4063812648602017,300.7005252780387,1.0,0.0,0.6104636648815157,NaN,1.3607293386785584E-16,0.0,15625.0,43,
steam-condensing,10.0,3.0,2.0,OK,17.17403852950675,1.717403852950675E-4,0.002836256227030725,0.0030147138357680854,0.0030245658626457464,0.0030141333659569215,363.44588613414214,0.0015111426353906566,5.41541143771745E-4,4.8395330987479286E-5,0.015532139942417962,7.622158709739078E-4,9.62928914414618E-5,0.015532139942417962,0.0032679807817151897,386.9153537640375,1.0,1.0,0.016281945456154856,1.1278666379514676E-7,0.0,0.0,0.0,43,
steam-condensing,10.0,3.0,15.0,OK,17.17403852950675,1.717403852950675E-4,0.002836256227030725,0.003367473297557981,0.0034198152815645335,0.003366606485966755,1872.720123034102,0.4939873217160604,0.57505297994594,1.20968663637826E-5,0.013357227951577878,0.0013028281535069825,3.38727365963416E-5,0.013357227951577878,0.015543399867345572,372.7559192992664,1.0,0.822415742461036,0.014640981422292925,NaN,1.2125561596609391E-16,0.0,15625.0,43,
steam-condensing,10.0,3.0,60.0,OK,17.17403852950675,1.717403852950675E-4,0.002836256227030725,0.004070715583353243,0.004761596657691386,0.003912967222049745,7048.622400716168,0.8330619386509951,0.13979445669327697,3.88515264158264E-6,0.008399229139999327,0.004607413717721067,0.001056779904630796,0.008399229139999327,0.16971980974633225,372.7559147336575,1.0,0.31176103270765143,0.012946990715096451,NaN,1.284397787799695E-16,0.0,15625.0,43,
steam-condensing,50.0,0.002,2.0,OK,0.01960056394511517,1.9600563945115172E-7,1.89083748468715E-6,3.6569757635414944E-5,7.012135448990385E-5,2.5666103877381348E-5,100.71039023094511,0.8950362627428662,6.90809110599552E-11,0.0,0.9482950501466813,0.9174683953058744,0.29816040529276744,0.9174683953058744,0.9174683953058747,300.0,1.0,0.0,0.9730347837910149,NaN,0.0,0.0,31250.0,46,
steam-condensing,50.0,0.002,15.0,OK,0.01960056394511517,1.9600563945115172E-7,1.89083748468715E-6,5.856994456715999E-5,7.012135448990385E-5,7.012135483351148E-5,161.29726732044765,0.8950362627428662,0.0,0.0,0.9677165908443196,0.19722419080486378,0.19722419667148416,0.19722419080486378,0.19722419080486384,300.0,1.0,0.0,0.9730347837910149,NaN,0.0,0.0,31250.0,46,
steam-condensing,50.0,0.002,60.0,OK,0.01960056394511517,1.9600563945115172E-7,1.89083748468715E-6,7.013775482383199E-5,7.012135448990385E-5,7.012135448989266E-5,193.15415564553615,0.8950362627428662,1.4714521329047492E-16,0.0,0.9730410890762551,2.338303239009985E-4,2.338303240605039E-4,2.338303239009985E-4,2.33830323900902E-4,300.0,1.0,0.0,0.9730347837910149,NaN,0.0,0.0,31250.0,47,
steam-condensing,50.0,0.02,2.0,OK,0.1960056394511518,1.9600563945115178E-6,1.8908374846871505E-5,1.4757413673106536E-4,7.023439156666038E-4,4.084857784309176E-5,406.4081858987692,0.895036262468746,0.003034809186134613,1.68579861975566E-11,0.871872027747585,1.8933714227472216,0.7231996144133855,1.8933714227472216,3.759261556423901,300.0000017201738,1.0,0.0,0.9557167215916029,NaN,0.0,0.0,31250.0,44,
steam-condensing,50.0,0.02,15.0,OK,0.1960056394511518,1.9600563945115178E-6,1.8908374846871505E-5,3.3214048624444496E-4,7.012135448990387E-4,2.2268316005381297E-4,914.6901741776983,0.8950362627428662,4.070046804583848E-9,0.0,0.9430711532319623,1.1111956354003973,0.32955129146789663,1.1111956354003973,1.1111956354003996,300.0,1.0,0.0,0.9730347837910148,NaN,0.0,0.0,31250.0,46,
steam-condensing,50.0,0.02,60.0,OK,0.1960056394511518,1.9600563945115178E-6,1.8908374846871505E-5,4.969165265868633E-4,7.012135448990387E-4,7.135414319486997E-4,1368.471123152987,0.8950362627428662,1.661516064141406E-16,0.0,0.9619485892796801,0.41112945008171964,0.4359382185369305,0.41112945008171964,0.41112945008171964,300.0,1.0,0.0,0.9730347837910148,NaN,1.1774370268051498E-16,0.0,46875.0,46,
steam-condensing,50.0,0.2,2.0,OK,1.9600563945115177,1.9600563945115177E-5,1.8908374846871503E-4,5.02714410880206E-4,0.0011523663398891053,3.3535794923961296E-4,1166.5014037058288,0.8754259706570986,0.029570222368126828,2.8991963402960863E-6,0.5536034472155672,0.026198208066555647,0.2114823144187063,0.026198208066555647,1.292288255416071,372.7559124463857,1.0,0.05593400662901821,0.5649996762073073,1.6107238081775075E-6,1.8994316241534813E-16,0.0,15625.0,43,
steam-condensing,50.0,0.2,15.0,OK,1.9600563945115177,1.9600563945115177E-5,1.8908374846871503E-4,0.0012230227717013155,0.00727354560965204,3.54314619677124E-4,3368.113571136099,0.8950362596627763,0.00526487107045349,1.5808661360894648E-10,0.8453963749552921,1.646450760863115,0.7102959664590964,1.646450760863115,4.947187393358178,300.00001932835556,1.0,0.0,0.9415807664623673,NaN,0.0,0.0,31250.0,44,
steam-condensing,50.0,0.2,60.0,OK,1.9600563945115177,1.9600563945115177E-5,1.8908374846871503E-4,0.0016961085535953263,0.007012135448990386,0.0010175299981692557,4670.956696229441,0.8950362627428661,2.6779264074464555E-7,0.0,0.8885190761712127,3.1341209631999383,0.4000796729594067,3.1341209631999383,3.1342492107161486,300.0,1.0,0.0,0.9730339472838023,NaN,1.8839576846708683E-16,0.0,31250.0,45,
steam-condensing,50.0,1.0,2.0,OK,9.800281972557586,9.800281972557587E-5,9.45418742343575E-4,0.0013032602737681346,0.0013489818130784307,0.0013007746636591764,1204.1693921615633,0.6877520601768022,0.4352526662904182,7.28090163976272E-6,0.013987920613614252,0.0017790300685092946,1.0439208252919257E-4,0.013987920613614252,0.035082431522370304,372.7559178704674,1.0,0.6626072778182023,0.015738950615731377,NaN,0.0,0.0,15625.0,43,
steam-condensing,50.0,1.0,15.0,OK,9.800281972557586,9.800281972557587E-5,9.45418742343575E-4,0.0019173204547735386,0.0028327174472325516,0.0016613705585706903,5279.507016612547,0.8950233241939948,0.03507903206316023,2.0904730004914163E-7,0.5068454630290957,0.4565779094701396,0.13339779959258322,0.4565779094701396,0.47743557430890377,300.08118271476957,1.0,0.0,0.6614293449292393,NaN,1.1826958772183989E-16,0.0,15625.0,43,
steam-condensing,50.0,1.0,60.0,OK,9.800281972557586,9.800281972557587E-5,9.45418742343575E-4,0.0031297125243597347,0.01218640454534832,0.0016232047016860526,8618.99531250058,0.895036262742859,2.7433276584388014E-4,8.441770009586529E-16,0.6979215391237731,2.7822803025138083,0.4813566137298081,2.7822803025138083,2.8937776075268675,300.0000000000449,1.0,0.0,0.9201332432513114,NaN,0.0,0.0,31250.0,43,
steam-condensing,50.0,3.0,2.0,OK,85.87019264753373,8.587019264753372E-4,0.002836256227030725,0.003281147594577873,0.0033123959662109724,0.0032808523010299222,1297.23459788081,0.32983165370084866,0.611986071489304,1.701566186455003E-5,0.01615164948406709,0.0011162520633527608,2.7724912621839805E-5,0.01615164948406709,0.009523610484556603,372.7559199236952,1.0,0.892256924143121,0.01724864770882483,NaN,1.7508024568250365E-16,0.0,15625.0,43,
steam-condensing,50.0,3.0,15.0,OK,85.87019264753373,8.587019264753372E-4,0.002836256227030725,0.004314633145632147,0.005408311144029702,0.004017466509878468,8774.370273742914,0.8578590888052735,0.04814569584073423,3.3080303334847605E-6,0.12264581095214994,0.005860745373123201,0.0015966491252820435,0.005860745373123201,0.25348110986092137,372.7559135602844,1.0,0.1805214718916883,0.12775780038777013,NaN,0.0,0.0,31250.0,43,
steam-condensing,50.0,3.0,60.0,OK,85.87019264753373,8.587019264753372E-4,0.002836256227030725,0.007019088001106842,0.011977105830526528,0.0052420650046572995,19329.43518156734,0.8950329466819708,0.025784581640719867,7.263633226684022E-8,0.5959096351482006,0.6648483484358483,0.25314657678932506,0.6648483484358483,0.7063621126616243,300.02080847760243,1.0,0.0,0.7572809768340468,NaN,0.0,0.0,15625.0,43,
steam-condensing,150.0,0.002,2.0,OK,0.05880169183534552,5.880169183534552E-7,1.89083748468715E-6,4.96916526586863E-5,7.012135448990385E-5,7.135414319486998E-5,136.84711231529863,0.8950362627428662,0.0,0.0,0.9619485892796802,0.41112945008172,0.43593821853693127,0.41112945008172,0.4111294500817202,300.0,1.0,0.0,0.9730347837910149,2.577563906219641E-4,0.0,0.0,31250.0,46,
steam-condensing,150.0,0.002,15.0,OK,0.05880169183534552,5.880169183534552E-7,1.89083748468715E-6,7.042758835715349E-5,7.012135448990385E-5,7.012135448989266E-5,193.9523356207448,0.8950362627428662,0.0,0.0,0.9731520341844122,0.004348208910642638,0.004348208910801487,0.004348208910642638,0.0043482089106425805,300.0,1.0,0.0,0.9730347837910149,NaN,0.0,0.0,31250.0,47,
steam-condensing,150.0,0.002,60.0,OK,0.05880169183534552,5.880169183534552E-7,1.89083748468715E-6,7.012135448990385E-5,7.012135448990385E-5,7.012135448989266E-5,193.10899034675873,0.8950362627428663,0.0,0.0,0.9730347837910149,0.0,1.5954271713209786E-13,0.0,0.0,300.0,1.0,0.0,0.9730347837910149,NaN,0.0,0.0,31250.0,47,
steam-condensing,150.0,0.02,2.0,OK,0.5880169183534554,5.880169183534554E-6,1.8908374846871505E-5,2.360482796680006E-4,7.012135448990387E-4,1.0209686955020031E-4,650.0593904862467,0.8950362627428662,1.894917303767166E-5,0.0,0.9198961548312661,1.9705439654732297,0.5674746297926911,1.9705439654732297,1.970636116837149,300.0,1.0,0.0,0.9730339472838023,NaN,1.1774735529192927E-16,0.0,15625.0,45,
steam-condensing,150.0,0.02,15.0,OK,0.5880169183534554,5.880169183534554E-6,1.8908374846871505E-5,4.633981925478383E-4,7.012135448990387E-4,6.591064138187664E-4,1276.1641263548368,0.8950362627428663,1.78169618427286E-16,0.0,0.9591962697504058,0.513198705078354,0.42233272468088956,0.513198705078354,0.513198705078354,300.0,1.0,0.0,0.9730347837910148,NaN,1.1774370268051498E-16,0.0,46875.0,46,
steam-condensing,150.0,0.02,60.0,OK,0.5880169183534554,5.880169183534554E-6,1.8908374846871505E-5,6.013846791410136E-4,7.012135448990387E-4,7.012135449218854E-4,1656.1686385514918,0.8950362627428662,1.3728896330394003E-16,0.0,0.9685586023344006,0.16599835217055317,0.16599835220854336,0.16599835217055317,0.1659983521705532,300.0,1.0,0.0,0.9730347837910148,NaN,1.1774370268051498E-16,0.0,31250.0,46,
steam-condensing,150.0,0.2,2.0,OK,5.880169183534553,5.880169183534553E-5,1.8908374846871503E-4,8.51881357850822E-4,0.0016398193928365986,4.7664643184242044E-4,2344.7658230882525,0.8949802158493566,0.048635637616798955,5.587637673028538E-7,0.7779212906753807,0.495112602414902,0.4401791610218676,0.495112602414902,0.9249386991794661,300.351522554069,1.0,0.0,0.8514635560118226,NaN,0.0,0.0,15625.0,44,
steam-condensing,150.0,0.2,15.0,OK,5.880169183534553,5.880169183534553E-5,1.8908374846871503E-4,0.0015890910354620432,0.007012135451026517,7.960833011350691E-4,4376.238417803862,0.8950362627428661,5.481440915651532E-6,0.0,0.8810113805633941,3.4050449451791454,0.49903228740850564,3.4050449451791454,3.4126706995031744,300.0,1.0,0.0,0.9729881032049794,NaN,1.8871605377359434E-16,0.0,31250.0,45,
steam-condensing,150.0,0.2,60.0,OK,5.880169183534553,5.880169183534553E-5,1.8908374846871503E-4,0.002338778788042877,0.007012135448990386,0.0015674809314342101,6440.822680748467,0.8950362627428662,4.942274634760378E-15,0.0,0.9191527863022295,1.9982037997096078,0.32978657945418594,1.9982037997096078,1.9982037997096078,300.0,1.0,0.0,0.9730347837910148,NaN,0.0,0.0,31250.0,45,
steam-condensing,150.0,1.0,2.0,OK,29.40084591767276,2.9400845917672763E-4,9.45418742343575E-4,0.0015166497383141497,0.0017648898902571214,0.00145781344594258,3499.9044674228007,0.8747376533838578,0.026295252998354356,2.915215492155832E-6,0.2575595516647837,0.0033339644339460254,7.938014930403849E-4,0.0033339644339460254,0.16367665234222506,372.7559124959121,1.0,0.06147344438010006,0.26002659667354017,3.006534896337147E-7,0.0,0.0,15625.0,43,
steam-condensing,150.0,1.0,15.0,OK,29.40084591767276,2.9400845917672763E-4,9.45418742343575E-4,0.0028258290764488613,0.0055941892638406415,0.0019464864469395083,7782.122918170042,0.8950362627396834,0.0011001284791839845,2.551266479400679E-13,0.6654366853778986,0.979502096434087,0.3111804025158434,0.979502096434087,0.9796629988925938,300.00000001997273,1.0,0.0,0.830986127660693,NaN,1.1807993812099803E-16,0.0,46875.0,43,
steam-condensing,150.0,1.0,60.0,OK,29.40084591767276,2.9400845917672763E-4,9.45418742343575E-4,0.004588052611941807,0.03506067996764613,0.0016460582265051152,12635.155353102286,0.8950362627428662,5.142538594193114E-8,0.0,0.7939389927912259,6.494391019529834,0.6412294352900954,6.494391019529834,6.641734507662361,300.0,1.0,0.0,0.9725046362443867,NaN,1.536749998537052E-16,0.0,31250.0,44,
steam-condensing,150.0,3.0,2.0,OK,257.6105779426012,0.002576105779426012,0.002836256227030725,0.003601458819417546,0.0037594722999051474,0.0035828788551060167,3598.0007478516895,0.7109853966412569,0.405346622554568,6.733777978746731E-6,0.010012240541419823,0.0020593918598043135,2.4967850286383405E-4,0.010012240541419823,0.043874854166222686,372.75591757886747,1.0,0.6299923773216539,0.012046823271442427,NaN,0.0,0.0,0.0,43,
steam-condensing,150.0,3.0,15.0,OK,257.6105779426012,0.002576105779426012,0.002836256227030725,0.006335423783722505,0.009897494481108167,0.004967495314915886,17438.96178046058,0.894986163028391,0.04745006166687644,5.230389393393104E-7,0.5521041554556174,0.47211894110618186,0.21555265895561762,0.47211894110618186,0.5622466340038103,300.3142391808457,1.0,0.0,0.695747516020802,NaN,0.0,0.0,31250.0,43,
steam-condensing,150.0,3.0,60.0,OK,257.6105779426012,0.002576105779426012,0.002836256227030725,0.010361371863814417,0.044681694025674956,0.00463583474738441,28534.446799834775,0.8950362627426564,5.922202967618583E-4,1.925163658242113E-14,0.7262663415313173,2.6783034324851935,0.5525848499286419,2.6783034324851935,3.3123337925665295,300.00000000131644,1.0,0.0,0.9255815449994731,NaN,1.3864465979267973E-16,0.0,15625.0,43,
steam-sensible,1.0,0.002,2.0,OK,4.4355284591132086E-4,4.435528459113209E-9,1.7017537362184348E-6,2.7343363591267103E-6,2.759383567503041E-6,2.755235031719934E-6,0.5270494059393449,0.014210496528670995,2.1064875742463616E-16,0.0,0.37763555294201656,0.009160251368756188,0.007643051127732451,0.009160251368756188,0.009160251368756355,400.0,1.0,1.0,0.3832848190226966,2.959486986712523E-4,0.0,0.0,93750.0,43,
steam-sensible,1.0,0.002,15.0,OK,4.4355284591132086E-4,4.435528459113209E-9,1.7017537362184348E-6,2.7591187516424956E-6,2.7598353566120336E-6,2.759835356611593E-6,0.5318262671362504,0.014210496528671235,0.0,0.0,0.38322562767355134,2.5972240923356836E-4,2.597224090738695E-4,2.5972240923356836E-4,2.5972240923352477E-4,400.0,1.0,1.0,0.383385776205323,NaN,1.1102230246251565E-16,0.0,31250.0,43,
steam-sensible,1.0,0.002,60.0,OK,4.4355284591132086E-4,4.435528459113209E-9,1.7017537362184348E-6,2.759835337352055E-6,2.7598353566120336E-6,2.759835356611593E-6,0.531964390623241,0.014210496528671263,0.0,0.0,0.38338577190217604,6.9786695936942175E-9,6.978509936275636E-9,6.9786695936942175E-9,6.978669511939787E-9,400.0,1.0,1.0,0.383385776205323,NaN,1.1102230246251565E-16,0.0,31250.0,43,
steam-sensible,1.0,0.02,2.0,OK,0.0044355284591132095,4.435528459113209E-8,1.701753736218435E-5,2.532082871299113E-5,2.6119419199193917E-5,2.5313763615842447E-5,4.873385195754374,0.01394138711045303,9.090132861611831E-5,8.38221479633615E-6,0.3269640059590631,0.03118966342521216,2.8468257020583575E-4,0.03118966342521216,0.031538876363594814,400.15076781584764,1.0,1.0,0.34732084900330334,NaN,0.0,0.0,31250.0,43,
steam-sensible,1.0,0.02,15.0,OK,0.0044355284591132095,4.435528459113209E-8,1.701753736218435E-5,2.725433203649062E-5,2.757782420677896E-5,2.7481432308073457E-5,5.253333029479124,0.014210496528671058,1.6906950591483624E-16,0.0,0.37560247892336174,0.011869385382669422,0.008332630250441302,0.011869385382669422,0.01186938538266939,400.0,1.0,1.0,0.38292675902977025,NaN,0.0,0.0,46875.0,43,
steam-sensible,1.0,0.02,60.0,OK,0.0044355284591132095,4.435528459113209E-8,1.701753736218435E-5,2.7534492399220198E-5,2.759835354129472E-5,2.7598327298222266E-5,5.307334561606478,0.014210496528671063,0.0,0.0,0.38195565346008326,0.0023193143039865263,0.0023183612058843145,0.0023193143039865263,0.0023193143039865857,400.0,1.0,1.0,0.38338577565065823,NaN,1.669620053440403E-16,0.0,31250.0,43,
steam-sensible,1.0,0.2,2.0,OK,0.04435528459113209,4.435528459113209E-7,1.701753736218435E-4,1.96082597660718E-4,1.9931678127243244E-4,1.9573076069713492E-4,21.395460016081405,0.0021881241099339322,6.860619031116124E-4,3.684989277246811E-5,0.05248342051012808,0.005794706138406284,6.799284126219273E-4,0.05248342051012808,0.01649398595438111,443.7292578368997,1.0,1.0,0.05794236765501009,NaN,1.6509321848209048E-16,0.0,0.0,43,
steam-sensible,1.0,0.2,15.0,OK,0.04435528459113209,4.435528459113209E-7,1.701753736218435E-4,2.4718048375755284E-4,2.560882874004535E-4,2.467036898420487E-4,47.32325048707337,0.013309362955581404,2.766079259424938E-4,2.2541944850758373E-5,0.30734637628569594,0.03467227694337354,0.001885984069894651,0.03467227694337354,0.0360376495242961,400.6834752640432,1.0,1.0,0.33055747298019833,NaN,0.0,0.0,31250.0,43,
steam-sensible,1.0,0.2,60.0,OK,0.04435528459113209,4.435528459113209E-7,1.701753736218435E-4,2.675273269296299E-4,2.7277313180845936E-4,2.6905283453400173E-4,51.56648594842673,0.014210490677347358,2.201219183373361E-9,2.230940688483095E-10,0.36389535554611774,0.01960847808164017,0.005702248376494308,0.01960847808164017,0.019608482389574022,400.00000092692835,1.0,1.0,0.37612852567615734,NaN,1.3514165365223653E-16,0.0,31250.0,43,
steam-sensible,1.0,1.0,2.0,OK,0.2217764229556604,2.2177642295566043E-6,8.508768681092174E-4,8.833931013400445E-4,8.8449793556033E-4,8.832603858620507E-4,28.719821670368,1.484797386689808E-4,6.711017025290977E-5,3.575724399800166E-5,0.003410178989411461,7.479348519187902E-5,4.905440309997992E-5,0.003410178989411461,0.0012506710983020894,483.32895022771385,1.0,1.0,0.0034847118408598728,1.5170140805102496E-9,1.236932464138689E-15,0.0,0.0,43,
steam-sensible,1.0,1.0,15.0,OK,0.2217764229556604,2.2177642295566043E-6,8.508768681092174E-4,0.001024329879454972,0.0010504584569187014,0.001021088564345483,137.98677404604507,0.003782523139549178,9.606331721971633E-4,3.678227413336879E-5,0.09139319842030953,0.01203047157705133,0.0015616315538863176,0.01203047157705133,0.025507971589808547,430.4006325082455,1.0,1.0,0.10219422527485296,NaN,2.0352564726163128E-16,0.0,15625.0,43,
steam-sensible,1.0,1.0,60.0,OK,0.2217764229556604,2.2177642295566043E-6,8.508768681092174E-4,0.0011923350540372804,0.0012178985902378484,0.001191701018058915,226.1776630951035,0.01249262112168388,4.814618281710941E-4,3.374250858067956E-5,0.2770504705704087,0.019903180174907182,5.298636226250589E-4,0.019903180174907182,0.021439893186071462,401.6081710246485,1.0,1.0,0.2911586673299618,NaN,0.0,0.0,31250.0,43,
steam-sensible,1.0,3.0,2.0,OK,1.6112456744129473,1.6112456744129474E-5,0.0025526306043276523,0.002556222769028481,0.0025562817843984807,0.002556276052291859,30.448211693593432,1.8820197057271772E-5,9.094895159811642E-6,3.837990369280335E-5,8.222770592736814E-5,3.766053929202049E-5,3.7730409040905835E-5,8.222770592736814E-5,2.308694324874642E-5,493.9014638467445,1.0,1.0,4.456884512209057E-5,NaN,5.834246550677073E-16,0.0,0.0,43,
steam-sensible,1.0,3.0,15.0,OK,1.6112456744129473,1.6112456744129474E-5,0.0025526306043276523,0.0026003976357979863,0.0026015794756570707,0.0026003268520512924,188.40057327459294,8.362013192815425E-4,3.2208619266084764E-4,3.776022232802872E-5,0.004056224269224937,6.0067970582588766E-5,4.362183583367133E-5,0.004056224269224937,4.5448428456280616E-4,462.7376001735516,1.0,1.0,0.004116044997337709,NaN,1.5084881008891603E-16,0.0,0.0,43,
steam-sensible,1.0,3.0,60.0,OK,1.6112456744129473,1.6112456744129474E-5,0.0025526306043276523,0.002746452827322588,0.002757403238681247,0.0027462814769128856,441.29628653013737,0.006371201349027106,0.0011383318119827142,3.705568362747955E-5,0.04689774600720657,0.002511927066819706,7.702318016071161E-5,0.04689774600720657,0.003987110664971479,416.8283802279099,1.0,1.0,0.04928587056175044,NaN,2.569746985857103E-16,0.0,31250.0,43,
steam-sensible,10.0,0.002,2.0,OK,0.004435528459113208,4.435528459113208E-8,1.7017537362184348E-6,2.7596133674531352E-6,2.7598353566120336E-6,2.759835356611593E-6,0.5319216054322489,0.014210496528671044,0.0,0.0,0.38333617444787416,8.0442123348322E-5,8.044212318865173E-5,8.0442123348322E-5,8.044212334832503E-5,400.0,1.0,1.0,0.383385776205323,NaN,1.1102230246251565E-16,0.0,31250.0,43,
steam-sensible,10.0,0.002,15.0,OK,0.004435528459113208,4.435528459113208E-8,1.7017537362184348E-6,2.7598353566120336E-6,2.7598353566120336E-6,2.759835356611593E-6,0.5319643943356447,0.014210496528671117,0.0,0.0,0.383385776205323,0.0,1.5965741746662148E-13,0.0,0.0,400.0,1.0,1.0,0.383385776205323,NaN,1.1102230246251565E-16,0.0,46875.0,43,
steam-sensible,10.0,0.002,60.0,OK,0.004435528459113208,4.435528459113208E-8,1.7017537362184348E-6,2.7598353566120336E-6,2.7598353566120336E-6,2.759835356611593E-6,0.5319643943356447,0.014210496528671117,0.0,0.0,0.383385776205323,0.0,1.5965741746662148E-13,0.0,0.0,400.0,1.0,1.0,0.383385776205323,NaN,1.1102230246251565E-16,0.0,46875.0,43,
steam-sensible,10.0,0.02,2.0,OK,0.04435528459113209,4.435528459113209E-7,1.701753736218435E-5,2.734336359126712E-5,2.7593835675030414E-5,2.7552350317199338E-5,5.270494059393452,0.014210496528670945,0.0,0.0,0.37763555294201684,0.009160251368755763,0.007643051127731941,0.009160251368755763,0.009160251368755916,400.0,1.0,1.0,0.3832848190226966,2.959486986716315E-4,1.6698934159479747E-16,0.0,31250.0,43,
steam-sensible,10.0,0.02,15.0,OK,0.04435528459113209,4.435528459113209E-7,1.701753736218435E-5,2.7591187516424962E-5,2.7598353566120347E-5,2.7598353566115935E-5,5.318262671362505,0.014210496528671148,1.670053689680919E-16,0.0,0.38322562767355134,2.597224092337353E-4,2.597224090739112E-4,2.597224092337353E-4,2.597224092337089E-4,400.0,1.0,1.0,0.3833857762053231,NaN,1.6696200519385245E-16,0.0,31250.0,43,
steam-sensible,10.0,0.02,60.0,OK,0.04435528459113209,4.435528459113209E-7,1.701753736218435E-5,2.7598353373520552E-5,2.7598353566120347E-5,2.7598353566115935E-5,5.319643906232411,0.014210496528671134,1.6696200635902515E-16,0.0,0.38338577190217604,6.978669760656222E-9,6.978509978016136E-9,6.978669760656222E-9,6.978669788162661E-9,400.0,1.0,1.0,0.3833857762053231,NaN,1.6696200519385245E-16,0.0,31250.0,43,
steam-sensible,10.0,0.2,2.0,OK,0.4435528459113209,4.435528459113209E-6,1.701753736218435E-4,2.532082871299113E-4,2.6119419199193913E-4,2.531376361584243E-4,48.73385195754375,0.013941387110452955,9.09013286154622E-5,8.3822147963726E-6,0.3269640059590633,0.031189663425211973,2.84682570206747E-4,0.031189663425211973,0.031538876363594544,400.15076781584764,1.0,1.0,0.34732084900330334,NaN,1.4139072229770642E-16,0.0,31250.0,43,
steam-sensible,10.0,0.2,15.0,OK,0.4435528459113209,4.435528459113209E-6,1.701753736218435E-4,2.7254332036490614E-4,2.757782420677897E-4,2.7481432308073465E-4,52.53333029479122,0.014210496528671197,1.3525560473186902E-16,0.0,0.37560247892336157,0.011869385382669934,0.008332630250441913,0.011869385382669934,0.011869385382670041,400.0,1.0,1.0,0.38292675902977036,NaN,0.0,0.0,31250.0,43,
steam-sensible,10.0,0.2,60.0,OK,0.4435528459113209,4.435528459113209E-6,1.701753736218435E-4,2.7534492399220194E-4,2.759835354129472E-4,2.759832729822227E-4,53.07334561606477,0.014210496528671132,0.0,0.0,0.3819556534600832,0.0023193143039867943,0.002318361205884616,0.0023193143039867943,0.002319314303986783,400.0,1.0,1.0,0.38338577565065834,NaN,1.335696042752322E-16,0.0,31250.0,43,
steam-sensible,10.0,1.0,2.0,OK,2.2177642295566042,2.2177642295566042E-5,8.508768681092174E-4,0.0010601405320891074,0.001094216392330013,0.0010557711840757718,160.87567925672673,0.005326269894208748,0.0011024840949683224,3.321786296794656E-5,0.12851860245176075,0.01828268818987752,0.002429761198018421,0.01828268818987752,0.03214277655600609,421.5004949929058,1.0,1.0,0.1441655567203991,NaN,1.7349678885412734E-16,0.0,15625.0,43,
steam-sensible,10.0,1.0,15.0,OK,2.2177642295566042,2.2177642295566042E-5,8.508768681092174E-4,0.0012384079629062187,0.0012507424858564332,0.0012408439283946313,238.6949456744688,0.014196802911030187,5.049592700434467E-6,5.056440944523524E-7,0.31289569115892946,0.009954628626201183,0.0019655877697723014,0.009954628626201183,0.009959983559269614,400.0046445125321,1.0,1.0,0.3196681421464352,NaN,1.1789763904357398E-16,0.0,31250.0,43,
steam-sensible,10.0,1.0,60.0,OK,2.2177642295566042,2.2177642295566042E-5,8.508768681092174E-4,0.0012584248754050299,0.0012638824229310175,0.0012625411713948998,242.5641895839559,0.01421049652867115,1.1717191016181198E-16,0.0,0.3238556510293404,0.004336808364687626,0.003270990641014673,0.004336808364687626,0.0043368083646876925,400.0,1.0,1.0,0.3267752975502389,NaN,0.0,0.0,31250.0,43,
steam-sensible,10.0,3.0,2.0,OK,16.112456744129474,1.6112456744129476E-4,0.0025526306043276523,0.0026213784411935302,0.002623635873489829,0.002621276657312076,234.54132268093971,0.0013570992909083812,4.7968706580098344E-4,3.8662931523299195E-5,0.0074788767559789094,2.0030989129024083E-4,4.9445649632498205E-5,0.0074788767559789094,8.611623033227746E-4,453.92514209801857,1.0,1.0,0.00767764873828502,3.007393137888567E-9,2.423113939687248E-16,0.0,15625.0,43,
steam-sensible,10.0,3.0,15.0,OK,16.112456744129474,1.6112456744129476E-4,0.0025526306043276523,0.0028648615506142935,0.0028791473328857557,0.0028656694229311948,544.8012530051623,0.012692998489800402,4.343117064012386E-4,3.1613104653826075E-5,0.10403268869551563,0.004658213072171317,2.337691866479984E-4,0.004658213072171317,0.004986552410673729,401.3592200812488,1.0,1.0,0.10818694393122823,NaN,2.077082514599813E-16,0.0,31250.0,43,
steam-sensible,10.0,3.0,60.0,OK,16.112456744129474,1.6112456744129476E-4,0.0025526306043276523,0.002958076034257802,0.0029690207369364825,0.0029634902352426796,570.1756945845093,0.014210466312025489,1.1412575410111722E-8,1.1608529068902963E-9,0.13706385430504375,0.003699934936896683,0.001830308766016263,0.003699934936896683,0.003699939606666218,400.0000054464693,1.0,1.0,0.14024489226532666,NaN,1.9865412622056258E-16,0.0,31250.0,43,
steam-sensible,50.0,0.002,2.0,OK,0.022177642295566045,2.2177642295566046E-7,1.7017537362184348E-6,2.7598353566058426E-6,2.7598353566120336E-6,2.759835356611593E-6,0.5319643943344513,0.014210496528671065,0.0,0.0,0.3833857762039397,2.243343242290934E-12,2.083685824823954E-12,2.243343242290934E-12,2.2432366469482364E-12,400.0,1.0,1.0,0.383385776205323,NaN,1.1102230246251565E-16,0.0,31250.0,43,
steam-sensible,50.0,0.002,15.0,OK,0.022177642295566045,2.2177642295566046E-7,1.7017537362184348E-6,2.7598353566120336E-6,2.7598353566120336E-6,2.759835356611593E-6,0.5319643943356447,0.014210496528671117,0.0,0.0,0.383385776205323,0.0,1.5965741746662148E-13,0.0,0.0,400.0,1.0,1.0,0.383385776205323,NaN,1.1102230246251565E-16,0.0,31250.0,43,
steam-sensible,50.0,0.002,60.0,OK,0.022177642295566045,2.2177642295566046E-7,1.7017537362184348E-6,2.7598353566120336E-6,2.7598353566120336E-6,2.759835356611593E-6,0.5319643943356447,0.014210496528671117,0.0,0.0,0.383385776205323,0.0,1.5965741746662148E-13,0.0,0.0,400.0,1.0,1.0,0.383385776205323,NaN,1.1102230246251565E-16,0.0,31250.0,43,
steam-sensible,50.0,0.02,2.0,OK,0.2217764229556605,2.217764229556605E-6,1.701753736218435E-5,2.757492589076641E-5,2.7598353566120347E-5,2.759835355115604E-5,5.315128206901196,0.014210496528671193,1.6710385622437268E-16,0.0,0.38286190035119005,8.496006642679976E-4,8.496001215898694E-4,8.496006642679976E-4,8.496006642679793E-4,400.0,1.0,1.0,0.3833857762053231,NaN,1.6696200519385245E-16,0.0,31250.0,43,
steam-sensible,50.0,0.02,15.0,OK,0.2217764229556605,2.217764229556605E-6,1.701753736218435E-5,2.759835356030087E-5,2.7598353566120347E-5,2.7598353566115935E-5,5.319643942234732,0.014210496528671198,0.0,0.0,0.3833857760753019,2.108631618459925E-10,2.1070337920698827E-10,2.108631618459925E-10,2.108631399656305E-10,400.0,1.0,1.0,0.3833857762053231,NaN,1.6696200519385245E-16,0.0,31250.0,43,
steam-sensible,50.0,0.02,60.0,OK,0.2217764229556605,2.217764229556605E-6,1.701753736218435E-5,2.7598353566120347E-5,2.7598353566120347E-5,2.7598353566115935E-5,5.319643943356449,0.014210496528671028,0.0,0.0,0.3833857762053231,0.0,1.597826389705168E-13,0.0,0.0,400.0,1.0,1.0,0.3833857762053231,NaN,1.6696200519385245E-16,0.0,31250.0,43,
steam-sensible,50.0,0.2,2.0,OK,2.2177642295566047,2.2177642295566046E-5,1.701753736218435E-4,2.7082002783132965E-4,2.750506215784633E-4,2.729610063791816E-4,52.20116183166201,0.014210496528597641,2.858441637578975E-14,2.5862091006666916E-15,0.3716292883337239,0.015621421284831702,0.007905539944705324,0.015621421284831702,0.015621421284870785,400.00000000000585,1.0,1.0,0.38129434994454575,1.5179237107562982E-4,0.0,0.0,31250.0,43,
steam-sensible,50.0,0.2,15.0,OK,2.2177642295566047,2.2177642295566046E-5,1.701753736218435E-4,2.7555086360715264E-4,2.75983535658108E-4,2.7598351970619804E-4,53.11304093422007,0.01421049652867116,1.3377933615966362E-16,0.0,0.3824175638786633,0.0015702075663685516,0.0015701496753870502,0.0015702075663685516,0.0015702075663685177,400.0,1.0,1.0,0.383385776198407,NaN,0.0,0.0,46875.0,43,
steam-sensible,50.0,0.2,60.0,OK,2.2177642295566047,2.2177642295566046E-5,1.701753736218435E-4,2.7598139444684423E-4,2.759835356612035E-4,2.7598353566115924E-4,53.196026709741304,0.014210496528671042,1.335706404610074E-16,0.0,0.38338099217546945,7.75854605534327E-6,7.7585458950585E-6,7.75854605534327E-6,7.758546055395122E-6,400.0,1.0,1.0,0.3833857762053231,NaN,1.3356960415508196E-16,0.0,31250.0,43,
steam-sensible,50.0,1.0,2.0,OK,11.088821147783023,1.1088821147783023E-4,8.508768681092174E-4,0.0012238402077393872,0.0012401968764927918,0.0012250699735286423,235.617673366308,0.013986971640080476,7.624581610430208E-5,7.106332019391402E-6,0.3039648506184709,0.013245152657097147,9.895997721930038E-4,0.013245152657097147,0.013365036260426306,400.12039719132287,1.0,1.0,0.3130634303492379,NaN,0.0,0.0,15625.0,43,
steam-sensible,50.0,1.0,15.0,OK,11.088821147783023,1.1088821147783023E-4,8.508768681092174E-4,0.0012597128688624617,0.0012642010138779495,0.0012634458964401816,242.8124531833947,0.014210496528671214,0.0,0.0,0.3245469748375508,0.0035628317582726697,0.0029633956038655884,0.0035628317582726697,0.003562831758272607,400.0,1.0,1.0,0.3269449567208115,NaN,1.1663655132978964E-16,0.0,31250.0,43,
steam-sensible,50.0,1.0,60.0,OK,11.088821147783023,1.1088821147783023E-4,8.508768681092174E-4,0.001263731242322394,0.0012644087369396897,0.001264408643111121,243.58700359224645,0.014210496528671152,0.0,0.0,0.32669475944462895,5.361065664963081E-4,5.360323192470314E-4,5.361065664963081E-4,5.361065664963413E-4,400.0,1.0,1.0,0.3270555293942081,NaN,1.1661738972417494E-16,0.0,31250.0,43,
steam-sensible,50.0,3.0,2.0,OK,80.56228372064737,8.056228372064737E-4,0.0025526306043276523,0.0028157005575029865,0.002829901250052105,0.0028158363956290655,513.4863711368181,0.010196250219225315,8.989994788836144E-4,3.7333761833429745E-5,0.08000229683813712,0.004157845880161375,2.854535304733798E-6,0.08000229683813712,0.005043395865117126,405.4575983505169,1.0,1.0,0.0838116667250961,NaN,2.2048511699567718E-16,0.0,31250.0,43,
steam-sensible,50.0,3.0,15.0,OK,80.56228372064737,8.056228372064737E-4,0.0025526306043276523,0.0029649336769877587,0.002975985441040641,0.002971348637488795,571.4975506039191,0.0142104958871099,2.393266392047758E-10,2.4088583649813325E-11,0.13905979541876365,0.003727491058567255,0.0021636100526558288,0.003727491058567255,0.0037274911539034714,400.0000000867619,1.0,1.0,0.14225702468978135,NaN,0.0,0.0,46875.0,43,
steam-sensible,50.0,3.0,60.0,OK,80.56228372064737,8.056228372064737E-4,0.0025526306043276523,0.0029862308356036317,0.0029927047004316646,0.0029924576080955795,575.6026257154826,0.014210496528671205,0.0,0.0,0.14519983723506488,0.002167905022896336,0.002085161139490221,0.002167905022896336,0.0021679050228962794,400.0,1.0,1.0,0.14704895409177401,NaN,0.0,0.0,15625.0,43,
steam-sensible,150.0,0.002,2.0,OK,0.06653292688669814,6.653292688669814E-7,1.7017537362184348E-6,2.7598353566120336E-6,2.7598353566120336E-6,2.759835356611593E-6,0.5319643943356447,0.014210496528671117,0.0,0.0,0.383385776205323,0.0,1.5965741746662148E-13,0.0,0.0,400.0,1.0,1.0,0.383385776205323,0.0,1.1102230246251565E-16,0.0,46875.0,43,
steam-sensible,150.0,0.002,15.0,OK,0.06653292688669814,6.653292688669814E-7,1.7017537362184348E-6,2.7598353566120336E-6,2.7598353566120336E-6,2.759835356611593E-6,0.5319643943356447,0.014210496528671117,0.0,0.0,0.383385776205323,0.0,1.5965741746662148E-13,0.0,0.0,400.0,1.0,1.0,0.383385776205323,NaN,1.1102230246251565E-16,0.0,15625.0,43,
steam-sensible,150.0,0.002,60.0,OK,0.06653292688669814,6.653292688669814E-7,1.7017537362184348E-6,2.7598353566120336E-6,2.7598353566120336E-6,2.759835356611593E-6,0.5319643943356447,0.014210496528671117,0.0,0.0,0.383385776205323,0.0,1.5965741746662148E-13,0.0,0.0,400.0,1.0,1.0,0.383385776205323,NaN,1.1102230246251565E-16,0.0,31250.0,43,
steam-sensible,150.0,0.02,2.0,OK,0.6653292688669814,6.653292688669814E-6,1.701753736218435E-5,2.759813944468442E-5,2.7598353566120347E-5,2.7598353566115935E-5,5.319602670974129,0.014210496528671145,0.0,0.0,0.3833809921754693,7.758546055510234E-6,7.758545895726356E-6,7.758546055510234E-6,7.758546055493338E-6,400.0,1.0,1.0,0.3833857762053231,NaN,1.6696200519385245E-16,0.0,31250.0,43,
steam-sensible,150.0,0.02,15.0,OK,0.6653292688669814,6.653292688669814E-6,1.701753736218435E-5,2.7598353566120347E-5,2.7598353566120347E-5,2.7598353566115935E-5,5.319643943356449,0.014210496528671028,0.0,0.0,0.3833857762053231,0.0,1.597826389705168E-13,0.0,0.0,400.0,1.0,1.0,0.3833857762053231,NaN,1.6696200519385245E-16,0.0,31250.0,43,
steam-sensible,150.0,0.02,60.0,OK,0.6653292688669814,6.653292688669814E-6,1.701753736218435E-5,2.7598353566120347E-5,2.7598353566120347E-5,2.7598353566115935E-5,5.319643943356449,0.014210496528671028,0.0,0.0,0.3833857762053231,0.0,1.597826389705168E-13,0.0,0.0,400.0,1.0,1.0,0.3833857762053231,NaN,1.6696200519385245E-16,0.0,31250.0,43,
steam-sensible,150.0,0.2,2.0,OK,6.653292688669814,6.653292688669814E-5,1.701753736218435E-4,2.74356979179566E-4,2.7598134935335886E-4,2.759123521370036E-4,52.8829170592917,0.014210496528671221,0.0,0.0,0.37973010881394736,0.005920644623841489,0.005669157613882305,0.005920644623841489,0.005920644623841385,400.0,1.0,1.0,0.3833808914240952,NaN,1.3357066228554639E-16,0.0,31250.0,43,
steam-sensible,150.0,0.2,15.0,OK,6.653292688669814,6.653292688669814E-5,1.701753736218435E-4,2.7597116761111256E-4,2.759835356612035E-4,2.7598353566115924E-4,53.19405546444113,0.014210496528671087,0.0,0.0,0.3833581417401988,4.481645745093295E-5,4.481645729064224E-5,4.481645745093295E-5,4.481645745090081E-5,400.0,1.0,1.0,0.3833857762053231,NaN,1.3356960415508196E-16,0.0,31250.0,43,
steam-sensible,150.0,0.2,60.0,OK,6.653292688669814,6.653292688669814E-5,1.701753736218435E-4,2.7598353565934613E-4,2.759835356612035E-4,2.7598353566115924E-4,53.196439433206486,0.01421049652867106,1.3356960415598087E-16,0.0,0.38338577620117337,6.729904505399096E-12,6.5696209804119194E-12,6.729904505399096E-12,6.72991864260153E-12,400.0,1.0,1.0,0.3833857762053231,NaN,1.3356960415508196E-16,0.0,31250.0,43,
steam-sensible,150.0,1.0,2.0,OK,33.26646344334907,3.326646344334907E-4,8.508768681092174E-4,0.001251971674280664,0.0012605319992180977,0.0012560126012511777,241.32032011379346,0.014210494732336983,6.729798899385523E-10,6.797151383272089E-11,0.32037051014824164,0.0068374744805545585,0.003227650233825107,0.0068374744805545585,0.006837474931173724,400.00000026098724,1.0,1.0,0.3249859018185717,5.0192822166920675E-5,0.0,0.0,31250.0,43,
steam-sensible,150.0,1.0,15.0,OK,33.26646344334907,3.326646344334907E-4,8.508768681092174E-4,0.0012632786033382067,0.001264408713993013,0.001264406736375342,243.49975642277343,0.014210496528671164,0.0,0.0,0.32645351084014246,8.945854475964491E-4,8.930199832042147E-4,8.945854475964491E-4,8.945854475964221E-4,400.0,1.0,1.0,0.32705551718151216,NaN,1.166173918405646E-16,0.0,31250.0,43,
steam-sensible,150.0,1.0,60.0,OK,33.26646344334907,3.326646344334907E-4,8.508768681092174E-4,0.0012643839284155493,0.0012644087371873267,0.0012644087371871243,243.71281028625984,0.01421049652867112,0.0,0.0,0.32704232552569246,1.962123309209291E-5,1.962123293209071E-5,1.962123309209291E-5,1.9621233092109403E-5,400.0,1.0,1.0,0.32705552952600564,NaN,1.166173897013352E-16,0.0,31250.0,43,
steam-sensible,150.0,3.0,2.0,OK,241.68685116194212,0.0024168685116194213,0.0025526306043276523,0.0029249148820602614,0.0029367361885271476,0.002927589253469481,563.6642141274167,0.014158421019643243,1.8719493719115543E-5,1.8354037608329874E-6,0.12714957752467168,0.0040323036991048765,9.108426875573128E-4,0.0040323036991048765,0.004041589907245229,400.02150372441264,1.0,1.0,0.13065504042098033,NaN,0.0,0.0,15625.0,43,
steam-sensible,150.0,3.0,15.0,OK,241.68685116194212,0.0024168685116194213,0.0025526306043276523,0.0029837570837791313,0.002992094958023942,0.002991353493246269,575.1258045573276,0.014210496528671126,0.0,0.0,0.1444911456751123,0.0027944212651020714,0.002545920882244295,0.0027944212651020714,0.002794421265101904,400.0,1.0,1.0,0.14687513593703713,NaN,0.0,0.0,31250.0,43,
steam-sensible,150.0,3.0,60.0,OK,241.68685116194212,0.0024168685116194213,0.0025526306043276523,0.0029915295670011775,0.002992876712545978,0.002992876699828321,576.6239679603705,0.014210496528671174,0.0,0.0,0.14671389763782083,4.503199833491251E-4,4.503157321268865E-4,4.503199833491251E-4,4.5031998334922043E-4,400.0,1.0,1.0,0.14709797646285852,NaN,0.0,0.0,31250.0,43,
methane-cooling,1.0,0.002,2.0,OK,4.326180477006946E-4,1.4420601590023153E-9,4.547526287280062E-6,1.0302754406300014E-5,1.116470010209675E-5,1.0309852290759793E-5,5.243885487475602,0.13746410904975895,1.67595592974371E-6,2.03424269787366E-7,0.558610007305961,0.08365827711856925,6.887122211343453E-4,0.08365827711856925,0.08366167549035886,300.00031972166374,1.0,1.0,0.5926852569541681,1.0907594884391955E-4,0.0,0.0,31250.0,43,
methane-cooling,1.0,0.002,15.0,OK,4.326180477006946E-4,1.4420601590023153E-9,4.547526287280062E-6,1.1322593548217763E-5,1.1501500467832187E-5,1.1493483111192706E-5,5.762970296184951,0.13749279415444254,1.5411816720417483E-16,0.0,0.598367081895661,0.015800878027859993,0.015092793205655652,0.015800878027859993,0.015800878027860014,300.0,1.0,1.0,0.6046145196447412,NaN,0.0,0.0,31250.0,43,
methane-cooling,1.0,0.002,60.0,OK,4.326180477006946E-4,1.4420601590023153E-9,4.547526287280062E-6,1.1484892757632312E-5,1.1501501914865496E-5,1.1501501914487081E-5,5.8455772995157,0.13749279415444257,0.0,0.0,0.6040427731240247,0.0014461743425638596,0.0014461743096148589,0.0014461743425638596,0.0014461743425638156,300.0,1.0,1.0,0.6046145693891976,NaN,1.5172082555528952E-16,0.0,31250.0,43,
methane-cooling,1.0,0.02,2.0,OK,0.004326180477006948,1.4420601590023159E-8,4.5475262872800636E-5,6.868356347587205E-5,7.726664607776877E-5,6.653761474503762E-5,29.879220165396422,0.056757514019019475,0.007959439793677598,3.3357545798925895E-4,0.26573481152042006,0.0770209681044244,0.021249039182914257,0.0770209681044244,0.12496559828192215,332.4265523455801,1.0,1.0,0.3182442958637106,NaN,0.0,0.0,15625.0,43,
methane-cooling,1.0,0.02,15.0,OK,0.004326180477006948,1.4420601590023159E-8,4.5475262872800636E-5,9.996032169763163E-5,1.0948204081926449E-4,9.940353279995893E-5,50.876204711498985,0.13719702219242683,2.9465937487093086E-5,3.090208634348497E-6,0.5450528218804745,0.09519708656643726,0.005571265365603624,0.09519708656643726,0.0952549867780034,300.00700545418016,1.0,1.0,0.5845978922881957,NaN,0.0,0.0,15625.0,43,
methane-cooling,1.0,0.02,60.0,OK,0.004326180477006948,1.4420601590023159E-8,4.5475262872800636E-5,1.1047205548180014E-4,1.1493993402788189E-4,1.1267643605902414E-4,56.22803393841879,0.13749279415426208,1.6301479260939375E-14,0.0,0.5883550579875603,0.04044351783440651,0.019954191742066085,0.04044351783440651,0.04044351783440666,300.0,1.0,1.0,0.6043562817621824,NaN,0.0,0.0,31250.0,43,
methane-cooling,1.0,0.2,2.0,OK,0.04326180477006947,1.4420601590023156E-7,4.547526287280063E-4,4.90427993718122E-4,4.932156223772331E-4,4.902234116820489E-4,56.256445601040376,0.0019395122919366723,8.268422715479268E-4,3.573024510037745E-4,0.008973811838529014,2.6686679435159854E-4,4.033714686070668E-4,0.008973811838529014,0.005684073288673818,459.3196930583242,1.0,1.0,0.00923821326052224,NaN,1.2627053815761726E-16,0.0,15625.0,43,
methane-cooling,1.0,0.2,15.0,OK,0.04326180477006947,1.4420601590023156E-7,4.547526287280063E-4,6.461353369246739E-4,7.118635885192438E-4,6.305573400391577E-4,257.2331752907782,0.04163976072069048,0.00765318279682249,3.1306623892860013E-4,0.20054760631709115,0.0531343761861024,0.013973391315039801,0.0531343761861024,0.10172520807700777,348.17179912325486,1.0,1.0,0.2408828239202446,NaN,0.0,0.0,15625.0,43,
methane-cooling,1.0,0.2,60.0,OK,0.04326180477006947,1.4420601590023156E-7,4.547526287280063E-4,8.68233001145919E-4,9.755529166361118E-4,8.458369344147679E-4,437.95389567038694,0.12077894479253225,0.0024986251986672888,2.1419693080230317E-4,0.47156003248653594,0.11617328694869539,0.02493198884787297,0.11617328694869539,0.12360727517676577,302.0320810452888,1.0,1.0,0.5265609975686923,NaN,1.1628405624344188E-16,0.0,15625.0,43,
methane-cooling,1.0,1.0,2.0,OK,0.44701131655832516,1.4900377218610838E-6,0.002273763143640031,0.002275681701687429,0.0022758837832383754,0.002275881763347706,61.351343115536515,9.530316867137836E-5,4.6041952241169334E-5,2.8792212314806393E-4,3.081964603943812E-4,2.8578858679805436E-4,2.8580991055214604E-4,3.081964603943812E-4,8.880044638783832E-5,490.630936832179,1.0,1.0,2.2414279341543968E-5,6.065099067759207E-8,1.969423811487752E-15,0.0,0.0,43,
methane-cooling,1.0,1.0,15.0,OK,0.44701131655832516,1.4900377218610838E-6,0.002273763143640031,0.002295524157465667,0.0022960344836063565,0.00229570858917952,394.8738750367724,0.004754755042486991,0.0018314411692144177,3.4163589592256207E-4,0.002023073673043452,3.025486916566307E-4,3.275079835231311E-4,0.002023073673043452,2.2231355702784906E-4,438.1440096387261,1.0,1.0,0.001721045681506042,NaN,1.4399692044021898E-16,0.0,0.0,43,
methane-cooling,1.0,1.0,60.0,OK,0.44701131655832516,1.4900377218610838E-6,0.002273763143640031,0.002465177607698479,0.0024862303587981894,0.002463202717825649,1001.6166277417846,0.0445522827677731,0.007778815016096498,3.03870781471211E-4,0.04742343234940206,0.004617256746955918,7.680708608093571E-4,0.04742343234940206,0.008540054490988767,344.70236329590387,1.0,1.0,0.051801508232966816,NaN,0.0,0.0,31250.0,43,
methane-cooling,1.0,3.0,2.0,OK,3.365176871404167,1.121725623801389E-5,0.006821289430920094,0.006835907282836224,0.006836058018717957,0.00683602618843248,62.33506287146626,1.0705560356057984E-5,5.198554896483129E-6,1.1756348639256029E-4,1.3480108856516674E-4,1.1738611820307331E-4,1.17423571677995E-4,1.3480108856516674E-4,2.2050603598969466E-5,496.8436043469299,1.0,1.0,1.741701487786063E-5,NaN,2.2800206518473878E-15,0.0,0.0,43,
methane-cooling,1.0,3.0,15.0,OK,3.365176871404167,1.121725623801389E-5,0.006821289430920094,0.006928244919624169,0.006930340909198141,0.006928655558955627,444.3595280784008,5.65713313947002E-4,2.603199295750263E-4,3.673822276211054E-4,0.00128381735639005,3.496944588844593E-4,3.639160888722007E-4,0.00128381735639005,3.0252821577295586E-4,477.5216483987383,1.0,1.0,9.344496693770784E-4,NaN,1.279668827827478E-16,0.0,0.0,43,
methane-cooling,1.0,3.0,60.0,OK,3.365176871404167,1.121725623801389E-5,0.006821289430920094,0.007216553096076236,0.007238555321290588,0.007215935801082965,1505.8978099135468,0.007433230518412156,0.002655170154278622,3.3827221350805605E-4,0.013104435682752503,3.3604105163503845E-4,3.572434799113397E-4,0.013104435682752503,0.0030488551696951595,424.2768550924603,1.0,1.0,0.01343596169968825,NaN,1.5093806015595252E-16,0.0,15625.0,43,
methane-cooling,10.0,0.002,2.0,OK,0.004326180477006946,1.4420601590023152E-8,4.547526287280062E-6,1.1373941191200724E-5,1.1501501902374955E-5,1.1500276589199594E-5,5.789105204236692,0.13749279415444265,0.0,0.0,0.6001802531915509,0.011215172386588222,0.01110744251927462,0.011215172386588222,0.01121517238658815,300.0,1.0,1.0,0.6046145689598121,NaN,0.0,0.0,31250.0,43,
methane-cooling,10.0,0.002,15.0,OK,0.004326180477006946,1.4420601590023152E-8,4.547526287280062E-6,1.150127582909214E-5,1.1501501914865496E-5,1.1501501914863658E-5,5.853915950354061,0.13749279415444246,0.0,0.0,0.604606797119218,1.965745163546772E-5,1.965745147570255E-5,1.965745163546772E-5,1.96574516354558E-5,300.0,1.0,1.0,0.6046145693891976,NaN,1.5172082555528952E-16,0.0,62500.0,43,
methane-cooling,10.0,0.002,60.0,OK,0.004326180477006946,1.4420601590023152E-8,4.547526287280062E-6,1.1501501914865496E-5,1.1501501914865496E-5,1.1501501914863658E-5,5.854031023423733,0.13749279415444254,0.0,0.0,0.6046145693891976,0.0,1.5976202930971987E-13,0.0,0.0,300.0,1.0,1.0,0.6046145693891976,NaN,1.5172082555528952E-16,0.0,31250.0,43,
methane-cooling,10.0,0.02,2.0,OK,0.043261804770069474,1.4420601590023158E-7,4.5475262872800636E-5,1.0302754406300019E-4,1.1164700102096753E-4,1.0309852290759794E-4,52.438854874756046,0.13746410904975906,1.6759559296759594E-6,2.0342426971961625E-7,0.5586100073059611,0.08365827711856894,6.887122211338706E-4,0.08365827711856894,0.08366167549035851,300.00031972166374,1.0,1.0,0.5926852569541681,1.090759488440889E-4,0.0,0.0,46875.0,43,
methane-cooling,10.0,0.02,15.0,OK,0.043261804770069474,1.4420601590023158E-7,4.5475262872800636E-5,1.1322593548217767E-4,1.1501500467832191E-4,1.1493483111192706E-4,57.62970296184953,0.13749279415444252,1.232945337633398E-16,0.0,0.598367081895661,0.015800878027859958,0.015092793205655403,0.015800878027859958,0.01580087802786001,300.0,1.0,1.0,0.6046145196447413,NaN,1.2137667571494093E-16,0.0,31250.0,43,
methane-cooling,10.0,0.02,60.0,OK,0.043261804770069474,1.4420601590023158E-7,4.5475262872800636E-5,1.1484892757632317E-4,1.1501501914865504E-4,1.1501501914487089E-4,58.45577299515703,0.13749279415444246,0.0,0.0,0.6040427731240249,0.0014461743425639806,0.001446174309615071,0.0014461743425639806,0.0014461743425639919,300.0,1.0,1.0,0.6046145693891977,NaN,0.0,0.0,31250.0,43,
methane-cooling,10.0,0.2,2.0,OK,0.4326180477006947,1.4420601590023155E-6,4.547526287280063E-4,6.868356347587204E-4,7.726664607776875E-4,6.653761474503754E-4,298.792201653964,0.056757514019020246,0.007959439793677008,3.335754579887836E-4,0.26573481152041967,0.0770209681044248,0.021249039182914393,0.0770209681044248,0.12496559828192184,332.4265523455802,1.0,1.0,0.3182442958637105,NaN,0.0,0.0,15625.0,43,
methane-cooling,10.0,0.2,15.0,OK,0.4326180477006947,1.4420601590023155E-6,4.547526287280063E-4,9.843405426060922E-4,0.0010368726605402947,9.850586412163426E-4,500.996220984554,0.13723098849296514,2.5508816286602636E-5,2.6855759984482923E-6,0.5380007912746039,0.05334351423681607,7.266119078401728E-4,0.05334351423681607,0.05336782918147509,300.00595172763076,1.0,1.0,0.561397395549418,NaN,0.0,0.0,31250.0,43,
methane-cooling,10.0,0.2,60.0,OK,0.4326180477006947,1.4420601590023155E-6,4.547526287280063E-4,0.0010406576553271716,0.0010570302784924793,0.0010515999901579908,529.6736238573159,0.13749279415441296,2.5756276907360096E-15,0.0,0.5630141897288624,0.015732957982383045,0.010514826633720371,0.015732957982383045,0.015732957982383118,300.0,1.0,1.0,0.5697827791872077,NaN,0.0,0.0,31250.0,43,
methane-cooling,10.0,1.0,2.0,OK,4.470113165583252,1.490037721861084E-5,0.002273763143640031,0.002308096070978314,0.0023091262007678658,0.002308202216304383,497.283235297127,0.008017428865954442,0.0028211269749593526,3.286234582659011E-4,0.0038112666109666703,2.2553438831711173E-4,3.179973499951901E-4,0.0038112666109666703,4.463114869890392E-4,421.6833729631734,1.0,1.0,0.0035865411110052032,NaN,1.1433371942364994E-16,0.0,0.0,43,
methane-cooling,10.0,1.0,15.0,OK,4.470113165583252,1.490037721861084E-5,0.002273763143640031,0.002701038924276753,0.0027505264002742062,0.0026979030304356373,1342.946507996968,0.10724988919714383,0.004339239973532891,3.0239376888040046E-4,0.14805639606774224,0.016264928495875276,0.0013562457121022197,0.016264928495875276,0.01832164488732953,305.2427174925555,1.0,1.0,0.16169142509603435,NaN,1.665998206696307E-16,0.0,31250.0,43,
methane-cooling,10.0,1.0,60.0,OK,4.470113165583252,1.490037721861084E-5,0.002273763143640031,0.0029512860901469077,0.002989861316308166,0.002959857457610687,1502.1436040756696,0.13747523026621275,8.823221565608374E-7,1.1393762673318295E-7,0.22956815155147822,0.01307036194874025,0.002904132256787299,0.01307036194874025,0.01307064953480612,300.00016807870907,1.0,1.0,0.23950805651196772,NaN,0.0,0.0,31250.0,43,
methane-cooling,10.0,3.0,2.0,OK,33.65176871404167,1.1217256238013891E-4,0.006821289430920094,0.006962637648918532,0.006965887753536114,0.006962946298445991,581.2275675248413,9.83453987754246E-4,4.4008081467602345E-4,3.072819631147553E-4,0.001918247328215425,2.709854594969595E-4,3.0383361605217085E-4,0.001918247328215425,4.667921528398692E-4,470.61204140281814,1.0,1.0,0.0016477083737292376,5.785188675457115E-8,5.869524773393851E-16,0.0,0.0,43,
methane-cooling,10.0,3.0,15.0,OK,33.65176871404167,1.1217256238013891E-4,0.006821289430920094,0.007671650997759109,0.007758731024754081,0.007665027427712476,2813.661058408827,0.032201127309107715,0.006990817240449088,3.3961450295248214E-4,0.05857131284119943,0.005142911515615851,7.600567387087236E-4,0.05857131284119943,0.011350884838271205,361.304826221306,1.0,1.0,0.06338822432796455,NaN,0.0,0.0,0.0,43,
methane-cooling,10.0,3.0,60.0,OK,33.65176871404167,1.1217256238013891E-4,0.006821289430920094,0.008702351553127033,0.008880318065502244,0.008695043250476694,4389.194109166001,0.1206584068823631,0.002516218192993007,2.1536897433950308E-4,0.21095890087504263,0.01927307908975153,0.001017597854375829,0.01927307908975153,0.020450393355030863,302.05479797410965,1.0,1.0,0.22587860376965888,NaN,0.0,15625.0,31250.0,43,
methane-cooling,50.0,0.002,2.0,OK,0.02163090238503473,7.210300795011576E-8,4.547526287280062E-6,1.1499057291296716E-5,1.1501501914865496E-5,1.1501501914863658E-5,5.852786759646866,0.13749279415444252,0.0,0.0,0.6045305130602362,2.1259338977555543E-4,2.1259338961575943E-4,2.1259338977555543E-4,2.1259338977555077E-4,300.0,1.0,1.0,0.6046145693891976,NaN,1.5172082555528952E-16,0.0,31250.0,43,
methane-cooling,50.0,0.002,15.0,OK,0.02163090238503473,7.210300795011576E-8,4.547526287280062E-6,1.1501501914865496E-5,1.1501501914865496E-5,1.1501501914863658E-5,5.854031023423733,0.13749279415444254,0.0,0.0,0.6046145693891976,0.0,1.5976202930971987E-13,0.0,0.0,300.0,1.0,1.0,0.6046145693891976,NaN,1.5172082555528952E-16,0.0,31250.0,43,
methane-cooling,50.0,0.002,60.0,OK,0.02163090238503473,7.210300795011576E-8,4.547526287280062E-6,1.1501501914865496E-5,1.1501501914865496E-5,1.1501501914863658E-5,5.854031023423733,0.13749279415444254,0.0,0.0,0.6046145693891976,0.0,1.5976202930971987E-13,0.0,0.0,300.0,1.0,1.0,0.6046145693891976,NaN,1.5172082555528952E-16,0.0,46875.0,43,
methane-cooling,50.0,0.02,2.0,OK,0.21630902385034737,7.210300795011579E-7,4.5475262872800636E-5,1.1226171830653874E-4,1.1501334205463542E-4,1.144917213916714E-4,57.13893599060616,0.1374927941544425,0.0,0.0,0.5949174521930338,0.024510793078929918,0.019864323464598,0.024510793078929918,0.024510793078929883,300.0,1.0,1.0,0.6046088039838171,NaN,0.0,0.0,15625.0,43,
methane-cooling,50.0,0.02,15.0,OK,0.21630902385034737,7.210300795011579E-7,4.5475262872800636E-5,1.1493433213605498E-4,1.1501501914865504E-4,1.1501501914863668E-4,58.499242182565126,0.13749279415444246,0.0,0.0,0.6043369981132468,7.020270714631679E-4,7.020270713034455E-4,7.020270714631679E-4,7.020270714632644E-4,300.0,1.0,1.0,0.6046145693891977,NaN,0.0,0.0,31250.0,43,
methane-cooling,50.0,0.02,60.0,OK,0.21630902385034737,7.210300795011579E-7,4.5475262872800636E-5,1.1501501735266411E-4,1.1501501914865504E-4,1.1501501914863668E-4,58.540309320114446,0.13749279415444246,1.2137666233956127E-16,0.0,0.6046145632151462,1.5615273167751986E-8,1.561511355744101E-8,1.5615273167751986E-8,1.561527328283912E-8,300.0,1.0,1.0,0.6046145693891977,NaN,0.0,0.0,46875.0,43,
methane-cooling,50.0,0.2,2.0,OK,2.1630902385034734,7.210300795011578E-6,4.547526287280063E-4,9.439010404137986E-4,0.0010167822511616598,9.367318213378435E-4,480.1004099849102,0.1346379850615359,3.9140899767162944E-4,3.904904093342685E-5,0.5178929445865421,0.0766362561475144,0.007595190560909159,0.0766362561475144,0.07721276662213507,300.1540674489469,1.0,1.0,0.5522099012914883,5.217529792092919E-5,0.0,0.0,31250.0,43,
methane-cooling,50.0,0.2,15.0,OK,2.1630902385034734,7.210300795011578E-6,4.547526287280063E-4,0.0010441666856929647,0.0010571695797984486,0.0010543980675005718,531.4596490891108,0.13749279415444268,0.0,0.0,0.5644827258339427,0.012452891174989579,0.009798609693065523,0.012452891174989579,0.012452891174989447,300.0,1.0,1.0,0.5698394681251557,NaN,0.0,0.0,15625.0,43,
methane-cooling,50.0,0.2,60.0,OK,2.1630902385034734,7.210300795011578E-6,4.547526287280063E-4,0.0010551582754802587,0.0010572132901389224,0.0010572130338339873,537.0541451895203,0.1374927941544425,2.1168598872185825E-16,0.0,0.5690195117684841,0.0019475890076570538,0.001947346101032427,0.0019475890076570538,0.0019475890076570883,300.0,1.0,1.0,0.5698572530541592,NaN,2.112745128031248E-16,0.0,31250.0,43,
methane-cooling,50.0,1.0,2.0,OK,22.35056582791626,7.45018860930542E-5,0.002273763143640031,0.0025938798698052234,0.00263461516921226,0.0025902535556264926,1220.371033172387,0.07866243163949659,0.007127702814448169,2.664916389757254E-4,0.10112291139294145,0.011924257958776423,0.0013586955479522815,0.011924257958776423,0.015704389351730238,317.0244611534602,1.0,1.0,0.11171505027436862,NaN,1.8411971097497814E-16,0.0,15625.0,43,
methane-cooling,50.0,1.0,15.0,OK,22.35056582791626,7.45018860930542E-5,0.002273763143640031,0.002972678535405555,0.0030102901232531357,0.002984069819726573,1513.0330005184453,0.1374915321854808,1.3593213603756272E-8,4.918989180774828E-9,0.23511298963747918,0.012652411434741632,0.0038319863986929297,0.012652411434741632,0.012652423529693764,300.0000054293925,1.0,1.0,0.2446697388704017,NaN,1.483991387326675E-16,0.0,31250.0,43,
methane-cooling,50.0,1.0,60.0,OK,22.35056582791626,7.45018860930542E-5,0.002273763143640031,0.003041878429821665,0.003064798553542811,0.0030622710205482134,1548.2543783820033,0.1374927941544425,0.0,0.0,0.2525134728105047,0.007534858558594619,0.006703946655666865,0.007534858558594619,0.0075348585585946525,300.0,1.0,1.0,0.2581035575693442,NaN,0.0,0.0,31250.0,43,
methane-cooling,50.0,3.0,2.0,OK,168.25884357020834,5.608628119006944E-4,0.006821289430920094,0.007436692522481089,0.0074865900164843,0.007433816977929738,2191.6728060153473,0.01747126476415587,0.0049887247343490095,3.3365026484022864E-4,0.03132348687724801,0.0020042611843405023,4.6913367921280985E-4,0.03132348687724801,0.006709635211133305,390.6651248723372,1.0,1.0,0.03326108416165422,NaN,2.0707367462494058E-16,0.0,0.0,43,
methane-cooling,50.0,3.0,15.0,OK,168.25884357020834,5.608628119006944E-4,0.006821289430920094,0.008846050343328821,0.0090137300534784,0.008843765340769121,4489.004486585637,0.12944086613556524,0.0011917721131920313,1.1296941697844271E-4,0.22699807230573277,0.018474922206466664,3.665401990870876E-4,0.018474922206466664,0.01895531945237377,300.6782986588153,1.0,1.0,0.2410201657006895,NaN,1.989297762242204E-16,0.0,31250.0,43,
methane-cooling,50.0,3.0,60.0,OK,168.25884357020834,5.608628119006944E-4,0.006821289430920094,0.00937007435383353,0.009483431314320325,0.009412061806145351,4769.177656436091,0.13749276196378496,9.866599149663399E-10,5.791581533381998E-11,0.2720133080338365,0.012097765172269556,0.0044810158301158915,0.012097765172269556,0.01209776531180023,300.0000000467447,1.0,1.0,0.280715048469401,NaN,1.8842312701107833E-16,0.0,15625.0,43,
methane-cooling,150.0,0.002,2.0,OK,0.06489270715510419,2.163090238503473E-7,4.547526287280062E-6,1.1501501735266407E-5,1.1501501914865496E-5,1.1501501914863658E-5,5.854030932011442,0.13749279415444243,0.0,0.0,0.6046145632151462,1.5615272985686998E-8,1.5615113223655196E-8,1.5615272985686998E-8,1.561527298825744E-8,300.0,1.0,1.0,0.6046145693891976,9.810523868362999E-6,1.5172082555528952E-16,0.0,31250.0,43,
methane-cooling,150.0,0.002,15.0,OK,0.06489270715510419,2.163090238503473E-7,4.547526287280062E-6,1.1501501914865496E-5,1.1501501914865496E-5,1.1501501914863658E-5,5.854031023423733,0.13749279415444254,0.0,0.0,0.6046145693891976,0.0,1.5976202930971987E-13,0.0,0.0,300.0,1.0,1.0,0.6046145693891976,NaN,1.5172082555528952E-16,0.0,31250.0,43,
methane-cooling,150.0,0.002,60.0,OK,0.06489270715510419,2.163090238503473E-7,4.547526287280062E-6,1.1501501914865496E-5,1.1501501914865496E-5,1.1501501914863658E-5,5.854031023423733,0.13749279415444254,0.0,0.0,0.6046145693891976,0.0,1.5976202930971987E-13,0.0,0.0,300.0,1.0,1.0,0.6046145693891976,NaN,1.5172082555528952E-16,0.0,31250.0,43,
methane-cooling,150.0,0.02,2.0,OK,0.6489270715510421,2.163090238503474E-6,4.5475262872800636E-5,1.1428984281918112E-4,1.1501501914865504E-4,1.1501473333853442E-4,58.17121020177065,0.13749279415444257,0.0,0.0,0.6021058236579481,0.006345063669579351,0.006342562921362631,0.006345063669579351,0.006345063669579356,300.0,1.0,1.0,0.6046145693891977,NaN,0.0,0.0,31250.0,43,
methane-cooling,150.0,0.02,15.0,OK,0.6489270715510421,2.163090238503474E-6,4.5475262872800636E-5,1.1501495542340381E-4,1.1501501914865504E-4,1.1501501914863668E-4,58.540277799377954,0.1374927941544424,1.2137672769425264E-16,0.0,0.6046143503217226,5.540605653522208E-7,5.540604057418239E-7,5.540605653522208E-7,5.540605654011779E-7,300.0,1.0,1.0,0.6046145693891977,NaN,0.0,0.0,31250.0,43,
methane-cooling,150.0,0.02,60.0,OK,0.6489270715510421,2.163090238503474E-6,4.5475262872800636E-5,1.1501501914865504E-4,1.1501501914865504E-4,1.1501501914863668E-4,58.54031023423737,0.13749279415444252,0.0,0.0,0.6046145693891977,0.0,1.5961030848416449E-13,0.0,0.0,300.0,1.0,1.0,0.6046145693891977,NaN,0.0,0.0,31250.0,43,
methane-cooling,150.0,0.2,2.0,OK,6.48927071551042,2.1630902385034732E-5,4.547526287280063E-4,0.0010226967326884171,0.001053642331560067,0.0010304383421213341,520.5318780932298,0.13749265667350496,2.2113974710064544E-9,3.382826980640856E-10,0.5553397064779128,0.03025882070237421,0.0075697990916348355,0.03025882070237421,0.030258822466657852,300.00000030615433,1.0,1.0,0.5683994307188341,NaN,0.0,0.0,31250.0,43,
methane-cooling,150.0,0.2,15.0,OK,6.48927071551042,2.1630902385034732E-5,4.547526287280063E-4,0.0010538001564408942,0.001057213290110798,0.001057207786646548,536.3628901648468,0.13749279415444263,0.0,0.0,0.5684640717231545,0.003238881346755002,0.0032336588534611797,0.003238881346755002,0.003238881346754869,300.0,1.0,1.0,0.5698572530427164,NaN,0.0,0.0,31250.0,43,
methane-cooling,150.0,0.2,60.0,OK,6.48927071551042,2.1630902385034732E-5,4.547526287280063E-4,0.0010571441909573852,0.0010572132901389224,0.0010572132901387533,538.0649358583433,0.13749279415444243,0.0,0.0,0.5698291372001325,6.536400817246063E-5,6.536400801230408E-5,6.536400817246063E-5,6.536400817247762E-5,300.0,1.0,1.0,0.5698572530541592,NaN,2.112745128031248E-16,0.0,15625.0,43,
methane-cooling,150.0,1.0,2.0,OK,67.05169748374878,2.235056582791626E-4,0.002273763143640031,0.0028539704880842635,0.002900019675583928,0.0028555083768943704,1451.5683984906998,0.13451752052920563,4.095867612833164E-4,4.081537125264165E-5,0.20281971334905355,0.015999095730542603,4.950369369175315E-4,0.015999095730542603,0.016135130931425698,300.16325284919196,1.0,1.0,0.21537303527052548,1.9791349297312947E-5,1.5417336658478866E-16,0.0,31250.0,43,
methane-cooling,150.0,1.0,15.0,OK,67.05169748374878,2.235056582791626E-4,0.002273763143640031,0.003033686033452116,0.003062419017446921,0.0030561436655407647,1544.0846149147173,0.13749279415444265,1.4725467325234007E-16,0.0,0.25049490337249797,0.009471311031520659,0.007402754220776703,0.009471311031520659,0.009471311031520591,300.0,1.0,1.0,0.2575270951864636,NaN,0.0,0.0,31250.0,43,
methane-cooling,150.0,1.0,60.0,OK,67.05169748374878,2.235056582791626E-4,0.002273763143640031,0.0030596444497196923,0.0030655524486738746,0.0030655517605265,1557.2969219050708,0.13749279415444243,0.0,0.0,0.2568538008237065,0.001930942974345703,0.0019307180634497256,0.001930942974345703,0.0019309429743457698,300.0,1.0,1.0,0.25828600824505965,NaN,0.0,0.0,15625.0,43,
methane-cooling,150.0,3.0,2.0,OK,504.77653071062514,0.0016825884357020838,0.006821289430920094,0.008178556171585635,0.008340738235723531,0.008164645087506923,3804.1844987435056,0.07462590657673265,0.007377456130546928,2.6144617719795323E-4,0.13492873832956662,0.01468972439285011,0.001554981764781274,0.01468972439285011,0.01983015837212906,319.3614069299543,1.0,1.0,0.1474524272057081,NaN,1.1780815209788138E-16,0.0,31250.0,43,
methane-cooling,150.0,3.0,15.0,OK,504.77653071062514,0.0016825884357020838,0.006821289430920094,0.009304263282916145,0.009422207101863794,0.009334817720883352,4735.6809222081265,0.1374905750925722,4.115340406482378E-8,9.684448144071018E-9,0.2668640640973954,0.012676296182806314,0.0032839049564516195,0.012676296182806314,0.012676320022479213,300.00001130847374,1.0,1.0,0.27604118051731275,NaN,1.8964748855417738E-16,0.0,15625.0,43,
methane-cooling,150.0,3.0,60.0,OK,504.77653071062514,0.0016825884357020838,0.006821289430920094,0.00950957560466929,0.009577765723095613,0.00956882224710963,4840.180962572882,0.1374927941544425,0.0,0.0,0.28269254964745444,0.007170679456278025,0.006230208886635355,0.007170679456278025,0.007170679456277896,300.0,1.0,1.0,0.28779951106223167,NaN,1.8656728866481142E-16,0.0,31250.0,43,
methane-heating,1.0,0.002,2.0,OK,2.867441324718062E-4,9.558137749060207E-10,7.623325485906261E-6,3.0636532714546657E-6,3.124394417340561E-6,3.03863396943928E-6,-1.5593373307992842,0.11913502348620837,2.847935472835962E-16,1.423967736417981E-16,1.4883108883079255,0.01982637736843311,0.008166492679997556,0.01982637736843311,0.0198263773684333,499.99999999999994,1.0,1.0,1.4399358003749418,1.7657964164662126E-4,0.0,0.0,31250.0,43,
methane-heating,1.0,0.002,15.0,OK,2.867441324718062E-4,9.558137749060207E-10,7.623325485906261E-6,3.017410891780063E-6,3.014399071813022E-6,3.0141518377016634E-6,-1.535800898147634,0.11913502348620861,1.4457903051941472E-16,0.0,1.5264459363732952,9.981471118984493E-4,0.0010800829569741102,9.981471118984493E-4,9.981471118983864E-4,500.0,1.0,1.0,1.5289702206951592,NaN,0.0,0.0,31250.0,43,
methane-heating,1.0,0.002,60.0,OK,2.867441324718062E-4,9.558137749060207E-10,7.623325485906261E-6,3.014157495163708E-6,3.014151829945595E-6,3.0141518299341473E-6,-1.534144985305588,0.11913502348620862,0.0,0.0,1.5291729108840795,1.8795361962447493E-6,1.879539994238116E-6,1.8795361962447493E-6,1.8795361962029417E-6,500.0,1.0,1.0,1.5291776645650468,NaN,1.447353570839059E-16,0.0,31250.0,43,
methane-heating,1.0,0.02,2.0,OK,0.0028674413247180633,9.55813774906021E-9,7.623325485906263E-5,3.7136326086800985E-5,4.382928903355512E-5,3.836619712160858E-5,-17.992557972169145,0.09588134646568729,0.009903713923569896,4.48726829628022E-4,0.683708707676673,0.14684434259006982,0.028414271933603154,0.14684434259006982,0.18022684664902688,491.4975290865859,1.0,1.0,0.4681231315787212,NaN,0.0,0.0,15625.0,43,
methane-heating,1.0,0.02,15.0,OK,0.0028674413247180633,9.55813774906021E-9,7.623325485906263E-5,3.0813448495566726E-5,3.17280972301897E-5,3.059227238233898E-5,-15.683419849544755,0.11913502348358061,2.8954645528887086E-12,9.424644243696974E-13,1.4739808259482519,0.029683426530749388,0.007177908477842444,0.029683426530749388,0.029683426532235328,499.99999999947505,1.0,1.0,1.4026615969567338,NaN,0.0,0.0,46875.0,43,
methane-heating,1.0,0.02,60.0,OK,0.0028674413247180633,9.55813774906021E-9,7.623325485906263E-5,3.0285484326451522E-5,3.028744331563293E-5,3.014387933968005E-5,-15.414696803842054,0.11913502348620854,0.0,0.0,1.5171548863915658,6.468409619258365E-5,0.00467567185801263,6.468409619258365E-5,6.468409619252509E-5,500.0,1.0,1.0,1.5169920770339391,NaN,0.0,0.0,46875.0,43,
methane-heating,1.0,0.2,2.0,OK,0.028674413247180626,9.558137749060208E-8,7.623325485906262E-4,6.794464178159374E-4,6.869526970917736E-4,6.799592460553787E-4,-56.85027967835355,0.0013160710531742456,6.530455012526687E-4,2.885314311180917E-4,0.010912138779521201,0.0013479505403777093,3.615975868995835E-4,0.010912138779521201,0.011047639782935235,336.60096376093446,1.0,1.0,0.009551313540894725,NaN,1.2481666802829266E-16,0.0,0.0,43,
methane-heating,1.0,0.2,15.0,OK,0.028674413247180626,9.558137749060208E-8,7.623325485906262E-4,4.0206865413914205E-4,4.723388465345624E-4,4.1758155365912217E-4,-180.29065588313162,0.07336458977546481,0.013937881765453793,3.2393101380705653E-4,0.47066865827718013,0.11840049061563415,0.027803808510731737,0.11840049061563415,0.17477162587039738,478.7885778021905,1.0,1.0,0.31497497597451574,NaN,1.4095472140792297E-16,0.0,31250.0,43,
methane-heating,1.0,0.2,60.0,OK,0.028674413247180626,9.558137749060208E-8,7.623325485906262E-4,3.1960372248311187E-4,3.4730336645692815E-4,3.199773741567731E-4,-162.66636528055426,0.119107258235916,2.3908790358359873E-5,3.7959435038307054E-6,1.3564381513138304,0.08663147645343645,0.001172548496767825,0.08663147645343645,0.08666871511573197,499.9941161889489,1.0,1.0,1.1685715924637186,NaN,1.607941156310646E-16,0.0,31250.0,43,
methane-heating,1.0,1.0,2.0,OK,0.6535443704364855,2.178481234788285E-6,0.0038116627429531304,0.0037793908673690695,0.003779629317684599,0.0037793642530473026,-61.683951111271384,4.46988688038574E-5,2.234665623407347E-5,1.943827424989243E-4,3.484209827607646E-4,1.955304285725901E-4,1.9425463613605685E-4,3.484209827607646E-4,6.309226113352744E-5,307.2542420821712,1.0,1.0,1.5286066527678104E-4,4.8097404149617366E-8,1.151683407752575E-16,0.0,0.0,43,
methane-heating,1.0,1.0,15.0,OK,0.6535443704364855,2.178481234788285E-6,0.0038116627429531304,0.0035930134214679195,0.003603612899219687,0.0035935642612229387,-409.621271271673,0.002567152418892857,0.00125603884302949,3.029454545229814E-4,0.008068926004207002,6.990279775625587E-4,3.2358123057494995E-4,0.008068926004207002,0.002950024536072294,349.49522091125175,1.0,1.0,0.007364749860444242,NaN,1.3867373464495235E-16,0.0,0.0,43,
methane-heating,1.0,1.0,60.0,OK,0.6535443704364855,2.178481234788285E-6,0.0038116627429531304,0.003191877867205554,0.003248101081047402,0.0031968440836174306,-1083.5989956228739,0.033139170895530805,0.011475963294260316,3.6395429657684614E-4,0.08178914027878663,0.008554225598695505,0.0010946535552861425,0.08178914027878663,0.0176144627648522,439.09006635893536,1.0,1.0,0.0726137601938236,NaN,2.080522107702512E-16,0.0,31250.0,43,
methane-heating,1.0,3.0,2.0,OK,4.637937409464091,1.5459791364880302E-5,0.011434988228859392,0.011405049010978146,0.011405183301391186,0.011405106009965476,-62.44770830608816,4.97144554601833E-6,2.40983612411348E-6,7.457918687440594E-5,9.042572853558825E-5,7.465045050350672E-5,7.460943461901599E-5,9.042572853558825E-5,1.1774645852940318E-5,302.43957683802506,1.0,1.0,1.5774100488373792E-5,NaN,1.1377354216132944E-16,0.0,0.0,43,
methane-heating,1.0,3.0,15.0,OK,4.637937409464091,1.5459791364880302E-5,0.011434988228859392,0.011217692588643788,0.011222051936499753,0.011218236945443312,-449.9621593378841,2.8122270185066697E-4,1.409125465126967E-4,3.1716941568647966E-4,0.0011831072409410025,3.348612700730791E-4,3.193793462734081E-4,0.0011831072409410025,3.8861359602404793E-4,317.7310760674834,1.0,1.0,8.479620212285211E-4,NaN,1.2628704301896454E-16,0.0,0.0,43,
methane-heating,1.0,3.0,60.0,OK,4.637937409464091,1.5459791364880302E-5,0.011434988228859392,0.010665464413821258,0.010707122567384174,0.010667955580276684,-1564.8103593411436,0.004481782055498083,0.0021453329988863758,3.1491983377286855E-4,0.012253010758464009,9.989380922177664E-4,3.5595341643127385E-4,0.012253010758464009,0.0039058921343295173,363.1714473357516,1.0,1.0,0.011242841763344062,NaN,0.0,0.0,15625.0,43,
methane-heating,10.0,0.002,2.0,OK,0.0028674413247180624,9.558137749060207E-9,7.623325485906261E-6,3.015734761619203E-6,3.014177617290497E-6,3.0141518299628676E-6,-1.5349477819169364,0.11913502348620848,0.0,0.0,1.5278501222744003,5.163399475721284E-4,5.248908745162559E-4,5.163399475721284E-4,5.163399475721764E-4,500.0,1.0,1.0,1.5291560265645583,NaN,0.0,0.0,46875.0,43,
methane-heating,10.0,0.002,15.0,OK,0.0028674413247180624,9.558137749060207E-9,7.623325485906261E-6,3.014151829945595E-6,3.014151829945595E-6,3.0141518299341473E-6,-1.5341421018245578,0.11913502348620862,0.0,0.0,1.5291776645650468,0.0,3.798000505238775E-12,0.0,0.0,500.0,1.0,1.0,1.5291776645650468,NaN,1.447353570839059E-16,0.0,15625.0,43,
methane-heating,10.0,0.002,60.0,OK,0.0028674413247180624,9.558137749060207E-9,7.623325485906261E-6,3.014151829945595E-6,3.014151829945595E-6,3.0141518299341473E-6,-1.5341421018245578,0.11913502348620862,0.0,0.0,1.5291776645650468,0.0,3.798000505238775E-12,0.0,0.0,500.0,1.0,1.0,1.5291776645650468,NaN,1.447353570839059E-16,0.0,31250.0,43,
methane-heating,10.0,0.02,2.0,OK,0.028674413247180633,9.558137749060211E-8,7.623325485906263E-5,3.063653271454668E-5,3.124394417340561E-5,3.0386339694392796E-5,-15.593373307992852,0.11913502348620832,3.417522567403152E-16,1.139174189134384E-16,1.4883108883079246,0.019826377368432416,0.008166492679998347,0.019826377368432416,0.019826377368432513,499.99999999999994,1.0,1.0,1.4399358003749427,1.765796416461087E-4,0.0,0.0,31250.0,43,
methane-heating,10.0,0.02,15.0,OK,0.028674413247180633,9.558137749060211E-8,7.623325485906263E-5,3.0174108917800647E-5,3.014399071813023E-5,3.0141518377016647E-5,-15.358008981476349,0.11913502348620857,0.0,0.0,1.5264459363732943,9.9814711189868E-4,0.0010800829569741963,9.9814711189868E-4,9.981471118986104E-4,500.0,1.0,1.0,1.528970220695159,NaN,0.0,0.0,31250.0,43,
methane-heating,10.0,0.02,60.0,OK,0.028674413247180633,9.558137749060211E-8,7.623325485906263E-5,3.0141574951637097E-5,3.014151829945597E-5,3.0141518299341503E-5,-15.341449853055886,0.11913502348620851,0.0,0.0,1.5291729108840788,1.8795361959842253E-6,1.8795399936012808E-6,1.8795361959842253E-6,1.8795361959781262E-6,500.0,1.0,1.0,1.5291776645650452,NaN,0.0,0.0,31250.0,43,
methane-heating,10.0,0.2,2.0,OK,0.2867441324718063,9.55813774906021E-7,7.623325485906262E-4,3.713632608680096E-4,4.3829289033555134E-4,3.8366197121608584E-4,-179.92557972169132,0.09588134646568744,0.009903713923569863,4.487268296279433E-4,0.6837087076766737,0.1468443425900709,0.028414271933604004,0.1468443425900709,0.18022684664902802,491.4975290865859,1.0,1.0,0.4681231315787204,NaN,1.37737694048479E-16,0.0,31250.0,43,
methane-heating,10.0,0.2,15.0,OK,0.2867441324718063,9.55813774906021E-7,7.623325485906262E-4,3.0813448495566726E-4,3.1728097230189706E-4,3.059227238233898E-4,-156.83419849544754,0.11913502348358053,2.8955551635772673E-12,9.425323823861164E-13,1.4739808259482519,0.029683426530749617,0.007177908477842241,0.029683426530749617,0.02968342653223559,499.99999999947505,1.0,1.0,1.402661596956733,NaN,0.0,0.0,31250.0,43,
methane-heating,10.0,0.2,60.0,OK,0.2867441324718063,9.55813774906021E-7,7.623325485906262E-4,3.0285484326451515E-4,3.0287443315632923E-4,3.014387933968005E-4,-154.1469680384205,0.11913502348620868,1.843805933524428E-16,0.0,1.517154886391566,6.468409619237623E-5,0.0046756718580123775,6.468409619237623E-5,6.468409619248037E-5,500.0,1.0,1.0,1.5169920770339398,NaN,0.0,0.0,31250.0,43,
methane-heating,10.0,1.0,2.0,OK,6.535443704364854,2.1784812347882847E-5,0.0038116627429531304,0.003531606148750883,0.003548034475330344,0.003532595132530061,-520.992286174589,0.004536971723130545,0.0021703844615852223,3.1644168377853725E-4,0.013440467061796952,0.0011354299652763153,3.65929896776197E-4,0.013440467061796952,0.004651800310538975,363.5050954184551,1.0,1.0,0.01229108143435442,NaN,2.17964648790093E-16,0.0,0.0,43,
methane-heating,10.0,1.0,15.0,OK,6.535443704364854,2.1784812347882847E-5,0.0038116627429531304,0.002896875959454728,0.0029650289328500825,0.0029004173931452435,-1395.0308892046594,0.09371599484105349,0.01048121973597791,4.3932077360956035E-4,0.2432010213981748,0.020054008947352358,0.0014648293909222594,0.020054008947352358,0.023526369216092618,490.471379191369,1.0,1.0,0.2187599975035632,NaN,0.0,0.0,15625.0,43,
methane-heating,10.0,1.0,60.0,OK,6.535443704364854,2.1784812347882847E-5,0.0038116627429531304,0.0027040746067294773,0.0027230902714431827,0.0026981709026473386,-1376.3118762061467,0.11913056296033588,4.088972171573556E-6,7.300074844335318E-7,0.40938455358589015,0.007032556331133409,0.0021824149693120904,0.007032556331133409,0.007032226354399446,499.9990783405396,1.0,1.0,0.39954219426691007,NaN,0.0,0.0,15625.0,43,
methane-heating,10.0,3.0,2.0,OK,46.37937409464091,1.5459791364880304E-4,0.011434988228859392,0.011149111642539813,0.011156170741234862,0.011149714904577075,-590.7293245049939,5.014950410461852E-4,2.508978408547595E-4,2.9685465560549094E-4,0.0018176562429395833,3.3530768730544554E-4,3.0014263005106854E-4,0.0018176562429395833,6.331534674130147E-4,323.3501793003933,1.0,1.0,0.0014818516793745971,4.885346615817E-8,0.0,0.0,0.0,43,
methane-heating,10.0,3.0,15.0,OK,46.37937409464091,1.5459791364880304E-4,0.011434988228859392,0.009909051837060426,0.010032967543048023,0.009918849530476951,-2976.546989877416,0.024181756495464335,0.009289307840709707,3.5015919043819067E-4,0.056246360663077595,0.005327064456535802,7.467874028863813E-4,0.056246360663077595,0.012505304041719218,424.3072811724763,1.0,1.0,0.050649483145137425,NaN,1.519672695378616E-16,0.0,15625.0,43,
methane-heating,10.0,3.0,60.0,OK,46.37937409464091,1.5459791364880304E-4,0.011434988228859392,0.00871651093100444,0.008872650815490279,0.008718971698606984,-4342.157387117331,0.10722676329190002,0.006095938048843394,4.105486458434181E-4,0.2714234217688958,0.01683171113549639,6.701146227723779E-4,0.01683171113549639,0.017913117498706062,496.2510319747022,1.0,1.0,0.25037743005585134,NaN,0.0,0.0,15625.0,43,
methane-heating,50.0,0.002,2.0,OK,0.014337206623590313,4.779068874530104E-8,7.623325485906261E-6,3.0141518503296647E-6,3.014151829945595E-6,3.0141518299341473E-6,-1.5341421121996355,0.11913502348620843,0.0,0.0,1.5291776474607546,6.762787882140191E-9,6.766585882619746E-9,6.762787882140191E-9,6.762787945165226E-9,500.0,1.0,1.0,1.5291776645650468,NaN,1.447353570839059E-16,0.0,31250.0,43,
methane-heating,50.0,0.002,15.0,OK,0.014337206623590313,4.779068874530104E-8,7.623325485906261E-6,3.014151829945595E-6,3.014151829945595E-6,3.0141518299341473E-6,-1.5341421018245578,0.11913502348620862,0.0,0.0,1.5291776645650468,0.0,3.798000505238775E-12,0.0,0.0,500.0,1.0,1.0,1.5291776645650468,NaN,1.447353570839059E-16,0.0,31250.0,43,
methane-heating,50.0,0.002,60.0,OK,0.014337206623590313,4.779068874530104E-8,7.623325485906261E-6,3.014151829945595E-6,3.014151829945595E-6,3.0141518299341473E-6,-1.5341421018245578,0.11913502348620862,0.0,0.0,1.5291776645650468,0.0,3.798000505238775E-12,0.0,0.0,500.0,1.0,1.0,1.5291776645650468,NaN,1.447353570839059E-16,0.0,31250.0,43,
methane-heating,50.0,0.02,2.0,OK,0.14337206623590318,4.779068874530106E-7,7.623325485906263E-5,3.0211465700888943E-5,3.016524087017829E-5,3.0141542086354586E-5,-15.377022825820585,0.1191350234862087,0.0,0.0,1.5233219604045738,0.0015300426390533004,0.002314472764302227,0.0015300426390533004,0.0015300426390532501,500.0,1.0,1.0,1.5271886668217431,NaN,0.0,0.0,31250.0,43,
methane-heating,50.0,0.02,15.0,OK,0.14337206623590318,4.779068874530106E-7,7.623325485906263E-5,3.0141525166252548E-5,3.014151829945597E-5,3.0141518299341503E-5,-15.341424513305668,0.11913502348620851,0.0,0.0,1.5291770883716234,2.2781848429662947E-7,2.2782228191995764E-7,2.2781848429662947E-7,2.2781848427191083E-7,500.0,1.0,1.0,1.5291776645650452,NaN,0.0,0.0,31250.0,43,
methane-heating,50.0,0.02,60.0,OK,0.14337206623590318,4.779068874530106E-7,7.623325485906263E-5,3.014151829945597E-5,3.014151829945597E-5,3.0141518299341503E-5,-15.341421018245589,0.1191350234862086,0.0,0.0,1.5291776645650452,0.0,3.797624193310354E-12,0.0,0.0,500.0,1.0,1.0,1.5291776645650452,NaN,0.0,0.0,31250.0,43,
methane-heating,50.0,0.2,2.0,OK,1.4337206623590313,4.779068874530105E-6,7.623325485906262E-4,3.1177767365751135E-4,3.270500915934578E-4,3.103654102003216E-4,-158.6885037092639,0.1191350020547768,2.195515600927904E-8,5.143693736925583E-9,1.4434758818037685,0.04898494273039264,0.004529706632233254,0.04898494273039264,0.048984963409289095,499.9999956906179,1.0,1.0,1.329371740497694,9.15833993319022E-5,0.0,0.0,31250.0,43,
methane-heating,50.0,0.2,15.0,OK,1.4337206623590313,4.779068874530105E-6,7.623325485906262E-4,3.024892598540497E-4,3.0215166660191696E-4,3.0141938003029254E-4,-153.96089350290723,0.11913502348620865,0.0,0.0,1.5201970772729243,0.0011160503757907043,0.003536918382733352,0.0011160503757907043,0.0011160503757906323,500.0,1.0,1.0,1.5230128867533101,NaN,0.0,0.0,31250.0,43,
methane-heating,50.0,0.2,60.0,OK,1.4337206623590313,4.779068874530105E-6,7.623325485906262E-4,3.014537633728517E-4,3.0141521104969473E-4,3.014151829935892E-4,-153.43384681192296,0.11913502348620858,1.8523754713158522E-16,0.0,1.5288539776753047,1.2788801415404064E-4,1.2798108350312083E-4,1.2788801415404064E-4,1.2788801415396478E-4,500.0,1.0,1.0,1.5291774291541624,NaN,0.0,0.0,31250.0,43,
methane-heating,50.0,1.0,2.0,OK,32.67721852182427,1.0892406173941424E-4,0.0038116627429531304,0.003014920589906341,0.0030848835270644455,0.0030203800934451353,-1305.1361212023378,0.06566923831501789,0.014391088998852712,3.804655111412598E-4,0.16057727768695887,0.015973589947014047,0.0016089224153294412,0.015973589947014047,0.02320556547735733,473.25985450354017,1.0,1.0,0.1423301640621252,NaN,0.0,0.0,15625.0,43,
methane-heating,50.0,1.0,15.0,OK,32.67721852182427,1.0892406173941424E-4,0.0038116627429531304,0.002692351986757231,0.0027056588484053855,0.0026852517822742615,-1370.3521820879123,0.1191348134792438,2.071878904619145E-7,4.364071749944138E-8,0.4157119790166746,0.004942495531493077,0.0026371240308436573,0.004942495531493077,0.004942467297592035,499.99995748523963,1.0,1.0,0.4087492421821948,NaN,0.0,0.0,31250.0,43,
methane-heating,50.0,1.0,60.0,OK,32.67721852182427,1.0892406173941424E-4,0.0038116627429531304,0.0026582275949181724,0.0026532209866576024,0.002649577632636747,-1352.9838905525253,0.11913502348620857,1.6805349792478183E-16,0.0,0.43391135892202015,0.001883438525031389,0.003254033739609867,0.001883438525031389,0.001883438525031253,500.0,1.0,1.0,0.4366171389873092,NaN,0.0,0.0,31250.0,43,
methane-heating,50.0,3.0,2.0,OK,231.89687047320456,7.729895682440152E-4,0.011434988228859392,0.010281265038549928,0.0103631653545492,0.010287037414708915,-2305.1960271204084,0.011856819538527028,0.0052248772374249115,3.4864632476001536E-4,0.029455381255362435,0.0025816788081104024,5.069408906513462E-4,0.029455381255362435,0.007965976530337794,394.6288612904197,1.0,1.0,0.026804501832908056,NaN,0.0,0.0,0.0,43,
methane-heating,50.0,3.0,15.0,OK,231.89687047320456,7.729895682440152E-4,0.011434988228859392,0.008601993682214076,0.008736027034915293,0.008600020668604103,-4343.892403241484,0.11414245114926339,0.0029714820349091287,2.6201344363697857E-4,0.30640909457254606,0.015253385696215985,4.101230023521115E-5,0.015253385696215985,0.015581661374426705,498.61939858550676,1.0,1.0,0.286781322749954,NaN,0.0,0.0,31250.0,43,
methane-heating,50.0,3.0,60.0,OK,231.89687047320456,7.729895682440152E-4,0.011434988228859392,0.008276760755086088,0.008294449444391113,0.008252548843563934,-4212.703216416714,0.11913502125186444,2.3523398520556953E-9,6.057959376893323E-10,0.38157705139976605,0.0021371517375539063,0.002925287600717444,0.0021371517375539063,0.0021371512151242087,499.99999955226434,1.0,1.0,0.37863070838589397,NaN,0.0,0.0,15625.0,43,
methane-heating,150.0,0.002,2.0,OK,0.04301161987077094,1.4337206623590315E-7,7.623325485906261E-6,3.014151829945595E-6,3.014151829945595E-6,3.0141518299341473E-6,-1.5341421018245578,0.11913502348620862,0.0,0.0,1.5291776645650468,0.0,3.798000505238775E-12,0.0,0.0,500.0,1.0,1.0,1.5291776645650468,0.0,1.447353570839059E-16,0.0,31250.0,43,
methane-heating,150.0,0.002,15.0,OK,0.04301161987077094,1.4337206623590315E-7,7.623325485906261E-6,3.014151829945595E-6,3.014151829945595E-6,3.0141518299341473E-6,-1.5341421018245578,0.11913502348620862,0.0,0.0,1.5291776645650468,0.0,3.798000505238775E-12,0.0,0.0,500.0,1.0,1.0,1.5291776645650468,NaN,1.447353570839059E-16,0.0,31250.0,43,
methane-heating,150.0,0.002,60.0,OK,0.04301161987077094,1.4337206623590315E-7,7.623325485906261E-6,3.014151829945595E-6,3.014151829945595E-6,3.0141518299341473E-6,-1.5341421018245578,0.11913502348620862,0.0,0.0,1.5291776645650468,0.0,3.798000505238775E-12,0.0,0.0,500.0,1.0,1.0,1.5291776645650468,NaN,1.447353570839059E-16,0.0,31250.0,43,
methane-heating,150.0,0.02,2.0,OK,0.43011619870770956,1.4337206623590318E-6,7.623325485906263E-5,3.0145376337285178E-5,3.0141521104969463E-5,3.014151829935891E-5,-15.343384681192298,0.11913502348620864,1.1577346695724077E-16,0.0,1.5288539776753047,1.2788801415450373E-4,1.2798108350346813E-4,1.2788801415450373E-4,1.2788801415448175E-4,500.0,1.0,1.0,1.5291774291541635,NaN,0.0,0.0,31250.0,43,
methane-heating,150.0,0.02,15.0,OK,0.43011619870770956,1.4337206623590318E-6,7.623325485906263E-5,3.014151829945597E-5,3.014151829945597E-5,3.0141518299341503E-5,-15.341421018245589,0.1191350234862086,0.0,0.0,1.5291776645650452,0.0,3.797624193310354E-12,0.0,0.0,500.0,1.0,1.0,1.5291776645650452,NaN,0.0,0.0,31250.0,43,
methane-heating,150.0,0.02,60.0,OK,0.43011619870770956,1.4337206623590318E-6,7.623325485906263E-5,3.014151829945597E-5,3.014151829945597E-5,3.0141518299341503E-5,-15.341421018245589,0.1191350234862086,0.0,0.0,1.5291776645650452,0.0,3.797624193310354E-12,0.0,0.0,500.0,1.0,1.0,1.5291776645650452,NaN,0.0,0.0,31250.0,43,
methane-heating,150.0,0.2,2.0,OK,4.301161987077094,1.4337206623590315E-5,7.623325485906262E-4,3.046197735297369E-4,3.075597022744076E-4,3.0217341079633963E-4,-155.04528171982187,0.11913502348620857,0.0,0.0,1.502570793387967,0.009651142178344708,0.008030873062015664,0.009651142178344708,0.009651142178344745,500.0,1.0,1.0,1.4786489994837377,NaN,0.0,0.0,31250.0,43,
methane-heating,150.0,0.2,15.0,OK,4.301161987077094,1.4337206623590315E-5,7.623325485906262E-4,3.015262723767275E-4,3.014160158349259E-4,3.0141518299342865E-4,-153.4707524231473,0.11913502348620847,0.0,0.0,1.5282458559304792,3.656614759718248E-4,3.684235619774514E-4,3.656614759718248E-4,3.656614759719013E-4,500.0,1.0,1.0,1.529170676212928,NaN,0.0,0.0,31250.0,43,
methane-heating,150.0,0.2,60.0,OK,4.301161987077094,1.4337206623590315E-5,7.623325485906262E-4,3.014151913173611E-4,3.014151829945597E-4,3.014151829934151E-4,-153.41421441859288,0.11913502348620857,0.0,0.0,1.5291775947283412,2.7612415211395848E-8,2.761621269653836E-8,2.7612415211395848E-8,2.7612415273550332E-8,500.0,1.0,1.0,1.529177664565045,NaN,1.8526125706739943E-16,0.0,31250.0,43,
methane-heating,150.0,1.0,2.0,OK,98.03165556547282,3.2677218521824273E-4,0.0038116627429531304,0.0027660885553777172,0.00280976463215409,0.002764344312267552,-1404.4018787987563,0.11739371306404457,0.001169298229653657,1.250629216602582E-4,0.364684976819147,0.015683959073632316,4.967378610916979E-4,0.015683959073632316,0.015789833153193752,499.5651366316851,1.0,1.0,0.3436118239612897,1.6333888743178692E-5,0.0,0.0,31250.0,43,
methane-heating,150.0,1.0,15.0,OK,98.03165556547282,3.2677218521824273E-4,0.0038116627429531304,0.002662001066109083,0.002658511992977523,0.00265224101973847,-1354.9045107968286,0.11913502348620861,0.0,0.0,0.431878743957239,0.0013106956176617461,0.003666432179487676,0.0013106956176617461,0.0013106956176617264,500.0,1.0,1.0,0.43375796423775304,NaN,0.0,0.0,15625.0,43,
methane-heating,150.0,1.0,60.0,OK,98.03165556547282,3.2677218521824273E-4,0.0038116627429531304,0.0026504115698600546,0.0026480280847850117,0.0026480065717583877,-1349.0056924433773,0.11913502348620858,0.0,0.0,0.4381399426030997,8.992886622392495E-4,9.07405524868705E-4,8.992886622392495E-4,8.992886622392829E-4,500.0,1.0,1.0,0.43943440964773295,NaN,0.0,0.0,31250.0,43,
methane-heating,150.0,3.0,2.0,OK,695.6906114196138,0.002318968704732046,0.011434988228859392,0.009237020688404159,0.009416281703987901,0.009249544746255566,-3971.3241991030063,0.06430198091681036,0.01442511331314544,3.896672382618268E-4,0.1442364692094769,0.013293037548243342,0.0012985660485312271,0.013293037548243342,0.01940680026935317,472.20168251972586,1.0,1.0,0.12922563050276487,NaN,1.1300555096348027E-16,0.0,15625.0,43,
methane-heating,150.0,3.0,15.0,OK,695.6906114196138,0.002318968704732046,0.011434988228859392,0.008310543742778405,0.008344518514566399,0.008290370695753658,-4229.8965184264325,0.11913470292089859,3.136231407741443E-7,6.467780170410132E-8,0.3759372064084491,0.004088198442943981,0.0024273286124153618,0.004088198442943981,0.004088152693681051,499.99993498372805,1.0,1.0,0.3703350049747995,NaN,0.0,0.0,31250.0,43,
methane-heating,150.0,3.0,60.0,OK,695.6906114196138,0.002318968704732046,0.011434988228859392,0.008210367265776453,0.008195076085023272,0.00818515678580842,-4178.910288702075,0.11913502348620857,0.0,0.0,0.3927499049310782,0.0018624234773174638,0.003070566657001778,0.0018624234773174638,0.0018624234773174074,500.0,1.0,1.0,0.3953486349879226,NaN,0.0,0.0,31250.0,43,
pentane-liquid,1.0,0.002,2.0,OK,0.003779013067768367,3.779013067768368E-9,0.00227561090975815,0.0022610420098290365,0.002260835083260221,0.002260740905631662,12.224125917643413,5.468518200931962E-5,2.650831203242188E-5,1.3377346334121726E-4,4.303314543062207E-5,1.3630081076638294E-4,1.3745122224983718E-4,4.303314543062207E-5,9.151823270689E-5,337.83906158763307,0.0,0.0,1.7935840289273706E-4,2.7169959267952498E-8,1.0173482360021087E-15,0.0,0.0,43,
pentane-liquid,1.0,0.002,15.0,OK,0.003779013067768367,3.779013067768368E-9,0.00227561090975815,0.002174028647290633,0.0021775823776556996,0.0021737016276573307,76.3210877892089,0.0027884634422972606,0.0010557209866143156,1.4586102888255396E-4,0.009076945658243801,1.893500196406264E-4,1.7675524675013935E-4,0.009076945658243801,0.0016346290420300128,325.73708533012405,0.0,0.0,0.008885913090784908,NaN,5.584890681158334E-16,0.0,0.0,43,
pentane-liquid,1.0,0.002,60.0,OK,0.003779013067768367,3.779013067768368E-9,0.00227561090975815,0.001972780663687045,0.001995188815175594,0.001973757397783594,164.0988974073345,0.02688551276306436,0.003863539831215461,1.3228719596828669E-4,0.0995455127958292,0.007726931982818921,2.1197413846748113E-4,0.0995455127958292,0.011358663383626762,305.2966984159698,0.0,0.0,0.09111454492175439,NaN,5.156118873546866E-16,0.0,31250.0,43,
pentane-liquid,1.0,0.02,2.0,OK,0.09668625175229545,9.668625175229544E-8,0.022756109097581505,0.02275834899091498,0.02275829659596415,0.022758296379950978,12.5318621239736,5.547996397932867E-7,2.4089128072588777E-7,1.8326754786834996E-5,1.8599099280374333E-5,1.833312476878526E-5,1.833315098989803E-5,1.8599099280374333E-5,2.3022298695870535E-6,339.78049285146255,0.0,0.0,2.6597938782237153E-7,NaN,1.1198237077543234E-14,0.0,0.0,43,
pentane-liquid,1.0,0.02,15.0,OK,0.09668625175229545,9.668625175229544E-8,0.022756109097581505,0.02277539986823221,0.022775173690822183,0.02277515538623961,92.32857661635616,3.0469044464577632E-5,1.4917753149195277E-5,1.101860056205128E-4,1.2765701601509587E-4,1.1039067787686042E-4,1.1040724223121398E-4,1.2765701601509587E-4,9.930776686038538E-6,338.3808766824089,0.0,0.0,1.7268244391439548E-5,NaN,9.235985751196025E-16,0.0,0.0,43,
pentane-liquid,1.0,0.02,60.0,OK,0.09668625175229545,9.668625175229544E-8,0.022756109097581505,0.022857681851348587,0.022857959383420116,0.022857390908431044,347.48760015297603,4.586492775686128E-4,2.0660660121430896E-4,1.295374493544592E-4,4.901074349064771E-4,1.2855643381910205E-4,1.3056589370766497E-4,4.901074349064771E-4,1.214174181502744E-5,333.89083900436253,0.0,0.0,3.615974867707522E-4,NaN,8.180252671254073E-16,0.0,0.0,43,
pentane-liquid,1.0,0.2,2.0,OK,5.739057245767512,5.739057245767512E-6,0.227561090975815,0.22756217479482815,0.2275620950213763,0.22756209501720065,12.562914115675111,2.590864222938092E-8,2.1344499461771353E-8,1.8640037902988928E-6,1.8653222505816999E-6,1.864100534184482E-6,1.8641009595062922E-6,1.8653222505816999E-6,3.505567298968459E-7,339.97799726369544,0.0,0.0,1.2217186746242437E-9,NaN,4.241914258964185E-14,0.0,15625.0,43,
pentane-liquid,1.0,0.2,15.0,OK,5.739057245767512,5.739057245767512E-6,0.227561090975815,0.22756920691057989,0.22756861489770452,0.22756861464930184,94.05357740341354,3.1862849938478E-7,1.2232591487357302E-7,1.3846715822778466E-5,1.392074803276054E-5,1.3852115913814014E-5,1.3852118214963245E-5,1.392074803276054E-5,2.6014630160124023E-6,339.83525875251524,0.0,0.0,6.863306965976025E-8,NaN,4.532858385826741E-14,0.0,0.0,43,
pentane-liquid,1.0,0.2,60.0,OK,5.739057245767512,5.739057245767512E-6,0.227561090975815,0.2275932974813858,0.2275910978547625,0.2275910939135912,373.895626029781,4.902078654797858E-6,2.4291035075644647E-6,5.1635013500909195E-5,5.2807531167989995E-5,5.1715083124475824E-5,5.171522661162274E-5,5.2807531167989995E-5,9.664724961723534E-6,339.34472316471437,0.0,0.0,1.0925045424774027E-6,NaN,1.0642662899006756E-15,0.0,0.0,43,
pentane-liquid,1.0,1.0,2.0,OK,120.60984495841281,1.206098449584128E-4,1.137805454879075,1.1378074168831027,1.1378073562837248,1.1378073562794035,12.565679211121706,5.179497534076867E-9,5.605413637406925E-9,3.7283417662670977E-7,3.7292622892293167E-7,3.7283417789900164E-7,3.7283270515047435E-7,3.7292622892293167E-7,5.32597846181276E-8,339.9955984708058,0.0,0.0,9.205105824978082E-11,2.9680932322351863E-9,1.9494346096773847E-13,0.0,0.0,43,
pentane-liquid,1.0,1.0,15.0,OK,120.60984495841281,1.206098449584128E-4,1.137805454879075,1.1378201666197187,1.137819712372741,1.1378197121945666,94.20889788034798,3.886066267659314E-8,2.574248777907378E-8,2.7958526260214952E-6,2.8012238731928737E-6,2.79601898079705E-6,2.796018801895969E-6,2.8012238731928737E-6,3.9922563436333934E-7,339.96700070398634,0.0,0.0,5.2049069488421385E-9,NaN,5.297658971527436E-13,0.0,0.0,43,
pentane-liquid,1.0,1.0,60.0,OK,120.60984495841281,1.206098449584128E-4,1.137805454879075,1.1378642464873125,1.13786244273275,1.137862439880446,376.3695256119508,2.145863864006252E-7,6.322486381244115E-8,1.1119087660229009E-5,1.1204904385836089E-5,1.1121720498409807E-5,1.1121724625479504E-5,1.1204904385836089E-5,1.5852106858703587E-6,339.86815957500556,0.0,0.0,8.318481258451627E-8,NaN,1.918113448066231E-14,0.0,0.0,43,
pentane-liquid,1.0,3.0,2.0,OK,1032.9696836157593,0.0010329696836157594,3.4134163646372246,3.413418655342843,3.413418601921014,3.4134186019204686,12.566140140694861,1.729690441265908E-9,1.946064152058734E-9,1.2427688312699646E-7,1.2428627950600783E-7,1.242742214486645E-7,1.2427438132747874E-7,1.2428627950600783E-7,1.5650535306864727E-8,339.99853276823814,0.0,0.0,1.2058058841837612E-11,NaN,2.456847159098918E-13,0.0,0.0,43,
pentane-liquid,1.0,3.0,15.0,OK,1032.9696836157593,0.0010329696836157594,3.4134163646372246,3.4134335435793575,3.4134331430149842,3.4134331429399305,94.23481655260463,1.2953901595288612E-8,1.2763378352927439E-8,9.320463274444036E-7,9.327435086439834E-7,9.320612244785826E-7,9.320621277861165E-7,9.327435086439834E-7,1.1734939851979524E-7,339.98899712152564,0.0,0.0,6.822848013319755E-10,NaN,5.624941972848423E-13,0.0,0.0,43,
pentane-liquid,1.0,3.0,60.0,OK,1032.9696836157593,0.0010329696836157594,3.4134163646372246,3.4134850622399977,3.413483461360893,3.4134834600440245,376.78376972217745,5.18112781885252E-8,2.5961206834873084E-8,3.7276038942620504E-6,3.738750380702189E-6,3.7278638152019975E-6,3.7278641169316547E-6,3.738750380702189E-6,4.6898670292831E-7,339.9560073058857,0.0,0.0,1.088660608397662E-8,NaN,7.633788787894515E-14,0.0,0.0,43,
pentane-liquid,10.0,0.002,2.0,OK,0.03779013067768367,3.779013067768367E-8,0.00227561090975815,0.002143882608325324,0.0021498931488342834,0.0021437191270451497,94.73312996513967,0.004738481979074623,0.0016261552734974107,1.4190179608965437E-4,0.015760807899410145,6.185494514948833E-4,1.626341989179826E-4,0.015760807899410145,0.002803577250740698,321.9573636689279,0.0,0.0,0.0151328980021565,NaN,7.495830676026121E-16,0.0,15625.0,43,
pentane-liquid,10.0,0.002,15.0,OK,0.03779013067768367,3.779013067768367E-8,0.00227561090975815,0.0018442486411859055,0.001863734669609718,0.0018437683314447444,174.99218796810177,0.05132363557278342,6.684326555975509E-4,6.171041998669095E-5,0.22495605774028696,0.010272325586142014,3.166029841212156E-4,0.010272325586142014,0.010565835857838813,300.15612025538155,0.0,0.0,0.21250085419254583,NaN,1.6076558209670465E-16,0.0,15625.0,43,
pentane-liquid,10.0,0.002,60.0,OK,0.03779013067768367,3.779013067768367E-8,0.00227561090975815,0.001777031070263222,0.001779256071841272,0.0017726447686511196,169.24171553708217,0.05390658888885058,1.0973970247572152E-10,9.173146403593374E-12,0.2805689887388464,0.0012520892824316036,0.0024683314175051544,0.0012520892824316036,0.0012520892939257443,300.00000000289845,0.0,0.0,0.2789676071054125,NaN,1.6772559486491072E-16,0.0,31250.0,43,
pentane-liquid,10.0,0.02,2.0,OK,0.9668625175229547,9.668625175229546E-7,0.022756109097581505,0.022782968776255488,0.022782734605357,0.02278269804073388,122.26675763061199,5.3868531332733094E-5,2.6120327721395178E-5,1.3317602431146434E-4,1.6552355428624472E-4,1.3345771644235883E-4,1.3350170178291358E-4,1.6552355428624472E-4,1.0278331186237742E-5,337.8550271222615,0.0,0.0,3.207011784857999E-5,2.6599024040635016E-8,5.812189589382434E-15,0.0,0.0,43,
pentane-liquid,10.0,0.02,15.0,OK,0.9668625175229547,9.668625175229546E-7,0.022756109097581505,0.023067232285317544,0.023072263647034564,0.023067105358996594,772.2993863259184,0.0025066079311144,9.643711591035652E-4,1.4654487471023813E-4,0.0027979884584682976,1.0417961251026905E-4,1.476138331542446E-4,0.0027979884584682976,2.1811726932764744E-4,326.4096439319063,0.0,0.0,0.0026940895151597857,NaN,7.361049666712521E-16,0.0,0.0,43,
pentane-liquid,10.0,0.02,60.0,OK,0.9668625175229547,9.668625175229546E-7,0.022756109097581505,0.023976045618946302,0.024024910662456107,0.023974192614442044,1864.3664124599954,0.021326472495262327,0.0038468011211231033,1.3108909995533048E-4,0.03219557543466791,0.0011169169102801266,1.7846846572048677E-4,0.03219557543466791,0.002038077683302015,307.65594458491773,0.0,0.0,0.033275326570006904,NaN,2.436430947857152E-16,0.0,15625.0,43,
pentane-liquid,10.0,0.2,2.0,OK,57.39057245767512,5.739057245767512E-5,0.227561090975815,0.22757190286101137,0.2275711195809349,0.22757111913962946,125.31860369831561,5.548540311447069E-7,2.409196927841471E-7,1.8327660847235213E-5,1.845912729231277E-5,1.833718473921613E-5,1.833719008989161E-5,1.845912729231277E-5,3.4419015116492864E-6,339.780481703196,0.0,0.0,1.2194478922076739E-7,NaN,6.35039358649849E-15,0.0,0.0,43,
pentane-liquid,10.0,0.2,15.0,OK,57.39057245767512,5.739057245767512E-5,0.227561090975815,0.22764032643096133,0.2276356650382163,0.2276356408492824,923.2762997075531,3.049928520893066E-5,1.4932337929516186E-5,1.1022551251423776E-4,1.1740521213820268E-4,1.1064775514332825E-4,1.1064994629721386E-4,1.1740521213820268E-4,2.0477007822398258E-5,338.38008305305897,0.0,0.0,6.7582047750615945E-6,NaN,5.4185019230897485E-15,0.0,15625.0,43,
pentane-liquid,10.0,0.2,60.0,OK,57.39057245767512,5.739057245767512E-5,0.227561090975815,0.22785422675054579,0.22784912835018725,0.22784879989526552,3473.9858343154838,4.614497694595647E-4,2.0779687866759802E-4,1.295942033137549E-4,2.3399500983072374E-4,1.314078183686365E-4,1.315246597859415E-4,2.3399500983072374E-4,2.2375711134447178E-5,333.8728849901197,0.0,0.0,1.0260067399281981E-4,NaN,1.4400974890724703E-15,0.0,0.0,43,
pentane-liquid,10.0,1.0,2.0,OK,1206.0984495841283,0.0012060984495841282,1.137805454879075,1.137825068840353,1.1378244633101737,1.1378244629953997,125.59458970793197,5.1811225241820874E-8,2.5960981220035026E-8,3.7276147581877187E-6,3.7371622567620784E-6,3.7279100200817207E-6,3.7279098150564184E-6,3.7371622567620784E-6,5.321821393414019E-7,339.9560071789356,0.0,0.0,9.252271171992054E-9,NaN,4.110704749764825E-13,0.0,0.0,43,
pentane-liquid,10.0,1.0,15.0,OK,1206.0984495841283,0.0012060984495841282,1.137805454879075,1.1379520925834663,1.1379477141873335,1.137947696448026,938.5988915857569,1.2276273308571202E-6,5.874771877453906E-7,2.7080688919555204E-5,2.7615302986915006E-5,2.7096649704020936E-5,2.7096714423836272E-5,2.7615302986915006E-5,3.847610247655184E-6,339.6711523466165,0.0,0.0,5.186673370412176E-7,NaN,3.876072536857305E-15,0.0,0.0,43,
pentane-liquid,10.0,1.0,60.0,OK,1206.0984495841283,0.0012060984495841282,1.137805454879075,1.1383850937503308,1.1383703106603602,1.1383700331354407,3708.325873515087,1.955912368724632E-5,9.630985136890235E-6,9.315938326534373E-5,1.015734628082468E-4,9.337387035374925E-5,9.337789700498076E-5,1.015734628082468E-4,1.29860185729443E-5,338.69950646056293,0.0,0.0,8.200358153676646E-6,NaN,1.1650818733028147E-14,0.0,0.0,43,
pentane-liquid,10.0,3.0,2.0,OK,10329.696836157593,0.010329696836157592,3.4134163646372246,3.413439269214738,3.413438735195137,3.4134387350455757,125.64066145529924,1.7272145755966983E-8,1.6088427943337455E-8,1.2427063215907368E-6,1.2439451103604422E-6,1.242734359264935E-6,1.2427354767633862E-6,1.2439451103604422E-6,1.564461995267409E-7,339.98533019258514,0.0,0.0,1.2107526001510775E-9,9.902988182576265E-9,2.660283019853807E-13,0.0,0.0,43,
pentane-liquid,10.0,3.0,15.0,OK,10329.696836157593,0.010329696836157592,3.4134163646372246,3.4135880070106284,3.4135840224649208,3.4135840142308993,941.1825948997996,1.5433304566629723E-7,3.55029809193505E-8,9.291286196882484E-6,9.36088801515284E-6,9.292901827487225E-6,9.292905340224226E-6,9.36088801515284E-6,1.1672602843165084E-6,339.89010541901956,0.0,0.0,6.798681946045474E-8,NaN,2.995656519507942E-14,0.0,0.0,43,
pentane-liquid,10.0,3.0,60.0,OK,10329.696836157593,0.010329696836157592,3.4134163646372246,3.4141004411386318,3.414085319582094,3.414085188944423,3749.242064181659,2.1789461485648834E-6,1.066385937781982E-6,3.554525460641778E-5,3.665310540267067E-5,3.556973895436705E-5,3.55699505099413E-5,3.665310540267067E-5,4.429148116262638E-6,339.56210353534306,0.0,0.0,1.083404984736111E-6,NaN,4.851791577300096E-16,0.0,0.0,43,
pentane-liquid,50.0,0.002,2.0,OK,0.18895065338841838,1.889506533884184E-7,0.00227561090975815,0.0018911662967334307,0.0019152536527589175,0.0018915984655201198,175.2970608369387,0.0433138904211258,0.0022904989194816824,1.4858918537940838E-4,0.17477006878258952,0.011272504459293392,5.685227630449319E-5,0.011272504459293392,0.012736773105089867,301.1242581729782,0.0,0.0,0.1616750812489606,NaN,0.0,0.0,31250.0,43,
pentane-liquid,50.0,0.002,15.0,OK,0.18895065338841838,1.889506533884184E-7,0.00227561090975815,0.0017728564769834635,0.0017731946991665938,0.001767537674129971,168.84413368296484,0.053906589510736756,4.1510435646511094E-13,3.181456746630412E-14,0.2835843955743769,1.9077809595023054E-4,0.0030001316646721668,1.9077809595023054E-4,1.9077809598315077E-4,300.0000000000077,0.0,0.0,0.2833395624961863,NaN,3.3659787408900023E-16,0.0,46875.0,43,
pentane-liquid,50.0,0.002,60.0,OK,0.18895065338841838,1.889506533884184E-7,0.00227561090975815,0.0017603434810767162,0.0017569153311423203,0.0017567321251616436,167.65241513099622,0.05390658951386875,0.0,0.0,0.2927084595821436,0.0019474324023961561,0.0020515063985487303,0.0019474324023961561,0.001947432402396261,300.0,0.0,0.0,0.29523083407700773,NaN,3.397167498658946E-16,0.0,31250.0,43,
pentane-liquid,50.0,0.02,2.0,OK,4.834312587614773,4.834312587614773E-6,0.022756109097581505,0.02294727374720352,0.022948945408864663,0.022946943394254536,549.2475987485853,0.001200570639382811,5.038560018471609E-4,1.459359186567607E-4,0.001256672067351243,1.3629744672107055E-4,1.478408203801077E-4,0.001256672067351243,7.284794174506064E-5,330.33509126996194,0.0,0.0,0.0011205273456463651,NaN,4.140294297822407E-16,0.0,0.0,43,
pentane-liquid,50.0,0.02,15.0,OK,4.834312587614773,4.834312587614773E-6,0.022756109097581505,0.02417789609211395,0.024235524013159617,0.024176260723902915,2023.0975599174603,0.027477607000007776,0.0038479206902504795,1.2743611972245635E-4,0.0426230285716528,0.0015481718556338664,1.750384879056071E-4,0.0426230285716528,0.0023834961001616786,305.08106056131214,0.0,0.0,0.044102921525429765,NaN,3.3664546468408387E-16,0.0,15625.0,43,
pentane-liquid,50.0,0.02,60.0,OK,4.834312587614773,4.834312587614773E-6,0.022756109097581505,0.025138861161048603,0.025170199620715684,0.025131837227228053,2393.552834349581,0.05358504719648723,8.765581938633401E-5,8.7538689362905E-6,0.09464843380046994,0.0012350257577295992,2.875279411878948E-4,0.09464843380046994,0.0012466141352353046,300.0111474965387,0.0,0.0,0.09576518708545521,NaN,0.0,0.0,46875.0,43,
pentane-liquid,50.0,0.2,2.0,OK,286.95286228837557,2.8695286228837556E-4,0.227561090975815,0.22761438661549369,0.22761097103751288,0.22761096017853608,619.7487279444914,1.3605908833381439E-5,6.723035805519252E-6,8.04391082588664E-5,8.366654916384958E-5,8.064590158622568E-5,8.064655904089653E-5,8.366654916384958E-5,1.5005984602276529E-5,338.9133062678914,0.0,0.0,3.0208912001183225E-6,2.652574279543009E-8,8.62238529982517E-15,0.0,0.0,43,
pentane-liquid,50.0,0.2,15.0,OK,286.95286228837557,2.8695286228837556E-4,0.227561090975815,0.22791837947584115,0.2279128632808522,0.22791238555268067,4255.705859232751,7.067178423231222E-4,3.097794720735112E-4,1.4261514134317565E-4,3.009655696578256E-4,1.450563862096997E-4,1.4526781458905024E-4,3.009655696578256E-4,2.4202501797523184E-5,332.48211465790513,0.0,0.0,1.5593180235187021E-4,NaN,1.0687141910360031E-15,0.0,15625.0,43,
pentane-liquid,50.0,0.2,60.0,OK,286.95286228837557,2.8695286228837556E-4,0.227561090975815,0.22856637425206233,0.22856435489120383,0.2285618186728023,12747.232643593912,0.008368224107025937,0.0024624547370538587,1.3921010231775772E-4,0.0017654459351886577,1.424660887235842E-4,1.4655550918699813E-4,0.0017654459351886577,8.834899118952618E-6,317.08220217863345,0.0,0.0,0.0016232110990015208,NaN,4.281514197570727E-16,0.0,0.0,43,
pentane-liquid,50.0,1.0,2.0,OK,6030.49224792064,0.00603049224792064,1.137805454879075,1.1379033409508648,1.1379003722808794,1.1379003643781114,626.5930848407604,5.548128798435944E-7,2.408982049265678E-7,1.8326975427691544E-5,1.8565014125623715E-5,1.833419407289402E-5,1.833421325163613E-5,1.8565014125623715E-5,2.608894691276567E-6,339.7804901367015,0.0,0.0,2.3082428470692383E-7,NaN,5.987513301066712E-15,0.0,0.0,43,
pentane-liquid,50.0,1.0,15.0,OK,6030.49224792064,0.00603049224792064,1.137805454879075,1.1385271580852392,1.13850979388397,1.1385093634861168,4616.40861356383,3.0481959555524283E-5,1.4923981894157655E-5,1.102028821104186E-4,1.232781417007885E-4,1.1051728131802611E-4,1.1052507429949917E-4,1.232781417007885E-4,1.5251459876022295E-5,338.38053769505103,0.0,0.0,1.2762270834238417E-5,NaN,8.866586274261373E-15,0.0,15625.0,43,
pentane-liquid,50.0,1.0,60.0,OK,6030.49224792064,0.00603049224792064,1.137805454879075,1.1405305330140603,1.1405160956675502,1.1405101143376983,17371.4836795645,4.604706707225001E-4,2.0738081914781458E-4,1.2957377640950617E-4,3.2346026614590693E-4,1.3059865047284852E-4,1.3102325858864534E-4,3.2346026614590693E-4,1.2658448057434587E-5,333.8791552043879,0.0,0.0,1.9288680642967214E-4,NaN,1.0472490581078224E-15,0.0,0.0,43,
pentane-liquid,50.0,3.0,2.0,SCREENED_DP,51648.484180787964,0.05164848418078796
pentane-liquid,50.0,3.0,15.0,SCREENED_DP,51648.484180787964,0.05164848418078796
pentane-liquid,50.0,3.0,60.0,SCREENED_DP,51648.484180787964,0.05164848418078796
pentane-liquid,150.0,0.002,2.0,OK,0.5668519601652551,5.668519601652551E-7,0.00227561090975815,0.0017984729979975372,0.00180785387699844,0.0017963264019108262,171.28213477050178,0.05388615399195172,5.363620225213561E-6,5.294148576237929E-7,0.26516802833129977,0.005214853402552655,0.001193953828262284,0.005214853402552655,0.005216024378096074,300.00041233220895,0.0,0.0,0.25860458990317475,1.5689521296210915E-5,3.30148422427755E-16,0.0,15625.0,43,
pentane-liquid,150.0,0.002,15.0,OK,0.5668519601652551,5.668519601652551E-7,0.00227561090975815,0.0017617750135545413,0.0017576242200596382,0.001756955677885766,167.78875209013276,0.05390658951386881,0.0,0.0,0.2916580677159782,0.0023560292676239342,0.002735500067657336,0.0023560292676239342,0.0023560292676239637,300.0,0.0,0.0,0.2947084386905729,NaN,1.6978986727463823E-16,0.0,31250.0,43,
pentane-liquid,150.0,0.002,60.0,OK,0.5668519601652551,5.668519601652551E-7,0.00227561090975815,0.0017572253417071821,0.001756690128471635,0.001756690125908649,167.355448316487,0.05390658951386874,1.6982840843433744E-16,0.0,0.2950023288119354,3.0457860061776674E-4,3.0458005915916274E-4,3.0457860061776674E-4,3.0457860061770017E-4,300.0,0.0,0.0,0.2953968789805799,NaN,1.6988015029278635E-16,0.0,31250.0,43,
pentane-liquid,150.0,0.02,2.0,OK,14.502937762844319,1.4502937762844319E-5,0.022756109097581505,0.023422947772469692,0.023442299916799934,0.023421766670154935,1286.1499487013477,0.008044790077892843,0.0023979694663133107,1.3710629960056022E-4,0.01063417166973412,1.608099844736614E-4,1.553007770549388E-4,0.01063417166973412,8.262044776869683E-4,317.4465270087756,0.0,0.0,0.01079324599248731,NaN,5.302735911807141E-16,0.0,15625.0,43,
pentane-liquid,150.0,0.02,15.0,OK,14.502937762844319,1.4502937762844319E-5,0.022756109097581505,0.025007911525058206,0.0250505550024473,0.025003003861628743,2376.8683251092084,0.05227390381352602,4.325778586667333E-4,4.134568779085862E-5,0.08921199400055646,0.0016416320246248853,2.3504770838324058E-4,0.08921199400055646,0.001705199466431502,300.08569644698184,0.0,0.0,0.09070472224835374,NaN,1.9100849710161417E-16,0.0,31250.0,43,
pentane-liquid,150.0,0.02,60.0,OK,14.502937762844319,1.4502937762844319E-5,0.022756109097581505,0.025402756860997026,0.025440565957596778,0.025421166167389528,2419.3196296182477,0.053906589290700094,3.723661317716306E-11,3.0596938441316694E-12,0.1041874225477907,0.0014883855601005526,7.246971816578926E-4,0.0014883855601005526,0.0014883855640803981,300.0000000009119,0.0,0.0,0.10551875551586166,NaN,1.8768562526331723E-16,0.0,31250.0,43,
pentane-liquid,150.0,0.2,2.0,OK,860.8585868651269,8.608585868651269E-4,0.227561090975815,0.22771542855406185,0.2277087679398173,0.22770867406825004,1809.1061111944587,1.1995153113681761E-4,5.706561933245288E-5,1.5945815633025778E-4,1.872221949469641E-4,1.606555893844376E-4,1.6067246592677437E-4,1.872221949469641E-4,2.924972755174775E-5,336.82011392593205,0.0,0.0,2.657087432200115E-5,NaN,2.3883585193762835E-15,0.0,0.0,43,
pentane-liquid,150.0,0.2,15.0,OK,860.8585868651269,8.608585868651269E-4,0.227561090975815,0.22840421275016143,0.22840011913633562,0.22839804933604801,10496.956236618458,0.005201373267329871,0.00174771066332868,1.4409316413602124E-4,0.0012015690499053413,1.492122933474281E-4,1.5180066797376306E-4,0.0012015690499053413,1.7922672163162256E-5,321.2162813643135,0.0,0.0,0.001052513804556471,NaN,1.7331317942285572E-16,0.0,0.0,43,
pentane-liquid,150.0,0.2,60.0,OK,860.8585868651269,8.608585868651269E-4,0.227561090975815,0.22910242790081303,0.22910429288310014,0.2291022607505978,20323.109281214147,0.03474320047434842,0.003400670887791707,1.2703483891672408E-4,0.005520650569395263,1.2052356667929115E-4,1.276184175585536E-4,0.005520650569395263,8.140386394815942E-6,302.8777597587539,0.0,0.0,0.005400777923734184,NaN,0.0,0.0,31250.0,43,
pentane-liquid,150.0,1.0,2.0,OK,18091.476743761923,0.018091476743761922,1.137805454879075,1.138097572935121,1.1380892742724986,1.1380892038410901,1869.4799041138597,4.90094722916874E-6,2.428542987961226E-6,5.162965114115157E-5,5.375638933544598E-5,5.1690053799242264E-5,5.1690566463613546E-5,5.375638933544598E-5,7.291696968491954E-6,339.34479808679004,0.0,0.0,2.066442350719995E-6,2.6090552443732144E-8,6.568036992228541E-15,0.0,0.0,43,
pentane-liquid,150.0,1.0,15.0,OK,18091.476743761923,0.018091476743761922,1.137805454879075,1.1398883356164267,1.1398674900843677,1.1398638956432876,13295.132233013519,2.643268120554109E-4,1.2232201894454785E-4,1.5142168465060577E-4,2.62910138469056E-4,1.5253552877139432E-4,1.5272759531846734E-4,2.62910138469056E-4,1.8287345705376665E-5,335.3220115463474,0.0,0.0,1.1039144831560233E-4,NaN,2.0525560120431804E-15,0.0,0.0,43,
pentane-liquid,150.0,1.0,60.0,OK,18091.476743761923,0.018091476743761922,1.137805454879075,1.1448921243059604,1.1449093048712453,1.1448740609978252,44505.659070949434,0.0035165178490357617,0.0012805972328332304,1.324232747560807E-4,0.0015765083640394474,1.2894083667967167E-4,1.3608473775365674E-4,0.0015765083640394474,1.500627432064391E-5,324.17368655499735,0.0,0.0,0.0014477542019978877,NaN,4.905148730611338E-16,0.0,0.0,43,
pentane-liquid,150.0,3.0,2.0,SCREENED_DP,154945.4525423639,0.1549454525423639
pentane-liquid,150.0,3.0,15.0,SCREENED_DP,154945.4525423639,0.1549454525423639
pentane-liquid,150.0,3.0,60.0,SCREENED_DP,154945.4525423639,0.1549454525423639
pentane-condensing,1.0,0.002,2.0,OK,2.485229644631138E-4,1.242614822315569E-9,1.6763148559761527E-5,3.1437674973402465E-5,4.678643599282505E-5,2.7152815502324666E-5,12.754966169714788,0.35170495620234987,0.2765460584799363,9.025651061902436E-5,0.22911376627117985,0.11741828785917362,0.03289470759411186,0.11741828785917362,0.48822824946209453,330.82482105597626,1.0,0.3418121846974705,0.3101184738924072,4.730662593880262E-6,1.246335962498299E-16,0.0,31250.0,43,
pentane-condensing,1.0,0.002,15.0,OK,2.485229644631138E-4,1.242614822315569E-9,1.6763148559761527E-5,6.53124631342943E-5,9.885590664136335E-5,5.409523865935582E-5,38.86866645403909,0.5531041542797115,6.863054878326687E-4,1.1260447053084434E-6,0.7433374633699475,0.5111941662354053,0.17174170407504555,0.5111941662354053,0.5135841139247439,300.00178378430627,1.0,0.0,0.8301591268913944,NaN,0.0,0.0,31250.0,43,
pentane-condensing,1.0,0.002,60.0,OK,2.485229644631138E-4,1.242614822315569E-9,1.6763148559761527E-5,9.120717540858712E-5,1.1543485168101486E-4,8.912963458918213E-5,54.2794620997812,0.5531071527100772,8.932815020023319E-10,0.0,0.8162080068298739,0.26563344565699876,0.02277826070260466,0.26563344565699876,0.2656334456570258,300.0,1.0,0.0,0.8547826040779775,NaN,2.0686009569289546E-16,0.0,31250.0,44,
pentane-condensing,1.0,0.02,2.0,OK,0.0024852296446311387,1.2426148223155693E-8,1.6763148559761532E-4,1.9993006779060794E-4,2.056156720156413E-4,1.991157640785219E-4,26.61391276365662,0.014669248021060994,0.0044288661097818755,3.005177679192095E-4,0.06284652646775914,0.009097260947093155,0.00168147123941048,0.06284652646775914,0.02843796477370296,356.08560767768097,1.0,1.0,0.07129519640884675,NaN,1.3228739115172936E-16,0.0,15625.0,43,
pentane-condensing,1.0,0.02,15.0,OK,0.0024852296446311387,1.2426148223155693E-8,1.6763148559761532E-4,2.891250688535907E-4,3.865553018916351E-4,2.6408166823918593E-4,100.87313384864564,0.2569945810589215,0.387571344388962,1.0495851644970494E-4,0.11849064466259933,0.09421283588154497,0.024348341873423242,0.09421283588154497,0.3369829998635706,330.824822246579,1.0,0.5082705106651805,0.19438949495852076,NaN,0.0,0.0,31250.0,43,
pentane-condensing,1.0,0.02,60.0,OK,0.0024852296446311387,1.2426148223155693E-8,1.6763148559761532E-4,4.789432264026801E-4,7.598769854916817E-4,3.5423680227119264E-4,282.35368860333136,0.5489340947951207,0.009544435217213744,1.9948323076400873E-4,0.646679646226936,0.2917119464654623,0.2537244721525354,0.2917119464654623,0.5865700642622754,302.4580918267291,1.0,0.0,0.7264712502351149,NaN,0.0,0.0,31250.0,43,
pentane-condensing,1.0,0.2,2.0,OK,0.06905387135849547,3.4526935679247737E-7,0.001676314855976153,0.0016921481015425652,0.0016924085649484815,0.0016922578420619707,36.1540606854666,2.5521431069184E-4,1.2082629130963566E-4,3.3342009089305016E-4,7.287512222884368E-4,3.2697683498647876E-4,3.307051319372034E-4,7.287512222884368E-4,1.539247100645756E-4,410.2711291615506,1.0,1.0,4.0190580118879346E-4,NaN,7.863848533643583E-16,0.0,0.0,43,
pentane-condensing,1.0,0.2,15.0,OK,0.06905387135849547,3.4526935679247737E-7,0.001676314855976153,0.0017811047048825264,0.001787121974237102,0.0017809232728428878,210.63106386952552,0.010846753728140679,0.003562678424884603,3.271155163073674E-4,0.018123541876565345,6.429944494690788E-4,3.5644954434181013E-4,0.018123541876565345,0.0033783917015549605,363.6487416599861,1.0,1.0,0.01875447730122704,NaN,0.0,0.0,15625.0,43,
pentane-condensing,1.0,0.2,60.0,OK,0.06905387135849547,3.4526935679247737E-7,0.001676314855976153,0.0019767837663955076,0.002022483635739259,0.001971634897126239,483.6238364217378,0.039394411317857946,0.5431935091088426,1.4967833603524906E-4,0.06081873187251727,0.009077791400833542,0.001189310092833443,0.06081873187251727,0.023118294535107883,330.82482443036446,1.0,0.8135858437454521,0.06926772531215682,NaN,0.0,0.0,15625.0,43,
pentane-condensing,1.0,1.0,2.0,OK,1.1693234660430945,5.8466173302154725E-6,0.008381574279880764,0.008395816275131881,0.008395998596374748,0.008395973896775741,37.3822557926253,1.0596910014504178E-5,5.172075183104237E-6,1.0938985209710424E-4,1.2389518117335383E-4,1.0920447694843118E-4,1.0922958980125357E-4,1.2389518117335383E-4,2.1715725653385106E-5,417.98724504515997,1.0,1.0,1.4692308690808396E-5,5.4032487789930966E-8,1.9009562788949852E-15,0.0,0.0,43,
pentane-condensing,1.0,1.0,15.0,OK,1.1693234660430945,5.8466173302154725E-6,0.008381574279880764,0.00848566967500168,0.008487460266510573,0.008486171682480469,265.59912453858567,5.634099976456272E-4,2.59381348222932E-4,3.1087341419419194E-4,0.0010826016051243992,2.977572440071153E-4,3.07195649940243E-4,0.0010826016051243992,2.110135767088574E-4,405.68553041761555,1.0,1.0,7.850781238157616E-4,NaN,4.281666932489495E-16,0.0,0.0,43,
pentane-condensing,1.0,1.0,60.0,OK,1.1693234660430945,5.8466173302154725E-6,0.008381574279880764,0.008764025953517666,0.00878067189106239,0.008763900693288234,889.4240346857633,0.007468278164122982,0.002664330270932768,2.939132482202171E-4,0.011021913703034823,1.5460686630313028E-4,2.972939628176472E-4,0.011021913703034823,0.0018993482713322832,372.0437043103203,1.0,1.0,0.011174792869630792,NaN,0.0,0.0,15625.0,43,
pentane-condensing,1.0,3.0,2.0,OK,8.847504224962655,4.4237521124813275E-5,0.02514472283964229,0.025157799648045442,0.025157980428714876,0.02515797345037417,37.59305856040419,1.2322580313057371E-6,5.170205663373037E-7,3.888751409933616E-5,4.0372045276915916E-5,3.8867001954778305E-5,3.886779374533892E-5,4.0372045276915916E-5,7.1858696691831904E-6,419.3253479262684,1.0,1.0,1.5051018209330278E-6,NaN,1.323114602793961E-15,0.0,0.0,43,
pentane-condensing,1.0,3.0,15.0,OK,8.847504224962655,4.4237521124813275E-5,0.02514472283964229,0.025241960713641324,0.02524341029301309,0.025243027816469577,276.8537909669873,6.533776509237172E-5,3.1769566486037516E-5,2.3269977395242217E-4,3.1468529222834925E-4,2.3148228031379082E-4,2.3180350684589226E-4,3.1468529222834925E-4,5.742736819105515E-5,415.0281168330802,1.0,1.0,8.322227639687171E-5,NaN,1.642934487638266E-15,0.0,0.0,43,
pentane-condensing,1.0,3.0,60.0,OK,8.847504224962655,4.4237521124813275E-5,0.02514472283964229,0.025522876249035254,0.025529785740541128,0.02552411848223171,1040.7536319087292,9.831840937509506E-4,4.400379295422984E-4,2.735181329366477E-4,0.0015204266596280168,2.510652817643928E-4,2.694805521299596E-4,0.0015204266596280168,2.707175883491876E-4,401.27232433050904,1.0,1.0,0.001269680150468352,NaN,2.185250845561195E-16,0.0,0.0,43,
pentane-condensing,10.0,0.002,2.0,OK,0.0024852296446311382,1.2426148223155691E-8,1.6763148559761527E-5,7.100099098801961E-5,1.0932283249885563E-4,5.962331347293871E-5,42.254294905273746,0.5531070710799285,1.332407947355666E-4,4.5577594841349584E-8,0.7639025677771757,0.5394445722276318,0.1602465922466149,0.5394445722276318,0.5397367132143589,300.00004851386115,1.0,0.0,0.8466346652018898,NaN,0.0,0.0,31250.0,44,
pentane-condensing,10.0,0.002,15.0,OK,0.0024852296446311382,1.2426148223155691E-8,1.6763148559761527E-5,1.0325496402807845E-4,1.1543456116833726E-4,1.1361585585372967E-4,61.44937480487617,0.5531071527100773,0.0,0.0,0.837652855554692,0.11795652882070418,0.1003427963311649,0.11795652882070418,0.11795652882070419,300.0,1.0,0.0,0.8547822386112252,NaN,0.0,0.0,31250.0,44,
pentane-condensing,10.0,0.002,60.0,OK,0.0024852296446311382,1.2426148223155691E-8,1.6763148559761527E-5,1.1193687251419965E-4,1.1543456116833726E-4,1.1543456146732137E-4,66.61617577766253,0.5531071527100772,0.0,0.0,0.8502446228553058,0.031246974974166036,0.031246977645172497,0.031246974974166036,0.031246974974165984,300.0,1.0,0.0,0.8547822386112252,NaN,0.0,0.0,31250.0,44,
pentane-condensing,10.0,0.02,2.0,OK,0.02485229644631139,1.2426148223155695E-7,1.6763148559761532E-4,3.1437674973402475E-4,4.6786435992825063E-4,2.715281550232466E-4,127.54966169714795,0.3517049562023501,0.27654605847993563,9.025651061949781E-5,0.22911376627118013,0.11741828785917303,0.03289470759411281,0.11741828785917303,0.4882282494620945,330.82482105597626,1.0,0.34181218469747016,0.3101184738924071,4.730662595885735E-6,1.9941375399972786E-16,0.0,31250.0,43,
pentane-condensing,10.0,0.02,15.0,OK,0.02485229644631139,1.2426148223155695E-7,1.6763148559761532E-4,6.527331214620916E-4,9.497784924006388E-4,5.542510000420516E-4,388.453694773568,0.5531041827561785,6.83352748647164E-4,1.1167417354526418E-6,0.7431835335396605,0.4535750322971996,0.1508712499136278,0.4535750322971996,0.45507935965188867,300.0017668387035,1.0,0.0,0.8233208050811988,NaN,0.0,0.0,31250.0,43,
pentane-condensing,10.0,0.02,60.0,OK,0.02485229644631139,1.2426148223155695E-7,1.6763148559761532E-4,8.691162110886512E-4,0.0011543485168101493,8.351830527266926E-4,517.2308015104956,0.5531071527100773,3.189673229485616E-10,0.0,0.8071241987447905,0.3281866131160905,0.03904329240327264,0.3281866131160905,0.3281866131161187,300.0,1.0,0.0,0.8547826040779775,NaN,1.6548807655431626E-16,0.0,31250.0,44,
pentane-condensing,10.0,0.2,2.0,OK,0.6905387135849547,3.4526935679247733E-6,0.001676314855976153,0.0018096804441216563,0.0018189914717724053,0.001809268398389023,256.92006956087397,0.017398664909864338,0.004964575145973306,3.225116736105099E-4,0.029218665814065358,0.001574468973497068,4.0680426906437633E-4,0.029218665814065358,0.005145122544145186,351.5195358063188,1.0,1.0,0.03074472816696494,NaN,2.2090162691101887E-16,0.0,15625.0,43,
pentane-condensing,10.0,0.2,15.0,OK,0.6905387135849547,3.4526935679247733E-6,0.001676314855976153,0.002305011548922191,0.0026526360380418217,0.002214174506611229,951.4631959620087,0.36209350442604227,0.2629750697062407,8.871326038404392E-5,0.06543299239360749,0.03558873929355954,0.00941151577084905,0.06543299239360749,0.1508124717562381,330.82482090811453,1.0,0.3211396177116978,0.09755004844498438,NaN,1.1538008997187797E-16,0.0,15625.0,43,
pentane-condensing,10.0,0.2,60.0,OK,0.6905387135849547,3.4526935679247733E-6,0.001676314855976153,0.003636554428106078,0.005396700038479866,0.0029675689427318516,2162.896853791623,0.5528424262779503,0.004773989273434936,4.3499844369144114E-5,0.5387606904528339,0.4477776049752405,0.183513051018832,0.4477776049752405,0.4840146477033409,300.15760975115194,1.0,0.0,0.6814156345821815,NaN,1.4522203372831584E-16,0.0,31250.0,43,
pentane-condensing,10.0,1.0,2.0,OK,11.693234660430944,5.8466173302154723E-5,0.008381574279880764,0.008519086302540564,0.008521743075667644,0.008519492579447799,346.9565730133605,9.80612502757709E-4,4.38954504618373E-4,2.7341578252195885E-4,0.001631786061542414,2.4758655654483924E-4,2.6946494343381124E-4,0.001631786061542414,3.118612762835376E-4,401.29585066573463,1.0,1.0,0.001384542299057789,NaN,0.0,0.0,0.0,43,
pentane-condensing,10.0,1.0,15.0,OK,11.693234660430944,5.8466173302154723E-5,0.008381574279880764,0.009193830251704737,0.009255927223613868,0.009190886615905922,1622.865984385768,0.03263179738166518,0.006971128816429871,2.2349276795680836E-4,0.048128784781093344,0.00325100694168525,3.889520883343016E-4,0.048128784781093344,0.006754200394075853,333.25413700587455,1.0,1.0,0.05121329693892356,NaN,0.0,0.0,15625.0,43,
pentane-condensing,10.0,1.0,60.0,OK,11.693234660430944,5.8466173302154723E-5,0.008381574279880764,0.01077766113610778,0.011623581258762387,0.010593533050394975,3958.0120481700455,0.28980704794971784,0.351688549623165,9.97137053853064E-5,0.059215153268703045,0.020770537813791484,0.00464245887157705,0.059215153268703045,0.07848828349414042,330.8248218621255,1.0,0.4545200147107103,0.0783581501615454,NaN,1.1255503808570933E-16,0.0,15625.0,43,
pentane-condensing,10.0,3.0,2.0,OK,88.47504224962655,4.4237521124813276E-4,0.02514472283964229,0.02527394797386109,0.02527592584694584,0.0252752526405284,366.57191731200464,1.1537815115531768E-4,5.5623412262987934E-5,2.805656935029815E-4,4.252976501232957E-4,2.783617604286118E-4,2.7911187263783495E-4,4.252976501232957E-4,7.825738530427147E-5,413.415253051704,1.0,1.0,1.4697680241614657E-4,5.345729894572537E-8,1.5511075348499663E-15,0.0,15625.0,43,
pentane-condensing,10.0,3.0,15.0,OK,88.47504224962655,4.4237521124813276E-4,0.02514472283964229,0.026038812404125592,0.026070191123264926,0.026039434649350067,2308.8348255616297,0.005435608435882959,0.002051032448789654,3.2364220488593804E-4,0.007413209219698582,8.256941680912827E-5,3.188567396424034E-4,0.007413209219698582,0.0012050748955955385,378.3608353474741,1.0,1.0,0.0073312451395251095,NaN,1.9697593659606452E-16,0.0,15625.0,43,
pentane-condensing,10.0,3.0,60.0,OK,88.47504224962655,4.4237521124813276E-4,0.02514472283964229,0.027910810470371982,0.028159541934485072,0.027893606576816096,5631.703545834771,0.030837156365033924,0.5144777834744123,1.8148475660803158E-4,0.04814395076810597,0.004131384513160898,4.7979098066619404E-4,0.04814395076810597,0.008911653224012427,330.8248253286249,1.0,0.9391717614050479,0.05206025435268298,NaN,0.0,0.0,0.0,43,
pentane-condensing,50.0,0.002,2.0,OK,0.01242614822315569,6.213074111577845E-8,1.6763148559761527E-5,9.861875611133218E-5,1.1543456117980226E-4,9.796210545922639E-5,58.69026214979836,0.5531071527100773,1.1259188833920782E-14,0.0,0.830020685508978,0.17051325459313715,0.006658476318282592,0.17051325459313715,0.17051325459313713,300.0,1.0,0.0,0.8547822386256483,NaN,0.0,0.0,31250.0,44,
pentane-condensing,50.0,0.002,15.0,OK,0.01242614822315569,6.213074111577845E-8,1.6763148559761527E-5,1.1273957596902022E-4,1.1543456116833726E-4,1.1543456116957864E-4,67.0938828391751,0.5531071527100772,0.0,0.0,0.8513108780507753,0.0239045177893661,0.023904517800377233,0.0239045177893661,0.023904517789366118,300.0,1.0,0.0,0.8547822386112252,NaN,0.0,0.0,31250.0,44,
pentane-condensing,50.0,0.002,60.0,OK,0.01242614822315569,6.213074111577845E-8,1.6763148559761527E-5,1.1543471019775014E-4,1.1543456116833726E-4,1.154345611683188E-4,68.69781844585101,0.5531071527100773,0.0,0.0,0.8547824260913833,1.2910277388542163E-6,1.2910278987572663E-6,1.2910277388542163E-6,1.2910277388204306E-6,300.0,1.0,0.0,0.8547822386112252,NaN,0.0,0.0,46875.0,44,
pentane-condensing,50.0,0.02,2.0,OK,0.12426148223155693,6.213074111577846E-7,1.6763148559761532E-4,5.737445193486328E-4,8.518949188405729E-4,4.6302587467837047E-4,341.3407997450937,0.5529682123485912,0.00368772340567084,2.6906980621329594E-5,0.7077369439876197,0.4609150810986658,0.19273735149290486,0.4609150810986658,0.48479835556027934,300.0827272652889,1.0,0.0,0.7999452125632196,NaN,0.0,0.0,15625.0,43,
pentane-condensing,50.0,0.02,15.0,OK,0.12426148223155693,6.213074111577846E-7,1.6763148559761532E-4,8.967836588202641E-4,0.001154345676472672,8.657858910359187E-4,533.69632819541,0.5531071527100772,3.132640318488262E-12,0.0,0.8130747767882638,0.287206412738648,0.03456549133056656,0.287206412738648,0.2872064127386481,300.0,1.0,0.0,0.8547822467617794,NaN,1.6548848374775185E-16,0.0,31250.0,44,
pentane-condensing,50.0,0.02,60.0,OK,0.12426148223155693,6.213074111577846E-7,1.6763148559761532E-4,0.0010334906165760664,0.001154345611683373,0.0011545330561960896,615.0537444188691,0.5531071527100773,1.8484049362065513E-16,0.0,0.8378006699732068,0.11693864769444792,0.11712001800367983,0.11693864769444792,0.11693864769444808,300.0,1.0,0.0,0.8547822386112252,NaN,0.0,0.0,31250.0,44,
pentane-condensing,50.0,0.2,2.0,OK,3.4526935679247734,1.7263467839623867E-5,0.001676314855976153,0.0021215901906083624,0.0022467448391345498,0.0020984976057654313,691.4476672745388,0.2128582587596424,0.43145116074387546,1.1235945845815763E-4,0.06299702560081227,0.017562789417329958,0.0033736436757634963,0.06299702560081227,0.05899096304281999,330.8248227280235,1.0,0.5755813271987721,0.07916937987116437,1.2454353659464626E-6,0.0,0.0,15625.0,43,
pentane-condensing,50.0,0.2,15.0,OK,3.4526935679247734,1.7263467839623867E-5,0.001676314855976153,0.00392252580074378,0.00624629718201062,0.0030966571150683876,2334.1562939642695,0.5530640974634976,0.002245508001389953,1.0672190919195692E-5,0.5726022908882169,0.5708206195111941,0.2104707053114201,0.5708206195111941,0.5924171055359819,300.0256319437842,1.0,0.0,0.7279143755798291,NaN,0.0,0.0,46875.0,43,
pentane-condensing,50.0,0.2,60.0,OK,3.4526935679247734,1.7263467839623867E-5,0.001676314855976153,0.006224435185206923,0.022816792217354893,0.003245833525585314,3704.3027833544315,0.5531071527100002,2.3453247015247957E-7,1.066801152692184E-13,0.7306880373723874,2.6426369079519105,0.4785336453819988,2.6426369079519105,2.6656807466774803,300.0000000000456,1.0,0.0,0.926066756189808,NaN,0.0,0.0,15625.0,43,
pentane-condensing,50.0,1.0,2.0,OK,58.46617330215472,2.923308665107736E-4,0.008381574279880764,0.00897363200460741,0.009010417458898684,0.008972422918189425,1280.6474855115734,0.017644955412349766,0.005009833232970691,3.2443609002130936E-4,0.02622224019822059,0.0011994529746563074,3.7468559305002644E-4,0.02622224019822059,0.004099282684245009,351.1345931374187,1.0,1.0,0.02738884154541286,NaN,0.0,0.0,15625.0,43,
pentane-condensing,50.0,1.0,15.0,OK,58.46617330215472,2.923308665107736E-4,0.008381574279880764,0.011316171865740418,0.01282628489910939,0.010917728316985733,4736.910472248113,0.37044219688456853,0.2518668169648132,8.748060646902696E-5,0.06140709529199024,0.03104328156343503,0.008301337295285443,0.06140709529199024,0.13344733990306573,330.82482078626407,1.0,0.30410368305470975,0.08966682437931899,NaN,1.8622076231753687E-16,0.0,15625.0,43,
pentane-condensing,50.0,1.0,60.0,OK,58.46617330215472,2.923308665107736E-4,0.008381574279880764,0.01786259890450203,0.026083029109374704,0.014669785221091167,10625.238823419293,0.5528914866545864,0.004404648239561548,3.744183612999008E-5,0.5305455867656699,0.4327809418713815,0.1783770867999328,0.4327809418713815,0.46020348152142776,300.12840659236855,1.0,0.0,0.6723473913456951,NaN,1.1948452805651676E-16,0.0,31250.0,43,
pentane-condensing,50.0,3.0,2.0,OK,442.3752112481327,0.0022118760562406634,0.02514472283964229,0.025759487150140935,0.02577542607236116,0.025760698517201995,1643.6251147590292,0.0025855498477570103,0.0010730091977809795,3.070387197984983E-4,0.0036215767512067305,2.2303184610769918E-4,3.0065081576949673E-4,0.0036215767512067305,6.187592993339798E-4,390.38646484404643,1.0,1.0,0.0033993030579355225,NaN,0.0,0.0,0.0,43,
pentane-condensing,50.0,3.0,15.0,OK,442.3752112481327,0.0022118760562406634,0.02514472283964229,0.028417616118811866,0.028783845073454394,0.02838720391884157,6407.504860662837,0.0021678801674084184,0.5440019675269043,1.6240753809769403E-4,0.05004146806134632,0.005418940366496284,6.258910135567806E-4,0.05004146806134632,0.012887391859730698,330.82482483208366,1.0,0.8697502652372318,0.05516149159436575,NaN,1.4117707082258088E-16,0.0,15625.0,43,
pentane-condensing,50.0,3.0,60.0,OK,442.3752112481327,0.0022118760562406634,0.02514472283964229,0.036310513877780726,0.043768057847620695,0.033812834870285316,18072.932334096193,0.4671949573359999,0.10971779901652386,7.357176523459955E-5,0.18392093351449493,0.040220646794828785,0.013852737637694105,0.040220646794828785,0.20538249596085775,330.8248191283789,1.0,0.0723145369924784,0.21547503503219062,NaN,0.0,0.0,31250.0,43,
pentane-condensing,150.0,0.002,2.0,OK,0.037278444669467066,1.8639222334733532E-7,1.6763148559761527E-5,1.0886730082868581E-4,1.1543456116833726E-4,1.1545330561960892E-4,64.7894039341095,0.5531071527100772,0.0,0.0,0.8460221900225109,0.060323534152699525,0.06049571120796757,0.060323534152699525,0.06032353415269952,300.0,1.0,0.0,0.8547822386112252,0.0019224403538123493,0.0,0.0,31250.0,44,
pentane-condensing,150.0,0.002,15.0,OK,0.037278444669467066,1.8639222334733532E-7,1.6763148559761527E-5,1.1543957907865081E-4,1.1543456116833726E-4,1.154345611683188E-4,68.7007160274846,0.5531071527100773,2.0685162450878632E-16,0.0,0.8547885509151022,4.346785005279676E-5,4.3467850212693064E-5,4.346785005279676E-5,4.3467850052861674E-5,300.0,1.0,0.0,0.8547822386112252,NaN,0.0,0.0,31250.0,44,
pentane-condensing,150.0,0.002,60.0,OK,0.037278444669467066,1.8639222334733532E-7,1.6763148559761527E-5,1.1543456116833726E-4,1.1543456116833726E-4,1.154345611683188E-4,68.6977297550618,0.5531071527100772,0.0,0.0,0.8547822386112252,0.0,1.599032563960638E-13,0.0,0.0,300.0,1.0,0.0,0.8547822386112252,NaN,0.0,0.0,31250.0,44,
pentane-condensing,150.0,0.02,2.0,OK,0.3727844466946708,1.8639222334733541E-6,1.6763148559761532E-4,7.733763578633445E-4,0.0011602164145868678,6.974715053872734E-4,460.2538398160368,0.5531071526580725,4.613912825103068E-6,5.0499383160017165E-11,0.7832472069867237,0.5001947187678495,0.09814736593507012,0.5001947187678495,0.5001963827705707,300.00000003085125,1.0,0.0,0.8555168937061042,NaN,0.0,0.0,31250.0,44,
pentane-condensing,150.0,0.02,15.0,OK,0.3727844466946708,1.8639222334733541E-6,1.6763148559761532E-4,0.0010086673159852878,0.001154345611683373,0.0011573184744661203,600.2808343098494,0.5531071527100773,0.0,0.0,0.8338089447918025,0.14442650553793684,0.14737382298902674,0.14442650553793684,0.14442650553793693,300.0,1.0,0.0,0.8547822386112252,NaN,0.0,0.0,31250.0,44,
pentane-condensing,150.0,0.02,60.0,OK,0.3727844466946708,1.8639222334733541E-6,1.6763148559761532E-4,0.0011243373404946117,0.001154345611683373,0.0011543456116831885,669.1186936483098,0.5531071527100772,0.0,0.0,0.8509064143294646,0.026689739909874614,0.026689739909710488,0.026689739909874614,0.026689739909874617,300.0,1.0,0.0,0.8547822386112252,NaN,0.0,0.0,31250.0,44,
pentane-condensing,150.0,0.2,2.0,OK,10.358080703774322,5.179040351887161E-5,0.001676314855976153,0.0028693533889816033,0.003807495886531885,0.0024789612010769997,1640.8492200142177,0.5352039370550501,0.003036483851256467,1.41854089116266E-4,0.39216554494506695,0.11185731292334596,0.11241497554179343,0.11185731292334596,0.3269525814257578,310.1368176508656,1.0,0.0,0.45331613329341064,NaN,1.2462995847066645E-16,0.0,31250.0,43,
pentane-condensing,150.0,0.2,15.0,OK,10.358080703774322,5.179040351887161E-5,0.001676314855976153,0.005658830665928255,0.017896541398006047,0.0031809735270602615,3367.6986845157903,0.5531071526835172,3.393553957793271E-6,2.6867467558559248E-11,0.7037700975627671,2.1331736262394703,0.4378744099193936,2.1331736262394703,2.1625864873039737,300.0000000157541,1.0,0.0,0.9054537227185915,NaN,1.7239016274411564E-16,0.0,15625.0,43,
pentane-condensing,150.0,0.2,60.0,OK,10.358080703774322,5.179040351887161E-5,0.001676314855976153,0.008861802622205484,0.0228782034692322,0.005686669669980683,5273.8600599449865,0.5531071527100772,1.0692106136488909E-14,0.0,0.810838163809277,1.581664751735346,0.3582942531656825,1.581664751735346,1.5816647520342066,300.0,1.0,0.0,0.9267287373143348,NaN,1.3359854308438718E-16,0.0,31250.0,44,
pentane-condensing,150.0,1.0,2.0,OK,175.39851990646414,8.769925995323208E-4,0.008381574279880764,0.009734401333553683,0.009927923690386071,0.00971333141612669,2403.513218216813,0.04410351998386757,0.5420583984652265,1.4830992332810286E-4,0.05511139996095285,0.007714178149256928,0.001004345254076024,0.05511139996095285,0.01988025253955088,330.82482438307386,1.0,0.8069741432130514,0.0623446404471491,9.718661565312095E-7,0.0,0.0,15625.0,43,
pentane-condensing,150.0,1.0,15.0,OK,175.39851990646414,8.769925995323208E-4,0.008381574279880764,0.01618325369354081,0.02297359696513987,0.013466449360507556,9596.104807090718,0.5515046208253684,0.008611889716736196,1.3695350294310268E-4,0.480199254112009,0.33710532821968175,0.16531612981848873,0.33710532821968175,0.419590732505743,300.9509193524482,1.0,0.0,0.6112492150636396,NaN,1.417651778508034E-16,0.0,31250.0,43,
pentane-condensing,150.0,1.0,60.0,OK,175.39851990646414,8.769925995323208E-4,0.008381574279880764,0.025729790908404042,0.04774709327844495,0.0190889607086563,15312.383065129934,0.5531071519807232,1.543126799286209E-5,5.955337789409771E-10,0.6742463114628054,0.8554707891017074,0.25809887814162835,0.8554707891017074,0.8557124482053007,300.0000004329474,1.0,0.0,0.8244360997486238,NaN,1.280451867871813E-16,0.0,31250.0,43,
pentane-condensing,150.0,3.0,2.0,OK,1327.1256337443983,0.006635628168721991,0.02514472283964229,0.026776759555502787,0.026870238360751367,0.02677444826680226,3834.242432734881,0.017805922027616647,0.0050391475678586775,3.25611796439987E-4,0.02426667477486272,9.790172604208264E-4,3.5795671792229717E-4,0.02426667477486272,0.0034910424861088227,350.8852147790456,1.0,1.0,0.0252210002407228,NaN,2.3697123423379627E-16,0.0,15625.0,43,
pentane-condensing,150.0,3.0,15.0,OK,1327.1256337443983,0.006635628168721991,0.02514472283964229,0.033554236912049576,0.03777698668150552,0.03243671615182194,14172.215377166243,0.3757544406349403,0.2447045689976116,8.66995910106178E-5,0.058856267457148025,0.02900928658351109,0.007786746268843636,0.058856267457148025,0.12584848168427637,330.82482070726587,1.0,0.29305893215026296,0.08538849472621181,NaN,0.0,0.0,15625.0,43,
pentane-condensing,150.0,3.0,60.0,OK,1327.1256337443983,0.006635628168721991,0.02514472283964229,0.05243520329865839,0.07511260775261766,0.04386754671008408,31193.56250054603,0.55294016921664,0.00397501683064341,3.093465709387739E-5,0.5202793598292326,0.4131172204176312,0.1631132444786667,0.4131172204176312,0.4324843431004586,300.0994240699777,1.0,0.0,0.6605231093079517,NaN,0.0,0.0,15625.0,43,
crude-cooling,1.0,0.002,2.0,OK,7.963152100432938E-4,3.981576050216468E-9,8.607932458496835E-5,1.5260798756708948E-5,6.768020752056451E-5,5.4250833024338776E-5,7.631597015930194,0.22153028291695692,8.094989951176764E-5,3.89966538959461E-6,3.6131498872907977,2.956780512211417,2.348345960955906,2.956780512211417,3.4349059704893206,300.00451412073124,0.2346583425845361,0.0,0.16588470678464304,1.2412981055994218E-5,0.0,0.0,15625.0,43,
crude-cooling,1.0,0.002,15.0,OK,7.963152100432938E-4,3.981576050216468E-9,8.607932458496835E-5,1.1774432507956014E-5,1.3941796319602138E-5,1.1512029929574421E-5,5.888236329713505,0.2229683606720001,1.5083946532820975E-16,0.0,6.3106945449117005,0.18407373860112852,0.02228579408852916,0.18407373860112852,0.18407373860112844,300.0,0.2346583425845361,0.0,5.174188571691994,NaN,0.0,0.0,31250.0,43,
crude-cooling,1.0,0.002,60.0,OK,7.963152100432938E-4,3.981576050216468E-9,8.607932458496835E-5,1.1532025291085616E-5,1.1754333164392358E-5,1.1475126793390126E-5,5.767011720374877,0.22296836067200013,0.0,0.0,6.464371817802777,0.019277435463013404,0.004933955333888548,0.019277435463013404,0.0192774354630135,300.0,0.2346583425845361,0.0,6.323199315613259,NaN,0.0,0.0,31250.0,43,
crude-cooling,1.0,0.02,2.0,OK,0.007963152100432939,3.9815760502164694E-8,8.607932458496836E-4,8.552536343886218E-4,8.540917025411077E-4,8.540415958490589E-4,59.18182261803499,3.8767882705978705E-4,1.8585039278835573E-4,2.493259416766628E-4,1.3347844891990683E-4,3.3022378896924984E-4,3.337171482638532E-4,1.3347844891990683E-4,0.0013585815959082674,477.1484103409753,0.2346583425845361,0.18274456688599616,4.638554139814955E-4,NaN,1.201006356243257E-16,0.0,15625.0,43,
crude-cooling,1.0,0.02,15.0,OK,0.007963152100432939,3.9815760502164694E-8,8.607932458496836E-4,7.239779279252013E-4,7.673349721853265E-4,7.395554847877993E-4,281.1283233995429,0.031663322618064434,0.011492047878031009,3.5510117565953523E-4,0.08466950596286178,0.029120347432322325,0.010537963152940057,0.08466950596286178,0.05988724598880966,357.88598502739495,0.2346583425845361,0.0010682148419232389,0.05397732021248614,NaN,0.0,0.0,0.0,43,
crude-cooling,1.0,0.02,60.0,OK,0.007963152100432939,3.9815760502164694E-8,8.607932458496836E-4,1.229405133395099E-4,2.0393636202556864E-4,1.288389986595267E-4,61.480907597898,0.22296836065615572,3.548962951624863E-12,0.0,5.976370923104137,0.6588214615484597,0.04797836904851418,0.6588214615484597,0.6588214615826625,300.0,0.2346583425845361,0.0,3.205618919706951,NaN,1.3934143662773574E-16,0.0,46875.0,43,
crude-cooling,1.0,0.2,2.0,OK,0.31123176502957345,1.5561588251478672E-6,0.008607932458496835,0.008645162620140864,0.008645197996832343,0.008645036764195936,62.45975405685424,3.853816354209971E-6,1.854535178236828E-6,6.0324054044372175E-5,8.624694086962493E-5,6.0299527458556426E-5,6.04113113245252E-5,8.624694086962493E-5,4.0920793550601986E-6,497.6350852573903,0.2346583425845361,0.22918838931760926,2.5948978122187293E-5,NaN,1.36520342316085E-15,0.0,0.0,43,
crude-cooling,1.0,0.2,15.0,OK,0.31123176502957345,1.5561588251478672E-6,0.008607932458496835,0.008885794193874894,0.008894453735826532,0.008884962341601486,451.2941628857102,2.0258605297821322E-4,9.83977002762682E-5,2.5983013840588957E-4,0.0016521841460454421,2.1779483688082443E-4,2.638723188921E-4,0.0016521841460454421,9.745377579875337E-4,483.27356230839234,0.2346583425845361,0.19644327519144542,0.0014347017798047228,NaN,0.0,0.0,0.0,43,
crude-cooling,1.0,0.2,60.0,OK,0.31123176502957345,1.5561588251478672E-6,0.008607932458496835,0.009708094206934456,0.009879199460155218,0.009686092597993707,1610.8047818782973,0.002633372220993267,0.0011381831579662164,2.3737560482829035E-4,0.019891052719508518,0.002459401376159314,5.904770908499641E-4,0.019891052719508518,0.0176250095614587,444.3445704774957,0.2346583425845361,0.1123995415873123,0.02229562021662474,NaN,1.4080902092883224E-16,0.0,0.0,43,
crude-cooling,1.0,1.0,2.0,OK,5.521560527780464,2.7607802638902318E-5,0.04303966229248417,0.04307992673113568,0.0430800591033567,0.04308002119480401,62.75698082205002,1.9702740476900768E-7,2.9316552974318365E-8,1.27028371949124E-5,1.3829935986437173E-5,1.2699135235218399E-5,1.2700195400244215E-5,1.3829935986437173E-5,3.072712306380846E-6,499.52351544141084,0.2346583425845361,0.2335546383042592,1.130815111592802E-6,3.487881348827685E-8,1.1548719916771257E-14,0.0,0.0,43,
crude-cooling,1.0,1.0,15.0,OK,5.521560527780464,2.7607802638902318E-5,0.04303966229248417,0.04334133895589931,0.043344093777686485,0.043341943786099915,467.07080632721556,8.576408527630792E-6,4.2050016389521165E-6,8.73377131117096E-5,1.5012005337772873E-4,8.676840601968842E-5,8.721271369893394E-5,1.5012005337772873E-4,6.356106787510106E-5,496.4707942655209,0.2346583425845361,0.22650309494212012,6.33571447565008E-5,NaN,2.4342498281438913E-16,0.0,0.0,43,
crude-cooling,1.0,1.0,60.0,OK,5.521560527780464,2.7607802638902318E-5,0.04303966229248417,0.04424204405802732,0.04427813957895621,0.04424272981492451,1820.559352385086,1.3091637215723414E-4,6.397407918583678E-5,2.416462849495647E-4,0.0012128478704080295,2.132872710137921E-4,2.4110708810453686E-4,0.0012128478704080295,8.158646757267305E-4,486.4666495809437,0.2346583425845361,0.20365005910681475,9.997738384278667E-4,NaN,1.2491885057292562E-16,0.0,0.0,43,
crude-cooling,1.0,3.0,2.0,OK,43.14533090837319,2.1572665454186595E-4,0.12911898687745252,0.12916110687270788,0.1291613512300432,0.12916133733129165,62.806867479764264,6.161479961099344E-8,3.750658817500512E-8,4.242123442942682E-6,4.37324405725193E-6,4.241363036053609E-6,4.241406259819148E-6,4.37324405725193E-6,1.8918801582538844E-6,499.8409578679353,0.2346583425845361,0.2342899045821188,1.3188158055598263E-7,NaN,3.6202193955124815E-15,0.0,0.0,43,
crude-cooling,1.0,3.0,15.0,OK,43.14533090837319,2.1572665454186595E-4,0.12911898687745252,0.12943476754748223,0.12943722720348438,0.1294364433235005,469.8385847908553,9.996700433714671E-7,4.280517255570013E-7,3.118186335813617E-5,3.8532396140185884E-5,3.1124749602029126E-5,3.114295123304483E-5,3.8532396140185884E-5,1.9003054965501386E-5,498.8123821391954,0.2346583425845361,0.23190884693590583,7.407877106476776E-6,NaN,4.1136178674304145E-15,0.0,0.0,43,
crude-cooling,1.0,3.0,60.0,OK,43.14533090837319,2.1572665454186595E-4,0.12911898687745252,0.13038052986179727,0.13039904214367398,0.13038638396381552,1862.8227463971916,1.5134826939737948E-5,7.458020835160046E-6,1.122741775976924E-4,2.2851789162764947E-4,1.1058499224746076E-4,1.1173995843451163E-4,2.2851789162764947E-4,1.4198655195171893E-4,495.3187411492747,0.2346583425845361,0.22385110734183655,1.1794594243131812E-4,NaN,1.220721739521596E-16,0.0,0.0,43,
crude-cooling,10.0,0.002,2.0,OK,0.007963152100432937,3.981576050216469E-8,8.607932458496835E-5,1.1697374774609128E-5,1.3197903319597728E-5,1.1478733601790488E-5,5.849700787157895,0.22296836067199996,0.0,0.0,6.358858368798058,0.12827908602584198,0.018691473688030716,0.12827908602584198,0.12827908602584212,300.0,0.2346583425845361,0.0,5.522196910268273,NaN,0.0,0.0,31250.0,43,
crude-cooling,10.0,0.002,15.0,OK,0.007963152100432937,3.981576050216469E-8,8.607932458496835E-5,1.1475480963823116E-5,1.1476212245684435E-5,1.1475126793398929E-5,5.738734658036519,0.22296836067200027,1.5476903405114245E-16,0.0,6.5011517910523,6.372559578331281E-5,3.086323138027837E-5,6.372559578331281E-5,6.3725595783264E-5,300.0,0.2346583425845361,0.0,6.500673806145228,NaN,0.0,0.0,31250.0,43,
crude-cooling,10.0,0.002,60.0,OK,0.007963152100432937,3.981576050216469E-8,8.607932458496835E-5,1.147512679325285E-5,1.147512679325285E-5,1.1475126793376252E-5,5.738557542067885,0.22296836067200004,1.5477381087304925E-16,0.0,6.5013833080765,0.0,1.0753993927081208E-11,0.0,0.0,300.0,0.2346583425845361,0.0,6.5013833080765,NaN,0.0,0.0,31250.0,43,
crude-cooling,10.0,0.02,2.0,OK,0.0796315210043294,3.98157605021647E-7,8.607932458496836E-4,1.5260798756708952E-4,6.768020752056451E-4,5.425083302433879E-4,76.31597015930197,0.2215302829169572,8.094989951144175E-5,3.899665389664438E-6,3.6131498872907972,2.9567805122114157,2.3483459609559056,2.9567805122114157,3.4349059704893192,300.00451412073124,0.2346583425845361,0.0,0.1658847067846433,1.241298105569163E-5,1.8824471892570089E-16,0.0,31250.0,43,
crude-cooling,10.0,0.02,15.0,OK,0.0796315210043294,3.98157605021647E-7,8.607932458496836E-4,1.1774432507956014E-4,1.3941796319602137E-4,1.1512029929574422E-4,58.88236329713506,0.22296836067200024,1.206715722625678E-16,0.0,6.310694544911701,0.18407373860112822,0.02228579408852922,0.18407373860112822,0.18407373860112825,300.0,0.2346583425845361,0.0,5.174188571691996,NaN,0.0,0.0,46875.0,43,
crude-cooling,10.0,0.02,60.0,OK,0.0796315210043294,3.98157605021647E-7,8.607932458496836E-4,1.1532025291085616E-4,1.1754333164392354E-4,1.1475126793390123E-4,57.67011720374877,0.22296836067200024,1.232081310412028E-16,0.0,6.464371817802779,0.019277435463013158,0.004933955333888795,0.019277435463013158,0.019277435463013148,300.0,0.2346583425845361,0.0,6.323199315613262,NaN,0.0,0.0,31250.0,43,
crude-cooling,10.0,0.2,2.0,OK,3.112317650295735,1.5561588251478675E-5,0.008607932458496835,0.008977804055526475,0.008993747034638767,0.008976567256056767,593.492533768952,3.5200155165249626E-4,1.6914031061552633E-4,2.554064629618605E-4,0.002688007883769089,1.5487794977096022E-4,2.6321946200463927E-4,0.002688007883769089,0.0017758216835305775,478.17939624147687,0.2346583425845361,0.18503847831165626,0.0025335223207408643,NaN,0.0,0.0,0.0,43,
crude-cooling,10.0,0.2,15.0,OK,3.112317650295735,1.5561588251478675E-5,0.008607932458496835,0.011746673359494288,0.012908279964193303,0.011395047491327963,3419.908214906141,0.010528752635836821,0.003979189779926031,4.173513156848337E-4,0.10836402472772586,0.02817219779380613,0.01000995747320555,0.02817219779380613,0.09888813361445377,399.7333438558845,0.2346583425845361,0.028221188733209984,0.13279509289835273,NaN,1.2932719886817569E-16,0.0,15625.0,43,
crude-cooling,10.0,0.2,60.0,OK,3.112317650295735,1.5561588251478675E-5,0.008607932458496835,0.007075403038169897,0.007611975118587475,0.007096377781696004,3535.0969535295076,0.20837724251340292,4.783002566317956E-4,1.0022108287544196E-4,0.21330085632811968,0.07501348980473214,0.0028422348012959045,0.07501348980473214,0.0758362566093996,300.2516679481113,0.2346583425845361,0.0,0.1286377964880295,NaN,1.1966163553855227E-16,0.0,31250.0,43,
crude-cooling,10.0,1.0,2.0,OK,55.215605277804634,2.7607802638902315E-4,0.04303966229248417,0.043441732211715045,0.04344632402447318,0.043442489632521876,620.9378037445289,1.5147627526961178E-5,7.464392524540813E-6,1.1231525506847197E-4,2.235077117048046E-4,1.1105718056901717E-4,1.121077171538066E-4,2.235077117048046E-4,1.0570049867621342E-4,495.31677354141885,0.2346583425845361,0.22384658090592052,1.1246302096181372E-4,NaN,5.493277950446473E-16,0.0,0.0,43,
crude-cooling,10.0,1.0,15.0,OK,55.215605277804634,2.7607802638902315E-4,0.04303966229248417,0.046026262944826334,0.046247965862115825,0.04601261642485216,4335.8152396533915,7.493121642707606E-4,3.517996278932182E-4,2.157178678317451E-4,0.0059525340749214915,1.8185663434833432E-4,2.4030977971287724E-4,0.0059525340749214915,0.004816878519015468,468.7713812726393,0.2346583425845361,0.1642884525257762,0.006133275332460333,NaN,2.097251114125861E-16,0.0,0.0,43,
crude-cooling,10.0,1.0,60.0,OK,55.215605277804634,2.7607802638902315E-4,0.04303966229248417,0.054781935594307996,0.059018726530714785,0.053737946721596624,14303.92566236696,0.007837469739400551,0.0029704791235866624,3.659655529315984E-4,0.07106657878624772,0.019276920603943006,0.005605343633630998,0.07106657878624772,0.0773391975008456,410.8223737860852,0.2346583425845361,0.046647146447269465,0.08863489162166088,NaN,0.0,0.0,15625.0,43,
crude-cooling,10.0,3.0,2.0,OK,431.4533090837319,0.0021572665454186596,0.12911898687745252,0.12953996771760745,0.1295435683980326,0.1295421734095759,625.8324890233395,1.7398738006825134E-6,7.987602209609893E-7,4.1119570161207415E-5,5.417017558440156E-5,4.1008312231128665E-5,4.105141544063703E-5,5.417017558440156E-5,2.779590336939495E-5,498.4191046776583,0.2346583425845361,0.23099950108990416,1.3162403121209804E-5,3.847825428722562E-8,1.8166442620384135E-16,0.0,0.0,43,
crude-cooling,10.0,3.0,15.0,OK,431.4533090837319,0.0021572665454186596,0.12911898687745252,0.13226516021243673,0.13235536701363243,0.1322747693890518,4577.335879700035,9.162040938826551E-5,4.49391987375236E-5,2.2053017496576866E-4,9.304140291079055E-4,2.006644263404637E-4,2.1841273450573113E-4,9.304140291079055E-4,6.820148333152695E-4,488.6290134161743,0.2346583425845361,0.2085551001961411,7.298960669430031E-4,NaN,0.0,0.0,0.0,43,
crude-cooling,10.0,3.0,60.0,OK,431.4533090837319,0.0021572665454186596,0.12911898687745252,0.14156277318696325,0.14288238034897982,0.14145263838238176,16917.470040581662,0.0012592594102868446,5.76569580154164E-4,2.5410587411678874E-4,0.010549596033251087,7.393440636420828E-4,3.378033534103136E-4,0.010549596033251087,0.00932171030779222,460.2237443138702,0.2346583425845361,0.14580149253489366,0.011280599852358008,NaN,2.1488384891443926E-16,0.0,15625.0,43,
crude-cooling,50.0,0.002,2.0,OK,0.03981576050216469,1.9907880251082344E-7,8.607932458496835E-5,1.148186469404789E-5,1.1498547008840715E-5,1.1475126793371071E-5,5.741927076202168,0.2229683606720002,0.0,0.0,6.496981272527205,0.0014529273107941629,5.868298274156842E-4,0.0014529273107941629,0.001452927310794175,300.0,0.2346583425845361,0.0,6.486104506837761,NaN,0.0,0.0,31250.0,43,
crude-cooling,50.0,0.002,15.0,OK,0.03981576050216469,1.9907880251082344E-7,8.607932458496835E-5,1.147512679325285E-5,1.147512679325285E-5,1.1475126793376252E-5,5.738557542067885,0.22296836067200004,1.5477381087304925E-16,0.0,6.5013833080765,0.0,1.0753993927081208E-11,0.0,0.0,300.0,0.2346583425845361,0.0,6.5013833080765,NaN,0.0,0.0,46875.0,43,
crude-cooling,50.0,0.002,60.0,OK,0.03981576050216469,1.9907880251082344E-7,8.607932458496835E-5,1.147512679325285E-5,1.147512679325285E-5,1.1475126793376252E-5,5.738557542067885,0.22296836067200004,1.5477381087304925E-16,0.0,6.5013833080765,0.0,1.0753993927081208E-11,0.0,0.0,300.0,0.2346583425845361,0.0,6.5013833080765,NaN,0.0,0.0,31250.0,43,
crude-cooling,50.0,0.02,2.0,OK,0.39815760502164693,1.990788025108235E-6,8.607932458496836E-4,1.1938250362273853E-4,1.5557705851938216E-4,1.1850279713353545E-4,59.701594492012795,0.2229683606720001,1.1901570499179222E-16,0.0,6.209867321372055,0.30318140262012183,0.007368805834253895,0.30318140262012183,0.3031814026201218,300.0,0.2346583425845361,0.0,4.53251243984621,NaN,0.0,0.0,31250.0,43,
crude-cooling,50.0,0.02,15.0,OK,0.39815760502164693,1.990788025108235E-6,8.607932458496836E-4,1.150232065109597E-4,1.1584632955022507E-4,1.147512679338484E-4,57.52156826924181,0.22296836067200018,1.2352631493533962E-16,0.0,6.483648491121355,0.007156147565638776,0.0023642061924728434,0.007156147565638776,0.007156147565638768,300.0,0.2346583425845361,0.0,6.43047491613869,NaN,0.0,0.0,15625.0,43,
crude-cooling,50.0,0.02,60.0,OK,0.39815760502164693,1.990788025108235E-6,8.607932458496836E-4,1.147512684273118E-4,1.1475126901917281E-4,1.1475126793375422E-4,57.385575668113376,0.22296836067200004,0.0,0.0,6.501383275732116,5.157773086837908E-9,4.301107971768457E-9,5.157773086837908E-9,5.1577731021753976E-9,300.0,0.2346583425845361,0.0,6.501383237041683,NaN,1.2381904752592718E-16,0.0,46875.0,43,
crude-cooling,50.0,0.2,2.0,OK,15.561588251478675,7.780794125739338E-5,0.008607932458496835,0.010632671734429697,0.011393998642004598,0.010415582124307932,2476.9281877005646,0.005878399884564403,0.002297887953406921,2.649917469933717E-4,0.0535221323445439,0.01545569558425461,0.005117596339304308,0.0535221323445439,0.07160259684399402,420.9111790033651,0.2346583425845361,0.06547832705254325,0.06792795414782847,1.2909266220401773E-7,0.0,0.0,0.0,43,
crude-cooling,50.0,0.2,15.0,OK,15.561588251478675,7.780794125739338E-5,0.008607932458496835,0.006000012116025372,0.0067803290169816816,0.006193189368745571,3000.443022508503,0.22101214741530886,8.941886626376564E-5,6.1125895736877805E-6,0.43350263391312605,0.12995513916067092,0.03217624062873165,0.12995513916067092,0.13005255420604378,300.00764137084377,0.2346583425845361,0.0,0.26863676639227446,NaN,1.3412927959315167E-16,0.0,31250.0,43,
crude-cooling,50.0,0.2,60.0,OK,15.561588251478675,7.780794125739338E-5,0.008607932458496835,0.004726861749831567,0.004967897833261669,0.004666479115731519,2363.84038569032,0.22296836067199158,1.7313885416095744E-15,0.0,0.8210671083836464,0.05099283545550917,0.012774360092549663,0.05099283545550917,0.0509928354555092,300.0,0.2346583425845361,0.0,0.7327112487825671,NaN,0.0,0.0,31250.0,43,
crude-cooling,50.0,1.0,2.0,OK,276.07802638902314,0.0013803901319451156,0.04303966229248417,0.04503762710644582,0.04513591783566498,0.04503493708685409,2968.019132754404,3.496941554853226E-4,1.680573306363785E-4,2.557478723422252E-4,0.002874990549798352,1.3265016784167128E-4,2.5912407554179814E-4,0.002874990549798352,0.00218241358468663,478.24797958284023,0.2346583425845361,0.18519128208635413,0.002742704202129433,NaN,1.532361015407731E-16,0.0,15625.0,43,
crude-cooling,50.0,1.0,15.0,OK,276.07802638902314,0.0013803901319451156,0.04303966229248417,0.0576683123866306,0.06482947773541606,0.055594899734320274,17001.038248659366,0.010916373638372976,0.004135722869841957,4.103852521271488E-4,0.1031979482841421,0.03544537272838013,0.012211923363530348,0.03544537272838013,0.12417851420333306,398.3421042744866,0.2346583425845361,0.026175052662101465,0.13389728194660772,NaN,0.0,0.0,0.0,43,
crude-cooling,50.0,1.0,60.0,OK,276.07802638902314,0.0013803901319451156,0.04303966229248417,0.08475266733198625,0.08726745615648546,0.08387085629936722,39609.76034787335,0.09621690700379672,0.012552387773143502,3.8600835030492425E-4,0.4585758505920168,0.022743383680042716,0.008627819568501413,0.022743383680042716,0.02967209060982686,317.7605577474282,0.2346583425845361,0.0,0.4706158377091359,NaN,1.7960617625260415E-16,0.0,15625.0,43,
crude-cooling,50.0,3.0,2.0,OK,2157.2665454186595,0.010786332727093298,0.12911898687745252,0.13121927474794404,0.13126306457620002,0.13122761226010893,3080.7686040856274,4.142760310189021E-5,2.0421590185618086E-5,1.6900979156058901E-4,4.885943125628036E-4,1.6245403988058104E-4,1.6776125430939155E-4,4.885943125628036E-4,3.337149084240477E-4,492.29779110272153,0.2346583425845361,0.21692157179219115,3.261932640957567E-4,NaN,4.428971762087879E-16,0.0,15625.0,43,
crude-cooling,50.0,3.0,15.0,OK,2157.2665454186595,0.010786332727093298,0.12911898687745252,0.1446223269241465,0.14671018505057337,0.14439522595772372,20646.055636785066,0.0018711963740332882,8.33961493385448E-4,2.5972894174310204E-4,0.015814294246221963,0.0016033642805942088,4.6535867836142874E-4,0.015814294246221963,0.01443662379683557,452.30200736228386,0.2346583425845361,0.1289849793811608,0.017389776380520125,NaN,1.7592489350887955E-16,0.0,0.0,43,
crude-cooling,50.0,3.0,60.0,OK,2157.2665454186595,0.010786332727093298,0.12911898687745252,0.18870814942731418,0.22269012843092195,0.17714751827199277,63351.780784071314,0.01668530539640533,0.006630582847367692,4.123980129141517E-4,0.16642356825258284,0.06081706914207392,0.025623774933011524,0.06081706914207392,0.18007690238463608,381.92531109764286,0.2346583425845361,0.008583441494621811,0.21421284027644422,NaN,0.0,0.0,15625.0,43,
crude-cooling,150.0,0.002,2.0,OK,0.11944728150649407,5.972364075324703E-7,8.607932458496835E-5,1.1475126842731176E-5,1.1475126901917278E-5,1.1475126793375415E-5,5.738557566811335,0.22296836067200004,0.0,0.0,6.501383275732118,5.157773303521245E-9,4.301108157497031E-9,5.157773303521245E-9,5.157773220278905E-9,300.0,0.2346583425845361,0.0,6.501383237041684,1.5552572839871705E-5,0.0,0.0,15625.0,43,
crude-cooling,150.0,0.002,15.0,OK,0.11944728150649407,5.972364075324703E-7,8.607932458496835E-5,1.147512679325285E-5,1.147512679325285E-5,1.1475126793376252E-5,5.738557542067885,0.22296836067200004,1.5477381087304925E-16,0.0,6.5013833080765,0.0,1.0753993927081208E-11,0.0,0.0,300.0,0.2346583425845361,0.0,6.5013833080765,NaN,0.0,0.0,31250.0,43,
crude-cooling,150.0,0.002,60.0,OK,0.11944728150649407,5.972364075324703E-7,8.607932458496835E-5,1.147512679325285E-5,1.147512679325285E-5,1.1475126793376252E-5,5.738557542067885,0.22296836067200004,1.5477381087304925E-16,0.0,6.5013833080765,0.0,1.0753993927081208E-11,0.0,0.0,300.0,0.2346583425845361,0.0,6.5013833080765,NaN,0.0,0.0,31250.0,43,
crude-cooling,150.0,0.02,2.0,OK,1.1944728150649409,5.972364075324704E-6,8.607932458496836E-4,1.1629462957089907E-4,1.2710825343158373E-4,1.1475168296595548E-4,58.15738994870806,0.22296836067199982,0.0,0.0,6.401831443340388,0.092984722515429,0.013267565412407518,0.092984722515429,0.09298472251542908,300.0,0.2346583425845361,0.0,5.772127085459696,NaN,1.1178182729096431E-16,0.0,15625.0,43,
crude-cooling,150.0,0.02,15.0,OK,1.1944728150649409,5.972364075324704E-6,8.607932458496836E-4,1.1475130974797888E-4,1.1475137654372189E-4,1.14751267933859E-4,57.385596332026715,0.2229683606720001,1.2381900357869917E-16,0.0,6.501380574567645,5.820913343691538E-7,3.643890423827604E-7,5.820913343691538E-7,5.820913343445335E-7,300.0,0.2346583425845361,0.0,6.501376208081559,NaN,0.0,0.0,46875.0,43,
crude-cooling,150.0,0.02,60.0,OK,1.1944728150649409,5.972364075324704E-6,8.607932458496836E-4,1.147512679325285E-4,1.147512679325285E-4,1.1475126793376256E-4,57.385575420678855,0.22296836067200004,1.238190486984394E-16,0.0,6.501383308076502,0.0,1.0754303474702954E-11,0.0,0.0,300.0,0.2346583425845361,0.0,6.501383308076502,NaN,1.238190486984394E-16,0.0,31250.0,43,
crude-cooling,150.0,0.2,2.0,OK,46.68476475443602,2.3342382377218007E-4,0.008607932458496835,0.013570819926149589,0.01277178286390998,0.013697850688158243,5432.164032674503,0.03706401793898207,0.012497617929558712,3.3648640449858024E-4,0.26216295883127294,0.03395738402912792,0.00475681092729262,0.03395738402912792,0.05887905569360221,352.07035880109595,0.2346583425845361,5.67122352700723E-4,0.2362272336948599,NaN,1.7331294917355228E-16,0.0,0.0,43,
crude-cooling,150.0,0.2,15.0,OK,46.68476475443602,2.3342382377218007E-4,0.008607932458496835,0.004817628449636308,0.005090105152548274,0.004854973018320658,2409.2315991485775,0.22296836062538875,1.0401746773331193E-11,0.0,0.7867572282995778,0.05655826424981651,0.007751649815827658,0.05655826424981651,0.05655826424981677,300.0,0.2346583425845361,0.0,0.6911109294746005,NaN,0.0,0.0,31250.0,43,
crude-cooling,150.0,0.2,60.0,OK,46.68476475443602,2.3342382377218007E-4,0.008607932458496835,0.004560828984625493,0.004501879865561607,0.004485046840048633,2280.809618870042,0.2229683606720003,0.0,0.0,0.8873613738892829,0.012925088676335562,0.016615870674458622,0.012925088676335562,0.01292508867633564,300.0,0.2346583425845361,0.0,0.9120751142973912,NaN,2.0199053915817168E-16,0.0,46875.0,43,
crude-cooling,150.0,1.0,2.0,OK,828.2340791670696,0.004141170395835348,0.04303966229248417,0.04896295287415004,0.04989427183300084,0.04884136347771201,8064.834868482508,0.0025894865710969256,0.0011211132851228643,2.3681448795792538E-4,0.02120489459061777,0.0026450125868353967,6.204991343299885E-4,0.02120489459061777,0.019020890370819263,444.7621801336285,0.2346583425845361,0.11326232313123616,0.023786990288736525,2.2810418538265375E-8,1.1247538700472043E-16,0.0,0.0,43,
crude-cooling,150.0,1.0,15.0,OK,828.2340791670696,0.004141170395835348,0.04303966229248417,0.07940891354626767,0.08735757703026571,0.0767169468388606,34986.13672079499,0.06430035954885718,0.014141429522042151,4.464674425036787E-4,0.3945121597115542,0.06396165604742153,0.023880908336199835,0.06396165604742153,0.1000978747727955,331.7919101925973,0.2346583425845361,0.0,0.43091197239399504,NaN,0.0,0.0,15625.0,43,
crude-cooling,150.0,1.0,60.0,OK,828.2340791670696,0.004141170395835348,0.04303966229248417,0.08610888263483729,0.08567366095415117,0.08633475091539267,43054.848020217454,0.21746956074634533,3.869958958015088E-5,2.676256572911215E-5,0.5000897627758715,0.005072620625225209,0.002591752113286508,0.005072620625225209,0.005054318060678671,300.0453315718688,0.2346583425845361,0.0,0.4975409787815081,NaN,0.0,0.0,31250.0,43,
crude-cooling,150.0,3.0,2.0,OK,6471.799636255979,0.032358998181279894,0.12911898687745252,0.1353864816538814,0.13571738857881127,0.13538469616488635,8905.076634548092,3.482892645782328E-4,1.6739787152318466E-4,2.559525249681468E-4,0.0029891171353292325,1.1839865615392204E-4,2.566964850167419E-4,0.0029891171353292325,0.002444165184644104,478.2898585438996,0.2346583425845361,0.18528458846663665,0.002871058408632632,NaN,0.0,0.0,0.0,43,
crude-cooling,150.0,3.0,15.0,OK,6471.799636255979,0.032358998181279894,0.12911898687745252,0.174547020947786,0.19585818464653554,0.16829031897152258,51146.85991926316,0.010726266369895382,0.004058607447475059,4.13030540841277E-4,0.10571835650724286,0.034595637493156244,0.012071943670027677,0.034595637493156244,0.12209411299620258,399.01871228392895,0.2346583425845361,0.02716123516857432,0.13562206229709456,NaN,1.3749931721234516E-16,0.0,0.0,43,
crude-cooling,150.0,3.0,60.0,OK,6471.799636255979,0.032358998181279894,0.12911898687745252,0.26413742212415153,0.3380438892695539,0.23732390017749927,122414.95008846605,0.09038121216775469,0.012994159538296758,3.739607067978873E-4,0.4744347617075407,0.19086597039779254,0.08202298337599208,0.19086597039779254,0.27980309094810657,319.8338156859068,0.2346583425845361,0.0,0.5586696980543482,NaN,1.9964241129756132E-16,0.0,15625.0,43,
heavy-liquid,1.0,0.002,2.0,OK,0.005761545713898933,1.920515237966311E-8,0.002635748792464086,0.0025909476748676792,0.002584247759635759,0.002583255835960596,76.93568859269548,9.139841320630744E-5,4.402793154923281E-5,3.2938566822672836E-4,2.5685154754414004E-5,3.8352917695687913E-4,3.9156866685516426E-4,2.5685154754414004E-5,0.0025858936855073958,589.8356318261158,0.0,0.0,4.093713375634586E-4,8.857672356232054E-8,5.543450904437714E-16,0.0,0.0,43,
heavy-liquid,1.0,0.002,15.0,OK,0.005761545713898933,1.920515237966311E-8,0.002635748792464086,0.002221316894555184,0.002279475428187027,0.0022222865861747454,491.4426562743935,0.006254884444978076,0.002318554683513445,4.369871695562614E-4,0.028498819408987634,0.004202080973949357,3.578409176290217E-4,0.028498819408987634,0.026182006617065465,520.784024105474,0.0,0.0,0.024195068796783913,NaN,0.0,0.0,0.0,43,
heavy-liquid,1.0,0.002,60.0,OK,0.005761545713898933,1.920515237966311E-8,0.002635748792464086,4.4847400503185013E-4,0.0013521827984293807,7.911740980662814E-4,277.6415406412309,0.18664909072920188,1.9700590119534233E-5,3.6519003704161735E-6,3.6662849812666223,1.8951311121811005,0.7580289222514162,1.8951311121811005,2.0150750840806264,350.0111886576408,0.0,0.0,0.6117698302620879,NaN,0.0,0.0,31250.0,43,
heavy-liquid,1.0,0.02,2.0,OK,0.08901911965369702,2.9673039884565673E-7,0.026357487924640863,0.02638694030700371,0.026389113240717087,0.02638907546678125,78.38097138320211,9.816756995078254E-7,3.4396798370381674E-7,4.059993554326803E-5,4.2906655975437264E-5,4.042995432283435E-5,4.04329090217055E-5,4.2906655975437264E-5,8.234883196375649E-5,598.9892614435262,0.0,0.0,2.4768017895861356E-6,NaN,4.351493695017235E-15,0.0,0.0,43,
heavy-liquid,1.0,0.02,15.0,OK,0.08901911965369702,2.9673039884565673E-7,0.026357487924640863,0.026574391478356336,0.02658941397081544,0.026587444484161074,580.2290327556389,4.909046679707998E-5,2.3814012052574128E-5,2.5918369495394646E-4,3.850946934210085E-4,2.505385293603262E-4,2.516713816261743E-4,3.850946934210085E-4,5.65299584426603E-4,592.5392560548655,0.0,0.0,1.3458988401228954E-4,NaN,7.839340768768299E-16,0.0,0.0,43,
heavy-liquid,1.0,0.02,60.0,OK,0.08901911965369702,2.9673039884565673E-7,0.026357487924640863,0.02716362729810521,0.02720777561657988,0.027184416240365723,2220.8934685969384,7.279858462596222E-4,3.2956789564586375E-4,4.6071972541939367E-4,0.0022620576447723692,3.650299008040823E-4,4.1562329073617797E-4,0.0022620576447723692,0.0016252733108935932,571.6809618461202,0.0,0.0,0.001897720468682724,NaN,2.0483351151913287E-16,0.0,0.0,43,
heavy-liquid,1.0,0.2,2.0,OK,6.955077826346754,2.318359275448918E-5,0.2635748792464086,0.2635803168647837,0.26357859342643924,0.26357859337365813,78.52389783240076,6.350572025859743E-8,5.1382885161925195E-8,4.101845407148339E-6,4.106111616467085E-6,4.103197531810728E-6,4.10319751081764E-6,4.106111616467085E-6,6.538569969793972E-6,599.8986664817877,0.0,0.0,2.9140966134702267E-9,NaN,6.71419641402783E-14,0.0,0.0,43,
heavy-liquid,1.0,0.2,15.0,OK,6.955077826346754,2.318359275448918E-5,0.2635748792464086,0.2636156050394198,0.2636027442618082,0.2636027413148242,588.1540392984932,5.998168395877768E-7,1.453132166452637E-7,3.062187427142729E-5,3.086137276179221E-5,3.0697497403024064E-5,3.069751473514626E-5,3.086137276179221E-5,4.878610129952861E-5,599.2409274077894,0.0,0.0,1.6388038948597472E-7,NaN,1.9909926607276293E-14,0.0,0.0,43,
heavy-liquid,1.0,0.2,60.0,OK,6.955077826346754,2.318359275448918E-5,0.2635748792464086,0.26373529076983093,0.2636864560485835,0.26368640877122107,2341.9176689843543,8.089450747058442E-6,3.869252097696406E-6,1.1654412385463877E-4,1.2030959503065756E-4,1.176899782316275E-4,1.1769108775145169E-4,1.2030959503065756E-4,1.851656678364962E-4,596.9745327969606,0.0,0.0,2.6199251379625184E-6,NaN,2.718802780221232E-15,0.0,0.0,43,
heavy-liquid,1.0,1.0,2.0,OK,142.46930971140932,4.748976990380311E-4,1.317874396232043,1.3178827793615744,1.3178815313586303,1.3178815313200642,78.53663224861437,1.2702415238208768E-8,1.2429833240909614E-8,8.204264285532584E-7,8.206892811079247E-7,8.204658052017237E-7,8.204657662984288E-7,8.206892811079247E-7,9.469756822402915E-7,599.9797297204218,0.0,0.0,2.2347608955552646E-10,6.484391197645759E-9,2.871608355360497E-13,0.0,0.0,43,
heavy-liquid,1.0,1.0,15.0,OK,142.46930971140932,4.748976990380311E-4,1.317874396232043,1.3179372615448521,1.3179279048620631,1.317927902689907,588.8695562861034,9.525284234153736E-8,6.69861938417207E-8,6.152385082520081E-6,6.1671809773719855E-6,6.15458721600682E-6,6.154587679542581E-6,6.1671809773719855E-6,7.099490288361873E-6,599.8480192395008,0.0,0.0,1.2593838875044624E-8,NaN,9.208992852688574E-14,0.0,0.0,43,
heavy-liquid,1.0,1.0,60.0,OK,142.46930971140932,4.748976990380311E-4,1.317874396232043,1.3181256993985846,1.3180883642018686,1.318088329484659,2353.3315099151064,4.107501710999197E-7,6.469861363610713E-8,2.456833059941954E-5,2.480480440288243E-5,2.4603456948014195E-5,2.4603489622023143E-5,2.480480440288243E-5,2.8324458534598646E-5,599.3926416766751,0.0,0.0,2.013524088335573E-7,NaN,9.662016116357058E-15,0.0,0.0,43,
heavy-liquid,1.0,3.0,2.0,OK,1207.111907412993,0.0040237063580433104,3.953623188696129,3.9536327815737673,3.9536317288989498,3.953631728869551,78.53875495278487,4.233545326291628E-9,4.262273095068129E-9,2.734784037586701E-7,2.7351225214832583E-7,2.7348380284723604E-7,2.734824481444614E-7,2.7351225214832583E-7,2.6625508126163053E-7,599.9932430309307,0.0,0.0,2.8449308870243174E-11,NaN,4.916159269888106E-13,0.0,0.0,43,
heavy-liquid,1.0,3.0,15.0,OK,1207.111907412993,0.0040237063580433104,3.953623188696129,3.9536951318018057,3.9536872379488592,3.9536872369126224,588.9889239667282,3.175419369189603E-8,2.9054986558330644E-8,2.050999689217884E-6,2.052881233271521E-6,2.051206160364873E-6,2.0512060746638453E-6,2.052881233271521E-6,1.996576034131219E-6,599.9493279823164,0.0,0.0,1.6750763425750106E-9,NaN,1.4939804351042704E-13,0.0,0.0,43,
heavy-liquid,1.0,3.0,60.0,OK,1207.111907412993,0.0040237063580433104,3.953623188696129,3.953910913440552,3.9538793549002156,3.953879338314724,2355.2395585820614,1.2699641194723537E-7,7.586919018071653E-8,8.202686058187798E-6,8.232781314138196E-6,8.205986783073316E-6,8.205988564806532E-6,8.232781314138196E-6,7.981601261996887E-6,599.7973845983204,0.0,0.0,2.6794750942251305E-8,NaN,3.320986432851763E-14,0.0,0.0,43,
heavy-liquid,10.0,0.002,2.0,OK,0.05761545713898933,1.920515237966311E-7,0.002635748792464086,0.0020286366120874397,0.002159190807836611,0.002055843753048304,602.9967613220895,0.01258938166375455,0.004061415825608168,4.364589731881063E-4,0.062115931278389484,0.01560965228939984,0.0030520425002143127,0.062115931278389484,0.06435563420835282,491.4826624106568,0.0,0.0,0.04579148975608357,NaN,1.8563864387531775E-16,0.0,15625.0,43,
heavy-liquid,10.0,0.002,15.0,OK,0.05761545713898933,1.920515237966311E-7,0.002635748792464086,3.8485677069132596E-4,6.528157961632605E-4,4.0471228081402204E-4,238.26597573419437,0.18754192676332196,1.5567050390514937E-10,3.328069358895335E-14,5.7451109287782485,0.6962564522563034,0.051591947016742086,0.6962564522563034,0.6962564930080205,350.0000000000216,0.0,0.0,2.9764688410211373,NaN,0.0,0.0,46875.0,43,
heavy-liquid,10.0,0.002,60.0,OK,0.05761545713898933,1.920515237966311E-7,0.002635748792464086,3.6421297070581525E-4,4.052495549000326E-4,3.5848873848712E-4,225.48533753061645,0.18754192784338447,0.0,0.0,6.236833747801515,0.1126719460723537,0.015716717083420036,0.1126719460723537,0.1126719460723537,350.0,0.0,0.0,5.504013850036374,NaN,0.0,0.0,31250.0,43,
heavy-liquid,10.0,0.02,2.0,OK,0.8901911965369701,2.967303988456567E-6,0.026357487924640863,0.026644592231504654,0.026663955776195753,0.02666055978191055,769.7954295622918,8.646163301965605E-5,4.1684867813385676E-5,3.227924080338013E-4,5.44018019045098E-4,3.080411663217274E-4,3.10626722733225E-4,5.44018019045098E-4,7.267345104348667E-4,590.1122062831831,0.0,0.0,2.3604956570690073E-4,7.53771978349658E-8,2.954599738358052E-16,0.0,0.0,43,
heavy-liquid,10.0,0.02,15.0,OK,0.8901911965369701,2.967303988456567E-6,0.026357487924640863,0.02797638487876974,0.028043262253655634,0.02799293827554259,5101.448906558128,0.004045429316899884,0.0015944388430457449,4.120245981905582E-4,0.00920659788309232,6.932225148099861E-5,3.270550790352048E-4,0.00920659788309232,0.0023904938102507975,535.3285892581292,0.0,0.0,0.00913790909204341,NaN,0.0,0.0,0.0,43,
heavy-liquid,10.0,0.02,60.0,OK,0.8901911965369701,2.967303988456567E-6,0.026357487924640863,0.00944989452298806,0.020877304495480354,0.017576375188829985,5798.1518182816535,0.15791775389356225,0.003061710295857672,1.529559079031331E-4,1.2344267481665467,0.9353925819255081,0.7125608293195821,0.9353925819255081,1.2092632298375054,352.75606802279043,0.0,0.0,0.15450827342922424,NaN,0.0,0.0,31250.0,43,
heavy-liquid,10.0,0.2,2.0,OK,69.55077826346754,2.3183592754489178E-4,0.2635748792464086,0.26362910516869265,0.2636120370066502,0.2636120317665632,783.8082673925469,9.832373412924277E-7,3.448329373893083E-7,4.0636248936028124E-5,4.1061335541420785E-5,4.077003045235868E-5,4.0770071522347185E-5,4.1061335541420785E-5,6.474308681328E-5,598.9883411695973,0.0,0.0,2.9131696606368173E-7,NaN,1.8856513889044958E-15,0.0,0.0,43,
heavy-liquid,10.0,0.2,15.0,OK,69.55077826346754,2.3183592754489178E-4,0.2635748792464086,0.26396290228076597,0.26385436795827166,0.2638540709871221,5801.699341371147,4.975094316929462E-5,2.413162006659977E-5,2.6059240811490285E-4,2.8326959618036793E-4,2.669288180566132E-4,2.669461627911413E-4,2.8326959618036793E-4,4.1117263659595327E-4,592.4894324973446,0.0,0.0,1.6345141112952978E-5,NaN,1.254442856700536E-15,0.0,0.0,43,
heavy-liquid,10.0,0.2,60.0,OK,69.55077826346754,2.3183592754489178E-4,0.2635748792464086,0.2648853316525611,0.264701048561025,0.26469622265330883,22175.41884458609,7.647545286280651E-4,3.453552075234626E-4,4.536441952290696E-4,7.540804177161397E-4,4.95720783010509E-4,4.968234174787953E-4,7.540804177161397E-4,6.95708933320006E-4,570.9899887420673,0.0,0.0,2.584877724665966E-4,NaN,1.6413593577377535E-16,0.0,15625.0,43,
heavy-liquid,10.0,1.0,2.0,OK,1424.6930971140932,0.004748976990380311,1.317874396232043,1.317958212474879,1.3179457386062272,1.317945734741531,785.0798499410258,1.2699759536643016E-7,7.58694113452713E-8,8.202761314838662E-6,8.229062409197702E-6,8.206675322525683E-6,8.206676487661047E-6,8.229062409197702E-6,9.464540327383274E-6,599.7973827401178,0.0,0.0,2.238727039707831E-8,NaN,1.1063518804716082E-13,0.0,0.0,43,
heavy-liquid,10.0,1.0,15.0,OK,1424.6930971140932,0.004748976990380311,1.317874396232043,1.3185004246028766,1.3184089833377595,1.3184087667975501,5872.613130038095,2.0934617673816695E-6,8.990240603300585E-7,6.0297095699808784E-5,6.176842642216453E-5,6.051191966642184E-5,6.051242842183965E-5,6.176842642216453E-5,6.935247301472607E-5,598.483955787874,0.0,0.0,1.2565827939797813E-6,NaN,1.734654891547389E-14,0.0,0.0,43,
heavy-liquid,10.0,1.0,60.0,OK,1424.6930971140932,0.004748976990380311,1.317874396232043,1.320329943854404,1.3200060784054215,1.3200026502952031,23277.54664854222,3.1907973359370736E-5,1.5510336404734173E-5,2.1652841123801663E-4,2.395058032156678E-4,2.1955407643641336E-4,2.195861109258916E-4,2.395058032156678E-4,2.4529130047380455E-4,593.9814425006456,0.0,0.0,1.9956108224164863E-5,NaN,1.0942495097782166E-15,0.0,0.0,43,
heavy-liquid,10.0,3.0,2.0,OK,12071.119074129932,0.04023706358043311,3.953623188696129,3.9537191110777012,3.9537085865589168,3.9537085847172007,785.2920356201847,4.2338003909795815E-8,3.724466553007892E-8,2.734617526108738E-6,2.7379624235385165E-6,2.734984651601469E-6,2.7349848010042537E-6,2.7379624235385165E-6,2.661928803941466E-6,599.9324400019145,0.0,0.0,2.9777800812302008E-9,2.161476655464004E-8,2.526245847443807E-13,0.0,0.0,43,
heavy-liquid,10.0,3.0,15.0,OK,12071.119074129932,0.04023706358043311,3.953623188696129,3.954342259000131,3.954263450134871,3.954263346501164,5884.520966939961,3.1820326516710855E-7,1.0958600712591205E-8,2.049934299471846E-5,2.068731337234681E-5,2.0519940872327973E-5,2.051996795413829E-5,2.068731337234681E-5,1.992970261513889E-5,599.4938130652969,0.0,0.0,1.673759345631191E-7,NaN,2.5502450591496385E-14,0.0,0.0,43,
heavy-liquid,10.0,3.0,60.0,OK,12071.119074129932,0.04023706358043311,3.953623188696129,3.9564848971681705,3.956181154011314,3.956179502748526,23466.689522639575,3.6473954283605666E-6,1.6716698906195397E-6,7.949023460559439E-5,8.24776302544451E-5,7.980711380748139E-5,7.980883661159477E-5,8.24776302544451E-5,7.677096330484264E-5,597.980490325518,0.0,0.0,2.6707295901840587E-6,NaN,1.2403178261145494E-15,0.0,0.0,43,
heavy-liquid,50.0,0.002,2.0,OK,0.2880772856949466,9.602576189831553E-7,0.002635748792464086,4.0170899227146586E-4,9.028901356408815E-4,4.7039807528396875E-4,248.69923534487538,0.18753993745620282,1.8687544907324323E-7,1.1161685307419568E-9,5.132296401140804,1.2470916266504812,0.17099204586512418,1.2470916266504812,1.2476224157579443,350.0000013445723,0.0,0.0,1.7289925913175228,NaN,0.0,0.0,31250.0,43,
heavy-liquid,50.0,0.002,15.0,OK,0.2880772856949466,9.602576189831553E-7,0.002635748792464086,3.6299828818675404E-4,3.947808172747317E-4,3.5832499673596957E-4,224.73332395660157,0.18754192784338453,1.2646860256422207E-16,0.0,6.261050195882525,0.08755558944020775,0.012874141842730006,0.08755558944020775,0.08755558944020772,350.0,0.0,0.0,5.67648648619421,NaN,0.0,0.0,31250.0,43,
heavy-liquid,50.0,0.002,60.0,OK,0.2880772856949466,9.602576189831553E-7,0.002635748792464086,3.585266149004262E-4,3.59287440999316E-4,3.5830007669374064E-4,221.9648976747471,0.1875419278433843,0.0,0.0,6.351612636055244,0.0021220909892592007,6.318588279659684E-4,0.0021220909892592007,0.0021220909892592102,350.0,0.0,0.0,6.336044881315803,NaN,0.0,0.0,31250.0,43,
heavy-liquid,50.0,0.02,2.0,OK,4.450955982684851,1.4836519942282837E-5,0.026357487924640863,0.02759429200264356,0.027659796152385056,0.02761188685924667,3563.5049476918102,0.001908394264204092,8.118036847737004E-4,4.196967111290329E-4,0.004986335885501647,1.8866579509023163E-4,3.5753776543555104E-4,0.004986335885501647,0.002373829694025945,554.7763441700312,0.0,0.0,0.004798575417457851,NaN,2.5527292316026156E-16,0.0,0.0,43,
heavy-liquid,50.0,0.02,15.0,OK,4.450955982684851,1.4836519942282837E-5,0.026357487924640863,0.0076106033256107125,0.017725951410297095,0.0127033758013704,4709.044585318872,0.1820730391959848,3.7969722331717375E-4,3.281558145349403E-5,1.9986377416578331,1.2216400552387865,0.6487067823664353,1.2216400552387865,1.3291125094704206,350.17722019439805,0.0,0.0,0.34974058222745424,NaN,0.0,0.0,31250.0,43,
heavy-liquid,50.0,0.02,60.0,OK,4.450955982684851,1.4836519942282837E-5,0.026357487924640863,0.005841805243013464,0.007207497963554077,0.005906726237107965,3616.679066800692,0.18754192784193227,2.272052476524383E-13,0.0,3.5110328282468752,0.23377922812024995,0.011113173307539553,0.23377922812024995,0.23377922812026647,350.0,0.0,0.0,2.656272309852188,NaN,0.0,0.0,31250.0,43,
heavy-liquid,50.0,0.2,2.0,OK,347.75389131733766,0.001159179637724459,0.2635748792464086,0.26383836048342646,0.2637610065794608,0.2637608749486845,3887.420953038169,2.224969990618714E-5,1.0811975081052238E-5,1.8510260336852835E-4,1.953917974374023E-4,1.881212302520494E-4,1.8812636845694873E-4,1.953917974374023E-4,2.9318672168803694E-4,594.9733319548725,0.0,0.0,7.271935190747286E-6,7.823320555294135E-8,7.020071972269188E-16,0.0,0.0,43,
heavy-liquid,50.0,0.2,15.0,OK,347.75389131733766,0.001159179637724459,0.2635748792464086,0.2651203196646736,0.264962302747727,0.2649563017459242,27303.03056753179,0.0011802587251978944,5.199184566813151E-4,3.880233764523035E-4,8.326728052621012E-4,4.332546341628608E-4,4.3497342014532414E-4,8.326728052621012E-4,5.960196379759723E-4,564.1549354978486,0.0,0.0,3.995912958799515E-4,NaN,3.999067780164025E-16,0.0,0.0,43,
heavy-liquid,50.0,0.2,60.0,OK,347.75389131733766,0.001159179637724459,0.2635748792464086,0.2654823235082964,0.2652614850232767,0.26527511886550825,87046.58292853531,0.016100080118700236,0.004864252536671296,4.5884502559107433E-4,0.00262424108013846,7.082464749623659E-4,6.928394229146505E-4,0.00262424108013846,8.318387533354787E-4,479.31411521950156,0.0,0.0,0.001917352563370361,NaN,0.0,0.0,0.0,43,
heavy-liquid,50.0,1.0,2.0,OK,7123.465485570467,0.023744884951901555,1.317874396232043,1.3182926136327464,1.3182309109202528,1.3182308145651567,3919.0422230447407,9.830458760557474E-7,3.44726979449399E-7,4.063179999616847E-5,4.1287422828079115E-5,4.07285027697219E-5,4.0728653788541304E-5,4.1287422828079115E-5,4.680502026297918E-5,598.9884539205638,0.0,0.0,5.589428232615402E-7,NaN,1.5433327237289364E-14,0.0,0.0,43,
heavy-liquid,50.0,1.0,15.0,OK,7123.465485570467,0.023744884951901555,1.317874396232043,1.32092381121763,1.3205362170200647,1.3205308795483113,29008.866958915612,4.9667935568490135E-5,2.4091718897936582E-5,2.6041614429621833E-4,2.9602939059943106E-4,2.6493371577366296E-4,2.649959445477329E-4,2.9602939059943106E-4,2.9342661118963667E-4,592.4956750647832,0.0,0.0,3.110391530162409E-5,NaN,6.272121711795309E-16,0.0,15625.0,43,
heavy-liquid,50.0,1.0,60.0,OK,7123.465485570467,0.023744884951901555,1.317874396232043,1.328956232197561,1.3283539196460454,1.3282730029936962,110900.06212519114,7.596606078013043E-4,3.431718098091888E-4,4.546676501265428E-4,9.610287473697242E-4,4.819807496298103E-4,4.856518921463562E-4,9.610287473697242E-4,4.532222633995746E-4,571.0846655196428,0.0,0.0,4.792790009920939E-4,NaN,3.9383924790938365E-16,0.0,0.0,43,
heavy-liquid,50.0,3.0,2.0,SCREENED_DP,60355.59537064965,0.2011853179021655
heavy-liquid,50.0,3.0,15.0,SCREENED_DP,60355.59537064965,0.2011853179021655
heavy-liquid,50.0,3.0,60.0,SCREENED_DP,60355.59537064965,0.2011853179021655
heavy-liquid,150.0,0.002,2.0,OK,0.86423185708484,2.8807728569494666E-6,0.002635748792464086,3.705990109607547E-4,4.664877518622759E-4,3.69143252056534E-4,229.43895411812733,0.18754192784338447,1.2387482125537848E-16,0.0,6.110805600679032,0.2587398726535607,0.003928124094143445,0.2587398726535607,0.2587398726535607,350.0,0.0,0.0,4.64914622565239,4.004850515757444E-5,0.0,0.0,31250.0,43,
heavy-liquid,150.0,0.002,15.0,OK,0.86423185708484,2.8807728569494666E-6,0.002635748792464086,3.5904897965125074E-4,3.62233015754055E-4,3.5830007669427244E-4,222.2882952515152,0.18754192784338444,0.0,0.0,6.340917094442728,0.008867971455863672,0.0020857960875024606,0.008867971455863672,0.00886797145586369,350.0,0.0,0.0,6.276390273198281,NaN,0.0,0.0,31250.0,43,
heavy-liquid,150.0,0.002,60.0,OK,0.86423185708484,2.8807728569494666E-6,0.002635748792464086,3.583000848546035E-4,3.583000933119024E-4,3.5830007669371635E-4,221.82465224706735,0.18754192784338455,0.0,0.0,6.3562605868029864,2.3603954376766802E-8,2.2776682290577618E-8,2.3603954376766802E-8,2.3603954444344328E-8,350.0,0.0,0.0,6.356260413166152,NaN,0.0,0.0,31250.0,43,
heavy-liquid,150.0,0.02,2.0,OK,13.352867948054554,4.450955982684851E-5,0.026357487924640863,0.027535139964036736,0.027344827464852207,0.027478971173290824,8798.807744953569,0.015080766856591618,0.004641406463651705,4.608746101062055E-4,0.013296412124450903,0.002473424902510952,0.0010524617471631933,0.013296412124450903,0.006911622727652486,482.64501445696146,0.0,0.0,0.010849823445437744,NaN,2.0724395235733213E-16,0.0,15625.0,43,
heavy-liquid,150.0,0.02,15.0,OK,13.352867948054554,4.450955982684851E-5,0.026357487924640863,0.005960637548254514,0.008013634132933718,0.006107701053113099,3690.248501751477,0.18754192576238027,2.9537006167560037E-10,8.36728071579348E-14,3.4145015128019134,0.3444256699578072,0.024672445466757596,0.3444256699578072,0.3444256705862604,350.00000000005656,0.0,0.0,2.2835593751646055,NaN,0.0,0.0,31250.0,43,
heavy-liquid,150.0,0.02,60.0,OK,13.352867948054554,4.450955982684851E-5,0.026357487924640863,0.005630161302088913,0.006000770963229899,0.005538593849696759,3485.6496711061905,0.18754192784338436,0.0,0.0,3.681480069629294,0.06582576257690559,0.0162637351718823,0.06582576257690559,0.06582576257690563,350.0,0.0,0.0,3.39235026399683,NaN,1.2240530164270424E-16,0.0,31250.0,43,
heavy-liquid,150.0,0.2,2.0,OK,1043.261673952013,0.003477538913173377,0.2635748792464086,0.2643089141910288,0.2641354687933993,0.26413427272960205,11428.72347117282,1.9619664573541695E-4,9.310754486871478E-5,4.204977169125369E-4,5.057229760716112E-4,4.405937636407065E-4,4.407324339102013E-4,5.057229760716112E-4,6.562222774831474E-4,585.1535734713773,0.0,0.0,6.515792060437485E-5,NaN,3.184592219395993E-16,0.0,0.0,43,
heavy-liquid,150.0,0.2,15.0,OK,1043.261673952013,0.003477538913173377,0.2635748792464086,0.26591386994694316,0.2657296807151241,0.26573228121638254,70417.30009691323,0.009516512031085306,0.003269327038687528,4.2054962141502554E-4,0.002424024286141192,5.771714814151427E-4,5.749588390922868E-4,0.002424024286141192,6.926650041075925E-4,504.13383923499725,0.0,0.0,0.001847919371086995,NaN,0.0,0.0,15625.0,43,
heavy-liquid,150.0,0.2,60.0,OK,1043.261673952013,0.003477538913173377,0.2635748792464086,0.25281569132157816,0.2535340926634575,0.2526981312046207,144300.96581886688,0.09571374741524358,0.008666459107915704,1.8627836190134402E-4,0.03197731988615086,0.0019959246536616075,5.438507862915323E-4,0.03197731988615086,0.002841601081499095,373.5835180111137,0.0,0.0,0.029921673826021077,NaN,0.0,0.0,15625.0,43,
heavy-liquid,150.0,1.0,2.0,SCREENED_DP,21370.3964567114,0.07123465485570467
heavy-liquid,150.0,1.0,15.0,SCREENED_DP,21370.3964567114,0.07123465485570467
heavy-liquid,150.0,1.0,60.0,SCREENED_DP,21370.3964567114,0.07123465485570467
heavy-liquid,150.0,3.0,2.0,SCREENED_DP,181066.78611194898,0.6035559537064966
heavy-liquid,150.0,3.0,15.0,SCREENED_DP,181066.78611194898,0.6035559537064966
heavy-liquid,150.0,3.0,60.0,SCREENED_DP,181066.78611194898,0.6035559537064966
