epoch_ms,online_tick,tick_ms,engine_ms
1790170164764,1,15.6963,0.5978
1790170164813,2,0.8153,0.0367
1790170164861,3,16.8052,0.0328
1790170164901,4,6.7415,0.0267
1790170164952,5,7.3178,0.0337
1790170165001,6,6.1015,0.0311
1790170165051,7,6.7580,0.0313
1790170165100,8,5.7451,0.0391
1790170165145,9,0.6643,0.0281
1790170165204,10,8.6656,0.0356
1790170165246,11,0.6460,0.0263
1790170165295,12,0.6766,0.0245
1790170165346,13,0.5397,0.0241
1790170165395,14,0.4448,0.0172
1790170165445,15,0.5175,0.0176
1790170165495,16,0.3689,0.0158
1790170165545,17,0.6304,0.0274
1790170165595,18,0.6846,0.0289
1790170165645,19,0.5061,0.0193
1790170165696,20,1.2162,0.0220
1790170165745,21,0.7364,0.0266
1790170165795,22,0.5292,0.0226
1790170165845,23,0.6489,0.0249
1790170165894,24,0.7035,0.0320
1790170165945,25,0.5735,0.0313
1790170165995,26,0.4146,0.0153
1790170166045,27,0.3536,0.0120
1790170166095,28,0.6978,0.0303
1790170166144,29,0.8178,0.0350
1790170166195,30,0.6701,0.0278
1790170166245,31,0.5756,0.0282
1790170166295,32,0.5956,0.0306
1790170166345,33,0.4105,0.0173
1790170166395,34,0.4956,0.0215
1790170166445,35,0.7826,0.0238
1790170166495,36,0.2717,0.0159
1790170166545,37,0.5186,0.0275
1790170166595,38,0.5056,0.0253
1790170166645,39,0.3474,0.0180
1790170166695,40,0.5161,0.0238
1790170166745,41,0.5030,0.0269
1790170166795,42,0.5095,0.0272
1790170166846,43,1.0423,0.0309
1790170166896,44,0.7428,0.0291
1790170166945,45,0.3408,0.0257
1790170166995,46,0.4024,0.0561
1790170167045,47,0.5495,0.0483
1790170167096,48,0.5070,0.0296
1790170167145,49,0.4168,0.0233
1790170167196,50,0.5296,0.0356
1790170167245,51,0.4508,0.0270
1790170167296,52,0.2750,0.0154
1790170167345,53,0.3918,0.0215
1790170167395,54,0.3627,0.0188
1790170167445,55,0.3420,0.0204
1790170167495,56,0.4911,0.0251
1790170167545,57,0.6666,0.0336
1790170167595,58,0.5828,0.0309
1790170167645,59,0.5109,0.0269
1790170167695,60,0.3412,0.0220
1790170167745,61,0.4578,0.0273
1790170167795,62,0.3641,0.0194
1790170167845,63,0.4361,0.0288
1790170167896,64,0.7450,0.0315
1790170167945,65,0.6184,0.0264
1790170167995,66,0.2952,0.0176
1790170168045,67,0.2610,0.0168
1790170168095,68,0.2719,0.0157
1790170168144,69,0.5148,0.0299
1790170168195,70,0.5281,0.0296
1790170168245,71,0.4395,0.0276
1790170168294,72,0.4746,0.0301
1790170168345,73,0.3554,0.0242
1790170168395,74,0.2706,0.0172
1790170168445,75,0.3641,0.0161
1790170168495,76,0.3328,0.0385
1790170168545,77,0.5671,0.0390
1790170168595,78,0.5176,0.0287
1790170168645,79,0.3619,0.0259
1790170168696,80,0.4762,0.0194
1790170168745,81,0.5086,0.0263
1790170168796,82,0.5645,0.0276
1790170168845,83,0.3839,0.0308
1790170168895,84,0.5816,0.0266
1790170168945,85,0.7826,0.0687
1790170168996,86,0.7148,0.0398
1790170169045,87,0.4914,0.0243
1790170169096,88,0.4330,0.0325
1790170169145,89,0.3148,0.0212
1790170169196,90,0.2850,0.0192
1790170169245,91,0.3832,0.0281
1790170169296,92,0.3621,0.0346
1790170169345,93,0.3302,0.0257
1790170169396,94,0.2789,0.0177
1790170169445,95,0.1903,0.0151
1790170169495,96,0.2190,0.0153
1790170169545,97,0.3211,0.0264
1790170169596,98,0.3440,0.0288
1790170169645,99,0.2713,0.0246
1790170169696,100,0.3937,0.0310
1790170169745,101,0.3181,0.0271
1790170169795,102,0.5963,0.0275
1790170169845,103,0.2946,0.0255
1790170169895,104,0.3645,0.0286
1790170169945,105,0.3630,0.0280
1790170169995,106,0.3697,0.0341
1790170170044,107,0.3580,0.0291
1790170170095,108,0.3446,0.0287
1790170171897,109,2.2207,0.0547
1790170171898,110,0.3300,0.0139
1790170171898,111,0.0879,0.0109
1790170171906,112,7.5846,7.4972
1790170171906,113,0.3413,0.0227
1790170171906,114,0.1126,0.0096
1790170171906,115,0.0751,0.0078
1790170171907,116,0.4127,0.3152
1790170171907,117,0.0838,0.0082
1790170171907,118,0.0858,0.0074
1790170171907,119,0.1696,0.0096
1790170171908,120,0.4838,0.3009
1790170171908,121,0.2661,0.0106
1790170171908,122,0.0963,0.0086
1790170171908,123,0.1145,0.0086
1790170171909,124,0.4875,0.2967
1790170171909,125,0.0865,0.0084
1790170171909,126,0.0765,0.0073
1790170171909,127,0.0692,0.0074
1790170171910,128,0.9411,0.3681
1790170171910,129,0.1358,0.0088
1790170171910,130,0.0682,0.0069
1790170171910,131,0.1358,0.0110
1790170171911,132,0.4664,0.3441
1790170171911,133,0.1229,0.0110
1790170171911,134,0.1370,0.0086
1790170171911,135,0.0694,0.0080
1790170171912,136,0.3903,0.2941
1790170171912,137,0.1040,0.0091
1790170171912,138,0.1015,0.0120
1790170171912,139,0.0688,0.0072
1790170171912,140,0.4409,0.3684
1790170171913,141,0.2638,0.0111
1790170171913,142,0.0876,0.0082
1790170171913,143,0.0641,0.0078
1790170171914,144,0.6931,0.3491
1790170171945,145,0.7569,0.0409
1790170171996,146,1.0094,0.0625
1790170172045,147,0.6627,0.0390
1790170172095,148,0.8278,0.4623
1790170172146,149,0.4509,0.0357
1790170172196,150,0.4029,0.0211
1790170172246,151,0.3393,0.0207
1790170172296,152,0.5367,0.3002
1790170172345,153,0.2679,0.0208
1790170172396,154,0.4460,0.0297
1790170172445,155,0.3655,0.0293
1790170172496,156,0.6274,0.3520
1790170172545,157,0.3720,0.0213
1790170172595,158,0.4720,0.0351
1790170172645,159,0.4034,0.0254
1790170172694,160,0.7091,0.4267
1790170172745,161,0.5010,0.0301
1790170172795,162,0.2485,0.0189
1790170172845,163,0.3525,0.0280
1790170172895,164,0.6494,0.2915
1790170172945,165,0.3139,0.0207
1790170172995,166,0.4698,0.0234
1790170173045,167,0.2792,0.0215
1790170173096,168,0.5005,0.2459
1790170173145,169,0.3737,0.0305
1790170173196,170,0.4515,0.0265
1790170173245,171,0.4822,0.0274
1790170173295,172,0.9239,0.4074
1790170173345,173,0.2831,0.0213
1790170173396,174,0.3397,0.0284
1790170173445,175,0.2943,0.0198
1790170173496,176,0.4011,0.1676
1790170173545,177,0.1921,0.0158
1790170173595,178,0.4712,0.0304
1790170173645,179,0.4717,0.0327
1790170173695,180,0.4986,0.1868
1790170173745,181,0.2758,0.0134
1790170173796,182,0.3364,0.0223
1790170173845,183,0.3381,0.0276
1790170173896,184,0.4872,0.1740
1790170173945,185,0.3479,0.0181
1790170173996,186,0.4488,0.0325
1790170174045,187,0.4414,0.0276
1790170174096,188,0.4270,0.2566
1790170174145,189,0.2837,0.0207
1790170174196,190,0.3704,0.0276
1790170174246,191,0.2857,0.0334
1790170174295,192,0.4640,0.2348
1790170174345,193,0.2608,0.0361
1790170174396,194,0.2231,0.0167
1790170174445,195,0.2256,0.0161
1790170174496,196,0.3189,0.1660
1790170174545,197,0.2271,0.0161
1790170174595,198,0.3636,0.0302
1790170174645,199,0.2635,0.0253
1790170174695,200,0.5656,0.2319
1790170174745,201,0.2636,0.0158
1790170174795,202,0.4667,0.0186
1790170174845,203,1.3971,0.0208
1790170174902,204,7.1579,0.2944
1790170174950,205,5.0591,0.0279
1790170174996,206,1.5230,0.0277
1790170175045,207,0.2988,0.0277
1790170175108,208,12.5363,8.7920
1790170175146,209,1.4540,0.0562
1790170175198,210,3.5322,2.2964
1790170175249,211,2.8780,0.0800
1790170175295,212,0.9270,0.0413
1790170175351,213,1.3339,0.0447
1790170175452,214,38.3056,0.0712
1790170175454,215,0.4115,0.0284
1790170175518,216,11.4553,0.0464
1790170175565,217,11.6941,0.0525
1790170175615,218,0.7388,0.0715
1790170175646,219,1.3789,0.0467
1790170175697,220,0.5370,0.0410
1790170175750,221,5.0015,0.0408
1790170175798,222,4.2320,0.0563
1790170175846,223,0.4132,0.0426
1790170175897,224,2.4663,0.2254
1790170175950,225,0.5078,0.0439
1790170175998,226,0.4632,0.0460
1790170176067,227,0.5625,0.0487
1790170176096,228,2.3000,0.0851
1790170176147,229,1.1956,0.8224
1790170176196,230,0.8585,0.0477
1790170176270,231,0.8251,0.0926
1790170176303,232,0.4491,0.0456
1790170176345,233,0.4853,0.0443
1790170176409,234,6.6632,0.0457
1790170176458,235,0.5816,0.0436
1790170176501,236,0.4750,0.0427
1790170176548,237,0.4642,0.0489
1790170176616,238,1.0292,0.0551
1790170176654,239,0.5909,0.0439
1790170176708,240,1.1102,0.0479
1790170176768,241,0.6567,0.0392
1790170176804,242,7.2741,0.0584
1790170176853,243,1.1348,0.0464
1790170176912,244,4.4996,0.0748
1790170176947,245,1.0578,0.0492
1790170176996,246,0.4223,0.0428
1790170177045,247,0.4260,0.0476
1790170177094,248,0.4954,0.0875
1790170177145,249,0.5418,4.6839
1790170177197,250,0.4418,0.0424
1790170177272,251,0.5336,0.0570
1790170177295,252,0.5241,0.0409
1790170177345,253,0.4298,0.0463
1790170177406,254,0.5259,0.1005
1790170177449,255,0.5196,0.0853
1790170177501,256,0.8786,0.1886
1790170177547,257,0.5348,0.0533
1790170177598,258,0.4211,0.0396
1790170177654,259,8.0110,7.6049
1790170177720,260,23.9701,22.9276
1790170177752,261,3.7392,0.0413
1790170177795,262,0.5717,0.0519
1790170177857,263,0.4323,0.0432
1790170177895,264,0.5169,0.1574
1790170177945,265,0.5444,0.0461
1790170177995,266,0.4185,0.0385
1790170178045,267,0.4118,0.0365
1790170178095,268,0.3921,0.0374
1790170178145,269,0.4344,0.0437
1790170178204,270,9.1197,0.0404
1790170178245,271,0.4269,0.0468
1790170178295,272,0.4200,0.0405
1790170178345,273,0.4371,0.0443
1790170178395,274,0.4073,0.0415
1790170178445,275,0.6945,0.0397
1790170178495,276,0.5811,0.1966
1790170178545,277,0.3957,0.0365
1790170178595,278,0.4052,0.0383
1790170178646,279,0.4034,0.0375
1790170178696,280,0.5758,0.1809
1790170178745,281,0.4047,0.0378
1790170178794,282,0.4485,0.0482
1790170178845,283,0.3572,0.0368
1790170178895,284,0.4144,0.0410
1790170178945,285,0.3564,0.0386
1790170178996,286,0.4074,0.0412
1790170179045,287,0.3771,0.0392
1790170179094,288,0.4668,0.0691
1790170179144,289,0.4390,3.1360
1790170179195,290,0.4746,0.0447
1790170179245,291,0.4097,0.0406
1790170179295,292,0.7408,0.2429
1790170179345,293,0.4900,0.0385
1790170179395,294,0.5336,0.0395
1790170179445,295,0.4842,0.0393
1790170179496,296,1.0352,0.1891
1790170179545,297,0.8107,0.0665
1790170179595,298,0.5041,0.0751
1790170179644,299,0.5342,0.0502
1790170179695,300,0.4631,0.0355
1790170179745,301,0.7246,0.0378
1790170179795,302,0.4000,0.0384
1790170179845,303,0.7393,0.0397
1790170179895,304,0.4960,0.1620
1790170179945,305,0.3798,0.0358
1790170179996,306,0.6702,0.0393
1790170180045,307,0.3721,0.0363
1790170180095,308,0.5912,0.2297
1790170180145,309,0.3907,0.0385
1790170180195,310,0.4146,0.0383
1790170180245,311,0.3725,0.0377
1790170180296,312,0.5134,0.1682
1790170180345,313,0.3733,0.0366
1790170180395,314,0.4028,0.0432
1790170180445,315,0.4987,0.0342
1790170180496,316,0.4958,0.1606
1790170180545,317,0.3735,0.0405
1790170180595,318,0.4030,0.0365
1790170180645,319,0.3819,0.0352
1790170180697,320,1.1385,0.2181
1790170180745,321,0.3621,0.0328
1790170180795,322,0.4299,0.0412
1790170180845,323,0.3500,0.0347
1790170180895,324,0.4254,0.1402
1790170180945,325,0.3098,0.0330
1790170180995,326,0.3187,0.0319
1790170181045,327,0.3757,0.0429
1790170181096,328,0.5126,0.1629
1790170181145,329,0.3505,1.6782
1790170181196,330,0.3346,0.0313
1790170181245,331,0.3653,0.0327
1790170181295,332,0.4756,0.1941
1790170181345,333,0.3876,0.0636
1790170181396,334,0.3783,0.0830
1790170181445,335,0.5014,0.0288
1790170181495,336,0.5372,0.1542
1790170181544,337,0.3647,0.0300
1790170181596,338,0.4149,0.0287
1790170181645,339,0.3842,0.0305
1790170181695,340,0.4232,0.1223
1790170181745,341,0.3658,0.0285
1790170181795,342,0.4784,0.0302
1790170181845,343,0.3092,0.0250
1790170181895,344,0.6141,0.1799
1790170181945,345,0.3046,0.0259
1790170181995,346,0.7818,0.0340
1790170182045,347,0.3706,0.0319
1790170182095,348,0.5437,0.2122
1790170182144,349,0.3642,0.0279
1790170182195,350,0.3829,0.0280
1790170182245,351,0.4216,0.0308
1790170182295,352,0.4627,0.1384
1790170182345,353,0.3672,0.0302
1790170182396,354,0.3224,0.0278
1790170182445,355,0.3452,0.0280
1790170182495,356,0.6410,0.3266
1790170182545,357,0.3777,0.0275
1790170182594,358,0.3866,0.0285
1790170182646,359,1.3248,0.0313
1790170182694,360,0.5361,0.1382
1790170182745,361,0.3906,0.0331
1790170182795,362,0.3810,0.0291
1790170182845,363,0.3718,0.0280
1790170182895,364,0.4858,0.1442
1790170182945,365,0.3137,0.0274
1790170182995,366,0.3634,0.0268
1790170183045,367,0.4077,0.0312
1790170183095,368,0.5359,0.1705
1790170183145,369,0.3908,1.5573
1790170183195,370,0.4437,0.0302
1790170183245,371,0.3944,0.0293
1790170183295,372,0.5572,0.1872
1790170183345,373,0.4123,0.0299
1790170183395,374,0.4715,0.0308
1790170183445,375,0.4315,0.0300
1790170183494,376,0.6061,0.2023
1790170183545,377,0.3186,0.0491
1790170183594,378,0.4103,0.0656
1790170183645,379,0.3153,0.0274
1790170183695,380,0.5630,0.1925
1790170183745,381,0.4120,0.0317
1790170183795,382,0.3689,0.0288
1790170183845,383,0.4020,0.0369
1790170183895,384,0.5600,0.1851
1790170183945,385,0.5015,0.0263
1790170183995,386,0.5241,0.0281
1790170184046,387,0.3181,0.0311
1790170184095,388,0.6068,0.2755
1790170184145,389,0.3344,0.0309
1790170184195,390,0.4769,0.0326
1790170184245,391,0.5429,0.0316
1790170184295,392,0.4206,0.1729
1790170184345,393,0.2932,0.0318
1790170184396,394,0.3437,0.0303
1790170184445,395,0.2926,0.0272
1790170184495,396,0.4838,0.1512
1790170184545,397,0.3251,0.0325
1790170184595,398,1.3307,0.0296
1790170184645,399,0.3853,0.0321
1790170184695,400,0.4295,0.1269
1790170184745,401,0.3344,0.0343
1790170184795,402,0.3584,0.0284
1790170184845,403,0.8480,0.0309
1790170184894,404,0.3843,0.1339
1790170184945,405,0.3778,0.0311
1790170184995,406,0.3859,0.0319
1790170185045,407,0.3466,0.0320
1790170185095,408,0.5105,0.2018
1790170185145,409,0.3554,1.9740
1790170185195,410,0.3737,0.0342
1790170185245,411,0.5529,0.0356
1790170185295,412,0.5389,0.2223
1790170185345,413,0.3591,0.0337
1790170185394,414,0.3675,0.0322
1790170185445,415,0.3807,0.0377
1790170185495,416,0.4293,0.1718
1790170185546,417,0.4041,0.0333
1790170185595,418,0.3723,0.0337
1790170185645,419,0.3857,0.0363
1790170185695,420,0.5436,0.1715
1790170185745,421,0.3687,0.0310
1790170185795,422,0.3513,0.0328
1790170185845,423,0.3576,0.0360
1790170185896,424,0.4922,0.1608
1790170185945,425,0.3276,0.0330
1790170185995,426,0.4983,0.0348
1790170186046,427,1.3669,0.0322
1790170186094,428,0.6291,0.2793
1790170186145,429,0.3968,0.0315
1790170186196,430,0.3569,0.0286
1790170186245,431,0.4758,0.0326
1790170186296,432,0.4889,0.1713
1790170186345,433,0.2799,0.0285
1790170186395,434,0.4517,0.0322
1790170186445,435,0.3490,0.0330
1790170186495,436,0.4944,0.1834
1790170186545,437,0.3351,0.0308
1790170186595,438,0.3345,0.0292
1790170186645,439,0.3400,0.0296
1790170186695,440,0.5331,0.1895
1790170186745,441,0.3728,0.0288
1790170186795,442,0.3179,0.0322
1790170186845,443,0.2759,0.0265
1790170186895,444,0.3930,0.1367
1790170186945,445,0.2848,0.0267
1790170186995,446,0.4890,0.0282
1790170187045,447,0.3397,0.0358
1790170187095,448,0.5159,0.2057
1790170187145,449,0.3409,1.5273
1790170187195,450,0.3681,0.0295
1790170187245,451,0.3706,0.0479
1790170187295,452,0.4961,0.2220
1790170187345,453,0.3488,0.0355
1790170187395,454,0.2988,0.0300
1790170187445,455,0.3427,0.0294
1790170187495,456,0.4727,0.1510
1790170187545,457,0.3201,0.0280
1790170187596,458,0.3480,0.0305
1790170187645,459,0.2782,0.0277
1790170187696,460,0.6520,0.1681
1790170187745,461,0.3336,0.0339
1790170187795,462,0.4170,0.0340
1790170187845,463,0.3833,0.0319
1790170187896,464,0.3765,0.1266
1790170187945,465,0.2975,0.0266
1790170187995,466,0.4038,0.0357
1790170188045,467,0.3343,0.0321
1790170188095,468,0.4541,0.2027
1790170188145,469,0.3478,0.0333
1790170188195,470,0.4268,0.0288
1790170188245,471,0.4008,0.0328
1790170188295,472,0.4552,0.1467
1790170188346,473,0.2654,0.0264
1790170188395,474,0.3569,0.0363
1790170188445,475,0.3520,0.0307
1790170188495,476,0.4410,0.1457
1790170188546,477,0.3355,0.0314
1790170188595,478,0.3484,0.0320
1790170188645,479,0.3360,0.0350
1790170188695,480,0.4035,0.1219
1790170188745,481,0.5520,0.0388
1790170188795,482,0.2921,0.0279
1790170188845,483,0.3390,0.0282
1790170188895,484,0.4487,0.1389
1790170188944,485,0.3550,0.0350
1790170188995,486,0.3474,0.0291
1790170189045,487,0.2997,0.0299
1790170189095,488,0.4538,0.1523
1790170189145,489,0.3473,1.4023
1790170189195,490,0.3564,0.0279
1790170189245,491,0.3395,0.0339
1790170189295,492,0.4616,0.1420
1790170189345,493,0.3336,0.0316
1790170189395,494,0.3380,0.0282
1790170189445,495,0.3454,0.0297
1790170189495,496,0.6254,0.1626
1790170189544,497,0.3358,0.0330
1790170189595,498,0.2936,0.0291
1790170189644,499,0.3341,0.0318
1790170189695,500,0.5116,0.1762
1790170189745,501,0.2984,0.0336
1790170189795,502,0.3492,0.0303
1790170189845,503,0.3296,0.0295
1790170189895,504,0.7037,0.1429
1790170189945,505,0.2978,0.0278
1790170189995,506,0.3393,0.0326
1790170190045,507,0.3598,0.0307
1790170190095,508,0.5431,0.2480
1790170190146,509,0.2742,0.0298
1790170190195,510,0.3720,0.0303
1790170190246,511,0.8062,0.0365
1790170190295,512,0.5610,0.1831
1790170190345,513,0.4929,0.1240
1790170190395,514,0.3849,0.0162
1790170190445,515,0.3526,0.0175
1790170190496,516,0.4354,0.1685
1790170190545,517,0.3149,0.0212
1790170190595,518,0.2618,0.0174
1790170190645,519,0.2609,0.0179
1790170190695,520,0.4376,0.1149
1790170190745,521,0.3060,0.0186
1790170190795,522,0.3399,0.0188
1790170190845,523,0.2600,0.0175
1790170190894,524,0.3667,0.1220
1790170190945,525,0.3271,0.0175
1790170190995,526,0.4084,0.0345
1790170191045,527,0.2946,0.0158
1790170191095,528,0.5149,0.2182
1790170191145,529,0.3034,1.5344
1790170191195,530,0.2798,0.0168
1790170191245,531,0.7950,0.0219
1790170191295,532,0.4253,0.1406
1790170191345,533,0.2604,0.0160
1790170191395,534,0.3281,0.0172
1790170191445,535,0.3391,0.2596
1790170191495,536,0.4864,0.1936
1790170191545,537,0.3123,0.0211
1790170191595,538,0.3706,0.0196
1790170191645,539,0.3661,0.0193
1790170191695,540,0.4949,0.1704
1790170191745,541,0.5692,0.0224
1790170191794,542,0.3343,0.0224
1790170191845,543,0.3436,0.0191
1790170191895,544,0.4259,0.1278
1790170191945,545,0.3317,0.0181
1790170191995,546,0.6689,0.0175
1790170192046,547,0.3347,0.0197
1790170192094,548,0.5630,0.2650
1790170192145,549,0.3134,0.0186
1790170192195,550,0.3363,0.0181
1790170192245,551,0.3061,0.0193
1790170192295,552,0.3080,0.0160
1790170192345,553,0.3061,0.0190
1790170192394,554,0.3189,0.0222
1790170192445,555,0.3339,0.0178
1790170192495,556,0.7432,0.1381
1790170192545,557,0.3496,0.0203
1790170192595,558,0.3488,0.0188
1790170192645,559,0.3135,0.0181
1790170192695,560,0.4804,0.1434
1790170192745,561,0.3051,0.0185
1790170192794,562,0.3423,0.0199
1790170192845,563,0.3227,0.0237
1790170192895,564,0.6365,0.1378
1790170192945,565,0.3209,0.1846
1790170192995,566,0.3260,0.0211
1790170193045,567,0.3397,0.0186
1790170193095,568,0.4468,0.1667
1790170193145,569,0.2528,1.4642
1790170193195,570,0.3625,0.0203
1790170193245,571,0.5026,0.6679
1790170193294,572,0.3584,0.1164
1790170193345,573,0.2932,0.0184
1790170193395,574,0.2702,0.0213
1790170193445,575,0.3290,0.0197
1790170193495,576,0.4482,0.1365
1790170193545,577,0.3275,0.0190
1790170193595,578,0.2731,0.0187
1790170193644,579,0.3078,0.0186
1790170193695,580,0.4688,0.1651
1790170193745,581,0.2585,0.0192
1790170193795,582,0.3624,0.0229
1790170193845,583,0.2620,0.0173
1790170193894,584,0.4357,0.1562
1790170193945,585,0.3290,0.0191
1790170193995,586,0.3503,0.0207
1790170194045,587,0.2543,0.0168
1790170194095,588,0.5573,0.2110
1790170194145,589,0.3109,0.0183
1790170194195,590,0.2865,0.0173
1790170194246,591,0.2504,0.0186
1790170194294,592,0.4296,0.1384
1790170194345,593,0.2532,0.0177
1790170194395,594,0.3391,0.0195
1790170194445,595,0.3368,0.0211
1790170194495,596,0.7973,0.1244
1790170194544,597,0.3184,0.0187
1790170194595,598,0.3196,0.0196
1790170194645,599,0.3677,0.0187
1790170194695,600,0.4972,0.1736
1790170194748,601,2.6178,0.0176
1790170194795,602,0.3085,0.0186
1790170194845,603,0.3180,0.0193
1790170194895,604,0.5713,0.1987
1790170194945,605,0.3223,0.5342
1790170194995,606,0.4641,0.0190
1790170195045,607,0.2548,0.0176
1790170195095,608,0.4217,0.3259
1790170195145,609,0.3447,1.3430
1790170195195,610,0.3541,0.0298
1790170195245,611,0.3397,0.6058
1790170195295,612,0.4005,0.1245
1790170195345,613,0.3145,0.0217
1790170195395,614,0.3243,0.0197
1790170195445,615,0.3485,0.0211
1790170195495,616,0.9392,0.1399
1790170195545,617,0.3087,0.0187
1790170195595,618,0.2731,0.0181
1790170195645,619,0.3535,0.0215
1790170195695,620,0.5048,0.1699
1790170195745,621,0.3514,0.0216
1790170195795,622,0.2693,0.0196
1790170195845,623,0.3099,0.0193
1790170195895,624,0.4671,0.1744
1790170195945,625,0.4441,0.0227
1790170195995,626,0.3291,0.0217
1790170196045,627,0.2693,0.0152
1790170196094,628,0.5044,0.2236
1790170196145,629,0.3131,0.0184
1790170196195,630,0.2884,0.0176
1790170196245,631,0.2523,0.0179
1790170196295,632,0.3978,0.1255
1790170196345,633,0.2624,0.0176
1790170196395,634,0.2744,0.0179
1790170196445,635,0.3257,0.0187
1790170196495,636,0.4767,0.1369
1790170196545,637,0.4572,0.0190
1790170196595,638,0.3245,0.0215
1790170196645,639,0.3116,0.0208
1790170196695,640,0.4804,0.1325
1790170196745,641,0.3124,0.0202
1790170196795,642,0.3689,0.0218
1790170196845,643,0.3071,0.0195
1790170196895,644,0.4397,0.1456
1790170196946,645,0.3283,0.6578
1790170196995,646,0.3414,0.0220
1790170197045,647,0.3515,0.0342
1790170197095,648,0.4508,0.6331
1790170197145,649,0.2558,1.5476
1790170197195,650,0.2998,0.0259
1790170197244,651,0.3272,0.6303
1790170197295,652,0.4682,0.1663
1790170197345,653,0.3796,0.0204
1790170197395,654,0.2798,0.0174
1790170197445,655,0.3406,0.0191
1790170197495,656,0.4393,0.1384
1790170197545,657,0.3004,0.0178
1790170197595,658,0.3129,0.0185
1790170197645,659,0.3162,0.0199
1790170197695,660,0.4716,0.1297
1790170197745,661,0.3220,0.0185
1790170197794,662,0.2730,0.0171
1790170197845,663,0.3613,0.0359
1790170197895,664,0.3887,0.1428
1790170197945,665,0.3339,0.0196
1790170197995,666,0.2753,0.0166
1790170198045,667,0.3477,0.0199
1790170198096,668,0.5071,0.2179
1790170198145,669,0.3195,0.0196
1790170198195,670,0.3936,0.0642
1790170198245,671,0.3165,0.0195
1790170198295,672,0.4202,0.1296
1790170198345,673,0.3307,0.0195
1790170198394,674,0.2822,0.0195
1790170198445,675,0.3839,0.0193
1790170198495,676,0.3646,0.1192
1790170198545,677,0.3797,0.0200
1790170198595,678,0.3248,0.0197
1790170198644,679,0.2607,0.0191
1790170198695,680,0.5046,0.1292
1790170198745,681,0.3164,0.0227
1790170198795,682,0.3547,0.0187
1790170198845,683,0.3126,0.6278
1790170198895,684,0.3669,0.1313
1790170198945,685,0.2910,0.5310
1790170198995,686,0.3637,0.0209
1790170199045,687,0.3304,0.0425
1790170199095,688,0.4323,0.6557
1790170199145,689,0.2578,1.0471
1790170199195,690,0.3014,0.0284
1790170199246,691,0.3719,0.5703
1790170199295,692,0.3740,0.1403
1790170199345,693,0.3294,0.0238
1790170199395,694,0.3352,0.0204
1790170199445,695,0.2714,0.0176
1790170199495,696,0.4295,0.1422
1790170199544,697,0.3463,0.0185
1790170199595,698,0.3747,0.0222
1790170199645,699,0.3071,0.0190
1790170199695,700,0.4498,0.1263
1790170199745,701,0.2528,0.0214
1790170199794,702,0.4999,0.0183
1790170199845,703,0.3307,0.0194
1790170199895,704,0.6662,0.2080
1790170199945,705,0.2671,0.0168
1790170199995,706,0.2736,0.0186
1790170200045,707,0.3111,0.0209
1790170200095,708,0.5209,0.2649
1790170200145,709,0.2838,0.0192
1790170200195,710,0.3900,0.0624
1790170200245,711,0.2626,0.0187
1790170200295,712,0.5022,0.1913
1790170200345,713,0.3727,0.0188
1790170200395,714,0.3743,0.0194
1790170200445,715,0.3183,0.0205
1790170200495,716,0.3498,0.1113
1790170200544,717,0.3572,0.0162
1790170200595,718,0.3344,0.0190
1790170200645,719,0.3363,0.0197
1790170200695,720,0.4342,0.1147
1790170200745,721,0.3022,0.0204
1790170200794,722,0.3984,0.0331
1790170200845,723,0.3086,0.5085
1790170200895,724,0.3819,0.1414
1790170200945,725,0.2873,0.4919
1790170200995,726,0.3343,0.0212
1790170201045,727,0.2576,0.0286
1790170201095,728,0.3986,0.7119
1790170201145,729,0.3083,0.9690
1790170201195,730,0.2978,0.0300
1790170201245,731,0.3237,0.5175
1790170201295,732,0.8282,0.5496
1790170201345,733,0.3092,0.0186
1790170201395,734,0.2769,0.0184
1790170201445,735,0.3606,0.0201
1790170201495,736,0.4487,0.1241
1790170201545,737,0.3285,0.0190
1790170201594,738,0.2614,0.0177
1790170201645,739,0.2588,0.0174
1790170201695,740,0.4422,0.1070
1790170201745,741,0.3090,0.0188
1790170201795,742,0.3494,0.0236
1790170201845,743,0.3102,0.0231
1790170201895,744,0.3823,0.1289
1790170201944,745,0.2723,0.0176
1790170201995,746,0.2728,0.0174
1790170202044,747,0.3801,0.0592
1790170202095,748,0.5270,0.2018
1790170202145,749,0.2475,0.0168
1790170202194,750,0.3334,0.0564
1790170202245,751,0.2952,0.0175
1790170202295,752,0.3689,0.1017
1790170202345,753,0.3202,0.0202
1790170202395,754,0.3978,0.0201
1790170202446,755,0.3357,0.0219
1790170202494,756,0.3998,0.1137
1790170202546,757,0.3067,0.0208
1790170202595,758,0.3137,0.0185
1790170202645,759,0.3296,0.0188
1790170202695,760,0.4583,0.1057
1790170202745,761,0.3164,0.0220
1790170202795,762,0.3418,0.0305
1790170202845,763,0.3221,0.4518
1790170202895,764,0.3433,0.1040
1790170202945,765,0.4185,0.4872
1790170202995,766,0.2791,0.0200
1790170203045,767,0.3193,0.0325
1790170203095,768,0.4255,0.5308
1790170203145,769,0.2617,0.8921
1790170203195,770,0.3633,0.0351
1790170203245,771,0.3042,1.5303
1790170203295,772,0.4351,0.1361
1790170203345,773,0.3077,0.0196
1790170203395,774,0.3257,0.0187
1790170203445,775,0.2797,0.0187
1790170203495,776,0.3657,0.1242
1790170203545,777,0.2915,0.0208
1790170203595,778,0.3278,0.0205
1790170203645,779,0.3193,0.0252
1790170203695,780,0.4316,0.1148
1790170203745,781,0.3196,0.0211
1790170203795,782,0.3971,0.0674
1790170203845,783,0.3150,0.0194
1790170203896,784,0.3796,0.1507
1790170203945,785,0.2743,0.0177
1790170203995,786,0.2604,0.0179
1790170204045,787,0.4035,0.0719
1790170204095,788,0.4556,0.2287
1790170204145,789,0.2549,0.0180
1790170204196,790,0.3484,0.0530
1790170204245,791,0.2610,0.0169
1790170204295,792,0.5103,0.1431
1790170204345,793,0.3212,0.0199
1790170204394,794,0.3326,0.0188
1790170204445,795,0.2677,0.0171
1790170204494,796,0.3940,0.1021
1790170204545,797,0.3252,0.0200
1790170204595,798,0.3430,0.0193
1790170204645,799,0.2564,0.0178
1790170204695,800,0.4289,0.1065
1790170204745,801,0.2590,0.0177
1790170204795,802,0.3682,0.0337
1790170204845,803,0.3470,0.6609
1790170204895,804,0.4158,0.1229
1790170204945,805,0.4325,0.6837
1790170204995,806,0.3471,0.0204
1790170205045,807,0.3175,0.0322
1790170205095,808,0.4455,0.5922
1790170205145,809,0.3027,0.8061
1790170205195,810,0.3313,0.0298
1790170205245,811,0.2656,0.5968
1790170205295,812,0.3947,0.0922
1790170205345,813,0.3223,0.0199
1790170205395,814,0.3793,0.0197
1790170205444,815,0.3275,0.0203
1790170205495,816,0.4120,0.1304
1790170205545,817,0.3046,0.0188
1790170205595,818,0.3421,0.0254
1790170205645,819,0.3681,0.0228
1790170205695,820,0.4306,0.1018
1790170205745,821,0.3006,0.0192
1790170205795,822,0.3610,0.0673
1790170205845,823,0.2456,0.0163
1790170205895,824,0.4793,0.1562
1790170205945,825,0.2909,0.0172
1790170205995,826,0.3201,0.0214
1790170206045,827,0.3940,0.0594
1790170206095,828,0.4764,0.1631
1790170206145,829,0.3295,0.0188
1790170206195,830,0.4168,0.0902
1790170206245,831,0.2593,0.0203
1790170206294,832,0.4848,0.1476
1790170206345,833,0.2593,0.0179
1790170206395,834,0.3217,0.0199
1790170206445,835,0.3642,0.0202
1790170206495,836,0.3619,0.5237
1790170206545,837,0.3599,0.0193
1790170206595,838,0.3087,0.0188
1790170206645,839,0.3007,0.0190
1790170206695,840,0.4282,0.1035
1790170206745,841,0.2558,0.0166
1790170206795,842,0.3923,0.0715
1790170206845,843,0.3225,0.4805
1790170206895,844,0.3761,0.1289
1790170206946,845,0.3796,0.4725
1790170206995,846,0.2764,0.0184
1790170207045,847,0.3447,0.0543
1790170207095,848,0.3938,0.5402
1790170207145,849,0.2602,0.7909
1790170207195,850,0.2914,0.0271
1790170207245,851,0.2548,0.4784
1790170207295,852,0.4261,0.1018
1790170207345,853,0.3017,0.0198
1790170207396,854,0.3437,0.0197
1790170207445,855,0.2794,0.0176
1790170207495,856,0.4336,0.1314
1790170207545,857,0.2991,0.0190
1790170207595,858,0.2631,0.0177
1790170207645,859,0.2576,0.0179
1790170207695,860,0.4432,0.1427
1790170207744,861,0.2663,0.0177
1790170207795,862,0.3661,0.0594
1790170207845,863,0.3151,0.0186
1790170207895,864,0.3707,0.1310
1790170207945,865,0.3148,0.0191
1790170207995,866,0.2854,0.0191
1790170208045,867,0.3614,0.0623
1790170208095,868,0.4761,0.1787
1790170208145,869,0.3214,0.0228
1790170208195,870,0.3243,0.0564
1790170208246,871,0.4102,0.0258
1790170208295,872,0.3770,0.1236
1790170208345,873,0.3859,0.0219
1790170208395,874,0.3304,0.0185
1790170208445,875,0.3268,0.0281
1790170208495,876,0.4222,0.5836
1790170208545,877,0.3373,0.0186
1790170208595,878,0.2653,0.0230
1790170208645,879,0.3340,0.0189
1790170208695,880,0.4668,0.1224
1790170208745,881,0.2491,0.0172
1790170208795,882,0.3932,0.0307
1790170208844,883,0.3207,0.5754
1790170208895,884,0.4065,0.1153
1790170208945,885,0.2718,0.5345
1790170208995,886,0.2585,0.0185
1790170209045,887,0.3644,0.0355
1790170209095,888,0.4808,0.7691
1790170209145,889,0.3771,0.8020
1790170209195,890,0.2922,0.0280
1790170209245,891,0.3348,0.4452
1790170209295,892,0.4198,0.0864
1790170209345,893,0.3077,0.0194
1790170209395,894,0.3358,0.0242
1790170209445,895,0.3587,0.0230
1790170209495,896,0.4906,0.1220
1790170209545,897,0.3671,0.0189
1790170209595,898,0.3443,0.0186
1790170209645,899,0.3417,0.5085
1790170209695,900,0.5005,0.3410
1790170209745,901,0.3286,0.0188
1790170209795,902,0.3540,0.0608
1790170209845,903,0.2957,0.0191
1790170209895,904,0.4753,0.3792
1790170209945,905,0.3210,0.0184
1790170209995,906,0.4292,0.0213
1790170210045,907,0.4087,0.0840
1790170210095,908,0.4494,0.1613
1790170210145,909,0.6118,0.0219
1790170210195,910,0.3862,0.0606
1790170210245,911,0.3266,0.0207
1790170210295,912,0.4425,0.1446
1790170210345,913,0.2956,0.0223
1790170210394,914,0.2600,0.0191
1790170210445,915,0.3278,0.0312
1790170210495,916,0.3975,0.6774
1790170210546,917,0.8578,0.0207
1790170210595,918,0.6306,0.0187
1790170210645,919,0.3161,0.0199
1790170210695,920,0.4405,0.1050
1790170210745,921,0.3012,0.0191
1790170210795,922,0.6270,0.0241
1790170210845,923,0.3023,0.0195
1790170210895,924,0.4262,0.1198
1790170210957,925,3.5352,0.5104
1790170210995,926,0.3219,0.0192
1790170211046,927,1.3569,0.0363
1790170211095,928,0.4679,1.1038
1790170211145,929,0.3292,0.7454
1790170211194,930,0.3687,0.0345
1790170211245,931,0.3091,0.5261
1790170211295,932,0.3884,0.1183
1790170211345,933,0.3030,0.0198
1790170211395,934,0.3216,1.0306
1790170211446,935,0.3615,0.0589
1790170211494,936,0.3859,0.1116
1790170211545,937,0.2788,0.0188
1790170211595,938,0.2663,0.0315
1790170211644,939,0.3123,0.6763
1790170211695,940,0.5025,0.1503
1790170211745,941,0.3227,0.0219
1790170211795,942,0.3814,0.0686
1790170211845,943,0.3184,0.0335
1790170211895,944,0.3871,0.5488
1790170211945,945,0.2583,0.0192
1790170211995,946,0.2693,0.0177
1790170212045,947,0.3320,0.0603
1790170212095,948,0.4339,0.1828
1790170212145,949,0.3211,0.0227
1790170212195,950,0.3221,0.0589
1790170212246,951,1.2902,0.0187
1790170212295,952,0.5392,0.1136
1790170212345,953,0.3105,0.0243
1790170212395,954,0.2608,0.0183
1790170212445,955,0.3325,0.0310
1790170212495,956,0.3859,0.5740
1790170212545,957,0.2951,0.0215
1790170212595,958,0.3205,0.0195
1790170212645,959,0.2547,0.0223
1790170212695,960,0.5623,0.1032
1790170212745,961,0.3032,0.0238
1790170212795,962,0.4564,0.0209
1790170212845,963,0.2964,0.0193
1790170212895,964,0.3884,0.1220
1790170212944,965,0.2846,0.4208
1790170212995,966,0.3325,0.0195
1790170213045,967,0.3129,0.0322
1790170213095,968,0.3788,0.8589
1790170213145,969,0.3139,0.6556
1790170213195,970,0.2982,0.0283
1790170213245,971,0.3578,0.5551
1790170213295,972,0.3871,0.1113
1790170213345,973,0.2502,0.0282
1790170213395,974,0.2615,0.7917
1790170213445,975,0.2810,0.0511
1790170213495,976,0.3837,0.1053
1790170213545,977,0.2309,0.0191
1790170213595,978,0.3242,0.0342
1790170213645,979,0.2981,0.7086
1790170213695,980,0.4557,0.1346
1790170213745,981,0.2556,0.0183
1790170213795,982,0.3700,0.0654
1790170213845,983,0.3339,0.0395
1790170213895,984,0.3579,0.5288
1790170213945,985,0.2644,0.0174
1790170213995,986,0.3050,0.0215
1790170214045,987,0.3598,0.0618
1790170214095,988,0.3851,0.1650
1790170214145,989,0.3042,0.0194
1790170214195,990,0.3091,0.0522
1790170214245,991,0.2585,0.0177
1790170214295,992,0.4412,0.1067
1790170214345,993,0.3078,0.0208
1790170214396,994,0.6405,0.0205
1790170214445,995,0.3278,0.0317
1790170214495,996,0.4183,0.6675
1790170214544,997,0.3180,0.0214
1790170214595,998,0.3668,0.0611
1790170214644,999,0.2835,0.0197
1790170214695,1000,0.4362,0.1072
1790170214745,1001,0.3050,0.0212
1790170214795,1002,0.2558,0.0183
1790170214845,1003,0.2897,0.0175
1790170214895,1004,0.4209,0.1464
1790170214945,1005,0.3487,0.5665
1790170214995,1006,0.4306,0.0204
1790170215045,1007,0.3465,0.1090
1790170215095,1008,0.3812,0.8868
1790170215145,1009,0.3072,0.6307
1790170215195,1010,0.2785,0.0262
1790170215245,1011,0.3065,0.5344
1790170215296,1012,1.6110,0.1011
1790170215345,1013,0.3029,0.0344
1790170215395,1014,0.3065,0.4641
1790170215445,1015,0.3783,0.0648
1790170215495,1016,0.3822,0.1038
1790170215544,1017,0.2383,0.0184
1790170215595,1018,0.3363,0.0322
1790170215645,1019,0.3666,0.4402
1790170215695,1020,0.3721,0.1073
1790170215745,1021,0.2926,0.0200
1790170215795,1022,0.2586,0.0174
1790170215845,1023,0.3002,0.0315
1790170215895,1024,0.4314,0.6595
1790170215945,1025,0.3692,0.0229
1790170215995,1026,0.3110,0.0211
1790170216045,1027,0.3980,0.0749
1790170216095,1028,0.4715,0.1809
1790170216144,1029,0.3213,0.0266
1790170216195,1030,0.3122,0.0551
1790170216245,1031,0.2990,0.0193
1790170216295,1032,0.4092,0.1089
1790170216345,1033,0.3002,0.0586
1790170216395,1034,0.2531,0.0179
1790170216445,1035,0.3332,0.0303
1790170216495,1036,0.5327,0.6796
1790170216545,1037,0.2504,0.0185
1790170216596,1038,0.3550,0.0635
1790170216645,1039,0.2518,0.0196
1790170216694,1040,0.4404,0.1103
1790170216745,1041,0.2909,0.0212
1790170216795,1042,0.3219,0.0217
1790170216845,1043,0.3563,0.0654
1790170216895,1044,0.3404,0.0993
1790170216946,1045,0.2837,0.5011
1790170216995,1046,0.3166,0.0268
1790170217045,1047,0.2703,0.0378
1790170217095,1048,0.4164,1.2793
1790170217145,1049,0.2933,0.6703
1790170217195,1050,0.2916,0.0267
1790170217245,1051,0.3056,0.5146
1790170217295,1052,0.4401,0.1988
1790170217345,1053,0.3063,0.0240
1790170217395,1054,0.3124,0.0220
1790170217445,1055,0.3551,0.0612
1790170217496,1056,0.3884,0.1054
1790170217545,1057,0.3064,0.0197
1790170217595,1058,0.3592,0.0318
1790170217645,1059,0.2454,0.5557
1790170217695,1060,0.4314,0.1075
1790170217745,1061,0.3056,0.5351
1790170217795,1062,0.2420,0.0176
1790170217845,1063,0.3019,0.0321
1790170217895,1064,0.3611,0.6519
1790170217946,1065,0.3014,0.0191
1790170217995,1066,0.3441,0.0215
1790170218045,1067,0.5069,0.1015
1790170218094,1068,0.4499,0.1549
1790170218145,1069,0.2474,0.0177
1790170218195,1070,0.4115,0.0674
1790170218245,1071,0.2776,0.0193
1790170218295,1072,0.4359,0.1214
1790170218345,1073,0.3360,0.0642
1790170218395,1074,0.3013,0.0186
1790170218446,1075,0.2748,0.0318
1790170218494,1076,0.4016,0.6143
1790170218545,1077,0.2508,0.0194
1790170218596,1078,0.3981,0.0683
1790170218644,1079,0.2975,0.0214
1790170218695,1080,0.4321,0.1023
1790170218745,1081,0.3208,0.0233
1790170218795,1082,0.4414,0.0219
1790170218844,1083,0.5213,0.5313
1790170218895,1084,0.3386,0.1103
1790170218945,1085,0.3207,0.5480
1790170218995,1086,0.3432,0.0223
1790170219045,1087,0.2732,0.0359
1790170219095,1088,0.3379,0.5440
1790170219145,1089,0.3025,0.6884
1790170219195,1090,0.3572,0.0390
1790170219244,1091,0.2462,0.4102
1790170219296,1092,0.3923,0.1139
1790170219345,1093,0.3037,0.0207
1790170219395,1094,0.3973,0.0257
1790170219445,1095,0.3559,0.0665
1790170219495,1096,0.4027,0.1257
1790170219545,1097,0.2811,0.0453
1790170219595,1098,0.3061,0.0322
1790170219645,1099,0.2880,0.4458
1790170219695,1100,0.4703,0.1150
1790170219745,1101,0.3110,0.4875
1790170219795,1102,0.2524,0.0182
1790170219845,1103,0.3376,0.0339
1790170219895,1104,0.4254,0.6500
1790170219945,1105,0.3606,0.0231
1790170219995,1106,0.2522,0.0185
1790170220046,1107,1.0825,0.1225
1790170220095,1108,0.4422,0.1558
1790170220145,1109,0.3116,0.0202
1790170220195,1110,0.3574,0.0665
1790170220245,1111,0.2533,0.0184
1790170220295,1112,0.6700,0.0915
1790170220345,1113,0.3103,0.0588
1790170220396,1114,0.2785,0.5541
1790170220445,1115,0.3303,0.0321
1790170220496,1116,0.6255,0.7141
1790170220544,1117,0.3033,0.0204
1790170220595,1118,0.3791,0.0650
1790170220645,1119,0.3028,0.0191
1790170220694,1120,0.4506,0.1304
1790170220745,1121,0.3077,0.0219
1790170220795,1122,0.3699,0.0766
1790170220845,1123,0.3409,0.4630
1790170220895,1124,0.3215,0.1001
1790170220944,1125,0.3166,0.4333
1790170220995,1126,0.3240,0.0201
1790170221045,1127,0.3448,0.0327
1790170221094,1128,0.3156,0.5437
1790170221145,1129,0.2945,0.6225
1790170221194,1130,0.2850,0.0300
1790170221245,1131,0.2951,0.4707
1790170221295,1132,0.4333,0.1298
1790170221345,1133,0.2418,0.0187
1790170221395,1134,0.3163,0.0202
1790170221445,1135,0.3525,0.0618
1790170221495,1136,0.4364,0.1546
1790170221545,1137,0.3032,0.0212
1790170221594,1138,0.3462,0.0339
1790170221645,1139,0.2942,0.4178
1790170221695,1140,0.4185,0.1056
1790170221745,1141,0.3145,0.0191
1790170221795,1142,0.3044,0.0190
1790170221844,1143,0.3372,0.0373
1790170221895,1144,0.3687,0.5587
1790170221945,1145,0.2514,0.0172
1790170221994,1146,0.2574,0.0168
1790170222045,1147,0.3007,0.0654
1790170222095,1148,0.4738,0.1943
1790170222145,1149,0.3044,0.0188
1790170222195,1150,0.4203,0.0744
1790170222245,1151,0.2468,0.0191
1790170222295,1152,0.3219,0.0904
1790170222345,1153,0.3119,0.0316
1790170222395,1154,0.3231,0.5425
1790170222445,1155,0.2925,0.0273
1790170222495,1156,0.3279,0.4914
1790170222545,1157,0.2983,0.0178
1790170222595,1158,0.3521,0.0705
1790170222645,1159,0.2587,0.0190
1790170222695,1160,0.4679,0.1428
1790170222745,1161,0.3434,0.0203
1790170222795,1162,0.3237,0.0335
1790170222845,1163,0.3636,0.5652
1790170222895,1164,0.3397,0.1113
1790170222945,1165,0.3188,0.5780
1790170222995,1166,0.2571,0.0173
1790170223045,1167,0.3056,0.0450
1790170223095,1168,0.3990,0.6385
1790170223144,1169,0.2361,0.6269
1790170223195,1170,0.3600,0.0351
1790170223245,1171,0.2877,0.4478
1790170223295,1172,0.3460,0.1171
1790170223345,1173,0.3155,0.0214
1790170223395,1174,0.3096,0.0191
1790170223445,1175,0.3742,0.0634
1790170223495,1176,0.4321,0.1397
1790170223545,1177,0.3222,0.0301
1790170223595,1178,0.4464,0.0369
1790170223645,1179,0.2932,0.5217
1790170223695,1180,0.4341,0.1023
1790170223745,1181,0.3069,0.0190
1790170223795,1182,0.3096,0.0591
1790170223845,1183,0.3318,0.0376
1790170223895,1184,0.4198,0.5755
1790170223945,1185,0.3550,0.0214
1790170223994,1186,0.3255,0.0192
1790170224045,1187,0.3564,0.0696
1790170224095,1188,0.5354,0.2183
1790170224145,1189,0.2492,0.0177
1790170224194,1190,0.4087,0.0748
1790170224245,1191,0.2443,0.0178
1790170224295,1192,0.3902,0.1024
1790170224345,1193,0.3546,0.0452
1790170224395,1194,0.2567,0.6362
1790170224445,1195,0.3517,0.0339
1790170224495,1196,0.3680,0.5219
1790170224545,1197,0.3021,0.0203
1790170224595,1198,0.3362,0.0497
1790170224645,1199,0.2869,0.0196
1790170224695,1200,0.3815,0.1216
1790170224745,1201,0.2542,0.0200
1790170224795,1202,0.3398,0.0301
1790170224845,1203,0.3698,0.4603
1790170224895,1204,0.3203,0.1008
1790170224945,1205,0.2627,0.4737
1790170224995,1206,0.3104,0.0201
1790170225045,1207,0.3077,0.0329
1790170225095,1208,0.5990,0.5582
1790170225144,1209,0.2808,0.6834
1790170225195,1210,0.3497,0.0285
1790170225245,1211,0.2955,0.6543
1790170225295,1212,0.3884,0.0998
1790170225345,1213,0.3390,0.0568
1790170225395,1214,0.2687,0.0180
1790170225445,1215,0.3491,0.0579
1790170225495,1216,0.4228,0.1256
1790170225545,1217,0.2428,0.0167
1790170225595,1218,0.3170,0.0305
1790170225645,1219,0.2947,0.4363
1790170225695,1220,0.4525,0.1053
1790170225744,1221,0.2858,0.0183
1790170225795,1222,0.2866,0.0504
1790170225844,1223,0.5703,0.0439
1790170225895,1224,0.3892,0.9870
1790170225945,1225,0.3433,0.0190
1790170225995,1226,0.3921,0.0221
1790170226044,1227,0.3345,0.0517
1790170226095,1228,0.4601,0.1281
1790170226145,1229,0.2977,0.0192
1790170226195,1230,0.3896,0.0562
1790170226244,1231,0.2912,0.0198
1790170226295,1232,0.3137,0.0877
1790170226344,1233,0.2868,0.0299
1790170226395,1234,0.2557,0.4678
1790170226445,1235,0.2654,0.0270
1790170226495,1236,0.3682,0.5410
1790170226545,1237,0.2987,0.0189
1790170226595,1238,0.4203,0.1040
1790170226644,1239,0.3111,0.0194
1790170226695,1240,0.3807,0.1124
1790170226745,1241,0.3009,0.0189
1790170226795,1242,0.3418,0.0364
1790170226845,1243,0.3325,0.5309
1790170226896,1244,0.4119,0.1135
1790170226945,1245,0.2574,0.5953
1790170226995,1246,0.3222,0.0201
1790170227045,1247,0.3263,0.0405
1790170227095,1248,0.4012,0.5896
1790170227145,1249,0.3287,1.1741
1790170227195,1250,0.3391,0.0247
1790170227245,1251,0.3045,0.0207
1790170227294,1252,0.4067,0.1059
1790170227345,1253,0.4023,0.0660
1790170227396,1254,0.3192,0.0179
1790170227444,1255,0.2949,0.0507
1790170227495,1256,0.3998,0.1007
1790170227545,1257,0.3260,0.0204
1790170227596,1258,0.3579,0.0319
1790170227645,1259,0.2495,0.8387
1790170227695,1260,0.4505,0.1288
1790170227745,1261,0.3109,0.0235
1790170227798,1262,0.3586,0.0581
1790170227845,1263,0.3150,0.0364
1790170227895,1264,0.3686,0.8547
1790170227945,1265,0.2573,0.0171
1790170227995,1266,0.2706,0.0201
1790170228045,1267,0.3282,0.0548
1790170228095,1268,0.5293,0.1803
1790170228145,1269,0.3014,0.0213
1790170228195,1270,0.2962,0.0496
1790170228245,1271,0.3071,0.0195
1790170228295,1272,0.4267,0.1470
1790170228345,1273,0.4763,0.0399
1790170228395,1274,0.2582,0.4481
1790170228445,1275,0.2625,0.4666
1790170228494,1276,0.3844,0.5687
1790170228545,1277,0.3069,0.0211
1790170228595,1278,0.3790,0.0575
1790170228645,1279,0.3137,0.0182
1790170228694,1280,0.3996,0.1270
1790170228745,1281,0.3174,0.0206
1790170228795,1282,0.2640,0.0279
1790170228845,1283,0.4041,0.5366
1790170228895,1284,0.3282,0.0928
1790170228945,1285,0.3945,0.0203
1790170228995,1286,0.3159,0.0210
1790170229045,1287,0.2472,0.0292
1790170229095,1288,0.4182,0.5792
1790170229145,1289,0.2949,0.5604
1790170229195,1290,0.2738,0.0181
1790170229245,1291,0.2956,0.0184
1790170229294,1292,0.3728,0.1025
1790170229345,1293,0.3564,0.0606
1790170229395,1294,0.2516,0.0166
1790170229445,1295,0.2873,0.0516
1790170229495,1296,0.3722,0.1001
1790170229545,1297,0.3035,0.0188
1790170229595,1298,0.3891,0.0335
1790170229645,1299,0.2617,0.7430
1790170229695,1300,0.4352,0.1283
1790170229745,1301,0.2589,0.1731
1790170229795,1302,0.3568,0.0588
1790170229845,1303,0.3052,0.0332
1790170229895,1304,0.3215,0.4767
1790170229946,1305,0.3603,0.0285
1790170229995,1306,0.3167,0.0228
1790170230045,1307,0.3562,0.0632
1790170230095,1308,0.6268,0.1505
1790170230145,1309,0.3081,0.0219
1790170230195,1310,0.3741,0.0514
1790170230246,1311,0.3226,0.0200
1790170230295,1312,0.3706,0.0916
1790170230345,1313,0.4280,0.0382
1790170230395,1314,0.3983,0.4590
1790170230444,1315,0.3458,0.4426
1790170230495,1316,0.3988,0.4965
1790170230545,1317,0.2924,0.0174
1790170230595,1318,0.2853,0.0497
1790170230645,1319,0.2966,0.0208
1790170230694,1320,0.6678,0.1146
1790170230745,1321,0.2956,0.0203
1790170230795,1322,0.2775,0.0323
1790170230845,1323,0.3387,0.5360
1790170230895,1324,0.3707,0.1010
1790170230945,1325,0.3324,0.0192
1790170230995,1326,0.3128,0.0191
1790170231045,1327,0.2649,0.0329
1790170231095,1328,0.4054,0.5273
1790170231145,1329,0.2905,0.6422
1790170231195,1330,0.3189,0.0201
1790170231245,1331,0.2419,0.0181
1790170231295,1332,0.3287,0.0897
1790170231345,1333,0.3011,0.0511
1790170231395,1334,0.3128,0.0201
1790170231445,1335,0.2769,0.0507
1790170231495,1336,0.4003,0.1040
1790170231545,1337,0.2537,0.0165
1790170231595,1338,0.3902,0.0350
1790170231645,1339,0.2506,0.9504
1790170231695,1340,0.8100,0.1280
1790170231745,1341,0.3063,0.5109
1790170231795,1342,0.3445,0.0535
1790170231845,1343,0.3319,0.0348
1790170231895,1344,0.3884,0.6049
1790170231945,1345,0.2490,0.0180
1790170231995,1346,0.3251,0.0221
1790170232045,1347,0.3487,0.0567
1790170232095,1348,0.5212,0.2075
1790170232145,1349,0.2444,0.0184
1790170232195,1350,0.2593,0.0167
1790170232245,1351,0.2415,0.0196
1790170232295,1352,0.3795,0.0975
1790170232345,1353,0.2540,0.0303
1790170232395,1354,0.3091,0.8122
1790170232445,1355,0.3075,0.4097
1790170232495,1356,0.4060,0.5000
1790170232545,1357,0.2566,0.0198
1790170232595,1358,0.3603,0.0576
1790170232645,1359,0.3090,0.0195
1790170232695,1360,0.3812,0.1257
1790170232745,1361,0.3007,0.0192
1790170232795,1362,0.3443,0.0332
1790170232845,1363,0.3373,0.5585
1790170232895,1364,0.3571,0.1387
1790170232945,1365,0.2624,0.0200
1790170232995,1366,0.2614,0.3742
1790170233046,1367,0.2962,0.0242
1790170233095,1368,0.4162,0.1343
1790170233145,1369,0.2965,0.5759
1790170233195,1370,0.2775,0.0176
1790170233244,1371,0.2558,0.0187
1790170233295,1372,0.3028,0.0781
1790170233345,1373,0.4060,0.0650
1790170233395,1374,0.3025,0.0498
1790170233445,1375,0.3704,0.0542
1790170233495,1376,0.4281,0.0976
1790170233545,1377,0.3046,0.0241
1790170233595,1378,0.6419,0.0397
1790170233644,1379,0.2871,0.7279
1790170233695,1380,0.3832,0.0873
1790170233745,1381,0.2519,0.0170
1790170233795,1382,0.2911,0.0549
1790170233845,1383,0.2985,0.0319
1790170233895,1384,0.3427,0.4999
1790170233945,1385,0.3138,0.0205
1790170233995,1386,0.3323,0.0191
1790170234045,1387,0.2955,0.0501
1790170234096,1388,0.9715,0.1326
1790170234145,1389,0.2418,0.3972
1790170234195,1390,0.2803,0.0180
1790170234245,1391,0.2761,0.0175
1790170234295,1392,0.3196,0.0871
1790170234345,1393,0.3750,0.0311
1790170234395,1394,0.3197,0.4498
1790170234444,1395,0.2733,0.4414
1790170234495,1396,0.3496,0.4635
1790170234545,1397,0.2734,0.0183
1790170234595,1398,0.3984,0.0819
1790170234645,1399,0.2936,0.0189
1790170234695,1400,0.3478,0.0898
1790170234745,1401,0.3063,0.0226
1790170234795,1402,0.2655,0.0319
1790170234845,1403,0.4028,0.4828
1790170234895,1404,0.3067,0.0795
1790170234945,1405,0.3332,0.0377
1790170234995,1406,0.3162,0.4293
1790170235045,1407,0.2762,0.0220
1790170235095,1408,0.4933,0.1126
1790170235144,1409,0.5607,0.5686
1790170235195,1410,0.3347,0.0209
1790170235249,1411,0.5904,0.0161
1790170235381,1412,8.4871,7.2851
1790170235389,1413,8.1199,0.4406
1790170235396,1414,1.7837,0.3365
1790170235500,1415,1.5297,0.2763
1790170235505,1416,3.8668,2.1264
1790170235557,1417,4.8585,0.1007
1790170235600,1418,2.9151,0.0839
1790170235654,1419,2.7521,16.0331
1790170235730,1420,29.3296,1.7649
1790170235768,1421,14.1535,0.1057
1790170235826,1422,5.1973,0.9045
1790170235867,1423,0.8746,0.0741
1790170235900,1424,3.3004,4.8798
1790170235948,1425,1.1561,0.0561
1790170235998,1426,2.3611,0.0479
1790170236056,1427,6.7672,0.1683
1790170236135,1428,12.9608,2.1232
1790170236157,1429,10.3107,0.0906
1790170236203,1430,1.8632,0.0506
1790170236267,1431,22.2276,0.0564
1790170236307,1432,8.9828,0.7805
1790170236353,1433,3.2340,0.0842
1790170236400,1434,1.1566,1.1503
1790170236451,1435,3.4430,7.2942
1790170236501,1436,6.4378,3.1616
1790170236549,1437,4.4827,0.0748
1790170236605,1438,7.1193,0.1776
1790170236650,1439,1.7961,0.0516
1790170236704,1440,6.5117,3.0134
1790170236763,1441,4.6467,0.1093
1790170236814,1442,7.7101,6.7017
1790170236854,1443,9.6332,0.5482
1790170236902,1444,7.1512,0.9131
1790170236949,1445,3.8888,0.3562
1790170236995,1446,0.8478,1.4073
1790170237055,1447,9.5826,0.0620
1790170237098,1448,2.0806,0.5433
1790170237156,1449,3.0441,2.0483
1790170237198,1450,2.2900,0.3094
1790170237251,1451,5.6954,0.0484
1790170237342,1452,4.1938,0.5691
1790170237397,1453,2.8732,0.1963
1790170237398,1454,0.4990,0.0812
1790170237456,1455,0.8800,0.1244
1790170237515,1456,19.4695,0.4567
1790170237552,1457,6.7929,0.0309
1790170237599,1458,4.0354,0.2803
1790170237660,1459,10.3027,9.7342
1790170237735,1460,19.8596,18.1560
1790170237746,1461,0.5988,0.0456
1790170237810,1462,0.7486,1.3032
1790170237847,1463,0.6944,0.1000
1790170237897,1464,2.0566,1.5088
1790170237951,1465,0.7773,0.1268
1790170237995,1466,0.5632,0.0292
1790170238052,1467,2.8169,0.0521
1790170238101,1468,2.3352,0.8295
1790170238145,1469,0.6660,1.0338
1790170238195,1470,0.6122,0.0308
1790170238256,1471,0.5150,0.0343
1790170238296,1472,0.8978,0.2938
1790170238346,1473,1.0180,0.0385
1790170238405,1474,0.5305,0.0454
1790170238452,1475,0.4458,0.7459
1790170238499,1476,1.7840,1.2925
1790170238545,1477,0.4745,1.0382
1790170238596,1478,0.5177,0.1228
1790170238648,1479,0.4288,0.0270
1790170238707,1480,9.1736,8.7723
1790170238755,1481,1.5480,0.0733
1790170238808,1482,0.4709,0.0290
1790170238872,1483,4.5664,1.2059
1790170238898,1484,0.7790,0.3088
1790170238952,1485,0.4715,0.1017
1790170239001,1486,0.4179,2.5071
1790170239050,1487,0.4629,0.0273
1790170239098,1488,0.9156,0.4260
1790170239146,1489,0.3973,0.0271
1790170239195,1490,0.7461,2.5545
1790170239244,1491,0.4402,0.0266
1790170239295,1492,0.7292,0.3442
1790170239348,1493,0.5205,0.0810
1790170239395,1494,1.1939,1.7244
1790170239447,1495,0.5094,0.0796
1790170239502,1496,5.6870,0.2799
1790170239545,1497,0.4683,0.0302
1790170239606,1498,0.4482,0.0257
1790170239645,1499,0.4825,0.1005
1790170239697,1500,0.7662,1.8931
1790170239749,1501,0.3934,0.0409
1790170239806,1502,0.6319,1.0130
1790170239847,1503,0.4173,0.0444
1790170239896,1504,0.6110,0.2313
1790170239945,1505,0.4549,0.9859
1790170239996,1506,0.5010,0.0288
1790170240044,1507,0.3772,0.0274
1790170240096,1508,1.1088,0.6753
1790170240146,1509,1.3530,0.9355
1790170240195,1510,0.4529,0.0573
1790170240245,1511,0.4508,0.0967
1790170240294,1512,0.6362,0.2660
1790170240345,1513,0.4455,0.0256
1790170240395,1514,0.5543,0.0708
1790170240445,1515,0.3220,0.6933
1790170240496,1516,0.6183,0.2485
1790170240545,1517,0.4842,0.7566
1790170240594,1518,0.5842,0.1537
1790170240645,1519,0.4060,0.0263
1790170240695,1520,0.8592,0.3601
1790170240745,1521,0.3989,0.0260
1790170240795,1522,0.4759,0.0720
1790170240847,1523,2.4449,0.0943
1790170240896,1524,0.7389,0.3100
1790170240946,1525,1.6532,0.0400
1790170240995,1526,0.4986,0.8152
1790170241045,1527,0.4851,0.0855
1790170241096,1528,1.5305,0.2551
1790170241145,1529,0.4356,0.0461
1790170241195,1530,0.4585,1.4260
1790170241245,1531,0.4193,0.0469
1790170241295,1532,0.6128,0.2458
1790170241346,1533,1.1216,0.1349
1790170241395,1534,0.5117,0.8005
1790170241445,1535,0.6818,0.0901
1790170241496,1536,1.2331,0.5189
1790170241545,1537,0.7653,0.0605
1790170241595,1538,0.4377,0.0192
1790170241645,1539,0.4266,0.0798
1790170241695,1540,0.7853,1.4598
1790170241745,1541,0.3832,0.0852
1790170241795,1542,0.4410,0.5476
1790170241845,1543,0.3113,0.0175
1790170241894,1544,0.8618,0.5300
1790170241945,1545,0.4088,0.6690
1790170241995,1546,0.3792,0.0244
1790170242045,1547,0.3427,0.0186
1790170242096,1548,1.1962,0.7261
1790170242145,1549,0.3956,0.5501
1790170242195,1550,0.4258,0.0186
1790170242245,1551,0.3784,0.0164
1790170242295,1552,0.5956,0.2863
1790170242345,1553,0.3943,0.0198
1790170242396,1554,1.4160,0.6037
1790170242445,1555,0.3355,0.6447
1790170242495,1556,0.6726,0.3097
1790170242545,1557,0.3991,0.5577
1790170242595,1558,0.3852,0.0179
1790170242645,1559,0.4300,0.1337
1790170242695,1560,0.6118,0.2632
1790170242745,1561,0.3604,0.0631
1790170242795,1562,0.2708,0.0206
1790170242845,1563,0.5482,0.0952
1790170242895,1564,0.6689,0.3237
1790170242945,1565,0.3460,0.0262
1790170242995,1566,0.3682,0.7088
1790170243045,1567,0.2755,0.0153
1790170243096,1568,0.9159,0.5680
1790170243145,1569,0.3403,0.0310
1790170243195,1570,0.3492,0.9143
1790170243245,1571,0.3129,0.0222
1790170243295,1572,0.6396,0.3488
1790170243345,1573,0.4067,0.0294
1790170243395,1574,0.3860,0.5772
1790170243444,1575,0.4045,0.0176
1790170243495,1576,0.7310,0.3837
1790170243545,1577,0.2640,0.0171
1790170243595,1578,0.2779,0.0148
1790170243644,1579,0.3309,0.0280
1790170243695,1580,0.4536,1.0569
1790170243744,1581,0.3719,0.0256
1790170243795,1582,0.3919,0.0671
1790170243845,1583,0.2541,0.0163
1790170243895,1584,0.5138,0.2207
1790170243945,1585,0.3609,0.6568
1790170243995,1586,0.2871,0.0154
1790170244045,1587,0.3529,0.0197
1790170244095,1588,0.8351,0.5249
1790170244145,1589,0.3874,0.5962
1790170244195,1590,0.3021,0.0186
1790170244245,1591,0.2993,0.0179
1790170244295,1592,0.8088,0.3113
1790170244345,1593,0.4244,0.0734
1790170244395,1594,0.3829,0.6371
1790170244445,1595,0.3365,0.7184
1790170244496,1596,0.5008,0.2166
1790170244545,1597,0.3686,0.6274
1790170244595,1598,0.3595,0.0245
1790170244645,1599,0.3999,0.0815
1790170244695,1600,0.5000,0.1813
1790170244745,1601,0.3832,0.0823
1790170244795,1602,0.5396,0.0221
1790170244845,1603,0.3276,0.0232
1790170244894,1604,0.8048,0.4205
1790170244945,1605,0.2853,0.0231
1790170244995,1606,0.2935,0.5923
1790170245045,1607,0.3518,0.0196
1790170245095,1608,0.5446,0.2414
1790170245144,1609,0.4241,0.0573
1790170245195,1610,0.7761,0.9173
1790170245246,1611,0.3423,0.0189
1790170245295,1612,0.5894,0.2439
1790170245346,1613,0.4277,0.0664
1790170245395,1614,0.3986,0.7350
1790170245445,1615,0.4491,0.0168
1790170245494,1616,0.7200,0.3884
1790170245545,1617,0.4007,0.0165
1790170245595,1618,0.5020,0.0216
1790170245645,1619,0.3200,0.0440
1790170245695,1620,0.5474,1.6763
1790170245745,1621,0.3121,0.0171
1790170245795,1622,0.3289,0.0226
1790170245845,1623,0.3155,0.0169
1790170245895,1624,0.5785,0.2122
1790170245946,1625,0.4879,1.1002
1790170245996,1626,0.4104,0.0244
1790170246045,1627,0.3506,0.0171
1790170246095,1628,0.4251,0.7156
1790170246145,1629,0.4210,0.0849
1790170246195,1630,0.4439,0.0205
1790170246245,1631,0.3223,0.0176
1790170246295,1632,0.6463,0.3389
1790170246345,1633,0.3524,0.1010
1790170246395,1634,0.3311,0.4805
1790170246445,1635,0.3228,0.6870
1790170246495,1636,0.5680,0.2063
1790170246545,1637,0.4248,0.5264
1790170246595,1638,0.3686,0.0154
1790170246645,1639,0.3020,0.0517
1790170246695,1640,0.5524,0.1851
1790170246745,1641,0.3670,0.0707
1790170246795,1642,0.3378,0.0161
1790170246846,1643,0.3285,0.0173
1790170246895,1644,0.6168,0.3270
1790170246945,1645,0.2888,0.0213
1790170246995,1646,0.2868,0.9015
1790170247045,1647,0.2811,0.0151
1790170247095,1648,0.5214,0.2799
1790170247145,1649,0.4489,0.0324
1790170247195,1650,0.3888,0.5245
1790170247245,1651,0.3117,0.0172
1790170247295,1652,0.6750,0.3050
1790170247345,1653,0.5579,0.0815
1790170247394,1654,0.4141,0.0579
1790170247445,1655,0.3132,0.0187
1790170247495,1656,0.4476,0.1836
1790170247545,1657,0.2743,0.0156
1790170247596,1658,0.6300,0.0174
1790170247645,1659,0.3460,0.7220
1790170247695,1660,0.6504,1.2160
1790170247745,1661,0.2609,0.0148
1790170247795,1662,0.2924,0.0157
1790170247845,1663,0.2513,0.0149
1790170247895,1664,0.5168,0.2120
1790170247945,1665,0.3731,0.5033
1790170247995,1666,0.3370,0.0158
1790170248046,1667,1.4415,0.0218
1790170248095,1668,0.4005,0.8071
1790170248145,1669,0.3716,0.0759
1790170248195,1670,0.5324,0.0192
1790170248245,1671,0.3621,0.0172
1790170248295,1672,0.5287,0.1919
1790170248345,1673,0.7477,0.0754
1790170248395,1674,0.4126,0.5440
1790170248444,1675,0.3362,0.4785
1790170248495,1676,0.4813,0.1846
1790170248545,1677,0.3526,0.4973
1790170248594,1678,0.3130,0.0231
1790170248645,1679,0.3059,0.0680
1790170248695,1680,0.5231,0.1851
1790170248745,1681,0.3436,0.0182
1790170248795,1682,0.2710,0.2075
1790170248845,1683,0.2514,0.0157
1790170248895,1684,0.5082,0.2187
1790170248945,1685,0.3244,0.0250
1790170248995,1686,0.2729,1.0699
1790170249045,1687,0.3622,0.0173
1790170249094,1688,0.5300,0.2220
1790170249145,1689,0.3245,0.0251
1790170249195,1690,0.3422,0.7036
1790170249245,1691,0.3518,0.0163
1790170249295,1692,0.5388,0.1883
1790170249345,1693,0.4214,0.1189
1790170249395,1694,0.7889,0.0813
1790170249446,1695,0.3101,0.0159
1790170249495,1696,0.5352,0.2306
1790170249545,1697,0.3339,0.0180
1790170249594,1698,0.3575,0.0337
1790170249645,1699,0.3346,0.4964
1790170249695,1700,0.5807,1.0474
1790170249745,1701,0.3556,0.0191
1790170249795,1702,0.3447,0.0169
1790170249845,1703,0.3191,0.0162
1790170249894,1704,0.6351,0.1629
1790170249945,1705,0.3849,0.7716
1790170249995,1706,0.3782,0.0226
1790170250045,1707,0.5132,0.0252
1790170250094,1708,0.5295,0.6809
1790170250145,1709,0.4898,0.0734
1790170250195,1710,0.4579,0.0204
1790170250245,1711,0.7706,0.0174
1790170250295,1712,0.5779,0.1990
1790170250345,1713,0.4257,0.0630
1790170250395,1714,0.3572,0.4394
1790170250445,1715,0.3499,0.4269
1790170250496,1716,0.4849,0.1938
1790170250545,1717,0.3258,0.8867
1790170250594,1718,0.3350,0.0226
1790170250646,1719,0.3870,0.0661
1790170250695,1720,0.5312,0.1667
1790170250745,1721,0.3169,0.4715
1790170250795,1722,0.3759,0.5108
1790170250845,1723,0.3708,0.0181
1790170250895,1724,0.6114,0.2798
1790170250945,1725,0.3532,0.0239
1790170250995,1726,0.3739,0.7465
1790170251045,1727,0.3735,0.0552
1790170251095,1728,0.6853,0.6833
1790170251145,1729,0.3483,0.0188
1790170251195,1730,0.3975,0.0173
1790170251245,1731,0.4061,0.0182
1790170251295,1732,0.5707,0.1926
1790170251345,1733,0.3636,0.0572
1790170251395,1734,0.3590,0.0563
1790170251445,1735,0.3771,0.4362
1790170251495,1736,0.6323,0.3429
1790170251545,1737,0.3033,0.0149
1790170251595,1738,0.3007,0.0250
1790170251645,1739,0.4352,1.0304
1790170251695,1740,0.6228,0.9144
1790170251745,1741,0.3982,0.0161
1790170251794,1742,0.3700,0.0166
1790170251845,1743,0.2912,0.0151
1790170251895,1744,0.5794,0.2312
1790170251945,1745,0.3621,0.0707
1790170251995,1746,0.4326,0.0171
1790170252045,1747,0.4103,0.5161
1790170252096,1748,1.0429,0.7090
1790170252145,1749,0.3793,0.0654
1790170252195,1750,0.3482,0.0203
1790170252245,1751,0.2871,0.5818
1790170252295,1752,0.5224,0.7444
1790170252345,1753,0.3274,0.0228
1790170252395,1754,0.3013,0.5042
1790170252445,1755,0.3432,0.0179
1790170252495,1756,0.5526,0.2684
1790170252545,1757,0.3361,0.4454
1790170252596,1758,0.4157,0.0732
1790170252645,1759,0.3659,0.0809
1790170252695,1760,0.5008,0.1817
1790170252745,1761,0.3243,0.5493
1790170252795,1762,0.3290,0.4343
1790170252845,1763,0.4095,0.4290
1790170252895,1764,0.5666,0.2263
1790170252945,1765,0.3598,0.0313
1790170252995,1766,0.2515,0.4290
1790170253045,1767,0.3600,0.0602
1790170253095,1768,0.4882,0.2563
1790170253145,1769,0.2964,0.0178
1790170253195,1770,0.3406,0.3880
1790170253245,1771,0.3111,0.0157
1790170253295,1772,0.5724,0.2840
1790170253345,1773,0.3815,0.5147
1790170253395,1774,0.4253,0.0597
1790170253445,1775,0.3054,0.5286
1790170253495,1776,0.5124,0.2670
1790170253545,1777,0.2391,0.0149
1790170253595,1778,0.3090,0.0208
1790170253646,1779,0.5523,0.0261
1790170253695,1780,0.4371,0.7315
1790170253745,1781,0.3535,0.0350
1790170253795,1782,0.3139,0.0230
1790170253845,1783,0.2661,0.0186
1790170253895,1784,0.6162,0.3459
1790170253945,1785,0.3827,0.0770
1790170253995,1786,0.3686,0.0488
1790170254045,1787,0.2931,0.4873
1790170254094,1788,0.4250,0.1910
1790170254145,1789,0.4106,0.0781
1790170254195,1790,0.3370,0.0239
1790170254245,1791,0.2736,0.4534
1790170254295,1792,0.5337,0.6444
1790170254345,1793,0.3208,0.0209
1790170254396,1794,0.4356,0.4909
1790170254445,1795,0.3272,0.0165
1790170254494,1796,0.6745,0.3889
1790170254545,1797,0.2850,0.0154
1790170254595,1798,0.2983,0.0515
1790170254645,1799,0.3635,0.6885
1790170254695,1800,0.6044,0.1990
1790170254745,1801,0.2373,0.5667
1790170254795,1802,0.3247,0.0254
1790170254845,1803,0.4154,0.4846
1790170254895,1804,0.4868,0.2226
1790170254944,1805,0.2711,0.0211
1790170254995,1806,0.3454,0.4794
1790170255045,1807,0.3739,0.0696
1790170255095,1808,0.5170,0.2243
1790170255145,1809,0.4671,0.0278
1790170255194,1810,0.3703,0.5502
1790170255245,1811,0.6660,0.0174
1790170255295,1812,0.4355,0.2038
1790170255345,1813,0.3336,0.4576
1790170255395,1814,0.3935,0.0636
1790170255445,1815,0.3113,0.4940
1790170255495,1816,0.4582,0.1912
1790170255545,1817,0.2875,0.0163
1790170255595,1818,0.3019,0.0204
1790170255645,1819,0.3279,0.0424
1790170255695,1820,0.5294,0.6516
1790170255745,1821,0.3381,0.0567
1790170255795,1822,0.3406,0.0152
1790170255844,1823,0.2862,0.0145
1790170255895,1824,0.6052,0.2093
1790170255946,1825,0.3649,0.5374
1790170255996,1826,0.2959,0.0213
1790170256045,1827,0.2667,0.4063
1790170256095,1828,0.4165,0.1515
1790170256145,1829,0.3491,0.0184
1790170256195,1830,0.3706,0.0255
1790170256245,1831,0.2792,0.3992
1790170256295,1832,0.4135,0.1877
1790170256345,1833,0.2946,0.0246
1790170256395,1834,0.3726,0.4577
1790170256445,1835,0.3352,0.0140
1790170256495,1836,0.5419,0.6591
1790170256545,1837,0.3013,0.6655
1790170256595,1838,0.2978,0.0746
1790170256645,1839,0.3769,0.5687
1790170256695,1840,0.4569,0.1617
1790170256745,1841,0.3765,0.0172
1790170256795,1842,0.3077,0.0221
1790170256845,1843,0.3044,0.0300
1790170256895,1844,0.3676,0.1365
1790170256945,1845,0.3052,0.0238
1790170256994,1846,0.3310,1.8081
1790170257045,1847,0.3043,0.0206
1790170257095,1848,0.4420,0.1679
1790170257145,1849,0.3753,0.0262
1790170257194,1850,0.3659,0.5030
1790170257245,1851,0.2715,0.0566
1790170257295,1852,0.4320,0.1884
1790170257345,1853,0.4410,0.4922
1790170257395,1854,0.4187,0.0313
1790170257445,1855,0.2532,0.3493
1790170257495,1856,0.4782,0.1979
1790170257545,1857,0.2799,0.0164
1790170257595,1858,0.3001,0.0162
1790170257645,1859,0.5867,0.0286
1790170257695,1860,0.5370,0.5362
1790170257745,1861,0.3544,0.0559
1790170257795,1862,0.3863,0.0596
1790170257846,1863,0.3857,0.0150
1790170257896,1864,0.4929,0.2356
1790170257946,1865,0.6983,0.4161
1790170257995,1866,0.3156,0.0261
1790170258045,1867,0.3126,0.4332
1790170258095,1868,0.4315,0.1620
1790170258147,1869,0.3444,0.0506
1790170258195,1870,0.3404,0.0262
1790170258245,1871,0.2467,0.6503
1790170258295,1872,0.4471,0.1853
1790170258345,1873,0.2529,0.0232
1790170258395,1874,0.3875,0.4169
1790170258445,1875,0.3244,0.0248
1790170258495,1876,0.4589,0.7609
1790170258545,1877,0.3011,0.3718
1790170258596,1878,0.3640,0.0252
1790170258645,1879,0.3663,0.4420
1790170258695,1880,0.5697,0.2615
1790170258745,1881,0.3950,0.0158
1790170258795,1882,0.3051,0.0198
1790170258845,1883,0.2460,0.0166
1790170258895,1884,0.4942,0.2708
1790170258945,1885,0.3075,0.0232
1790170258995,1886,0.3555,0.4694
1790170259045,1887,0.3005,0.0152
1790170259095,1888,0.3645,0.1445
1790170259145,1889,0.3405,0.0413
1790170259195,1890,0.3776,0.4121
1790170259245,1891,0.3456,0.0580
1790170259295,1892,0.4931,0.2237
1790170259345,1893,0.3323,0.4791
1790170259394,1894,0.6301,0.0218
1790170259445,1895,0.3130,0.4503
1790170259495,1896,0.3910,0.1363
1790170259545,1897,0.4435,0.0199
1790170259595,1898,0.3251,0.0497
1790170259645,1899,0.3584,0.0199
1790170259694,1900,0.5227,0.2225
1790170259745,1901,0.3111,0.0205
1790170259795,1902,0.3385,0.0588
1790170259845,1903,0.2829,0.0161
1790170259895,1904,0.5109,0.1636
1790170259945,1905,0.3491,0.0564
1790170259995,1906,0.3104,0.3758
1790170260045,1907,0.2839,0.3830
1790170260095,1908,0.4810,0.1946
1790170260144,1909,0.8602,0.4776
1790170260194,1910,0.3534,0.0256
1790170260245,1911,0.2468,0.7863
1790170260295,1912,0.8479,0.2169
1790170260345,1913,0.3148,0.0254
1790170260395,1914,0.4837,0.4762
1790170260445,1915,0.3489,0.0226
1790170260494,1916,0.4665,0.5757
1790170260545,1917,0.2569,0.4354
1790170260595,1918,0.3182,0.0239
1790170260645,1919,0.3826,0.5303
1790170260695,1920,0.6864,0.2613
1790170260745,1921,0.3159,0.0295
1790170260795,1922,0.3219,0.0197
1790170260845,1923,0.2355,0.0154
1790170260895,1924,0.5342,0.2280
1790170260945,1925,0.3772,0.0248
1790170260996,1926,0.3193,0.4960
1790170261045,1927,0.2968,0.0166
1790170261095,1928,0.3548,0.1286
1790170261145,1929,0.4799,0.0250
1790170261195,1930,0.4131,0.4257
1790170261245,1931,0.2316,0.0149
1790170261295,1932,0.4318,0.1468
1790170261345,1933,0.2735,0.4190
1790170261395,1934,0.5702,0.0269
1790170261445,1935,0.3706,0.5203
1790170261495,1936,0.5786,0.2434
1790170261545,1937,0.2254,0.0150
1790170261595,1938,0.3373,0.0516
1790170261644,1939,0.2900,0.0169
1790170261695,1940,0.3915,0.1473
1790170261745,1941,0.3065,0.0159
1790170261795,1942,0.3221,0.0188
1790170261845,1943,0.2943,0.0158
1790170261895,1944,0.4433,0.1591
1790170261944,1945,0.3481,0.0557
1790170261995,1946,0.3003,0.3642
1790170262045,1947,0.5677,0.3524
1790170262095,1948,0.5067,0.2209
1790170262144,1949,0.3414,0.0682
1790170262194,1950,0.3270,0.0234
1790170262245,1951,0.3064,0.8071
1790170262295,1952,0.4753,0.2065
1790170262345,1953,0.2674,0.0418
1790170262395,1954,0.5072,0.4792
1790170262445,1955,0.3022,0.0263
1790170262495,1956,0.4452,0.5269
1790170262545,1957,0.2831,1.4848
1790170262595,1958,0.3945,0.0256
1790170262645,1959,0.3009,0.3950
1790170262695,1960,0.5018,0.2104
1790170262746,1961,0.2941,0.0194
1790170262795,1962,0.3241,0.0175
1790170262845,1963,0.2816,0.0173
1790170262895,1964,0.4779,0.1970
1790170262945,1965,0.3109,0.0259
1790170262995,1966,0.4023,0.4289
1790170263045,1967,0.2744,0.0162
1790170263095,1968,0.3660,0.5677
1790170263145,1969,0.4167,0.0243
1790170263194,1970,0.3963,0.0779
1790170263245,1971,0.3175,0.4148
1790170263295,1972,0.3813,0.1527
1790170263345,1973,0.3430,0.4225
1790170263395,1974,0.3460,0.0274
1790170263445,1975,0.3975,0.4240
1790170263495,1976,0.5037,0.2402
1790170263545,1977,0.2464,0.0224
1790170263595,1978,0.2892,0.0505
1790170263645,1979,0.2486,0.0236
1790170263694,1980,0.4398,0.1527
1790170263746,1981,0.3115,0.0158
1790170263795,1982,0.3503,0.0186
1790170263845,1983,0.2285,0.0156
1790170263895,1984,0.4355,0.1556
1790170263945,1985,0.3207,0.0609
1790170263994,1986,0.3329,0.4039
1790170264045,1987,0.2444,0.3893
1790170264095,1988,0.4561,0.1705
1790170264145,1989,0.3228,0.0552
1790170264195,1990,0.3328,0.0256
1790170264245,1991,0.2947,0.6003
1790170264295,1992,0.4667,0.1839
1790170264345,1993,0.3065,0.0230
1790170264395,1994,0.2810,0.4228
1790170264445,1995,0.2901,0.0244
1790170264495,1996,0.3751,0.5523
1790170264545,1997,0.3558,0.0169
1790170264595,1998,0.2508,0.0241
1790170264645,1999,0.2952,0.3468
1790170264695,2000,0.3800,0.1463
1790170264745,2001,0.2939,0.4136
1790170264796,2002,1.5922,0.8599
1790170264845,2003,0.3683,0.0199
1790170264895,2004,0.5997,0.2683
1790170264945,2005,0.3281,0.0530
1790170264994,2006,0.3339,0.0589
1790170265046,2007,0.3118,0.0306
1790170265096,2008,1.6093,1.7544
1790170265145,2009,0.3483,0.0655
1790170265195,2010,0.5696,0.0911
1790170265245,2011,0.2798,0.3641
1790170265295,2012,0.8216,0.2072
1790170265345,2013,0.3245,0.4151
1790170265395,2014,0.3096,0.0245
1790170265445,2015,0.3340,0.4779
1790170265495,2016,0.5196,0.2315
1790170265545,2017,0.2919,0.0161
1790170265594,2018,0.3313,0.0541
1790170265645,2019,0.6141,0.0152
1790170265695,2020,0.5135,0.1875
1790170265745,2021,0.3657,0.0164
1790170265795,2022,0.2940,0.0156
1790170265845,2023,0.2787,0.0142
1790170265895,2024,0.3798,0.1548
1790170265945,2025,0.4239,0.0656
1790170265995,2026,0.3517,0.9939
1790170266045,2027,0.2991,0.0162
1790170266095,2028,0.4563,0.1553
1790170266145,2029,0.3181,0.0538
1790170266195,2030,0.3763,0.0306
1790170266245,2031,0.3085,0.3450
1790170266295,2032,0.4251,0.2081
1790170266345,2033,0.2880,0.0265
1790170266395,2034,0.6005,0.5205
1790170266444,2035,0.3093,0.0234
1790170266495,2036,0.4080,0.5180
1790170266545,2037,0.2632,0.0175
1790170266595,2038,0.2515,0.0197
1790170266645,2039,0.3473,0.3490
1790170266695,2040,0.4943,0.1990
1790170266745,2041,0.3487,0.9586
1790170266795,2042,0.2601,0.4853
1790170266845,2043,0.2833,0.0174
1790170266895,2044,0.5745,0.2588
1790170266944,2045,0.3236,0.0530
1790170266995,2046,0.3418,0.0573
1790170267045,2047,0.2399,0.0191
1790170267095,2048,0.4468,0.1423
1790170267145,2049,0.2826,0.0175
1790170267195,2050,0.3925,0.0777
1790170267245,2051,0.2359,0.3839
1790170267295,2052,0.4266,0.1777
1790170267345,2053,0.4800,0.3724
1790170267395,2054,0.4014,0.4038
1790170267445,2055,0.3784,0.5123
1790170267495,2056,0.5754,0.3242
1790170267545,2057,0.3182,0.0162
1790170267595,2058,0.4314,0.0800
1790170267645,2059,0.3372,0.0199
1790170267695,2060,0.4487,0.1645
1790170267745,2061,0.2946,0.0171
1790170267795,2062,0.2978,0.0146
1790170267845,2063,0.2815,0.0158
1790170267895,2064,0.4706,0.1636
1790170267944,2065,0.3348,0.0705
1790170267995,2066,0.2609,0.7770
1790170268046,2067,0.3265,0.0616
1790170268096,2068,1.8680,0.2401
1790170268145,2069,0.3701,0.0160
1790170268195,2070,0.4302,0.0732
1790170268245,2071,0.2828,0.4660
1790170268296,2072,1.0046,0.7261
1790170268345,2073,0.3610,0.0261
1790170268395,2074,0.3626,0.3860
1790170268445,2075,0.3349,0.0224
1790170268494,2076,0.4408,0.6071
1790170268545,2077,0.2576,0.0250
1790170268595,2078,0.2484,0.0231
1790170268645,2079,0.2553,0.4813
1790170268696,2080,0.4733,0.1817
1790170268745,2081,0.3051,0.4167
1790170268794,2082,0.8143,0.3980
1790170268845,2083,0.2432,0.0179
1790170268895,2084,0.5933,0.3272
1790170268945,2085,0.3468,0.0626
1790170268995,2086,0.3154,0.4969
1790170269045,2087,0.2810,0.0175
1790170269095,2088,0.6074,0.3446
1790170269145,2089,0.3125,0.0161
1790170269194,2090,0.3139,0.0711
1790170269246,2091,0.2343,0.4518
1790170269295,2092,0.5415,0.2223
1790170269345,2093,0.2839,0.0577
1790170269395,2094,0.3447,0.5189
1790170269444,2095,0.3905,0.4812
1790170269495,2096,0.5052,0.2238
1790170269545,2097,0.3093,0.0166
1790170269594,2098,0.3701,0.0509
1790170269645,2099,0.2853,0.0225
1790170269695,2100,0.5642,0.2624
1790170269745,2101,0.3333,0.0599
1790170269795,2102,0.2426,0.0148
1790170269845,2103,0.2999,0.0169
1790170269895,2104,0.3916,0.1659
1790170269945,2105,0.2684,0.0223
1790170269995,2106,0.3785,0.8057
1790170270045,2107,0.2821,0.0511
1790170270095,2108,0.3512,0.1410
1790170270144,2109,0.2798,0.0166
1790170270195,2110,0.3158,0.0527
1790170270245,2111,0.3311,0.3723
1790170270296,2112,1.5054,0.2818
1790170270345,2113,0.7437,0.0246
1790170270395,2114,0.4232,0.4769
1790170270444,2115,0.3212,0.0196
1790170270495,2116,0.4709,0.5509
1790170270545,2117,0.3134,0.4554
1790170270595,2118,0.3082,0.0182
1790170270645,2119,0.2898,0.0159
1790170270696,2120,0.5563,0.1659
1790170270744,2121,0.4082,0.3898
1790170270796,2122,0.3111,0.4369
1790170270845,2123,0.3040,0.0183
1790170270895,2124,0.5501,0.2586
1790170270945,2125,1.4721,0.4527
1790170270995,2126,0.2648,0.3233
1790170271045,2127,0.2757,0.0146
1790170271095,2128,0.5344,0.2554
1790170271145,2129,0.2923,0.0146
1790170271195,2130,0.3410,0.0630
1790170271245,2131,0.2473,0.6825
1790170271295,2132,0.4969,0.2082
1790170271345,2133,0.3709,0.0669
1790170271395,2134,0.3868,0.0262
1790170271444,2135,0.4547,0.4266
1790170271495,2136,0.4182,0.1640
1790170271545,2137,0.3084,0.0155
1790170271596,2138,0.3259,0.0548
1790170271644,2139,0.3809,0.0151
1790170271695,2140,0.5859,0.2297
1790170271745,2141,0.3425,0.6924
1790170271795,2142,0.4127,0.0168
1790170271846,2143,0.3125,0.0183
1790170271894,2144,0.4183,0.1409
1790170271945,2145,0.2826,0.0250
1790170271995,2146,0.2675,0.7497
1790170272045,2147,0.3248,0.0168
1790170272094,2148,0.4966,0.2051
1790170272145,2149,0.2776,0.0142
1790170272195,2150,0.3194,0.0536
1790170272245,2151,0.2786,0.0142
1790170272294,2152,0.5384,0.2749
1790170272345,2153,0.3834,0.0639
1790170272395,2154,0.3729,0.5066
1790170272444,2155,0.4042,0.0238
1790170272495,2156,0.3665,0.5014
1790170272545,2157,0.8376,20.2609
1790170272596,2158,0.2982,0.0151
1790170272645,2159,0.4009,0.0155
1790170272695,2160,0.5359,0.5469
1790170272745,2161,0.2889,0.8105
1790170272800,2162,0.3045,0.0192
1790170272846,2163,0.4110,0.0161
1790170272895,2164,0.5222,0.2265
1790170272946,2165,0.3476,0.6010
1790170272995,2166,0.2741,0.0147
1790170273045,2167,0.2730,0.0149
1790170273095,2168,0.3818,0.1791
1790170273145,2169,0.2666,0.3672
1790170273194,2170,0.3352,0.0561
1790170273244,2171,0.2978,0.3781
1790170273295,2172,0.3967,0.5476
1790170273345,2173,0.3150,0.0580
1790170273395,2174,0.2426,0.0227
1790170273444,2175,0.4078,0.4072
1790170273495,2176,0.5743,0.2755
1790170273544,2177,0.4338,0.0244
1790170273595,2178,0.2972,0.0654
1790170273646,2179,0.3601,0.3896
1790170273703,2180,8.8064,8.5027
1790170273747,2181,0.3191,0.0580
1790170273795,2182,0.2701,0.0141
1790170273846,2183,0.2935,0.0169
1790170273895,2184,0.4301,1.1809
1790170273945,2185,0.4099,0.1376
1790170273995,2186,0.2627,0.3964
1790170274045,2187,0.2194,0.0250
1790170274095,2188,0.4109,0.6186
1790170274145,2189,0.2647,0.4012
1790170274195,2190,0.3194,0.0529
1790170274245,2191,0.3185,0.0178
1790170274294,2192,0.7622,0.5158
1790170274345,2193,0.3031,0.0558
1790170274395,2194,0.3130,0.0549
1790170274445,2195,0.2708,0.0282
1790170274495,2196,0.7259,0.8909
1790170274545,2197,0.2717,0.0152
1790170274595,2198,0.2654,0.0138
1790170274645,2199,0.2719,0.0247
1790170274695,2200,0.6203,0.7214
1790170274745,2201,0.2136,0.3521
1790170274795,2202,0.3055,0.0154
1790170274845,2203,0.2560,0.0149
1790170274895,2204,0.4282,0.1732
1790170274945,2205,0.3245,0.0599
1790170274994,2206,0.2885,0.0251
1790170275045,2207,0.2886,0.3969
1790170275095,2208,0.8304,1.2498
1790170275145,2209,0.2338,0.7170
1790170275195,2210,0.3670,0.0780
1790170275245,2211,0.2639,0.3848
1790170275295,2212,0.3907,0.4821
1790170275345,2213,0.2512,0.0468
1790170275395,2214,0.6303,0.4039
1790170275445,2215,0.3197,0.0585
1790170275494,2216,0.5022,0.2539
1790170275545,2217,0.3230,0.0176
1790170275595,2218,0.2939,0.0235
1790170275646,2219,0.3561,0.4186
1790170275695,2220,0.6437,0.9376
1790170275745,2221,0.3456,0.4405
1790170275795,2222,0.2963,0.0158
1790170275845,2223,0.2688,0.0199
1790170275895,2224,0.5827,0.3498
1790170275945,2225,0.5538,0.0661
1790170275995,2226,0.5658,0.3299
1790170276045,2227,0.2445,0.0263
1790170276095,2228,0.7211,0.3462
1790170276145,2229,0.2439,0.3894
1790170276195,2230,0.3326,0.0693
1790170276245,2231,0.2405,0.0132
1790170276295,2232,0.5198,0.2756
1790170276345,2233,0.2467,0.0152
1790170276395,2234,0.2971,0.4392
1790170276445,2235,0.2663,0.0283
1790170276495,2236,0.4128,0.5302
1790170276545,2237,0.2433,0.6428
1790170276595,2238,0.2267,0.3771
1790170276646,2239,0.3198,0.0222
1790170276695,2240,0.4954,0.2067
1790170276744,2241,0.2869,0.0137
1790170276795,2242,0.2449,0.0152
1790170276845,2243,0.2684,0.0145
1790170276895,2244,0.5284,0.2624
1790170276944,2245,0.6276,0.0560
1790170276995,2246,0.2773,0.0224
1790170277045,2247,0.2654,0.0219
1790170277095,2248,0.5521,0.6197
1790170277145,2249,0.2107,0.4098
1790170277195,2250,0.2203,0.0274
1790170277245,2251,0.2682,0.0193
1790170277294,2252,0.3587,0.5723
1790170277345,2253,0.2475,0.0590
1790170277395,2254,0.2290,0.0140
1790170277445,2255,0.2932,0.0634
1790170277495,2256,0.3873,0.1404
1790170277545,2257,0.1953,0.0129
1790170277595,2258,0.2238,0.7883
1790170277646,2259,0.3158,0.8519
1790170277695,2260,1.3047,1.2250
1790170277745,2261,0.2308,0.7741
1790170277795,2262,0.2804,0.0150
1790170277844,2263,0.1990,0.0145
1790170277895,2264,0.5329,0.2821
1790170277946,2265,0.2518,0.0306
1790170277995,2266,0.2846,0.0225
1790170278045,2267,0.2094,0.3988
1790170278094,2268,0.4906,0.2324
1790170278145,2269,0.2568,0.0154
1790170278195,2270,0.3411,0.4737
1790170278245,2271,0.2042,0.0130
1790170278295,2272,0.3630,0.1331
1790170278345,2273,0.2146,0.3555
1790170278395,2274,0.4075,0.0541
1790170278445,2275,0.4123,0.0217
1790170278495,2276,0.4370,0.5867
1790170278545,2277,0.2632,0.3169
1790170278595,2278,0.2212,0.0126
1790170278645,2279,0.2414,0.0144
1790170278695,2280,0.3899,0.1288
1790170278746,2281,0.2659,0.0183
1790170278795,2282,0.2910,0.0169
1790170278844,2283,0.2601,0.0184
1790170278896,2284,0.6286,0.7087
1790170278946,2285,0.3035,0.0598
1790170278994,2286,0.2671,0.0142
1790170279045,2287,0.2068,0.0181
1790170279095,2288,0.5459,0.3127
1790170279145,2289,0.2714,0.3913
1790170279195,2290,0.3356,0.0178
1790170279245,2291,0.2491,0.0182
1790170279295,2292,0.3596,0.1319
1790170279345,2293,0.3065,0.0133
1790170279395,2294,0.2599,0.3907
1790170279445,2295,0.3566,0.4730
1790170279495,2296,0.5055,0.2634
1790170279545,2297,0.2708,0.0247
1790170279595,2298,0.2628,0.7409
1790170279645,2299,0.3000,0.0598
1790170279695,2300,0.8720,0.2633
1790170279745,2301,0.2559,0.8338
1790170279795,2302,0.2088,0.0125
1790170279846,2303,0.2666,0.0166
1790170279894,2304,0.5125,0.2735
1790170279945,2305,0.2512,0.0228
1790170279995,2306,0.2673,0.4221
1790170280045,2307,0.2763,0.0554
1790170280095,2308,0.4761,0.4986
1790170280145,2309,0.2056,0.0232
1790170280195,2310,0.2931,0.3875
1790170280245,2311,0.2893,0.0587
1790170280294,2312,0.5208,0.2680
1790170280344,2313,0.2796,0.3780
1790170280395,2314,0.5456,0.0141
1790170280445,2315,0.3730,0.3198
1790170280495,2316,0.3892,0.6030
1790170280546,2317,0.2086,0.3437
1790170280595,2318,0.2434,0.0452
1790170280645,2319,0.2569,0.0149
1790170280695,2320,0.4135,0.1864
1790170280745,2321,0.2119,0.0164
1790170280795,2322,0.2690,0.0150
1790170280845,2323,0.2688,0.0293
1790170280895,2324,0.4801,0.5724
1790170280945,2325,0.3232,0.0470
1790170280994,2326,0.2510,0.0144
1790170281046,2327,0.2086,0.0133
1790170281095,2328,0.5078,0.2846
1790170281144,2329,0.2249,0.3245
1790170281195,2330,0.7354,0.0225
1790170281245,2331,0.2723,0.0151
1790170281296,2332,0.4967,0.6798
1790170281345,2333,0.2702,0.0224
1790170281395,2334,0.2326,0.3902
1790170281445,2335,0.2201,0.0280
1790170281495,2336,0.5165,0.2545
1790170281545,2337,0.2867,0.0415
1790170281595,2338,0.2541,0.7000
1790170281645,2339,0.1939,0.0133
1790170281695,2340,0.4692,0.5190
1790170281744,2341,0.2704,0.3764
1790170281794,2342,0.2818,0.0155
1790170281845,2343,0.2417,0.0149
1790170281895,2344,0.3807,0.8243
1790170281945,2345,0.4192,0.0199
1790170281995,2346,0.2788,0.4068
1790170282045,2347,0.2520,0.0599
1790170282095,2348,0.3767,0.1891
1790170282145,2349,0.2465,0.0174
1790170282195,2350,0.2516,0.4013
1790170282245,2351,0.2790,0.0195
1790170282295,2352,0.4115,0.2231
1790170282345,2353,0.2594,0.0150
1790170282395,2354,0.2681,0.0176
1790170282445,2355,0.3590,0.0203
1790170282495,2356,0.5194,0.6973
1790170282546,2357,0.2367,0.0134
1790170282595,2358,0.2546,0.0509
1790170282645,2359,0.2993,0.0570
1790170282695,2360,0.5378,0.2578
1790170282745,2361,0.3085,0.0182
1790170282795,2362,0.2210,0.0168
1790170282845,2363,0.1980,0.0214
1790170282895,2364,0.3023,0.4781
1790170282945,2365,0.2750,0.0278
1790170282995,2366,0.3020,0.0505
1790170283045,2367,0.2004,0.3589
1790170283095,2368,0.5215,0.2656
1790170283145,2369,0.2883,0.3985
1790170283195,2370,0.2789,0.0324
1790170283245,2371,0.2622,0.3703
1790170283295,2372,0.5158,0.5627
1790170283346,2373,0.2633,0.3471
1790170283395,2374,0.2318,0.3319
1790170283445,2375,0.3494,0.0734
1790170283495,2376,0.3979,0.1347
1790170283546,2377,0.2340,0.3079
1790170283595,2378,0.2674,0.4053
1790170283645,2379,0.2205,0.0199
1790170283695,2380,0.5229,0.5611
1790170283745,2381,0.3187,0.0137
1790170283795,2382,0.2538,0.0142
1790170283845,2383,0.2291,0.0193
1790170283895,2384,0.4109,0.5966
1790170283945,2385,0.2641,0.0372
1790170283995,2386,0.2797,0.3772
1790170284045,2387,0.2559,0.0148
1790170284096,2388,0.3550,0.1580
1790170284145,2389,0.2325,0.2549
1790170284196,2390,0.2673,0.3019
1790170284245,2391,0.2120,0.0134
1790170284295,2392,0.6149,0.3680
1790170284345,2393,0.1924,0.0125
1790170284395,2394,0.2635,0.0179
1790170284445,2395,0.2974,0.0344
1790170284496,2396,0.5260,0.2703
1790170284545,2397,0.2618,0.0638
1790170284595,2398,0.2556,0.0141
1790170284647,2399,0.3317,3.8746
1790170284694,2400,0.4570,0.4965
1790170284746,2401,0.2945,0.4276
1790170284802,2402,0.2896,0.0150
1790170284850,2403,0.2822,0.9778
1790170284895,2404,0.4429,0.5688
1790170284944,2405,0.3084,0.0710
1790170284995,2406,0.2771,0.0234
1790170285045,2407,0.2578,0.3548
1790170285095,2408,0.5125,0.2537
1790170285145,2409,0.2991,0.0625
1790170285195,2410,0.3328,0.0215
1790170285245,2411,0.2437,0.3860
1790170285295,2412,0.4332,0.1950
1790170285345,2413,0.2712,0.3680
1790170285395,2414,0.2793,0.3796
1790170285447,2415,0.6463,0.0528
1790170285495,2416,0.4880,0.2597
1790170285545,2417,0.2678,0.2969
1790170285596,2418,0.2899,0.4167
1790170285645,2419,0.3180,0.0395
1790170285696,2420,1.1125,1.1305
1790170285745,2421,0.2552,0.0134
1790170285795,2422,0.2687,0.0116
1790170285845,2423,0.2414,0.0550
1790170285895,2424,0.4622,0.4895
1790170285946,2425,0.3056,0.0312
1790170285995,2426,0.2740,0.0136
1790170286045,2427,0.5517,0.3286
1790170286095,2428,0.3997,0.4473
1790170286145,2429,0.2310,0.3259
1790170286195,2430,0.3471,0.0148
1790170286245,2431,0.2330,0.4321
1790170286295,2432,0.5081,0.5749
1790170286345,2433,0.1958,0.7690
1790170286395,2434,0.2734,0.0140
1790170286451,2435,2.4826,0.5244
1790170286495,2436,0.7113,1.1773
1790170286545,2437,0.3010,0.0669
1790170286596,2438,0.6862,0.4157
1790170286748,2439,98.6223,78.7470
1790170286749,2440,0.4966,0.2727
1790170286749,2441,0.1378,0.0069
1790170286837,2442,0.4942,0.0652
1790170286846,2443,0.2860,0.0337
1790170286895,2444,0.7191,1.2370
1790170286946,2445,0.3210,0.4104
1790170286996,2446,0.2964,0.0189
1790170287045,2447,0.2420,0.4114
1790170287095,2448,0.4581,0.2116
1790170287144,2449,0.3169,0.4605
1790170287195,2450,0.7388,0.0228
1790170287244,2451,0.2796,0.4047
1790170287295,2452,0.4054,0.9393
1790170287345,2453,0.2602,0.0182
1790170287395,2454,0.2779,0.0158
1790170287444,2455,0.3076,0.0629
1790170287495,2456,0.4208,0.1869
1790170287545,2457,0.2289,0.0159
1790170287595,2458,0.2734,0.0145
1790170287645,2459,0.2163,0.0214
1790170287695,2460,0.5329,0.6153
1790170287748,2461,0.2480,3.6009
1790170287795,2462,0.2686,0.0141
1790170287845,2463,0.3143,1.2698
1790170287895,2464,0.4501,0.5927
1790170287945,2465,0.5061,0.0262
1790170287994,2466,0.5224,0.3005
1790170288045,2467,0.2683,0.0208
1790170288095,2468,0.4923,0.2560
1790170288145,2469,0.2527,0.3765
1790170288195,2470,0.3024,0.0550
1790170288244,2471,0.3641,0.5157
1790170288295,2472,0.5690,0.2584
1790170288345,2473,0.3301,0.3640
1790170288395,2474,0.2650,0.2963
1790170288445,2475,0.4976,0.0200
1790170288495,2476,0.5168,0.2195
1790170288545,2477,0.3310,0.9125
1790170288594,2478,0.2856,0.3908
1790170288647,2479,0.6602,0.9108
1790170288696,2480,1.2150,1.3332
1790170288744,2481,0.2536,0.7361
1790170288795,2482,0.2772,0.0146
1790170288844,2483,0.2876,0.0608
1790170288895,2484,0.4678,0.6518
1790170288946,2485,1.0654,0.5162
1790170288995,2486,0.3001,0.3641
1790170289045,2487,0.6606,0.4202
1790170289095,2488,0.5518,0.7785
1790170289145,2489,0.2653,0.0158
1790170289194,2490,0.2966,0.4065
1790170289245,2491,0.3017,0.0237
1790170289295,2492,0.4695,0.6358
1790170289345,2493,0.2446,0.0148
1790170289395,2494,0.2885,0.0149
1790170289446,2495,0.2622,0.3463
1790170289494,2496,0.4816,0.2471
1790170289544,2497,0.2073,0.4478
1790170289595,2498,0.2796,0.0150
1790170289645,2499,0.2517,0.3747
1790170289695,2500,0.5233,0.2632
1790170289746,2501,0.2602,0.0143
1790170289795,2502,0.3688,0.0709
1790170289845,2503,0.2503,0.4462
1790170289895,2504,0.4400,0.2360
1790170289944,2505,0.2652,0.0272
1790170289995,2506,0.3029,0.3600
1790170290046,2507,0.2389,0.0148
1790170290095,2508,0.4732,0.2317
1790170290145,2509,0.2316,0.6815
1790170290195,2510,0.2248,0.3751
1790170290245,2511,0.2260,0.0126
1790170290295,2512,0.5520,0.5626
1790170290345,2513,0.2475,0.4086
1790170290395,2514,0.2703,0.0145
1790170290445,2515,0.2662,0.0158
1790170290495,2516,0.8220,0.2427
1790170290545,2517,0.2455,0.0509
1790170290595,2518,0.2609,0.0188
1790170290645,2519,0.2940,0.0579
1790170290695,2520,0.4270,0.4984
1790170290745,2521,0.2491,0.4978
1790170290795,2522,0.2850,0.0159
1790170290845,2523,0.2964,0.0549
1790170290895,2524,0.4700,0.2319
1790170290945,2525,0.2097,0.0178
1790170290995,2526,0.2746,0.0590
1790170291045,2527,0.2775,0.0243
1790170291095,2528,0.5209,0.6493
1790170291145,2529,0.3589,0.2293
1790170291196,2530,0.3370,0.4358
1790170291245,2531,0.2700,0.6137
1790170291295,2532,0.5776,0.7622
1790170291345,2533,0.2518,0.7169
1790170291395,2534,0.3115,0.0627
1790170291444,2535,0.3100,0.0655
1790170291495,2536,0.4317,0.1987
1790170291545,2537,0.2902,0.6079
1790170291595,2538,0.2570,0.0591
1790170291645,2539,0.2561,0.0150
1790170291695,2540,0.5880,0.3624
1790170291746,2541,0.2233,0.0249
1790170291795,2542,0.3325,0.3067
1790170291846,2543,0.3117,0.4766
1790170291895,2544,0.5425,0.6867
1790170291945,2545,0.2735,0.0201
1790170291995,2546,0.5424,0.3137
1790170292045,2547,0.2564,0.3312
1790170292095,2548,0.5188,0.2959
1790170292145,2549,0.2587,0.0254
1790170292195,2550,0.2947,0.0523
1790170292245,2551,0.2993,0.0645
1790170292294,2552,0.4736,0.2889
1790170292345,2553,0.2025,0.0132
1790170292395,2554,0.2089,0.3673
1790170292445,2555,0.3246,0.0743
1790170292495,2556,0.5189,0.2980
1790170292544,2557,0.2925,0.3447
1790170292595,2558,0.2433,0.0133
1790170292645,2559,0.2834,0.4366
1790170292695,2560,0.5632,0.5682
1790170292745,2561,0.2785,0.3480
1790170292795,2562,0.2617,0.4576
1790170292845,2563,0.2873,0.0607
1790170292895,2564,0.3768,0.5328
1790170292945,2565,0.2085,0.0213
1790170292995,2566,0.2952,0.4561
1790170293046,2567,0.2217,0.2971
1790170293095,2568,0.3998,0.4822
1790170293145,2569,0.3003,0.0222
1790170293195,2570,0.3542,0.0621
1790170293244,2571,0.2662,0.0188
1790170293295,2572,0.5191,0.8182
1790170293345,2573,0.2084,0.4584
1790170293395,2574,0.2628,0.0131
1790170293445,2575,0.2628,0.3672
1790170293495,2576,0.6089,0.3714
1790170293545,2577,0.2869,0.0572
1790170293595,2578,0.2632,0.0481
1790170293645,2579,0.2798,0.4023
1790170293695,2580,0.6769,0.3737
1790170293746,2581,0.2615,0.5262
1790170293795,2582,0.2316,0.0165
1790170293844,2583,0.6077,0.3828
1790170293895,2584,0.4462,0.2144
1790170293945,2585,0.2641,0.0263
1790170293995,2586,0.3297,0.0545
1790170294045,2587,0.3017,0.7061
1790170294095,2588,0.4848,0.2433
1790170294145,2589,0.6092,0.4063
1790170294195,2590,0.2955,0.0266
1790170294245,2591,0.2818,0.0497
1790170294295,2592,0.4948,0.9745
1790170294345,2593,0.2546,0.0183
1790170294395,2594,0.2512,0.0135
1790170294444,2595,0.2054,0.0208
1790170294495,2596,0.4459,0.6118
1790170294545,2597,0.1931,0.5085
1790170294595,2598,0.2966,0.0478
1790170294645,2599,0.2550,0.0217
1790170294695,2600,0.5635,1.0413
1790170294745,2601,0.3119,0.3576
1790170294794,2602,0.3112,0.4489
1790170294845,2603,0.2361,0.4578
1790170294895,2604,0.3888,0.1992
1790170294945,2605,0.2418,0.0176
1790170294994,2606,0.3069,0.0216
1790170295045,2607,0.2739,0.3287
1790170295095,2608,0.4650,0.2384
1790170295145,2609,0.2309,0.0491
1790170295195,2610,0.3500,0.0159
1790170295245,2611,0.3321,0.0193
1790170295295,2612,0.4922,0.5205
1790170295345,2613,0.3749,0.4996
1790170295395,2614,0.2161,0.0213
1790170295445,2615,0.2086,0.0131
1790170295495,2616,0.4896,0.2403
1790170295545,2617,0.5594,0.0136
1790170295595,2618,0.2228,0.0181
1790170295645,2619,0.2820,0.4715
1790170295695,2620,0.5616,0.3569
1790170295745,2621,0.2528,0.0140
1790170295795,2622,0.2848,0.3505
1790170295845,2623,0.2623,0.0128
1790170295895,2624,0.4713,0.2917
1790170295945,2625,0.2717,0.0146
1790170295995,2626,0.3004,0.0403
1790170296045,2627,0.3009,0.3892
1790170296095,2628,0.2840,0.6381
1790170296145,2629,0.3980,0.0521
1790170296195,2630,0.3292,0.3200
1790170296245,2631,0.2854,0.0515
1790170296295,2632,0.3896,0.5469
1790170296345,2633,0.2510,0.0131
1790170296395,2634,0.2733,0.4112
1790170296445,2635,0.2529,0.8254
1790170296495,2636,0.4488,0.2235
1790170296545,2637,0.2498,2.2046
1790170296595,2638,0.2552,0.3888
1790170296645,2639,0.4446,0.7293
1790170296695,2640,0.4919,0.2195
1790170296745,2641,0.4251,0.4318
1790170296795,2642,0.3211,0.0569
1790170296845,2643,0.3040,0.4508
1790170296895,2644,0.4848,0.2443
1790170296945,2645,0.4619,0.3862
1790170296994,2646,0.2651,0.0197
1790170297045,2647,0.2103,0.0122
1790170297095,2648,0.3860,0.2013
1790170297145,2649,0.2553,0.0138
1790170297195,2650,0.2554,0.0108
1790170297245,2651,0.2457,0.0151
1790170297295,2652,0.3550,0.1269
1790170297345,2653,0.2050,0.6670
1790170297395,2654,0.2070,0.0129
1790170297445,2655,0.2584,0.3664
1790170297495,2656,0.4299,0.2140
1790170297545,2657,0.2523,0.0130
1790170297595,2658,0.2195,0.3288
1790170297645,2659,0.2510,0.0148
1790170297695,2660,0.4212,0.1845
1790170297746,2661,0.2298,0.0452
1790170297795,2662,0.2790,0.0155
1790170297845,2663,0.2770,0.0527
1790170297895,2664,0.4367,0.1926
1790170297945,2665,0.2999,0.3971
1790170297995,2666,0.2755,0.0325
1790170298045,2667,0.2906,0.7905
1790170298095,2668,0.4205,0.1363
1790170298145,2669,0.2097,0.0211
1790170298195,2670,0.2778,0.7596
1790170298245,2671,0.2206,0.6588
1790170298295,2672,0.4642,0.2190
1790170298345,2673,0.2570,0.3808
1790170298395,2674,0.2685,0.3779
1790170298445,2675,0.2690,0.0135
1790170298496,2676,0.9876,0.1970
1790170298545,2677,0.2438,0.0179
1790170298595,2678,0.2953,0.2943
1790170298645,2679,0.2071,0.0143
1790170298695,2680,0.5189,0.2629
1790170298745,2681,0.5261,0.0129
1790170298795,2682,0.3064,0.0602
1790170298845,2683,0.2663,0.0144
1790170298895,2684,0.9096,0.2760
1790170298945,2685,0.2361,0.0131
1790170298995,2686,0.3431,0.0603
1790170299045,2687,0.2484,0.2635
1790170299095,2688,0.4516,0.6368
1790170299145,2689,0.2519,0.3699
1790170299195,2690,0.2352,0.4118
1790170299245,2691,0.2868,0.0592
1790170299295,2692,0.4252,0.1629
1790170299345,2693,0.2620,0.4119
1790170299395,2694,0.2092,0.0184
1790170299445,2695,0.3243,0.0609
1790170299495,2696,0.5086,0.2148
1790170299545,2697,0.2555,0.3733
1790170299595,2698,0.2165,0.0138
1790170299645,2699,0.2597,0.0549
1790170299694,2700,0.5229,1.0441
1790170299745,2701,0.2652,0.4118
1790170299795,2702,0.3015,0.0596
1790170299845,2703,0.2023,0.4162
1790170299895,2704,0.3740,0.6003
1790170299945,2705,0.2550,0.5726
1790170299995,2706,0.5170,0.0582
1790170300045,2707,0.2445,0.3634
1790170300095,2708,0.4385,0.5521
1790170300145,2709,0.2385,0.0409
1790170300195,2710,0.2715,0.6770
1790170300245,2711,0.2731,0.0128
1790170300295,2712,0.5523,0.2824
1790170300344,2713,0.2169,0.3663
1790170300395,2714,0.2757,0.0144
1790170300445,2715,0.2445,0.0131
1790170300495,2716,0.4944,0.2112
1790170300545,2717,0.2162,0.4093
1790170300595,2718,0.4880,0.0625
1790170300645,2719,0.2071,0.3271
1790170300695,2720,0.4369,0.1824
1790170300745,2721,0.2801,0.0483
1790170300795,2722,0.2746,0.2906
1790170300845,2723,0.2081,0.0132
1790170300894,2724,0.3565,0.8576
1790170300945,2725,0.2120,0.0124
1790170300995,2726,0.3320,0.0675
1790170301045,2727,0.3024,0.0663
1790170301095,2728,0.3546,0.1724
1790170301145,2729,0.3313,0.3637
1790170301195,2730,0.2228,0.4661
1790170301246,2731,0.7050,0.4526
1790170301295,2732,0.4434,0.2067
1790170301345,2733,0.3105,0.0651
1790170301395,2734,0.2954,0.4937
1790170301445,2735,0.3237,0.3490
1790170301495,2736,0.4799,0.2405
1790170301546,2737,0.2866,0.0550
1790170301595,2738,0.2806,0.5236
1790170301645,2739,0.2694,0.0371
1790170301695,2740,0.7238,1.0279
1790170301744,2741,0.3069,0.0172
1790170301796,2742,0.3072,0.0536
1790170301845,2743,0.1982,0.3824
1790170301895,2744,0.4192,0.2155
1790170301945,2745,0.2536,0.2742
1790170301995,2746,0.2675,0.3812
1790170302045,2747,0.2153,0.7247
1790170302095,2748,0.5130,0.2698
1790170302145,2749,0.6463,0.4096
1790170302195,2750,0.4170,0.1881
1790170302245,2751,0.3198,0.0567
1790170302295,2752,0.5548,0.7659
1790170302345,2753,0.2830,0.0162
1790170302395,2754,0.3377,0.0484
1790170302445,2755,0.2052,0.0188
1790170302495,2756,0.6657,0.5054
1790170302545,2757,0.2398,0.0622
1790170302595,2758,0.2203,0.0178
1790170302645,2759,0.2456,0.0177
1790170302695,2760,0.4875,0.2365
1790170302745,2761,0.2827,0.0252
1790170302795,2762,0.2633,0.3119
1790170302846,2763,0.2485,0.0257
1790170302895,2764,0.3733,0.7905
1790170302945,2765,0.2198,0.0145
1790170302995,2766,0.5753,0.0648
1790170303045,2767,0.2370,0.0149
1790170303095,2768,0.4378,0.2049
1790170303145,2769,0.3016,0.6238
1790170303195,2770,0.3158,0.5219
1790170303245,2771,0.2985,0.0159
1790170303295,2772,0.3723,0.1831
1790170303344,2773,0.2761,0.3907
1790170303395,2774,0.2171,0.4153
1790170303446,2775,0.4460,0.3924
1790170303495,2776,0.5576,0.5837
1790170303545,2777,0.1934,0.0166
1790170303595,2778,0.2825,0.0163
1790170303645,2779,0.2499,0.3857
1790170303695,2780,0.3783,0.1639
1790170303745,2781,0.4518,0.0194
1790170303795,2782,0.2553,0.4050
1790170303845,2783,0.2478,0.0150
1790170303895,2784,0.3532,0.1647
1790170303944,2785,0.2042,0.3845
1790170303995,2786,0.2881,0.0223
1790170304046,2787,1.3199,0.3601
1790170304095,2788,0.4704,0.2280
1790170304145,2789,0.2955,0.0518
1790170304195,2790,0.2754,0.0153
1790170304245,2791,0.2498,0.3306
1790170304295,2792,0.4095,0.2223
1790170304345,2793,0.3645,0.0161
1790170304395,2794,0.2556,0.7811
1790170304445,2795,0.2582,0.0202
1790170304495,2796,0.4683,0.2281
1790170304544,2797,0.2612,0.0159
1790170304595,2798,0.2392,0.0160
1790170304645,2799,0.2580,0.3870
1790170304695,2800,0.4111,0.4663
1790170304745,2801,0.2590,0.0242
1790170304795,2802,0.3005,0.7574
1790170304845,2803,0.3081,0.7194
1790170304895,2804,0.4718,0.8630
1790170304945,2805,0.2650,0.0160
1790170304995,2806,0.3573,0.0663
1790170305045,2807,0.2967,0.0558
1790170305095,2808,0.4324,0.2100
1790170305145,2809,0.3139,0.4072
1790170305195,2810,0.2692,0.5944
1790170305245,2811,0.4457,0.0142
1790170305295,2812,0.8224,0.5857
1790170305345,2813,0.2550,0.0251
1790170305396,2814,0.3122,0.0240
1790170305445,2815,0.3218,0.3672
1790170305495,2816,0.6705,0.2467
1790170305545,2817,0.2511,0.0158
1790170305595,2818,0.2982,0.0553
1790170305645,2819,0.5692,0.0156
1790170305695,2820,0.4016,0.1765
1790170305745,2821,0.2628,0.0265
1790170305795,2822,0.2105,0.4095
1790170305846,2823,0.2513,0.0157
1790170305895,2824,0.3566,0.4977
1790170305945,2825,0.2727,0.0159
1790170305995,2826,0.4900,0.6574
1790170306046,2827,0.2094,0.3352
1790170306095,2828,0.4487,0.2182
1790170306145,2829,0.3004,0.0593
1790170306195,2830,0.2466,0.0485
1790170306245,2831,0.2438,0.3758
1790170306295,2832,0.4108,0.1901
1790170306345,2833,0.2546,0.6157
1790170306395,2834,0.3425,0.4762
1790170306446,2835,0.2866,0.4160
1790170306495,2836,0.4826,0.2520
1790170306545,2837,0.3766,0.0751
1790170306594,2838,0.2676,0.4216
1790170306645,2839,0.3295,0.7170
1790170306696,2840,0.4512,0.1927
1790170306745,2841,0.2988,0.0250
1790170306795,2842,0.3236,0.4670
1790170306844,2843,0.2157,0.0236
1790170306895,2844,0.3835,0.6412
1790170306945,2845,0.3039,0.0690
1790170306995,2846,0.2791,0.0617
1790170307046,2847,0.5755,0.3665
1790170307095,2848,0.4390,0.1898
1790170307145,2849,0.2739,0.0187
1790170307195,2850,0.2159,0.2887
1790170307245,2851,0.2531,0.0658
1790170307295,2852,0.5358,0.2863
1790170307345,2853,0.1946,0.0145
1790170307395,2854,0.2798,0.0193
1790170307445,2855,0.2596,0.0505
1790170307496,2856,0.9740,0.7213
1790170307545,2857,0.2473,0.0163
1790170307595,2858,0.2513,0.0174
1790170307645,2859,0.2519,0.3933
1790170307695,2860,0.4144,0.1335
1790170307745,2861,0.2489,0.0191
1790170307795,2862,0.2313,0.0172
1790170307844,2863,0.2507,0.0604
1790170307895,2864,0.3859,0.5086
1790170307944,2865,0.2934,0.0223
1790170307995,2866,0.2938,0.0308
1790170308045,2867,0.2678,0.3681
1790170308095,2868,0.4682,0.6671
1790170308144,2869,0.2879,0.0677
1790170308195,2870,0.2761,0.4434
1790170308245,2871,0.3301,0.3959
1790170308295,2872,0.3745,0.1913
1790170308345,2873,0.2299,0.0541
1790170308395,2874,0.2924,0.4388
1790170308445,2875,0.3008,0.0566
1790170308495,2876,0.5458,0.8579
1790170308545,2877,0.2004,0.0213
1790170308595,2878,0.4118,0.9868
1790170308645,2879,0.1975,0.7210
1790170308695,2880,0.4782,0.2127
1790170308745,2881,0.3219,0.0965
1790170308795,2882,0.2833,0.0411
1790170308844,2883,0.2879,0.0431
1790170308899,2884,1.7113,2.0027
1790170308945,2885,0.2386,0.0135
1790170308995,2886,0.2525,0.0460
1790170309045,2887,0.2510,0.0146
1790170309095,2888,0.4426,0.2007
1790170309145,2889,0.2728,0.0228
1790170309195,2890,0.2868,0.3717
1790170309245,2891,0.2075,0.0154
1790170309295,2892,0.4030,0.5024
1790170309345,2893,0.2357,0.0533
1790170309395,2894,0.3066,0.6406
1790170309445,2895,0.2607,0.0142
1790170309495,2896,0.4990,0.2601
1790170309544,2897,0.2579,0.0205
1790170309594,2898,0.3100,0.4084
1790170309645,2899,0.2180,0.0148
1790170309695,2900,0.4186,0.6073
1790170309745,2901,0.6028,0.0520
1790170309795,2902,0.2877,0.0534
1790170309845,2903,0.3065,0.0712
1790170309895,2904,0.4043,0.6286
1790170309945,2905,0.2494,0.0161
1790170309995,2906,0.5159,0.4201
1790170310045,2907,0.2119,0.0166
1790170310095,2908,0.5082,0.2787
1790170310145,2909,0.2926,0.0577
1790170310194,2910,0.2927,0.4327
1790170310245,2911,0.3462,0.4424
1790170310294,2912,0.4226,0.5789
1790170310345,2913,0.2703,0.0191
1790170310395,2914,0.2865,0.0568
1790170310446,2915,0.2454,0.0173
1790170310495,2916,0.3954,0.1508
1790170310544,2917,0.2156,0.0208
1790170310594,2918,0.2619,0.8032
1790170310645,2919,0.5265,0.4390
1790170310695,2920,0.3795,0.1662
1790170310745,2921,0.3550,0.0637
1790170310796,2922,0.2635,0.0165
1790170310845,2923,0.2428,0.0555
1790170310895,2924,0.3423,0.5147
1790170310945,2925,0.3304,0.0657
1790170310995,2926,0.3030,0.0521
1790170311045,2927,0.2617,0.0146
1790170311095,2928,0.4057,0.6055
1790170311145,2929,0.2633,0.0223
1790170311195,2930,0.3027,0.5444
1790170311245,2931,0.4557,0.0188
1790170311295,2932,0.3630,0.1731
1790170311345,2933,0.2523,0.0573
1790170311396,2934,0.3635,0.7368
1790170311444,2935,0.2124,0.0143
1790170311495,2936,0.4092,0.1920
1790170311545,2937,0.2828,0.4644
1790170311595,2938,0.2675,0.0622
1790170311645,2939,0.2793,0.0280
1790170311695,2940,0.4784,0.5448
1790170311745,2941,0.2755,0.0553
1790170311795,2942,0.2380,0.0173
1790170311845,2943,0.2335,0.0529
1790170311894,2944,0.3157,0.4352
1790170311945,2945,0.2414,0.0230
1790170311995,2946,0.3390,0.4467
1790170312045,2947,0.2463,0.0148
1790170312095,2948,0.4271,0.8708
1790170312145,2949,0.2452,0.3608
1790170312195,2950,0.2987,0.0248
1790170312245,2951,0.2623,0.4924
1790170312295,2952,0.4188,1.1640
1790170312345,2953,0.2380,0.0145
1790170312395,2954,0.2676,0.0178
1790170312445,2955,0.2408,0.0145
1790170312495,2956,0.4256,0.1415
1790170312544,2957,0.2470,0.0209
1790170312595,2958,0.2852,0.0488
1790170312645,2959,0.2586,0.9088
1790170312695,2960,0.4952,0.1985
1790170312746,2961,1.0535,0.0135
1790170312795,2962,0.2570,0.0151
1790170312845,2963,0.2391,0.0526
1790170312895,2964,0.4251,0.1826
1790170312945,2965,0.2517,0.0145
1790170312995,2966,0.3435,0.0514
1790170313045,2967,0.2779,0.0589
1790170313095,2968,0.4481,0.2039
1790170313145,2969,0.2873,0.4635
1790170313195,2970,0.3170,0.0635
1790170313245,2971,0.2610,0.2189
1790170313295,2972,0.4317,0.1521
1790170313345,2973,0.2410,0.0588
1790170313395,2974,0.2754,1.2901
1790170313445,2975,0.2290,0.0469
1790170313495,2976,0.3788,0.1785
1790170313544,2977,0.3271,1.1410
1790170313595,2978,0.2974,0.0531
1790170313645,2979,0.2002,0.0184
1790170313695,2980,0.4048,0.1457
1790170313745,2981,0.2729,0.0162
1790170313795,2982,0.3052,0.0164
1790170313844,2983,0.3063,0.0583
1790170313895,2984,0.4048,0.1380
1790170313945,2985,0.2469,0.0182
1790170313995,2986,0.2778,0.0238
1790170314045,2987,0.2491,0.0187
1790170314095,2988,0.4863,0.2357
1790170314145,2989,0.2929,0.0500
1790170314195,2990,0.2731,0.0214
1790170314245,2991,0.3402,8.7526
1790170314295,2992,0.4648,0.6450
1790170314345,2993,0.3120,0.0629
1790170314395,2994,0.2684,0.8676
1790170314445,2995,0.3657,0.0166
1790170314495,2996,0.3763,0.1518
1790170314545,2997,0.3010,0.4761
1790170314595,2998,0.2219,0.0232
1790170314645,2999,0.2767,1.1791
1790170314695,3000,0.4165,0.1846
1790170314747,3001,0.2703,0.0163
1790170314796,3002,0.2355,0.3538
1790170314845,3003,0.2962,0.0714
1790170314895,3004,0.3638,0.5824
1790170314944,3005,0.2728,0.0535
1790170314995,3006,0.3015,0.3899
1790170315046,3007,0.2646,0.3822
1790170315095,3008,0.4577,0.2166
1790170315146,3009,0.3145,0.0592
1790170315195,3010,0.2451,0.0434
1790170315244,3011,0.3023,0.4362
1790170315294,3012,0.4394,0.2069
1790170315345,3013,0.2617,0.0218
1790170315395,3014,0.2076,0.3897
1790170315446,3015,0.2708,2.7228
1790170315495,3016,0.4295,0.2112
1790170315544,3017,0.3147,0.7981
1790170315595,3018,0.3605,0.1328
1790170315645,3019,0.5721,0.0149
1790170315695,3020,0.4062,0.1468
1790170315744,3021,0.2500,0.4958
1790170315795,3022,0.2594,0.0157
1790170315845,3023,0.3070,0.0728
1790170315894,3024,0.4314,0.2070
1790170315945,3025,0.2275,0.0149
1790170315995,3026,0.2591,0.0153
1790170316045,3027,0.2866,0.0550
1790170316095,3028,0.3373,0.1593
1790170316145,3029,0.2331,0.4401
1790170316195,3030,0.3124,0.0220
1790170316245,3031,0.2335,0.0187
1790170316295,3032,0.4540,1.1253
1790170316345,3033,0.2880,0.0616
1790170316395,3034,0.2517,0.0147
1790170316445,3035,0.2540,0.0147
1790170316495,3036,0.4346,0.2019
1790170316545,3037,0.2185,0.3484
1790170316595,3038,0.2105,0.0183
1790170316645,3039,0.2296,0.0422
1790170316695,3040,0.3841,0.4416
1790170316745,3041,0.3264,0.3465
1790170316796,3042,2.2745,0.3609
1790170316845,3043,0.2399,0.0417
1790170316895,3044,0.4779,0.2356
1790170316945,3045,0.2585,0.0527
1790170316995,3046,0.2987,0.0254
1790170317045,3047,0.2810,0.4056
1790170317095,3048,0.3972,0.1652
1790170317145,3049,0.2507,0.0158
1790170317195,3050,0.3211,0.0482
1790170317245,3051,0.2874,0.0597
1790170317295,3052,0.4134,0.1830
1790170317345,3053,0.2449,0.0213
1790170317395,3054,0.2707,0.4082
1790170317445,3055,0.2905,0.3854
1790170317496,3056,0.4250,0.1965
1790170317544,3057,0.2581,0.3785
1790170317595,3058,0.3300,0.0755
1790170317645,3059,0.1956,0.0145
1790170317695,3060,0.3324,0.1223
1790170317745,3061,0.2868,0.3216
1790170317794,3062,0.2846,0.6799
1790170317845,3063,0.2608,0.0161
1790170317895,3064,0.4516,0.2175
1790170317945,3065,0.2067,0.0144
1790170317995,3066,0.3162,0.0176
1790170318045,3067,0.2678,0.3203
1790170318095,3068,0.4378,0.2025
1790170318145,3069,0.2507,0.7424
1790170318195,3070,0.3472,0.3629
1790170318245,3071,0.2488,0.4333
1790170318295,3072,0.4498,0.6426
1790170318344,3073,0.2884,0.0562
1790170318396,3074,0.2721,0.0178
1790170318445,3075,0.3281,0.3290
1790170318496,3076,0.8336,0.3196
1790170318546,3077,0.2307,0.0139
1790170318595,3078,0.2202,0.0149
1790170318645,3079,0.2444,0.0169
1790170318695,3080,0.3850,0.1861
1790170318746,3081,0.2714,0.0393
1790170318796,3082,0.2655,0.3687
1790170318844,3083,0.2267,0.0152
1790170318895,3084,0.4266,0.2009
1790170318945,3085,0.2024,0.0130
1790170318995,3086,0.2337,0.0169
1790170319046,3087,0.2530,0.0157
1790170319095,3088,0.3743,0.1458
1790170319147,3089,0.2594,0.0244
1790170319195,3090,0.2524,0.3883
1790170319245,3091,0.3456,0.0565
1790170319295,3092,0.4124,0.5930
1790170319346,3093,0.2623,0.4447
1790170319395,3094,0.2583,0.3612
1790170319446,3095,0.2560,0.6372
1790170319495,3096,0.7714,0.5894
1790170319545,3097,0.2444,0.6768
1790170319595,3098,0.3077,0.0584
1790170319646,3099,0.2548,0.0151
1790170319695,3100,0.3982,0.4834
1790170319745,3101,0.3260,0.0644
1790170319795,3102,0.2880,0.7210
1790170319845,3103,0.2751,0.0511
1790170319894,3104,0.3461,0.6890
1790170319945,3105,0.2820,0.0525
1790170319996,3106,0.5467,0.0487
1790170320045,3107,0.6146,0.7077
1790170320095,3108,0.3765,0.1593
1790170320145,3109,0.2117,0.0161
1790170320195,3110,0.2988,0.0509
1790170320245,3111,0.2488,0.0183
1790170320295,3112,0.3449,0.1588
1790170320345,3113,0.2443,0.0586
1790170320395,3114,0.2964,0.0588
1790170320446,3115,0.2476,0.3374
1790170320495,3116,0.4801,0.2478
1790170320545,3117,0.2772,0.0153
1790170320595,3118,0.2467,0.3329
1790170320645,3119,0.3524,0.0179
1790170320696,3120,0.7092,0.1966
1790170320745,3121,0.2771,0.0212
1790170320794,3122,0.7546,0.3697
1790170320845,3123,0.2424,0.0146
1790170320895,3124,0.2894,0.1128
1790170320945,3125,0.2211,0.0138
1790170320995,3126,0.2099,0.0134
1790170321046,3127,0.1806,8.8200
1790170321095,3128,0.3715,0.1561
1790170321144,3129,0.6993,0.0453
1790170321195,3130,0.3169,0.3445
1790170321245,3131,0.2916,0.0632
1790170321295,3132,0.3848,0.9613
1790170321345,3133,0.2098,0.3546
1790170321395,3134,0.3504,0.3365
1790170321445,3135,0.2536,0.4036
1790170321494,3136,0.4041,0.2066
1790170321546,3137,0.2720,0.0152
1790170321595,3138,0.2212,0.0138
1790170321646,3139,0.2349,0.0541
1790170321695,3140,0.4652,0.5064
1790170321745,3141,0.3095,0.0659
1790170321795,3142,0.6004,0.0296
1790170321845,3143,0.2327,0.0170
1790170321896,3144,0.3881,0.1862
1790170321945,3145,0.2002,0.0131
1790170321995,3146,0.3196,0.0471
1790170322044,3147,0.4371,0.0152
1790170322095,3148,0.4912,0.9661
1790170322146,3149,0.2012,0.0129
1790170322195,3150,0.2659,0.0131
1790170322244,3151,0.2832,0.0180
1790170322295,3152,0.3869,0.1307
1790170322346,3153,0.2893,0.4567
1790170322395,3154,0.2864,0.0435
1790170322445,3155,0.2573,0.4268
1790170322495,3156,0.5528,0.7539
1790170322546,3157,0.2673,0.3666
1790170322595,3158,0.2750,0.3859
1790170322646,3159,0.2316,0.0146
1790170322695,3160,0.4138,0.1943
1790170322745,3161,0.2941,0.0534
1790170322795,3162,0.2713,0.3530
1790170322845,3163,0.2485,0.0163
1790170322895,3164,0.3010,0.1132
1790170322946,3165,0.3225,0.4341
1790170322995,3166,0.3080,0.0513
1790170323045,3167,0.2420,0.0146
1790170323095,3168,0.4352,0.5401
1790170323146,3169,0.2738,0.0470
1790170323195,3170,0.3245,0.0541
1790170323245,3171,0.2814,0.0585
1790170323295,3172,0.4684,0.6115
1790170323346,3173,0.2596,0.7292
1790170323395,3174,0.2593,0.3180
1790170323446,3175,0.2497,0.0139
1790170323495,3176,0.4505,0.5678
1790170323545,3177,0.1876,0.0146
1790170323595,3178,0.2635,0.0141
1790170323646,3179,0.2011,0.0154
1790170323695,3180,0.4426,0.1829
1790170323745,3181,0.2669,0.0477
1790170323795,3182,0.2631,0.0211
1790170323844,3183,0.2267,0.0132
1790170323895,3184,0.3511,0.1623
1790170323946,3185,1.2057,0.0143
1790170323995,3186,0.2500,0.0140
1790170324045,3187,0.2666,0.3393
1790170324095,3188,0.3604,1.8006
1790170324145,3189,0.3524,0.0502
1790170324195,3190,0.2767,0.0144
1790170324245,3191,0.3005,0.0400
1790170324295,3192,0.3700,0.4661
1790170324345,3193,0.2895,0.0458
1790170324394,3194,0.3000,0.0528
1790170324445,3195,0.2136,0.0180
1790170324495,3196,0.5272,0.2774
1790170324545,3197,0.2591,0.3262
1790170324596,3198,0.2782,0.2621
1790170324645,3199,0.2821,0.0427
1790170324695,3200,0.3740,0.1579
1790170324745,3201,0.3405,0.0657
1790170324795,3202,0.2629,0.0155
1790170324844,3203,0.2879,0.0434
1790170324895,3204,0.3179,0.1344
1790170324945,3205,0.2112,0.3728
1790170324995,3206,0.3022,0.3711
1790170325045,3207,0.3629,0.0244
1790170325095,3208,0.4469,0.5580
1790170325145,3209,0.2454,0.2583
1790170325195,3210,0.2770,0.0181
1790170325245,3211,0.2857,0.0200
1790170325295,3212,0.4017,0.6014
1790170325345,3213,0.2599,0.4496
1790170325395,3214,0.2561,0.6971
1790170325445,3215,0.2090,0.0156
1790170325495,3216,0.4112,0.8114
1790170325545,3217,0.2715,0.0424
1790170325596,3218,0.2215,0.0147
1790170325645,3219,0.1976,0.0135
1790170325695,3220,0.3290,0.1084
1790170325744,3221,0.4131,0.4021
1790170325795,3222,0.2438,0.0142
1790170325845,3223,0.2711,0.4008
1790170325896,3224,0.3653,0.4863
1790170325945,3225,0.2701,0.0165
1790170325994,3226,0.3467,0.0613
1790170326045,3227,0.3033,0.3355
1790170326095,3228,0.5308,0.1900
1790170326145,3229,0.2984,0.7781
1790170326195,3230,0.2718,0.3106
1790170326245,3231,0.2863,0.0447
1790170326295,3232,0.4322,0.6537
1790170326345,3233,0.2595,0.4051
1790170326395,3234,0.2898,0.0512
1790170326445,3235,0.3032,0.0213
1790170326495,3236,0.4151,0.5524
1790170326545,3237,0.2388,0.3721
1790170326595,3238,0.2413,0.0143
1790170326645,3239,0.2513,0.0526
1790170326696,3240,1.4496,0.1403
1790170326745,3241,0.2091,0.0144
1790170326795,3242,0.2784,0.0139
1790170326845,3243,0.2671,0.4014
1790170326895,3244,0.3936,1.2806
1790170326945,3245,0.2941,0.0395
1790170326995,3246,0.2545,0.3349
1790170327045,3247,0.3336,0.3611
1790170327095,3248,0.4372,0.2059
1790170327145,3249,0.2456,0.0172
1790170327195,3250,0.2592,0.0126
1790170327245,3251,0.2566,0.0234
1790170327295,3252,0.9134,0.9734
1790170327345,3253,0.2310,0.0244
1790170327395,3254,0.2956,0.0439
1790170327445,3255,0.2263,0.0455
1790170327495,3256,0.4605,0.2142
1790170327545,3257,0.2746,0.0468
1790170327594,3258,0.2552,0.0153
1790170327645,3259,0.2561,0.2523
1790170327696,3260,0.3750,0.5857
1790170327745,3261,0.2866,0.4128
1790170327795,3262,0.3371,0.0205
1790170327845,3263,0.2621,0.0185
1790170327894,3264,0.4653,0.1963
1790170327945,3265,0.2163,0.0136
1790170327995,3266,0.2543,0.3816
1790170328045,3267,0.4316,0.0520
1790170328095,3268,0.3668,0.4989
1790170328145,3269,0.2365,0.4185
1790170328195,3270,0.2744,0.0143
1790170328245,3271,0.2801,0.0473
1790170328294,3272,0.5262,0.2910
1790170328345,3273,0.2881,0.0587
1790170328395,3274,0.2685,0.0171
1790170328445,3275,0.2351,0.0442
1790170328495,3276,0.4453,0.5227
1790170328545,3277,0.2374,0.3489
1790170328595,3278,0.2697,0.3763
1790170328645,3279,0.2073,0.3670
1790170328695,3280,0.3339,0.1178
1790170328745,3281,0.1949,0.0142
1790170328795,3282,0.3002,0.0214
1790170328845,3283,0.2448,0.0200
1790170328895,3284,0.3536,0.1586
1790170328945,3285,0.2021,0.4268
1790170328995,3286,0.2487,0.0399
1790170329045,3287,0.2736,0.0476
1790170329095,3288,0.4156,0.1786
1790170329144,3289,0.2497,0.0143
1790170329195,3290,0.2790,0.0158
1790170329245,3291,0.3001,9.1222
1790170329296,3292,0.9276,0.6509
1790170329345,3293,0.3135,0.0243
1790170329395,3294,0.2564,0.0139
1790170329445,3295,0.2560,0.0148
1790170329495,3296,0.3329,0.1491
1790170329545,3297,0.2793,0.0158
1790170329595,3298,0.2409,0.3605
1790170329645,3299,0.2804,0.5803
1790170329695,3300,0.4048,0.5239
1790170329745,3301,0.2641,0.7990
1790170329795,3302,0.2576,0.0130
1790170329845,3303,0.2511,0.0146
1790170329895,3304,0.4170,0.5434
1790170329945,3305,0.2494,0.0444
1790170329995,3306,0.3154,0.7080
1790170330045,3307,0.2887,0.0399
1790170330095,3308,0.3972,0.5476
1790170330145,3309,0.2460,0.0151
1790170330195,3310,0.3965,0.0508
1790170330245,3311,0.2477,0.4385
1790170330295,3312,0.5357,0.5999
1790170330345,3313,0.2835,0.4476
1790170330395,3314,0.2999,0.0599
1790170330445,3315,0.3213,0.0771
1790170330495,3316,0.4830,0.2467
1790170330545,3317,0.2139,0.6225
1790170330595,3318,0.2607,0.0159
1790170330645,3319,0.2074,0.0132
1790170330695,3320,0.5030,0.5951
1790170330745,3321,0.4796,0.3914
1790170330795,3322,0.3042,0.5187
1790170330845,3323,0.3134,0.0591
1790170330895,3324,0.6198,0.4393
1790170330945,3325,0.2024,0.3089
1790170330995,3326,0.2267,0.0400
1790170331045,3327,0.3347,0.3741
1790170331095,3328,0.6182,0.8210
1790170331145,3329,0.3454,0.4130
1790170331195,3330,0.2803,0.0159
1790170331245,3331,0.2437,0.0401
1790170331296,3332,1.1833,0.9301
1790170331345,3333,0.2695,0.0185
1790170331395,3334,0.2083,0.0140
1790170331445,3335,0.2761,0.0411
1790170331495,3336,0.4223,0.6722
1790170331545,3337,0.2399,0.0169
1790170331595,3338,0.2629,0.3548
1790170331644,3339,0.2039,0.0158
1790170331695,3340,0.6085,0.7284
1790170331745,3341,0.2616,0.3571
1790170331795,3342,0.2896,0.4140
1790170331845,3343,0.4040,0.0556
1790170331895,3344,0.6253,0.3717
1790170331945,3345,0.2903,0.0531
1790170331995,3346,0.2540,0.0461
1790170332045,3347,0.2389,0.0174
1790170332095,3348,0.7492,0.4351
1790170332145,3349,0.2441,0.0224
1790170332195,3350,0.2877,0.3469
1790170332245,3351,0.2553,0.3859
1790170332295,3352,0.5534,0.5357
1790170332345,3353,0.3037,0.3995
1790170332395,3354,0.2689,0.6625
1790170332445,3355,0.2590,0.0145
1790170332495,3356,0.2976,0.1069
1790170332545,3357,0.4571,1.3971
1790170332595,3358,0.2046,0.0127
1790170332645,3359,0.2986,0.0466
1790170332695,3360,0.4668,0.2026
1790170332745,3361,0.2404,0.4152
1790170332795,3362,0.2426,0.0132
1790170332845,3363,0.4161,0.0141
1790170332895,3364,0.3754,0.1548
1790170332945,3365,0.2644,0.0429
1790170332994,3366,0.2589,0.0183
1790170333045,3367,0.2756,0.7266
1790170333095,3368,0.4122,0.7382
1790170333144,3369,0.1943,0.6241
1790170333195,3370,0.2157,0.0126
1790170333245,3371,0.3683,0.0165
1790170333295,3372,0.5634,0.2471
1790170333345,3373,0.2279,0.0136
1790170333395,3374,0.2635,0.0137
1790170333445,3375,0.2272,0.0387
1790170333495,3376,0.4707,0.1951
1790170333545,3377,0.5651,0.0536
1790170333595,3378,0.2445,0.0439
1790170333645,3379,0.2007,0.0188
1790170333696,3380,0.3703,0.4651
1790170333745,3381,0.2437,0.0183
1790170333795,3382,0.3393,0.3937
1790170333844,3383,0.2699,0.0155
1790170333895,3384,0.3999,0.1538
1790170333946,3385,1.1613,0.0130
1790170333995,3386,0.2191,0.0130
1790170334045,3387,0.3970,0.0208
1790170334095,3388,0.3276,0.1483
1790170334145,3389,0.2584,0.9373
1790170334195,3390,0.2887,0.0387
1790170334245,3391,0.2841,0.0465
1790170334295,3392,0.4270,0.5039
1790170334346,3393,0.2527,0.0196
1790170334395,3394,0.2150,0.9546
1790170334445,3395,0.2673,0.0144
1790170334495,3396,0.4594,0.2277
1790170334545,3397,0.2115,0.0126
1790170334594,3398,0.2896,0.0509
1790170334645,3399,0.2765,0.3999
1790170334695,3400,0.3843,0.1791
1790170334745,3401,0.2512,0.3788
1790170334795,3402,0.2554,0.0139
1790170334844,3403,0.2812,0.0418
1790170334895,3404,0.5748,0.2945
1790170334945,3405,0.2909,0.0577
1790170334995,3406,0.2078,0.0172
1790170335045,3407,0.2839,0.3863
1790170335095,3408,0.4334,0.1927
1790170335144,3409,0.2658,0.3779
1790170335195,3410,0.3056,0.2788
1790170335245,3411,0.3103,0.0428
1790170335295,3412,0.6889,0.6313
1790170335345,3413,0.2745,0.3158
1790170335395,3414,0.2876,0.0137
1790170335445,3415,0.2505,0.3566
1790170335495,3416,0.3657,0.1839
1790170335545,3417,0.3256,0.0207
1790170335595,3418,0.2515,0.0130
1790170335645,3419,0.2776,0.0441
1790170335695,3420,0.4585,0.2037
1790170335745,3421,0.5666,0.2821
1790170335795,3422,0.2007,0.0131
1790170335845,3423,0.3144,0.0148
1790170335897,3424,0.3523,0.1681
1790170335945,3425,0.2284,0.3277
1790170335995,3426,0.2818,0.0447
1790170336046,3427,0.2911,0.0427
1790170336095,3428,0.4382,0.2112
1790170336145,3429,0.2824,0.6992
1790170336195,3430,0.2122,0.0142
1790170336245,3431,0.1852,0.3144
1790170336295,3432,0.3913,0.4511
1790170336345,3433,0.2117,0.6369
1790170336395,3434,0.2153,0.0146
1790170336445,3435,0.3363,0.0445
1790170336495,3436,0.3682,0.1834
1790170336545,3437,0.4601,0.0578
1790170336595,3438,0.2512,0.0157
1790170336645,3439,0.2819,0.0438
1790170336695,3440,0.4085,0.1609
1790170336745,3441,0.2825,0.4204
1790170336796,3442,0.3846,0.0133
1790170336845,3443,0.2589,0.0144
1790170336895,3444,0.3359,0.4756
1790170336945,3445,0.2688,0.0148
1790170336995,3446,0.3016,0.0222
1790170337045,3447,0.2915,0.6347
1790170337095,3448,0.5061,0.2597
1790170337145,3449,0.2388,0.4044
1790170337195,3450,0.3246,0.2948
1790170337245,3451,0.2527,0.4127
1790170337295,3452,0.4850,0.5898
1790170337345,3453,0.2876,0.7701
1790170337395,3454,0.2272,0.3472
1790170337444,3455,0.2167,3.3002
1790170337495,3456,0.5409,0.2733
1790170337545,3457,0.2759,0.0147
1790170337595,3458,0.3163,0.0150
1790170337645,3459,0.2312,0.0128
1790170337695,3460,0.3828,0.1677
1790170337745,3461,0.2578,0.0132
1790170337796,3462,1.2889,0.0156
1790170337845,3463,0.2349,0.0145
1790170337895,3464,0.4103,0.1478
1790170337945,3465,0.2635,0.0255
1790170337995,3466,0.3081,0.0522
1790170338045,3467,0.3845,0.0706
1790170338095,3468,0.4724,0.2228
1790170338145,3469,0.2498,0.3423
1790170338195,3470,0.2842,0.0186
1790170338245,3471,0.2913,1.3014
1790170338295,3472,0.4886,0.4851
1790170338344,3473,0.3343,0.0140
1790170338395,3474,0.2175,0.0117
1790170338445,3475,0.2485,0.0132
1790170338495,3476,0.3209,0.1204
1790170338545,3477,0.2720,0.3306
1790170338595,3478,0.2821,0.0125
1790170338645,3479,0.2944,0.0522
1790170338695,3480,0.3854,0.1480
1790170338745,3481,0.2282,0.0498
1790170338795,3482,0.3336,0.0156
1790170338844,3483,0.2771,0.0188
1790170338895,3484,0.4081,0.5294
1790170338945,3485,0.2474,0.0170
1790170338995,3486,0.3167,0.0204
1790170339045,3487,0.2840,0.0144
1790170339094,3488,0.4343,0.1978
1790170339145,3489,0.2420,0.3546
1790170339195,3490,0.2638,0.6860
1790170339245,3491,0.2749,0.0529
1790170339295,3492,0.3667,0.4927
1790170339346,3493,0.2866,0.5368
1790170339395,3494,0.3153,0.7236
1790170339445,3495,0.2646,0.3665
1790170339495,3496,0.3700,0.1334
1790170339545,3497,0.1980,0.0123
1790170339595,3498,0.2531,0.0139
1790170339645,3499,0.2014,0.0127
1790170339695,3500,0.3404,0.1202
1790170339745,3501,0.2572,0.3878
1790170339795,3502,0.4498,0.0142
1790170339844,3503,0.2502,0.0139
1790170339895,3504,0.4417,0.1980
1790170339945,3505,0.2535,0.0137
1790170339995,3506,0.2923,0.0569
1790170340045,3507,0.4528,0.0134
1790170340095,3508,0.5158,0.2474
1790170340145,3509,0.2555,0.0130
1790170340195,3510,0.2234,0.0175
1790170340245,3511,0.2489,0.7138
1790170340295,3512,0.4147,0.5608
1790170340345,3513,0.2466,0.5584
1790170340395,3514,0.3369,0.6581
1790170340445,3515,0.2493,0.0126
1790170340495,3516,0.3613,0.8338
1790170340545,3517,0.4302,1.1759
1790170340596,3518,0.2760,0.0137
1790170340645,3519,0.2433,0.7178
1790170340696,3520,0.5420,0.2627
1790170340745,3521,0.2106,0.0135
1790170340795,3522,0.5003,0.0233
1790170340845,3523,0.2989,0.0413
1790170340895,3524,0.3274,0.1105
1790170340945,3525,0.2670,0.0140
1790170340995,3526,0.2508,0.0156
1790170341045,3527,0.2103,0.3470
1790170341094,3528,0.6536,0.4219
1790170341145,3529,0.2587,0.3782
1790170341195,3530,0.2901,0.4242
1790170341245,3531,0.3204,0.0552
1790170341295,3532,0.4256,0.2076
1790170341346,3533,0.2995,0.0213
1790170341396,3534,0.2512,0.3807
1790170341445,3535,0.2327,0.9605
1790170341495,3536,0.3808,0.1211
1790170341545,3537,0.2730,0.3685
1790170341595,3538,0.2887,0.3643
1790170341645,3539,0.2470,0.0149
1790170341695,3540,0.4079,0.7232
1790170341745,3541,0.3016,0.3528
1790170341796,3542,0.4563,0.0152
1790170341845,3543,0.2830,0.0486
1790170341896,3544,0.3954,0.1720
1790170341944,3545,0.2631,0.0161
1790170341995,3546,0.2468,0.2961
1790170342046,3547,0.5344,0.0168
1790170342095,3548,0.3909,0.1576
1790170342144,3549,0.2263,0.0426
1790170342195,3550,0.3133,0.0519
1790170342245,3551,0.2800,0.3988
1790170342294,3552,0.3633,0.1676
1790170342345,3553,0.2827,0.3664
1790170342395,3554,0.3548,0.0595
1790170342445,3555,0.2464,0.3867
1790170342495,3556,0.3846,0.1434
1790170342545,3557,0.2366,0.0119
1790170342595,3558,0.2644,0.3605
1790170342645,3559,0.2822,0.7998
1790170342694,3560,0.4165,0.4983
1790170342745,3561,0.2458,0.0141
1790170342795,3562,0.2858,0.0152
1790170342844,3563,0.2433,0.0143
1790170342895,3564,0.4123,0.1713
1790170342945,3565,0.2378,0.0134
1790170342995,3566,0.2171,0.0151
1790170343045,3567,0.1963,0.0137
1790170343095,3568,0.4777,0.2228
1790170343144,3569,0.2532,0.3522
1790170343195,3570,0.2657,0.4175
1790170343245,3571,0.2796,0.0499
1790170343295,3572,0.3506,0.5053
1790170343346,3573,0.2074,0.3514
1790170343394,3574,0.2404,0.3664
1790170343445,3575,0.2526,0.2873
1790170343495,3576,0.4840,0.2385
1790170343545,3577,0.2526,0.3611
1790170343595,3578,0.2617,0.0127
1790170343645,3579,0.1925,0.3539
1790170343695,3580,0.4109,0.4026
1790170343745,3581,0.2913,0.3254
1790170343795,3582,0.2497,0.3275
1790170343845,3583,0.2240,0.4258
1790170343894,3584,0.4283,0.1856
1790170343944,3585,0.2530,0.0346
1790170343995,3586,0.2821,0.5823
1790170344044,3587,0.1894,0.0122
1790170344095,3588,0.4637,0.2157
1790170344145,3589,0.2814,0.0429
1790170344195,3590,0.2803,0.0159
1790170344245,3591,0.2881,0.0396
1790170344295,3592,0.7654,0.1948
1790170344345,3593,0.2866,0.0450
1790170344395,3594,0.2846,0.3671
1790170344445,3595,0.2500,0.6426
1790170344495,3596,0.4076,0.1712
1790170344545,3597,0.2496,0.0194
1790170344595,3598,0.2544,0.3760
1790170344645,3599,0.2412,0.0154
1790170344694,3600,0.4301,0.5310
1790170344745,3601,0.2144,0.0129
1790170344795,3602,0.2546,0.0132
1790170344845,3603,0.2356,0.4375
1790170344895,3604,0.4537,0.4890
1790170344945,3605,0.2046,0.6295
1790170344995,3606,0.2935,0.0168
1790170345045,3607,0.2659,0.0133
1790170345095,3608,0.4263,0.2007
1790170345144,3609,0.2610,0.0165
1790170345195,3610,0.3181,0.0588
1790170345245,3611,0.2930,0.0582
1790170345296,3612,1.2226,0.7273
1790170345344,3613,0.3186,0.0556
1790170345395,3614,0.2182,0.0169
1790170345445,3615,0.2989,0.3909
1790170345496,3616,0.4595,0.2292
1790170345545,3617,0.2455,0.0142
1790170345595,3618,0.3524,0.4500
1790170345645,3619,0.2108,0.2623
1790170345695,3620,0.3563,0.9145
1790170345745,3621,0.2494,0.2740
1790170345795,3622,0.2504,0.0161
1790170345845,3623,0.4802,0.0144
1790170345895,3624,0.3934,0.1630
1790170345945,3625,0.2236,0.0167
1790170345995,3626,0.2911,0.4206
1790170346044,3627,0.2092,0.0133
1790170346095,3628,0.4698,0.2227
1790170346145,3629,0.2382,0.0358
1790170346195,3630,0.2897,0.0130
1790170346245,3631,0.2623,0.0141
1790170346295,3632,0.4128,0.1851
1790170346345,3633,0.3915,0.0461
1790170346395,3634,0.3558,0.3747
1790170346445,3635,0.2777,0.3890
1790170346495,3636,0.4868,0.2585
1790170346545,3637,0.2609,0.0168
1790170346595,3638,0.2670,0.0128
1790170346644,3639,0.2757,0.0554
1790170346695,3640,0.4878,0.5757
1790170346745,3641,0.2471,0.0124
1790170346794,3642,0.2205,0.0145
1790170346845,3643,0.2436,0.0169
1790170346895,3644,0.3711,0.1357
1790170346945,3645,0.2064,0.6407
1790170346995,3646,0.2726,2.8693
1790170347045,3647,0.2057,0.3741
1790170347095,3648,0.4575,0.5717
1790170347145,3649,0.2660,0.3548
1790170347195,3650,0.3496,0.0443
1790170347245,3651,0.2472,0.0191
1790170347295,3652,0.4358,0.5130
1790170347345,3653,0.2562,0.0139
1790170347394,3654,0.5038,0.4194
1790170347445,3655,0.1902,0.0126
1790170347494,3656,0.4136,0.4131
1790170347545,3657,0.2677,0.3376
1790170347594,3658,0.3785,0.0521
1790170347645,3659,0.2375,0.4195
1790170347695,3660,0.3468,1.0267
1790170347745,3661,0.2662,0.0143
1790170347795,3662,0.2771,0.0411
1790170347845,3663,0.2401,0.0131
1790170347895,3664,0.4586,0.2190
1790170347945,3665,0.2086,0.3096
1790170347995,3666,0.2775,0.2036
1790170348045,3667,0.2480,0.0141
1790170348095,3668,0.4138,0.1769
1790170348145,3669,0.2809,0.3898
1790170348195,3670,0.2176,0.0134
1790170348245,3671,0.2293,0.0429
1790170348295,3672,0.4171,0.1882
1790170348345,3673,0.2477,0.0164
1790170348395,3674,0.2546,0.0387
1790170348445,3675,0.2620,0.3311
1790170348494,3676,0.4485,0.2086
1790170348545,3677,0.3162,0.0140
1790170348595,3678,0.2866,0.0499
1790170348645,3679,0.2469,0.0201
1790170348695,3680,0.4595,0.5531
1790170348745,3681,0.2220,0.4009
1790170348795,3682,0.2960,0.6880
1790170348845,3683,0.2517,0.0170
1790170348895,3684,0.4196,0.1745
1790170348945,3685,0.2743,0.0378
1790170348995,3686,0.2196,0.4075
1790170349045,3687,0.2337,0.0149
1790170349095,3688,0.4324,0.1884
1790170349145,3689,0.2304,0.3093
1790170349195,3690,0.2605,0.0114
1790170349245,3691,0.2499,0.0163
1790170349297,3692,0.9666,0.2166
1790170349345,3693,0.2924,0.0488
1790170349395,3694,0.2988,0.0516
1790170349445,3695,0.2136,0.3950
1790170349495,3696,0.4245,0.7368
1790170349544,3697,0.2765,0.0531
1790170349595,3698,0.3142,0.0514
1790170349645,3699,0.2703,0.3489
1790170349696,3700,0.3135,0.1026
1790170349745,3701,0.2918,0.0148
1790170349794,3702,0.2428,0.0432
1790170349845,3703,0.3799,0.0138
1790170349895,3704,0.5018,0.2050
1790170349945,3705,0.5927,0.3461
1790170349995,3706,0.2484,0.0168
1790170350045,3707,0.2504,0.4467
1790170350095,3708,0.4664,0.5750
1790170350146,3709,0.2716,0.2925
1790170350195,3710,0.3081,0.3718
1790170350245,3711,0.2346,0.0412
1790170350295,3712,0.2849,0.1054
1790170350345,3713,0.2893,0.0148
1790170350395,3714,0.2966,0.0512
1790170350445,3715,0.2718,0.0159
1790170350495,3716,0.4174,0.1798
1790170350545,3717,0.2798,0.6865
1790170350595,3718,0.7002,0.0145
1790170350645,3719,0.2245,0.2820
1790170350695,3720,0.3642,0.5045
1790170350745,3721,0.2495,0.0224
1790170350795,3722,0.2229,0.7006
1790170350845,3723,0.5142,0.3760
1790170350895,3724,0.4159,0.5470
1790170350945,3725,0.2161,0.0153
1790170350995,3726,0.2178,0.6067
1790170351045,3727,0.2459,0.0155
1790170351095,3728,0.3276,0.1405
1790170351145,3729,0.2566,0.0129
1790170351195,3730,0.2554,0.0195
1790170351245,3731,0.2336,0.0141
1790170351295,3732,0.4145,0.1852
1790170351345,3733,0.2455,0.0146
1790170351395,3734,0.3084,0.0810
1790170351445,3735,0.3414,0.3923
1790170351495,3736,0.3448,0.1246
1790170351545,3737,0.2003,0.0112
1790170351595,3738,0.2936,0.0504
1790170351645,3739,0.2847,0.4006
1790170351695,3740,0.2996,0.0985
1790170351745,3741,0.2675,0.3416
1790170351795,3742,0.2530,0.3665
1790170351846,3743,0.2411,0.3981
1790170351895,3744,1.4617,0.1873
1790170351945,3745,0.2358,0.0396
1790170351995,3746,0.2834,0.0178
1790170352045,3747,0.2381,0.4102
1790170352095,3748,0.4740,0.8243
1790170352144,3749,0.2691,0.3890
1790170352195,3750,0.3017,0.3919
1790170352245,3751,0.2746,0.0404
1790170352295,3752,0.4905,0.5977
1790170352345,3753,0.4508,0.0424
1790170352396,3754,0.2240,0.0124
1790170352445,3755,0.2493,0.0149
1790170352495,3756,0.3575,0.5339
1790170352545,3757,0.2572,0.3436
1790170352595,3758,0.4158,0.0725
1790170352645,3759,0.2839,0.0612
1790170352695,3760,0.3784,0.1286
1790170352745,3761,0.2401,0.0170
1790170352795,3762,0.2666,0.0200
1790170352845,3763,0.2379,0.0167
1790170352895,3764,0.3867,0.1437
1790170352945,3765,0.2373,0.0485
1790170352995,3766,0.2656,0.3875
1790170353045,3767,0.1997,0.4271
1790170353095,3768,0.4571,0.6247
1790170353145,3769,0.2015,0.7431
1790170353195,3770,0.2528,0.0128
1790170353244,3771,0.2213,0.3747
1790170353295,3772,0.4188,0.1993
1790170353345,3773,0.4442,0.0136
1790170353395,3774,0.5254,0.0450
1790170353445,3775,0.2499,0.0130
1790170353495,3776,0.3922,0.1386
1790170353545,3777,0.2521,0.0140
1790170353595,3778,0.5314,0.0173
1790170353644,3779,0.2748,0.4832
1790170353695,3780,0.5243,0.2283
1790170353745,3781,0.2757,0.3869
1790170353795,3782,0.2226,8.9384
1790170353845,3783,0.2354,0.0138
1790170353896,3784,0.4442,0.9340
1790170353946,3785,0.2171,0.3949
1790170353995,3786,0.2545,0.3693
1790170354044,3787,0.2677,0.0196
1790170354095,3788,0.4212,0.4674
1790170354145,3789,0.2788,0.0399
1790170354195,3790,0.2219,0.3673
1790170354245,3791,0.2544,0.0155
1790170354295,3792,0.3844,0.4070
1790170354345,3793,0.2210,0.0128
1790170354395,3794,0.2928,0.0436
1790170354445,3795,0.3021,0.0647
1790170354495,3796,0.3604,0.4940
1790170354545,3797,0.2600,0.0129
1790170354595,3798,0.3286,0.3938
1790170354645,3799,0.2521,0.2783
1790170354695,3800,0.3560,0.1451
1790170354745,3801,0.2565,0.0143
1790170354795,3802,0.2488,0.0132
1790170354845,3803,0.2621,0.0143
1790170354895,3804,0.5342,0.6391
1790170354945,3805,0.2536,0.0168
1790170354995,3806,0.2095,0.0128
1790170355045,3807,0.2944,0.3684
1790170355095,3808,0.4429,0.5765
1790170355145,3809,0.2925,1.0039
1790170355195,3810,0.2584,0.0229
1790170355245,3811,0.2147,0.4423
1790170355295,3812,0.4029,0.1846
1790170355345,3813,0.2032,0.0141
1790170355395,3814,0.2483,0.0147
1790170355444,3815,0.2534,0.0148
1790170355495,3816,0.3810,0.1534
1790170355545,3817,0.1997,0.0127
1790170355595,3818,0.2921,0.0189
1790170355645,3819,0.2842,0.4565
1790170355695,3820,0.3743,0.4291
1790170355745,3821,0.2271,0.2872
1790170355795,3822,0.2448,0.2881
1790170355846,3823,0.5033,0.0459
1790170355895,3824,0.4753,0.5917
1790170355944,3825,0.2350,0.3930
1790170355995,3826,0.2133,0.3605
1790170356045,3827,0.2036,0.0136
1790170356095,3828,0.3499,0.4064
1790170356144,3829,0.2509,0.3375
1790170356195,3830,0.2169,0.2859
1790170356245,3831,0.2506,0.0144
1790170356295,3832,0.3215,0.1401
1790170356345,3833,0.2999,0.0145
1790170356395,3834,0.3021,0.0419
1790170356445,3835,0.2238,0.0165
1790170356495,3836,0.4363,0.2141
1790170356545,3837,0.2643,0.0185
1790170356595,3838,0.3449,0.3865
1790170356645,3839,0.2147,0.5372
1790170356695,3840,0.4790,0.2209
1790170356745,3841,0.2828,0.0394
1790170356795,3842,0.2508,0.4465
1790170356845,3843,0.2018,0.0175
1790170356895,3844,0.3666,0.5148
1790170356945,3845,0.2628,0.3280
1790170356995,3846,0.2411,0.4081
1790170357045,3847,0.2021,0.9137
1790170357095,3848,0.5024,0.5873
1790170357145,3849,0.2385,0.6701
1790170357195,3850,0.2936,0.3286
1790170357245,3851,0.2837,0.4606
1790170357295,3852,0.4208,0.1783
1790170357345,3853,0.4642,0.0140
1790170357395,3854,0.2509,0.0142
1790170357445,3855,0.2235,0.0128
1790170357494,3856,0.4820,0.2382
1790170357545,3857,0.2078,0.0150
1790170357595,3858,0.2116,0.3377
1790170357645,3859,0.2590,0.3161
1790170357695,3860,0.5113,0.6196
1790170357745,3861,0.3554,0.0196
1790170357795,3862,0.2136,0.5483
1790170357845,3863,0.2375,0.0164
1790170357895,3864,0.4414,0.5089
1790170357945,3865,0.2330,0.8291
1790170357995,3866,0.3046,0.0445
1790170358045,3867,0.2935,0.5766
1790170358096,3868,0.4652,1.2184
1790170358145,3869,0.2084,0.0140
1790170358195,3870,0.2986,0.3635
1790170358245,3871,0.2610,0.5731
1790170358295,3872,0.3679,0.1730
1790170358345,3873,0.2550,0.0162
1790170358395,3874,0.2568,0.0142
1790170358445,3875,0.2202,0.0119
1790170358495,3876,0.4930,0.2459
1790170358545,3877,0.2370,0.0141
1790170358595,3878,0.2759,0.0395
1790170358645,3879,0.3756,0.0152
1790170358695,3880,0.3875,0.1387
1790170358745,3881,0.2362,0.0510
1790170358795,3882,0.2559,0.0132
1790170358845,3883,0.3216,0.0911
1790170358895,3884,0.5206,0.2637
1790170358945,3885,0.2281,0.0416
1790170358995,3886,0.2197,0.4051
1790170359045,3887,0.2682,0.4537
1790170359095,3888,0.4892,0.6398
1790170359145,3889,0.2594,0.3311
1790170359195,3890,0.2770,0.3577
1790170359245,3891,0.2469,0.3791
1790170359295,3892,0.4382,0.4372
1790170359345,3893,0.2860,0.0485
1790170359395,3894,0.2616,0.2650
1790170359445,3895,0.2731,0.0461
1790170359495,3896,0.3656,0.3424
1790170359545,3897,0.2936,0.2814
1790170359595,3898,0.2738,0.3881
1790170359645,3899,0.2309,0.4204
1790170359695,3900,0.4493,0.5328
1790170359744,3901,0.2607,0.0209
1790170359795,3902,0.5595,0.3451
1790170359845,3903,0.8478,0.0479
1790170359895,3904,0.4521,0.2206
1790170359945,3905,0.2406,0.0371
1790170359995,3906,0.3156,0.0507
1790170360044,3907,0.2758,0.0440
1790170360095,3908,0.4887,0.6837
1790170360145,3909,0.2659,0.0170
1790170360195,3910,0.2605,0.3551
1790170360245,3911,0.2990,0.2994
1790170360295,3912,0.4391,0.1998
1790170360345,3913,0.8660,1.0003
1790170360394,3914,0.3048,0.0589
1790170360445,3915,0.2147,0.2674
1790170360495,3916,0.4976,1.0113
1790170360545,3917,0.2828,0.3171
1790170360595,3918,0.3607,0.4191
1790170360646,3919,0.2985,0.0136
1790170360695,3920,0.5395,0.5461
1790170360744,3921,0.2504,0.0128
1790170360795,3922,0.2556,0.0132
1790170360845,3923,0.3264,0.4004
1790170360894,3924,0.6218,0.2150
1790170360945,3925,0.2906,0.0394
1790170360995,3926,0.2572,0.3342
1790170361045,3927,0.2075,0.0156
1790170361095,3928,0.5781,1.7712
1790170361145,3929,0.2570,0.0189
1790170361195,3930,0.2588,0.5591
1790170361245,3931,0.2652,0.0192
1790170361295,3932,0.3985,0.4889
1790170361345,3933,0.2399,0.0148
1790170361395,3934,0.2485,0.0130
1790170361445,3935,0.2882,0.3095
1790170361495,3936,0.4485,0.2235
1790170361544,3937,0.2719,0.0412
1790170361595,3938,0.2917,0.4244
1790170361645,3939,0.2797,0.3497
1790170361695,3940,0.4166,0.4923
1790170361745,3941,0.2555,0.0445
1790170361795,3942,0.2229,0.8601
1790170361845,3943,0.2996,0.0170
1790170361895,3944,0.4322,0.5527
1790170361945,3945,0.3103,0.0495
1790170361995,3946,0.2350,0.6593
1790170362045,3947,0.2541,0.0158
1790170362095,3948,0.5017,0.6887
1790170362145,3949,0.2877,0.0580
1790170362195,3950,0.3696,0.0860
1790170362245,3951,0.2457,0.0150
1790170362295,3952,0.3425,0.1531
1790170362344,3953,0.2038,0.0128
1790170362395,3954,0.2566,0.0153
1790170362445,3955,0.2712,0.0359
1790170362495,3956,0.4385,0.5421
1790170362545,3957,0.2694,0.3419
1790170362595,3958,0.2395,0.0401
1790170362644,3959,0.2759,0.3838
1790170362695,3960,0.4069,0.1119
1790170362745,3961,0.2308,0.0480
1790170362794,3962,0.3321,0.3241
1790170362845,3963,0.3220,0.3965
1790170362895,3964,0.4058,0.1768
1790170362945,3965,0.2617,0.3898
1790170362995,3966,0.3477,0.4999
1790170363045,3967,0.2283,0.0477
1790170363095,3968,0.4902,0.5610
1790170363145,3969,0.2963,0.0627
1790170363195,3970,0.3267,0.3936
1790170363244,3971,0.2433,0.0138
1790170363295,3972,0.4891,0.2307
1790170363345,3973,0.2747,0.0499
1790170363395,3974,0.2658,0.0156
1790170363445,3975,0.1980,0.0132
1790170363495,3976,0.3068,0.1125
1790170363545,3977,0.2480,0.0184
1790170363595,3978,0.5634,0.0144
1790170363645,3979,0.2433,0.0181
1790170363695,3980,0.3975,0.7941
1790170363745,3981,0.2020,0.0175
1790170363794,3982,0.2634,0.3246
1790170363846,3983,0.3538,0.8372
1790170363894,3984,0.3534,0.1217
1790170363945,3985,0.2719,0.3003
1790170363995,3986,0.2330,1.1261
1790170364045,3987,0.2270,0.0466
1790170364095,3988,0.5265,0.6115
1790170364145,3989,0.2681,0.0466
1790170364195,3990,0.2995,0.7327
1790170364245,3991,0.1975,0.0126
1790170364294,3992,0.4715,0.5627
1790170364344,3993,0.2297,0.0121
1790170364395,3994,0.2760,0.3969
1790170364445,3995,0.2003,0.2624
1790170364495,3996,0.3667,0.5168
1790170364545,3997,0.2610,0.3043
1790170364595,3998,0.2606,0.0574
1790170364645,3999,0.3343,0.3852
1790170364695,4000,0.3777,0.4488
1790170364745,4001,0.2949,0.3332
1790170364795,4002,0.2776,0.0137
1790170364845,4003,0.2544,0.6137
1790170364895,4004,0.4868,0.6205
1790170364945,4005,0.2856,0.0188
1790170364995,4006,0.2612,0.8060
1790170365045,4007,0.2023,0.3637
1790170365095,4008,0.7259,0.5350
1790170365145,4009,0.2930,0.3784
1790170365195,4010,0.2121,0.0179
1790170365245,4011,0.2153,0.0132
1790170365295,4012,0.4106,0.2050
1790170365345,4013,0.2969,0.0156
1790170365395,4014,0.2461,0.0131
1790170365445,4015,0.2704,0.0438
1790170365495,4016,0.4389,0.2066
1790170365545,4017,0.2836,0.0414
1790170365595,4018,0.2569,0.0139
1790170365645,4019,0.2673,0.6561
1790170365695,4020,0.3735,0.1196
1790170365745,4021,0.2636,0.0150
1790170365795,4022,0.2811,0.3272
1790170365845,4023,0.2535,0.2845
1790170365895,4024,0.7224,0.5379
1790170365945,4025,0.2459,0.3316
1790170365995,4026,0.2113,0.3218
1790170366045,4027,0.2090,0.4741
1790170366095,4028,0.4750,0.5193
1790170366145,4029,0.2922,0.0563
1790170366194,4030,0.2117,0.7972
1790170366245,4031,0.2306,0.0373
1790170366295,4032,0.4758,0.2435
1790170366344,4033,0.2544,0.3515
1790170366396,4034,0.3213,0.0541
1790170366445,4035,0.2879,0.0176
1790170366494,4036,0.4626,0.4455
1790170366545,4037,0.2563,0.0138
1790170366594,4038,0.2901,0.3062
1790170366645,4039,0.2898,0.0522
1790170366695,4040,0.5393,0.5317
1790170366745,4041,0.2428,0.3598
1790170366795,4042,0.2532,0.3402
1790170366845,4043,0.6288,0.7473
1790170366895,4044,0.4419,0.1925
1790170366946,4045,0.2817,0.0554
1790170366995,4046,0.2552,0.6620
1790170367045,4047,0.2909,0.0494
1790170367095,4048,0.4145,0.1787
1790170367146,4049,0.2413,0.3359
1790170367195,4050,0.2109,0.0170
1790170367245,4051,0.2540,0.0138
1790170367295,4052,0.3773,0.1498
1790170367345,4053,0.2650,0.0142
1790170367395,4054,0.2931,0.3055
1790170367445,4055,0.2727,0.0137
1790170367495,4056,0.4647,0.5666
1790170367545,4057,0.2163,0.0125
1790170367595,4058,0.2612,0.0167
1790170367645,4059,0.3090,0.3253
1790170367695,4060,0.5099,0.4812
1790170367745,4061,0.2238,0.0155
1790170367795,4062,0.3059,0.0596
1790170367844,4063,0.2210,0.3686
1790170367895,4064,0.8831,0.2844
1790170367945,4065,0.2985,0.0467
1790170367995,4066,0.2453,0.6868
1790170368045,4067,0.2759,0.6722
1790170368096,4068,1.8070,0.2718
1790170368145,4069,0.2380,0.0452
1790170368195,4070,0.2284,0.8948
1790170368244,4071,0.2402,0.0141
1790170368296,4072,0.7544,0.5177
1790170368345,4073,0.2709,0.0343
1790170368395,4074,0.3338,0.0124
1790170368445,4075,0.2616,0.0181
1790170368495,4076,0.5336,0.2886
1790170368545,4077,0.2276,0.3378
1790170368595,4078,0.2199,0.0150
1790170368645,4079,0.2903,0.0573
1790170368695,4080,0.4474,0.1814
1790170368745,4081,0.2909,0.0643
1790170368795,4082,0.2415,0.5166
1790170368844,4083,0.3276,0.0567
1790170368895,4084,0.4848,0.2343
1790170368945,4085,0.3130,0.0594
1790170368995,4086,0.2219,0.0136
1790170369045,4087,0.2678,0.3622
1790170369095,4088,0.4037,0.1993
1790170369146,4089,0.2959,0.8650
1790170369194,4090,0.2550,0.4769
1790170369245,4091,0.2711,0.3746
1790170369295,4092,0.3164,0.6281
1790170369345,4093,0.3540,0.4314
1790170369395,4094,0.2888,0.6189
1790170369445,4095,0.2286,0.0421
1790170369495,4096,0.3453,0.1194
1790170369545,4097,0.2542,0.0123
1790170369596,4098,0.2892,0.0363
1790170369644,4099,0.2887,0.0194
1790170369695,4100,0.4676,0.6116
1790170369746,4101,0.3061,0.0157
1790170369794,4102,0.2858,0.0462
1790170369846,4103,0.2660,0.0469
1790170369895,4104,0.4379,0.1755
1790170369945,4105,0.2933,0.0604
1790170369996,4106,0.2652,0.0152
1790170370045,4107,0.2353,0.0130
1790170370095,4108,0.4224,0.1830
1790170370145,4109,0.2382,0.0193
1790170370194,4110,0.2770,1.2061
1790170370245,4111,0.2289,0.2532
1790170370295,4112,0.5486,1.0894
1790170370345,4113,0.2635,0.0149
1790170370394,4114,0.2595,0.0164
1790170370445,4115,0.2616,0.0136
1790170370495,4116,0.5094,0.2799
1790170370546,4117,0.2127,0.3272
1790170370595,4118,0.6594,0.0597
1790170370645,4119,0.2615,0.0138
1790170370695,4120,0.4667,0.5041
1790170370746,4121,0.2288,0.0170
1790170370795,4122,0.2601,0.7214
1790170370844,4123,0.2709,0.0395
1790170370895,4124,0.6444,0.2200
1790170370945,4125,0.2219,0.0132
1790170370995,4126,0.2955,0.0472
1790170371045,4127,0.2769,0.0447
1790170371095,4128,0.3480,0.1583
1790170371145,4129,0.2318,0.0406
1790170371194,4130,0.3266,0.3173
1790170371245,4131,0.2427,0.3436
1790170371295,4132,0.3579,0.7212
1790170371345,4133,0.2463,0.5696
1790170371395,4134,0.2573,0.3525
1790170371445,4135,0.2706,0.3567
1790170371495,4136,0.3559,0.1717
1790170371547,4137,0.2052,0.3316
1790170371595,4138,0.2560,0.3232
1790170371645,4139,0.2435,0.0148
1790170371695,4140,0.3953,0.1931
1790170371745,4141,0.2377,0.0484
1790170371795,4142,0.2932,0.0517
1790170371845,4143,0.2490,0.0142
1790170371895,4144,0.4050,0.6550
1790170371945,4145,0.2856,0.5566
1790170371995,4146,0.3109,0.0473
1790170372045,4147,0.2484,0.5889
1790170372094,4148,0.5128,0.2613
1790170372145,4149,0.2635,0.0173
1790170372195,4150,0.3074,0.3905
1790170372245,4151,0.2606,0.3049
1790170372295,4152,0.5799,1.6684
1790170372345,4153,0.3009,0.0546
1790170372394,4154,0.3256,0.3438
1790170372445,4155,0.3019,0.5934
1790170372495,4156,0.2876,0.4369
1790170372545,4157,0.2746,0.6392
1790170372595,4158,0.2487,0.2210
1790170372645,4159,0.2533,0.0148
1790170372695,4160,0.4260,0.4444
1790170372745,4161,0.2617,0.0179
1790170372795,4162,0.2552,1.1548
1790170372845,4163,0.2613,0.0126
1790170372896,4164,1.5661,0.4696
1790170372945,4165,0.2455,0.3179
1790170372995,4166,0.2987,0.0545
1790170373044,4167,0.2912,0.0145
1790170373095,4168,0.3716,0.1355
1790170373145,4169,0.2671,0.0470
1790170373195,4170,0.2184,0.0140
1790170373245,4171,0.3082,0.0187
1790170373295,4172,0.3719,0.5595
1790170373345,4173,0.2781,0.3301
1790170373395,4174,0.4357,0.0168
1790170373445,4175,0.2426,0.0143
1790170373495,4176,0.4759,0.2170
1790170373545,4177,0.2506,0.0151
1790170373595,4178,0.2534,0.0128
1790170373645,4179,0.2343,0.0129
1790170373695,4180,0.4776,0.2159
1790170373745,4181,0.2289,0.0438
1790170373795,4182,0.2223,0.0120
1790170373845,4183,0.2348,0.0165
1790170373895,4184,0.4591,0.2166
1790170373945,4185,0.2543,0.2663
1790170373995,4186,0.2930,0.3200
1790170374044,4187,0.2457,0.3517
1790170374095,4188,0.4726,0.2408
1790170374145,4189,0.2587,0.3338
1790170374195,4190,0.2632,0.5998
1790170374245,4191,0.2834,0.8588
1790170374295,4192,0.3926,0.4977
1790170374345,4193,0.2326,0.8671
1790170374395,4194,0.2920,0.3747
1790170374445,4195,0.5381,0.2792
1790170374495,4196,0.5309,0.9642
1790170374545,4197,0.2020,0.9545
1790170374595,4198,0.2198,0.5037
1790170374645,4199,0.2959,0.4410
1790170374694,4200,0.4840,0.5517
1790170374745,4201,0.2830,0.2693
1790170374795,4202,0.2671,0.0123
1790170374845,4203,0.2709,0.0151
1790170374895,4204,0.5198,0.2402
1790170374945,4205,0.2464,0.2938
1790170374995,4206,0.2274,0.0130
1790170375045,4207,0.2787,0.4628
1790170375095,4208,0.5177,0.2791
1790170375145,4209,0.2702,0.0482
1790170375194,4210,0.4131,0.0383
1790170375246,4211,0.2814,0.0473
1790170375295,4212,0.3627,0.4205
1790170375345,4213,0.2633,0.0142
1790170375395,4214,0.2739,0.0185
1790170375445,4215,0.3077,0.2748
1790170375495,4216,0.4134,0.2244
1790170375545,4217,0.2562,0.2924
1790170375595,4218,0.2306,0.3838
1790170375645,4219,0.3585,0.4504
1790170375695,4220,0.3704,0.4451
1790170375745,4221,0.2954,0.4052
1790170375795,4222,0.2536,0.0141
1790170375845,4223,0.2001,0.0120
1790170375895,4224,0.7177,0.1980
1790170375945,4225,0.2678,0.0160
1790170375995,4226,0.3048,0.3785
1790170376045,4227,0.2658,0.2756
1790170376095,4228,0.4563,0.2271
1790170376145,4229,0.2486,0.0182
1790170376195,4230,0.3495,0.5654
1790170376245,4231,0.2602,0.6471
1790170376295,4232,0.4257,0.2078
1790170376345,4233,0.1974,0.6542
1790170376395,4234,0.2981,0.4948
1790170376445,4235,0.2812,0.2269
1790170376495,4236,0.4598,0.9328
1790170376546,4237,0.2615,0.0190
1790170376595,4238,0.2156,0.7100
1790170376645,4239,0.3645,0.0206
1790170376695,4240,0.4153,1.1618
1790170376745,4241,0.2376,0.7514
1790170376795,4242,0.2577,0.2919
1790170376845,4243,0.2080,0.7217
1790170376895,4244,0.5683,0.5421
1790170376945,4245,0.2106,0.3439
1790170376995,4246,0.2563,0.0489
1790170377045,4247,0.3531,0.3771
1790170377095,4248,0.3940,0.1652
1790170377145,4249,0.2644,0.0126
1790170377195,4250,0.3331,0.0645
1790170377245,4251,0.2108,0.5066
1790170377295,4252,0.4464,0.4303
1790170377345,4253,0.2382,0.0389
1790170377395,4254,0.6303,0.4367
1790170377445,4255,0.3038,0.2762
1790170377496,4256,0.5233,0.2905
1790170377545,4257,0.2465,0.4560
1790170377595,4258,0.2872,0.2747
1790170377645,4259,0.2819,1.4472
1790170377695,4260,0.5299,0.8554
1790170377745,4261,0.2291,0.7195
1790170377795,4262,0.2715,7.8412
1790170377845,4263,0.2080,0.0132
1790170377896,4264,0.9191,0.4128
1790170377945,4265,0.2605,0.2540
1790170377995,4266,0.2634,0.6842
1790170378045,4267,0.2391,0.5856
1790170378095,4268,0.4686,0.2458
1790170378145,4269,0.2471,0.0165
1790170378195,4270,0.2990,0.3230
1790170378245,4271,0.2702,0.4951
1790170378296,4272,0.4119,0.2186
1790170378345,4273,0.2098,0.0155
1790170378395,4274,0.4899,0.3092
1790170378445,4275,0.2452,0.0184
1790170378495,4276,0.4291,0.5664
1790170378545,4277,0.2618,0.0172
1790170378595,4278,0.2566,0.0145
1790170378645,4279,0.2858,0.0189
1790170378695,4280,0.5519,0.8253
1790170378745,4281,0.2218,0.0134
1790170378795,4282,0.2084,0.0139
1790170378845,4283,0.2521,0.0154
1790170378895,4284,0.4648,0.7316
1790170378944,4285,0.3107,0.7265
1790170378995,4286,0.2791,0.5547
1790170379045,4287,0.2037,0.3371
1790170379095,4288,0.5177,0.4917
1790170379145,4289,0.3294,0.0749
1790170379195,4290,0.2777,0.0432
1790170379244,4291,0.2405,0.0482
1790170379295,4292,0.4326,0.1955
1790170379345,4293,0.2322,0.3418
1790170379394,4294,0.2477,0.6008
1790170379444,4295,0.3748,0.0359
1790170379495,4296,0.4767,0.7369
1790170379545,4297,0.2917,0.0532
1790170379595,4298,0.2849,0.5575
1790170379645,4299,0.4621,0.6602
1790170379695,4300,0.5097,0.4647
1790170379745,4301,0.2463,0.0193
1790170379795,4302,0.2419,0.0135
1790170379845,4303,0.2012,0.3046
1790170379895,4304,0.4374,0.2189
1790170379945,4305,0.2784,0.0163
1790170379994,4306,0.2579,0.6873
1790170380045,4307,0.2651,0.0159
1790170380094,4308,0.3668,0.1232
1790170380146,4309,0.2723,0.0180
1790170380195,4310,0.2535,0.3655
1790170380245,4311,0.2717,0.8964
1790170380295,4312,0.4318,0.1772
1790170380345,4313,0.2814,0.6147
1790170380395,4314,0.2805,0.4948
1790170380444,4315,0.2968,0.2528
1790170380495,4316,0.3578,0.1494
1790170380545,4317,0.2777,0.2751
1790170380595,4318,0.2633,0.2959
1790170380645,4319,0.3147,0.0632
1790170380695,4320,0.3897,1.2585
1790170380745,4321,0.1956,0.0137
1790170380795,4322,0.2529,0.3451
1790170380845,4323,0.2098,0.8779
1790170380895,4324,0.7832,1.7524
1790170380945,4325,0.5380,0.7389
1790170380994,4326,0.2490,1.2983
1790170381045,4327,0.2568,0.8011
1790170381095,4328,0.5436,1.3097
1790170381145,4329,0.2657,0.4525
1790170381195,4330,0.3071,0.4706
1790170381245,4331,0.3073,0.6442
1790170381296,4332,0.5036,0.2542
1790170381345,4333,0.2898,0.0491
1790170381395,4334,0.4487,1.4396
1790170381445,4335,0.2722,1.2529
1790170381495,4336,0.5229,0.9366
1790170381545,4337,0.2878,0.0567
1790170381595,4338,0.2302,0.5372
1790170381645,4339,0.3415,1.1370
1790170381695,4340,0.5501,0.2914
1790170381745,4341,0.2780,0.2483
1790170381795,4342,0.3467,0.4430
1790170381845,4343,0.2038,0.0130
1790170381895,4344,0.4735,0.2014
1790170381945,4345,0.2850,0.3024
1790170381995,4346,0.2741,0.3551
1790170382045,4347,0.2587,0.3154
1790170382095,4348,0.4518,0.6816
1790170382145,4349,0.2605,0.2577
1790170382194,4350,0.3345,0.2564
1790170382244,4351,0.2510,0.5022
1790170382295,4352,0.3253,0.4666
1790170382345,4353,0.2889,0.5567
1790170382395,4354,0.3035,0.0380
1790170382445,4355,0.2494,0.0125
1790170382495,4356,0.4792,0.6028
1790170382545,4357,0.2518,0.0148
1790170382594,4358,0.3023,0.0462
1790170382644,4359,0.2943,0.0555
1790170382694,4360,0.5518,0.6210
1790170382745,4361,0.2720,0.0458
1790170382795,4362,0.2350,0.0219
1790170382845,4363,0.2761,0.0178
1790170382896,4364,1.0078,0.8934
1790170382945,4365,0.2620,0.8979
1790170382995,4366,0.2638,0.3491
1790170383045,4367,0.1994,0.5674
1790170383095,4368,0.4041,1.0067
1790170383145,4369,0.4073,0.0170
1790170383195,4370,0.2563,0.9287
1790170383245,4371,0.1872,0.2208
1790170383295,4372,0.8383,0.5779
1790170383345,4373,0.2023,0.3751
1790170383395,4374,0.3144,0.5212
1790170383445,4375,0.2574,0.3262
1790170383495,4376,0.6872,1.3021
1790170383545,4377,0.2471,0.4239
1790170383596,4378,0.4693,1.2585
1790170383645,4379,0.3464,0.7655
1790170383695,4380,0.4359,0.1934
1790170383745,4381,0.2424,2.3077
1790170383795,4382,0.2091,0.0139
1790170383845,4383,0.1836,1.2824
1790170383895,4384,0.7927,0.6880
1790170383945,4385,0.2508,1.1129
1790170383994,4386,0.3706,1.6162
1790170384045,4387,0.2030,0.3872
1790170384095,4388,0.3405,0.9785
1790170384145,4389,0.2806,0.8996
1790170384195,4390,0.5041,0.2641
1790170384245,4391,0.2395,0.9931
1790170384295,4392,0.4377,1.0158
1790170384345,4393,0.2680,0.0457
1790170384395,4394,0.2904,0.9397
1790170384445,4395,0.2388,1.2748
1790170384495,4396,0.4619,0.5381
1790170384544,4397,0.2513,0.8839
1790170384595,4398,0.2591,2.7087
1790170384645,4399,0.2522,3.1903
1790170384696,4400,1.6546,4.4493
1790170384745,4401,0.2149,2.9205
1790170384795,4402,0.4516,6.0561
1790170384845,4403,0.4520,3.6165
1790170384895,4404,0.6186,4.5913
1790170384945,4405,0.5212,2.8063
1790170384995,4406,0.4878,2.8771
1790170385045,4407,0.4710,3.1674
1790170385095,4408,0.6995,3.2470
1790170385144,4409,0.4882,2.3075
1790170385195,4410,0.4865,2.9413
1790170385245,4411,0.4981,3.5985
1790170385294,4412,0.5197,3.5898
1790170385345,4413,0.4822,2.7633
1790170385395,4414,0.5603,2.7162
1790170385445,4415,0.4874,2.6406
1790170385495,4416,0.5341,2.4696
1790170385545,4417,0.4074,2.1411
1790170385595,4418,0.5801,2.4508
1790170385645,4419,0.7152,2.9209
1790170385695,4420,0.6869,2.8074
1790170385745,4421,0.3908,2.1618
1790170385795,4422,0.3692,2.6034
1790170385845,4423,0.3910,4.1254
1790170385895,4424,0.5162,2.7114
1790170385945,4425,0.3217,4.2529
1790170385995,4426,0.5608,2.5524
1790170386045,4427,0.3555,3.4681
1790170386095,4428,0.4449,3.2971
1790170386145,4429,0.4825,2.6470
1790170386195,4430,0.6885,2.6911
1790170386245,4431,0.4832,2.4830
1790170386295,4432,0.4296,1.7412
1790170386344,4433,0.2651,0.5197
1790170386395,4434,0.1732,0.0156
1790170386445,4435,0.2643,0.1133
1790170386494,4436,0.3237,0.1619
1790170386545,4437,0.1989,0.0161
1790170386595,4438,0.3032,0.1043
1790170386645,4439,0.2217,0.0160
1790170386695,4440,0.2931,0.1336
1790170386744,4441,0.1767,0.2034
1790170386795,4442,0.1972,0.0154
1790170386845,4443,0.1992,0.0148
1790170386895,4444,0.3904,0.2235
1790170386945,4445,0.2533,0.0879
1790170386995,4446,0.2417,0.2608
1790170387045,4447,0.2143,0.0605
1790170387096,4448,0.3980,0.2168
1790170387145,4449,0.1890,0.0190
1790170387195,4450,0.3298,0.1169
1790170387245,4451,0.2268,0.0185
1790170387295,4452,0.5082,0.2953
1790170387345,4453,0.1945,0.3355
1790170387395,4454,0.2491,0.0165
1790170387445,4455,0.3282,0.0154
1790170387495,4456,0.4653,0.2350
1790170387545,4457,0.2534,0.0152
1790170387595,4458,0.2388,0.0166
1790170387645,4459,0.2561,0.0235
1790170387695,4460,0.4247,0.1950
1790170387745,4461,0.2268,0.0159
1790170387794,4462,0.2147,0.0153
1790170387845,4463,0.2267,0.0244
1790170387895,4464,0.5563,1.0675
1790170387944,4465,0.3532,0.1211
1790170387995,4466,0.3910,0.6275
1790170388045,4467,0.3562,0.3780
1790170388096,4468,0.5945,0.9220
1790170388146,4469,0.4559,0.6008
1790170388195,4470,0.2666,0.6120
1790170388245,4471,0.3251,0.1199
1790170388295,4472,0.5302,0.8361
1790170388345,4473,0.3884,0.6547
1790170388395,4474,0.2562,2.4180
1790170388445,4475,0.3187,1.2229
1790170388495,4476,0.4754,0.2910
1790170388545,4477,0.1747,0.2261
1790170388595,4478,0.4999,0.2930
1790170388645,4479,0.2293,1.8134
1790170388694,4480,0.5287,0.2841
1790170388745,4481,0.2177,0.3030
1790170388795,4482,0.2855,0.0608
1790170388844,4483,0.2343,0.6698
1790170388895,4484,0.5412,0.2842
1790170388945,4485,0.3338,0.5287
1790170388995,4486,0.2483,0.0159
1790170389045,4487,0.2812,0.5739
1790170389095,4488,0.4446,0.4158
1790170389145,4489,0.2430,0.2018
1790170389194,4490,0.3393,0.0542
1790170389245,4491,0.3329,9.5443
1790170389295,4492,0.4754,0.5355
1790170389345,4493,0.2338,0.0138
1790170389395,4494,0.2153,1.4777
1790170389445,4495,0.2338,2.8472
1790170389495,4496,0.3912,0.5859
1790170389545,4497,0.1711,0.3661
1790170389595,4498,0.2817,0.3649
1790170389645,4499,0.2320,0.3612
1790170389694,4500,0.3666,0.1829
1790170389746,4501,0.3381,0.4229
1790170389795,4502,0.2168,0.0098
1790170389845,4503,0.1867,0.0112
1790170389895,4504,0.4738,1.7507
1790170389945,4505,0.2997,3.2011
1790170389995,4506,0.3987,1.9044
1790170390044,4507,0.2086,0.2424
1790170390095,4508,0.3607,0.1634
1790170390145,4509,0.2380,0.0123
1790170390195,4510,0.2250,0.0093
1790170390245,4511,0.3422,0.0126
1790170390296,4512,1.7169,1.3126
1790170390345,4513,0.2361,0.0304
1790170390395,4514,0.3523,0.1330
1790170390445,4515,0.2383,0.0146
1790170390496,4516,0.3740,0.4648
1790170390544,4517,0.1842,0.2638
1790170390595,4518,0.3053,0.0241
1790170390645,4519,0.2139,0.2216
1790170390696,4520,0.3744,0.2204
1790170390745,4521,0.2235,0.0088
1790170390795,4522,0.2378,0.0164
1790170390845,4523,0.2796,0.9636
1790170390895,4524,0.4927,0.4759
1790170390945,4525,0.3125,0.1382
1790170390995,4526,0.5027,0.4835
1790170391045,4527,0.3215,0.5242
1790170391095,4528,0.5204,0.3199
1790170391146,4529,0.9834,0.5636
1790170391195,4530,0.3213,3.4961
1790170391244,4531,0.2863,1.6730
1790170391295,4532,0.3292,2.6216
1790170391345,4533,0.2375,0.0176
1790170391395,4534,0.2288,0.0277
1790170391445,4535,0.1739,0.1397
1790170391495,4536,0.3367,0.1415
1790170391545,4537,0.2094,0.0126
1790170391595,4538,0.2263,0.0126
1790170391645,4539,0.1795,0.0096
1790170391695,4540,0.4202,0.2428
1790170391744,4541,0.1879,0.0086
1790170391795,4542,0.2574,0.0103
1790170391844,4543,0.2296,0.0341
1790170391895,4544,0.4553,0.2091
1790170391945,4545,0.3316,0.1103
1790170391995,4546,0.2557,0.0138
1790170392045,4547,0.3112,0.0972
1790170392095,4548,0.4714,0.2102
1790170392145,4549,0.2379,0.0108
1790170392195,4550,0.6386,0.2395
1790170392245,4551,0.2237,0.0102
1790170392295,4552,0.5608,0.3559
1790170392345,4553,0.2460,0.0104
1790170392395,4554,0.2930,0.0986
1790170392445,4555,0.2421,0.0623
1790170392495,4556,0.4821,1.2035
1790170392545,4557,0.2166,0.7432
1790170392595,4558,0.2017,0.3410
1790170392644,4559,0.2104,0.1668
1790170392695,4560,0.5015,0.3865
1790170392744,4561,0.2060,0.3895
1790170392795,4562,0.1924,0.1829
1790170392844,4563,0.3010,0.9156
1790170392895,4564,0.5060,3.1114
1790170392945,4565,0.2538,3.0106
1790170392995,4566,0.3327,0.2091
1790170393045,4567,0.3135,0.0937
1790170393095,4568,0.3712,1.1066
1790170393145,4569,0.3014,3.4050
1790170393195,4570,0.2245,0.1986
1790170393245,4571,0.3373,0.3307
1790170393295,4572,0.3436,0.3922
1790170393345,4573,0.2542,0.0930
1790170393395,4574,0.2239,0.2781
1790170393445,4575,0.2017,0.1496
1790170393495,4576,0.5163,0.2737
1790170393545,4577,0.1698,0.0096
1790170393595,4578,0.3274,0.2690
1790170393645,4579,0.1656,0.2567
1790170393695,4580,0.6622,0.6131
1790170393745,4581,0.2081,2.1781
1790170393795,4582,0.3439,0.3855
1790170393844,4583,0.1791,0.3931
1790170393895,4584,0.4404,0.5262
1790170393945,4585,0.2098,0.3379
1790170393995,4586,0.2146,1.9788
1790170394046,4587,1.4588,2.0416
1790170394095,4588,0.4042,0.5821
1790170394145,4589,0.2181,0.0123
1790170394195,4590,0.2976,0.1072
1790170394245,4591,0.3599,0.1194
1790170394295,4592,0.5171,0.2671
1790170394345,4593,0.2070,0.2062
1790170394395,4594,0.2240,0.0092
1790170394445,4595,0.2694,0.0776
1790170394495,4596,0.4906,0.2632
1790170394545,4597,0.2489,0.0147
1790170394595,4598,0.2822,0.0118
1790170394645,4599,0.1848,0.3003
1790170394695,4600,0.3390,0.1494
1790170394745,4601,0.1834,0.2467
1790170394795,4602,0.2243,0.0091
1790170394845,4603,0.2364,0.0120
1790170394895,4604,0.4133,0.4213
1790170394945,4605,0.1831,0.5353
1790170394995,4606,0.3299,0.4361
1790170395045,4607,0.1907,0.1341
1790170395095,4608,0.3839,0.4666
1790170395145,4609,0.2868,0.2830
1790170395195,4610,0.3259,0.2373
1790170395245,4611,0.3006,1.2335
1790170395294,4612,0.3992,2.1476
1790170395344,4613,0.1906,0.8887
1790170395395,4614,0.2027,1.6966
1790170395445,4615,0.2908,0.2362
1790170395495,4616,0.4459,0.2459
1790170395545,4617,0.2166,0.0097
1790170395595,4618,0.2955,0.1022
1790170395645,4619,0.1711,0.2100
1790170395695,4620,0.3279,0.2844
1790170395745,4621,0.2052,0.0121
1790170395795,4622,0.3182,0.1125
1790170395844,4623,0.2162,0.0120
1790170395895,4624,0.2582,0.1027
1790170395945,4625,0.2666,0.0910
1790170395995,4626,0.5498,0.1194
1790170396045,4627,0.2291,0.0176
1790170396095,4628,0.6241,0.6702
1790170396144,4629,0.1718,0.2710
1790170396195,4630,0.3087,0.1144
1790170396245,4631,0.4538,0.4647
1790170396295,4632,0.3922,3.0620
1790170396345,4633,0.2227,0.0433
1790170396394,4634,0.1819,0.4504
1790170396445,4635,0.1828,0.1340
1790170396495,4636,0.2986,0.2547
1790170396544,4637,0.1730,0.0134
1790170396595,4638,0.2339,0.0106
1790170396644,4639,0.3123,0.1484
1790170396695,4640,0.4287,1.5553
1790170396745,4641,0.1853,1.1355
1790170396795,4642,0.2440,0.0097
1790170396845,4643,0.1740,0.2505
1790170396895,4644,0.3551,0.1428
1790170396944,4645,0.2056,0.0109
1790170396996,4646,0.2373,0.0139
1790170397044,4647,0.2582,0.0912
1790170397096,4648,0.3581,0.1475
1790170397145,4649,0.2524,0.0129
1790170397195,4650,0.1956,0.0153
1790170397245,4651,0.1982,0.0296
1790170397295,4652,0.3532,0.1693
1790170397345,4653,0.2374,0.0339
1790170397395,4654,0.2927,0.0308
1790170397444,4655,0.3389,0.0995
1790170397495,4656,0.4734,0.2753
1790170397545,4657,0.1860,0.0101
1790170397595,4658,0.5114,0.8228
1790170397646,4659,0.1872,0.2561
1790170397695,4660,0.4545,0.4152
1790170397745,4661,0.1804,0.0090
1790170397795,4662,0.5050,0.7159
1790170397845,4663,0.1701,0.0098
1790170397895,4664,0.3604,0.3217
1790170397944,4665,0.2776,1.5987
1790170397994,4666,0.3637,2.0849
1790170398045,4667,0.1678,0.0180
1790170398095,4668,0.3508,0.1789
1790170398144,4669,0.2114,0.6726
1790170398194,4670,0.4486,1.7947
1790170398245,4671,0.2926,0.2954
1790170398295,4672,0.2577,0.1172
1790170398345,4673,0.2531,0.2489
1790170398395,4674,0.2826,0.2995
1790170398445,4675,0.1502,0.2581
1790170398495,4676,0.3011,0.2715
1790170398544,4677,0.1646,0.0062
1790170398595,4678,0.2338,0.0661
1790170398645,4679,0.1651,0.0145
1790170398695,4680,0.3508,0.2092
1790170398746,4681,0.2099,0.2602
1790170398795,4682,0.5094,0.3527
1790170398846,4683,0.1514,1.4567
1790170398895,4684,0.3584,0.4433
1790170398945,4685,0.2052,0.1503
1790170398995,4686,0.1757,0.0298
1790170399045,4687,0.1809,0.2416
1790170399094,4688,0.2804,0.1299
1790170399145,4689,0.1640,0.0064
1790170399195,4690,0.1764,0.0066
1790170399245,4691,0.2529,0.1003
1790170399295,4692,0.2917,0.2474
1790170399345,4693,0.1399,0.0065
1790170399395,4694,0.1566,0.0070
1790170399445,4695,0.2049,0.2939
1790170399495,4696,0.2770,0.1136
1790170399545,4697,0.1567,0.0107
1790170399595,4698,0.2145,0.0649
1790170399644,4699,0.1978,0.0106
1790170399695,4700,0.3544,0.3455
1790170399745,4701,0.1614,0.0105
1790170399795,4702,0.2024,0.0195
1790170399845,4703,0.1941,0.0112
1790170399895,4704,0.4024,0.2183
1790170399945,4705,0.2277,0.0753
1790170399995,4706,0.1778,0.0101
1790170400045,4707,0.1930,0.0096
1790170400095,4708,0.4227,0.2296
1790170400145,4709,0.1869,0.0214
1790170400195,4710,0.1864,0.0103
1790170400245,4711,0.1964,0.1944
1790170400295,4712,0.3247,0.2594
1790170400345,4713,0.1735,0.1190
1790170400395,4714,0.2141,0.1522
1790170400445,4715,0.2111,0.0105
1790170400495,4716,0.2876,0.2389
1790170400545,4717,0.2023,0.0085
1790170400595,4718,0.2881,0.2568
1790170400645,4719,0.2752,1.2820
1790170400695,4720,0.3333,2.0894
1790170400745,4721,0.1730,0.0093
1790170400795,4722,0.2273,0.1299
1790170400845,4723,0.2000,0.0088
1790170400895,4724,0.3137,0.2840
1790170400945,4725,0.2120,1.5024
1790170400995,4726,0.2471,0.9232
1790170401046,4727,0.5593,0.1105
1790170401095,4728,0.4287,0.2526
1790170401145,4729,0.1894,0.0087
1790170401195,4730,0.2737,0.2941
1790170401246,4731,0.1669,0.3371
1790170401295,4732,0.2492,0.1131
1790170401345,4733,0.4129,0.4118
1790170401395,4734,0.1893,1.4355
1790170401444,4735,0.2543,0.1042
1790170401495,4736,0.2915,0.4205
1790170401545,4737,0.1880,0.0087
1790170401596,4738,0.2565,0.2440
1790170401644,4739,0.2639,0.0699
1790170401695,4740,0.3476,0.1431
1790170401745,4741,0.1880,0.3327
1790170401795,4742,0.2277,0.0084
1790170401845,4743,0.1670,0.0070
1790170401894,4744,0.3431,0.1644
1790170401945,4745,0.1168,0.1468
1790170401995,4746,0.1537,0.0057
1790170402045,4747,0.0691,0.0046
1790170402095,4748,0.1936,0.0938
1790170402145,4749,0.0820,0.0048
1790170402195,4750,0.0823,0.0041
1790170402245,4751,0.0853,0.0052
1790170402295,4752,0.2976,0.2109
1790170402345,4753,0.1487,0.0099
1790170402395,4754,0.1600,0.0300
1790170402444,4755,0.1749,0.0143
1790170402495,4756,0.2666,0.1124
1790170402545,4757,0.2139,0.0637
1790170402595,4758,0.2393,0.0737
1790170402645,4759,0.3237,0.0282
1790170402695,4760,0.3302,0.3171
1790170402745,4761,0.2798,0.0849
1790170402795,4762,0.2145,0.0094
1790170402845,4763,0.3015,0.1142
1790170402895,4764,0.3433,0.2063
1790170402945,4765,0.2112,0.0208
1790170402995,4766,0.2054,0.0094
1790170403045,4767,0.2792,0.0764
1790170403095,4768,0.2987,0.1322
1790170403145,4769,0.1678,0.0082
1790170403195,4770,0.3268,0.3185
1790170403245,4771,0.1792,0.0092
1790170403295,4772,0.4479,0.2800
1790170403345,4773,0.3136,0.1264
1790170403395,4774,0.5554,0.3379
1790170403444,4775,0.2310,0.0131
1790170403495,4776,0.3755,0.5062
1790170403545,4777,0.1732,0.2836
1790170403595,4778,0.2385,0.0124
1790170403645,4779,0.2381,0.0142
1790170403695,4780,0.4334,0.6729
1790170403745,4781,0.2460,0.0794
1790170403794,4782,0.1905,0.0099
1790170403845,4783,0.2698,0.3000
1790170403895,4784,0.6240,0.6446
1790170403945,4785,0.2170,2.2878
1790170403995,4786,0.3897,0.4093
1790170404045,4787,0.2477,0.2540
1790170404095,4788,0.3447,0.1634
1790170404145,4789,0.2069,0.0517
1790170404195,4790,0.2255,0.0087
1790170404245,4791,0.2313,0.0087
1790170404295,4792,0.3356,0.1381
1790170404345,4793,0.2400,0.0094
1790170404395,4794,0.2993,0.0905
1790170404444,4795,0.1713,0.0445
1790170404495,4796,0.3894,0.2032
1790170404546,4797,0.2078,0.2276
1790170404595,4798,0.2497,0.0272
1790170404645,4799,0.2896,0.2833
1790170404695,4800,0.5381,0.6895
1790170404745,4801,0.4048,0.2392
1790170404795,4802,0.2571,0.3433
1790170404845,4803,0.1628,0.1957
1790170404895,4804,0.3534,0.3301
1790170404945,4805,0.1711,0.2176
1790170404995,4806,0.1785,0.0084
1790170405045,4807,0.2099,0.2315
1790170405094,4808,0.4453,0.2158
1790170405145,4809,0.1726,0.3322
1790170405194,4810,0.2294,1.9362
1790170405245,4811,0.1905,0.8710
1790170405295,4812,0.3646,0.1844
1790170405345,4813,0.1610,0.2025
1790170405395,4814,0.1748,0.0087
1790170405445,4815,0.1423,0.0080
1790170405495,4816,0.2796,0.1524
1790170405545,4817,0.1421,0.0071
1790170405595,4818,0.2684,0.0833
1790170405644,4819,0.2201,0.0652
1790170405695,4820,0.3879,0.1837
1790170405744,4821,0.2156,0.3420
1790170405795,4822,0.1964,0.1085
1790170405845,4823,0.1977,0.1137
1790170405895,4824,0.2874,0.1253
1790170405945,4825,0.1601,0.1252
1790170405995,4826,0.2308,0.0123
1790170406045,4827,0.1889,0.5080
1790170406094,4828,0.4838,1.0917
1790170406145,4829,0.2342,0.9248
1790170406196,4830,0.3147,0.1039
1790170406245,4831,0.2054,0.1667
1790170406295,4832,0.3663,0.2328
1790170406345,4833,0.1630,0.0345
1790170406395,4834,0.2521,0.1662
1790170406445,4835,0.4071,0.2160
1790170406494,4836,0.2582,1.5315
1790170406545,4837,0.1782,0.0084
1790170406594,4838,0.1549,0.3014
1790170406645,4839,0.2629,0.0147
1790170406696,4840,0.3884,0.2146
1790170406745,4841,0.1926,0.0093
1790170406795,4842,0.2171,0.0127
1790170406845,4843,0.1959,0.1633
1790170406895,4844,0.3626,0.1972
1790170406945,4845,0.1656,0.0081
1790170406995,4846,0.1758,0.0099
1790170407045,4847,0.1674,0.0244
1790170407095,4848,0.3385,0.1494
1790170407144,4849,0.1675,0.0176
1790170407195,4850,0.2190,0.0195
1790170407245,4851,0.1870,0.0079
1790170407295,4852,0.3327,0.1424
1790170407344,4853,0.1873,0.0087
1790170407395,4854,0.2027,0.0084
1790170407445,4855,0.1900,0.0084
1790170407495,4856,0.3720,0.1825
1790170407545,4857,0.1845,0.0093
1790170407595,4858,0.1663,0.0114
1790170407644,4859,0.3167,0.3688
1790170407695,4860,0.3154,0.7330
1790170407745,4861,0.1908,0.2543
1790170407795,4862,0.2932,0.0894
1790170407845,4863,0.1966,0.0090
1790170407895,4864,0.3217,0.1749
1790170407945,4865,0.2234,0.2574
1790170407995,4866,0.2930,0.0143
1790170408045,4867,0.1613,0.2088
1790170408095,4868,0.2993,0.1484
1790170408145,4869,0.1945,0.0105
1790170408194,4870,0.2016,0.0098
1790170408245,4871,0.1292,0.0064
1790170408295,4872,0.2687,0.1314
1790170408345,4873,0.2627,0.0815
1790170408395,4874,0.1889,0.0082
1790170408445,4875,0.2560,0.2670
1790170408495,4876,0.4790,0.4488
1790170408545,4877,0.2029,0.1240
1790170408595,4878,0.2017,0.3578
1790170408645,4879,0.1511,0.2456
1790170408696,4880,0.3798,0.4522
1790170408744,4881,0.1647,0.1369
1790170408795,4882,0.2419,0.0747
1790170408845,4883,0.2115,0.7684
1790170408895,4884,0.3679,2.2288
1790170408945,4885,0.2267,0.0641
1790170408995,4886,0.5261,0.4704
1790170409045,4887,0.2137,2.2329
1790170409094,4888,0.3531,0.8195
1790170409144,4889,0.1536,0.7639
1790170409195,4890,0.1342,0.0041
1790170409245,4891,0.1021,0.0041
1790170409295,4892,0.1850,0.1045
1790170409345,4893,0.0803,0.0034
1790170409395,4894,0.1577,0.0706
1790170409445,4895,0.1566,0.0071
1790170409495,4896,0.2688,0.4114
1790170409545,4897,0.1475,0.0069
1790170409595,4898,0.2138,0.2460
1790170409645,4899,0.2207,0.0859
1790170409695,4900,0.4505,0.2163
1790170409745,4901,0.2453,0.2653
1790170409795,4902,0.1608,0.0096
1790170409845,4903,0.2018,0.0089
1790170409895,4904,0.3482,0.3566
1790170409945,4905,0.1741,0.0107
1790170409995,4906,0.1973,0.1497
1790170410045,4907,0.2847,0.1137
1790170410094,4908,0.2892,0.2419
1790170410146,4909,0.1571,0.0074
1790170410195,4910,0.2028,0.0083
1790170410245,4911,0.1845,0.0087
1790170410295,4912,0.3957,0.2177
1790170410345,4913,0.1603,0.0215
1790170410395,4914,0.1944,0.1570
1790170410445,4915,0.1704,0.0098
1790170410494,4916,0.3456,0.1514
1790170410545,4917,0.1757,0.0106
1790170410595,4918,0.1766,0.0081
1790170410645,4919,0.1910,0.0108
1790170410695,4920,0.3935,0.2319
1790170410745,4921,0.1899,0.2550
1790170410795,4922,0.2018,0.1844
1790170410845,4923,0.1763,0.0213
1790170410895,4924,0.2662,0.1238
1790170410945,4925,0.2011,0.0113
1790170410994,4926,0.3329,0.1371
1790170411045,4927,0.1896,0.0198
1790170411094,4928,0.2936,0.2762
1790170411146,4929,0.3751,0.3613
1790170411195,4930,0.2319,0.0738
1790170411245,4931,0.3973,0.2103
1790170411295,4932,0.3142,1.8504
1790170411345,4933,0.2817,0.1042
1790170411395,4934,0.3896,0.2200
1790170411445,4935,0.1632,0.0086
1790170411494,4936,0.3299,0.3255
1790170411545,4937,0.2410,0.2438
1790170411595,4938,0.2024,0.0096
1790170411645,4939,0.1847,0.2402
1790170411695,4940,0.2837,0.1253
1790170411745,4941,0.1685,0.1494
1790170411795,4942,0.2399,0.1460
1790170411844,4943,0.1575,0.1105
1790170411895,4944,0.3076,0.3499
1790170411945,4945,0.2000,0.1104
1790170411995,4946,0.2051,0.0088
1790170412045,4947,0.1518,0.1150
1790170412095,4948,0.3449,0.7736
1790170412144,4949,0.1569,0.7158
1790170412195,4950,0.1604,0.0558
1790170412244,4951,0.1808,0.0369
1790170412295,4952,0.2904,0.2043
1790170412345,4953,0.1448,0.0073
1790170412395,4954,0.1465,0.1329
1790170412445,4955,0.1969,0.6959
1790170412496,4956,0.3804,0.7614
1790170412545,4957,0.1629,0.0061
1790170412595,4958,0.2217,0.0532
1790170412645,4959,0.2377,0.0726
1790170412695,4960,0.3882,0.1976
1790170412745,4961,0.1868,0.0187
1790170412795,4962,0.2079,0.0186
1790170412845,4963,0.1953,0.1738
1790170412895,4964,0.3037,0.1295
1790170412945,4965,0.1964,0.0085
1790170412996,4966,0.2341,0.0128
1790170413045,4967,0.1670,0.0109
1790170413095,4968,0.2649,0.2907
1790170413146,4969,0.2153,0.0092
1790170413195,4970,0.1585,0.0089
1790170413245,4971,0.1496,0.0176
1790170413295,4972,0.2595,0.1234
1790170413345,4973,0.1751,0.0099
1790170413395,4974,0.2149,0.0550
1790170413445,4975,0.1729,0.0084
1790170413495,4976,0.4227,0.4319
1790170413545,4977,0.2133,1.4150
1790170413595,4978,0.2687,0.0686
1790170413645,4979,0.3321,0.1123
1790170413695,4980,0.3041,0.4832
1790170413744,4981,0.1505,0.1753
1790170413795,4982,0.2005,0.0125
1790170413845,4983,0.1977,0.0616
1790170413895,4984,0.3219,0.1425
1790170413945,4985,0.2002,0.2984
1790170413995,4986,0.2798,0.0819
1790170414045,4987,0.2107,0.1790
1790170414095,4988,0.3596,0.5794
1790170414145,4989,0.2413,0.1913
1790170414195,4990,0.3658,0.1316
1790170414245,4991,0.2008,0.1762
1790170414295,4992,0.2730,0.1255
1790170414345,4993,0.1602,0.1587
1790170414395,4994,0.1959,0.0204
1790170414445,4995,0.1624,0.0173
1790170414495,4996,0.2990,0.1281
1790170414545,4997,0.2145,0.0554
1790170414595,4998,0.3750,0.1847
1790170414645,4999,0.1723,0.1660
1790170414695,5000,0.3673,0.1904
1790170414745,5001,0.1972,0.0086
1790170414795,5002,0.1880,0.0206
1790170414845,5003,0.2569,0.2536
1790170414895,5004,0.2623,0.1169
1790170414945,5005,0.1434,0.0082
1790170414995,5006,0.1934,0.2910
1790170415045,5007,0.1131,0.0053
1790170415096,5008,0.2184,0.1219
1790170415145,5009,0.1826,0.0083
1790170415195,5010,0.1627,0.0074
1790170415245,5011,0.0981,0.0061
1790170415295,5012,0.2012,0.1240
1790170415345,5013,0.1452,0.0674
1790170415395,5014,0.1766,0.0095
1790170415445,5015,0.1372,0.1776
1790170415495,5016,0.2383,0.1463
1790170415544,5017,0.0863,0.0066
1790170415595,5018,0.1186,0.0070
1790170415645,5019,0.1801,0.0103
1790170415695,5020,0.4267,0.2458
1790170415745,5021,0.3645,0.2070
1790170415795,5022,0.1547,1.7208
1790170415845,5023,0.1571,0.0094
1790170415895,5024,0.2851,0.2576
1790170415945,5025,0.1786,0.0097
1790170415995,5026,0.1775,0.0088
1790170416045,5027,0.1820,0.0103
1790170416095,5028,0.4048,0.2248
1790170416145,5029,0.1974,0.0113
1790170416195,5030,0.4319,0.0706
1790170416245,5031,0.2008,0.2561
1790170416295,5032,0.3197,0.1395
1790170416345,5033,0.1735,0.2581
1790170416395,5034,0.1500,0.0065
1790170416445,5035,0.2669,0.0848
1790170416495,5036,0.2442,0.1098
1790170416545,5037,0.1410,0.0088
1790170416595,5038,0.2188,0.1806
1790170416645,5039,0.1342,0.0058
1790170416695,5040,0.2459,0.1108
1790170416745,5041,0.1950,0.1247
1790170416795,5042,0.1944,0.0084
1790170416845,5043,0.2499,0.0647
1790170416895,5044,0.2768,0.1201
1790170416945,5045,0.1802,0.0079
1790170416995,5046,0.1749,0.2958
1790170417045,5047,0.1802,0.0071
1790170417095,5048,0.2614,0.1269
1790170417145,5049,0.1559,0.0067
1790170417195,5050,0.1782,0.0063
1790170417245,5051,0.2565,0.0917
1790170417295,5052,0.3045,0.2386
1790170417345,5053,0.1964,0.0509
1790170417395,5054,0.1594,0.0075
1790170417444,5055,0.1624,0.0083
1790170417495,5056,0.3377,0.2868
1790170417545,5057,0.1641,0.0072
1790170417594,5058,0.1795,0.0073
1790170417645,5059,0.1669,0.0076
1790170417695,5060,0.3058,0.1340
1790170417745,5061,0.2383,0.0666
1790170417795,5062,0.2017,0.1514
1790170417845,5063,0.1987,0.0925
1790170417895,5064,0.3151,0.5368
1790170417945,5065,0.1773,0.0948
1790170417995,5066,0.3588,0.1925
1790170418045,5067,0.2024,0.5404
1790170418095,5068,0.4019,1.5889
1790170418145,5069,0.1852,1.4367
1790170418195,5070,0.1722,1.3403
1790170418245,5071,0.1390,0.5263
1790170418295,5072,0.2708,0.1184
1790170418345,5073,0.1665,0.0076
1790170418395,5074,0.1082,0.0056
1790170418446,5075,0.1267,0.0510
1790170418495,5076,0.2806,0.1336
1790170418545,5077,0.1395,0.1777
1790170418595,5078,0.1012,0.0066
1790170418645,5079,0.2037,0.0907
1790170418695,5080,0.3602,0.2133
1790170418745,5081,0.1993,0.0197
1790170418794,5082,0.1471,0.3794
1790170418845,5083,0.1494,0.0086
1790170418895,5084,0.3090,0.1717
1790170418945,5085,0.1944,0.0126
1790170418995,5086,0.1922,0.1704
1790170419045,5087,0.2126,0.0588
1790170419094,5088,0.3353,0.3668
1790170419145,5089,0.1893,0.0528
1790170419195,5090,0.1696,0.3249
1790170419245,5091,0.1218,0.1063
1790170419295,5092,0.3260,0.1898
1790170419349,5093,0.1760,0.0110
1790170419395,5094,0.1914,0.0082
1790170419445,5095,0.1559,0.0080
1790170419495,5096,0.3050,0.1318
1790170419545,5097,0.1827,0.0080
1790170419595,5098,0.2484,0.0802
1790170419646,5099,0.1900,0.0091
1790170419695,5100,0.3336,0.1516
1790170419745,5101,0.1539,0.0202
1790170419795,5102,0.2295,0.0710
1790170419845,5103,0.1776,0.0104
1790170419895,5104,0.2814,0.1385
1790170419945,5105,0.2263,0.2435
1790170419995,5106,0.2111,0.0148
1790170420045,5107,0.1676,0.0194
1790170420095,5108,0.2863,0.1099
1790170420145,5109,0.1747,0.0177
1790170420195,5110,0.2091,0.0186
1790170420245,5111,0.3714,0.1866
1790170420295,5112,0.2704,2.5192
1790170420345,5113,0.1583,0.0073
1790170420395,5114,0.2597,0.0582
1790170420445,5115,0.2556,0.0777
1790170420496,5116,0.4112,0.2416
1790170420545,5117,0.2415,0.0570
1790170420595,5118,0.2064,0.1551
1790170420645,5119,0.1687,0.0106
1790170420695,5120,0.3084,0.2642
1790170420745,5121,0.1618,0.0100
1790170420795,5122,0.1639,0.0081
1790170420845,5123,0.3178,0.1236
1790170420894,5124,0.3411,0.1976
1790170420945,5125,0.1584,0.4039
1790170420995,5126,0.1520,0.0084
1790170421046,5127,0.1702,0.2192
1790170421095,5128,0.3351,0.1459
1790170421145,5129,0.2078,0.0985
1790170421195,5130,0.2833,0.2032
1790170421245,5131,0.3836,0.0121
1790170421295,5132,0.4038,0.2975
1790170421346,5133,0.2032,0.2346
1790170421395,5134,0.1772,0.1294
1790170421444,5135,0.2012,1.3416
1790170421495,5136,0.3370,1.8462
1790170421545,5137,0.2546,0.3474
1790170421595,5138,0.2696,0.0130
1790170421645,5139,0.1485,0.1579
1790170421695,5140,0.3502,0.2067
1790170421745,5141,0.1819,0.0084
1790170421795,5142,0.2098,0.1465
1790170421845,5143,0.1500,0.0072
1790170421895,5144,0.2742,0.1257
1790170421945,5145,0.2030,0.0551
1790170421995,5146,0.1559,0.0074
1790170422044,5147,0.1110,0.1502
1790170422095,5148,0.2302,0.1320
1790170422145,5149,0.1898,0.0092
1790170422195,5150,0.1869,0.0083
1790170422245,5151,0.1875,0.0343
1790170422295,5152,0.2256,0.1361
1790170422345,5153,0.0804,0.0048
1790170422395,5154,0.0892,0.0065
1790170422445,5155,0.1099,0.0077
1790170422495,5156,0.5947,0.3933
1790170422545,5157,0.1991,0.0217
1790170422595,5158,0.2332,1.2765
1790170422645,5159,0.2417,1.4309
1790170422695,5160,0.4906,1.3035
1790170422744,5161,0.3350,1.8054
1790170422794,5162,0.2491,0.6429
1790170422845,5163,0.2350,0.6111
1790170422895,5164,0.3713,0.1386
1790170422945,5165,0.2130,0.1728
1790170422996,5166,0.2132,0.0121
1790170423044,5167,0.2021,0.0091
1790170423095,5168,0.2965,0.1368
1790170423145,5169,0.1797,0.0102
1790170423195,5170,0.1916,0.0556
1790170423245,5171,0.1604,0.0102
1790170423295,5172,0.3447,0.2801
1790170423345,5173,0.1626,0.0077
1790170423395,5174,0.1343,0.0132
1790170423445,5175,0.1147,0.0171
1790170423495,5176,0.3752,0.1964
1790170423544,5177,0.1571,0.0091
1790170423595,5178,0.2101,0.1711
1790170423646,5179,0.1898,0.0094
1790170423695,5180,0.3277,0.1906
1790170423745,5181,0.2478,0.1038
1790170423795,5182,0.1907,0.1555
1790170423845,5183,0.1868,0.0228
1790170423895,5184,0.3322,0.3808
1790170423945,5185,0.2116,0.0567
1790170423996,5186,0.1657,0.0075
1790170424044,5187,0.1647,0.1807
1790170424095,5188,0.3370,0.1869
1790170424145,5189,0.2655,0.2658
1790170424194,5190,0.2866,0.1760
1790170424245,5191,0.1885,0.0175
1790170424295,5192,0.2483,0.4028
1790170424346,5193,0.1118,0.0049
1790170424395,5194,0.0879,0.0039
1790170424445,5195,0.1837,0.0977
1790170424495,5196,0.3711,0.1744
1790170424546,5197,0.2089,0.0475
1790170424595,5198,0.1959,0.0199
1790170424646,5199,0.2014,0.4800
1790170424695,5200,0.3229,0.1401
1790170424745,5201,0.3598,0.1921
1790170424797,5202,2.2969,1.9474
1790170424846,5203,0.2504,0.8314
1790170424895,5204,0.3336,0.1551
1790170424945,5205,0.3586,1.9195
1790170424995,5206,0.2100,0.5374
1790170425045,5207,0.1937,0.3176
1790170425095,5208,0.2854,0.1263
1790170425145,5209,0.1807,0.0089
1790170425195,5210,0.1873,0.0104
1790170425245,5211,0.1836,0.0101
1790170425295,5212,0.3430,0.1482
1790170425345,5213,0.2142,0.0093
1790170425395,5214,0.2067,0.0091
1790170425445,5215,0.2055,0.0521
1790170425495,5216,0.3121,0.1391
1790170425545,5217,0.1907,0.1313
1790170425595,5218,0.2004,0.0082
1790170425645,5219,0.1804,0.0081
1790170425695,5220,0.2324,0.1285
1790170425745,5221,0.0878,0.0077
1790170425795,5222,0.0819,0.0051
1790170425845,5223,0.1305,0.0066
1790170425895,5224,0.3125,0.2111
1790170425945,5225,0.1749,0.0101
1790170425995,5226,0.2245,0.0540
1790170426045,5227,0.1934,0.2685
1790170426095,5228,0.2528,0.2590
1790170426145,5229,0.0936,0.0063
1790170426195,5230,0.0920,0.0065
1790170426244,5231,0.0840,0.0042
1790170426295,5232,0.4360,0.2118
1790170426345,5233,0.2036,0.0542
1790170426394,5234,0.1991,0.0227
1790170426446,5235,0.1432,0.2915
1790170426495,5236,0.2780,0.1912
1790170426545,5237,0.1814,0.0083
1790170426595,5238,0.2902,0.0654
1790170426645,5239,0.2012,0.0103
1790170426695,5240,0.2800,0.1175
1790170426745,5241,0.2837,0.2491
1790170426795,5242,0.2220,0.0722
1790170426845,5243,0.1713,0.0093
1790170426894,5244,0.3781,0.4919
1790170426945,5245,0.2049,0.0093
1790170426995,5246,0.4394,0.1865
1790170427045,5247,0.2436,1.7087
1790170427095,5248,0.4169,0.1912
1790170427145,5249,0.2386,0.2528
1790170427195,5250,0.2238,19.3176
1790170427245,5251,0.2030,0.7765
1790170427294,5252,0.4416,0.6476
1790170427345,5253,0.1558,0.9270
1790170427395,5254,0.2143,0.0089
1790170427445,5255,0.2119,0.0114
1790170427495,5256,0.8884,0.6932
1790170427545,5257,0.2071,0.0087
1790170427595,5258,0.1776,0.0083
1790170427645,5259,0.1761,0.0071
1790170427695,5260,0.3318,0.1423
1790170427745,5261,0.2031,0.0189
1790170427795,5262,0.1616,0.0084
1790170427845,5263,0.1798,0.0081
1790170427896,5264,0.4189,0.4658
1790170427945,5265,0.1649,0.0185
1790170427996,5266,0.2018,0.1787
1790170428045,5267,0.3008,0.1336
1790170428095,5268,0.4822,0.3453
1790170428145,5269,0.1599,0.2033
1790170428195,5270,0.1812,0.0083
1790170428245,5271,0.1729,0.0091
1790170428295,5272,0.4717,0.3208
1790170428345,5273,0.1974,0.0118
1790170428395,5274,0.1751,0.0087
1790170428445,5275,0.2043,0.0083
1790170428495,5276,0.2638,0.1159
1790170428545,5277,0.2127,0.0755
1790170428595,5278,0.2226,0.2130
1790170428645,5279,0.2061,0.3229
1790170428695,5280,0.2834,0.1313
1790170428745,5281,0.2035,0.1629
1790170428795,5282,0.1680,0.0195
1790170428845,5283,0.3162,0.3505
1790170428895,5284,0.2744,0.1183
1790170428944,5285,0.2845,0.0928
1790170428995,5286,0.2002,1.2143
1790170429044,5287,0.3642,1.8677
1790170429096,5288,1.0994,1.9594
1790170429145,5289,0.1745,0.6088
1790170429202,5290,0.3328,0.3898
1790170429245,5291,0.3468,0.6041
1790170429295,5292,0.6254,5.0576
1790170429345,5293,0.1897,0.0181
1790170429395,5294,0.1861,1.5555
1790170429445,5295,0.1911,0.0100
1790170429496,5296,0.4990,0.2513
1790170429545,5297,0.2061,0.0092
1790170429595,5298,0.1634,0.1414
1790170429644,5299,0.1052,0.0045
1790170429695,5300,0.5495,0.4486
1790170429745,5301,0.0670,0.0042
1790170429794,5302,0.2031,0.0088
1790170429845,5303,0.1412,0.0102
1790170429895,5304,0.4887,0.2898
1790170429945,5305,0.1503,0.0086
1790170429995,5306,0.2478,0.1067
1790170430045,5307,0.1959,0.0117
1790170430095,5308,0.2952,0.1696
1790170430146,5309,0.1621,0.2236
1790170430195,5310,0.1061,0.0059
1790170430245,5311,0.0839,0.0071
1790170430296,5312,1.2733,0.1374
1790170430344,5313,0.0892,0.0042
1790170430395,5314,0.1225,0.0448
1790170430445,5315,0.1535,0.0067
1790170430495,5316,0.4700,0.4986
1790170430545,5317,0.1779,0.0083
1790170430595,5318,0.1147,0.1518
1790170430645,5319,0.1063,0.0046
1790170430695,5320,0.2269,0.1225
1790170430745,5321,0.1429,0.0083
1790170430794,5322,0.1690,0.0097
1790170430845,5323,0.1594,0.0107
1790170430895,5324,0.6056,0.4174
1790170430944,5325,0.1902,0.0148
1790170430996,5326,0.2043,0.0767
1790170431045,5327,0.2100,0.0787
1790170431095,5328,0.7082,0.5085
1790170431146,5329,0.1699,0.3318
1790170431195,5330,0.1119,0.0063
1790170431245,5331,0.1873,0.0219
1790170431295,5332,0.6238,0.2236
1790170431345,5333,0.1470,0.0072
1790170431395,5334,0.2295,0.1044
1790170431446,5335,0.1545,0.0082
1790170431495,5336,0.6005,0.4416
1790170431545,5337,0.1826,3.3462
1790170431595,5338,0.1596,0.0088
1790170431645,5339,0.2909,0.1293
1790170431695,5340,0.6946,0.5382
1790170431745,5341,0.1893,0.0089
1790170431795,5342,0.1967,0.4056
1790170431844,5343,0.2586,0.0615
1790170431895,5344,0.4209,0.2561
1790170431945,5345,0.1868,0.1392
1790170431995,5346,0.1860,0.0110
1790170432045,5347,0.1785,0.0092
1790170432095,5348,0.8199,0.6453
1790170432145,5349,0.1839,0.0079
1790170432195,5350,0.1091,0.1264
1790170432245,5351,0.0945,0.0046
1790170432295,5352,0.3766,0.3147
1790170432345,5353,0.0793,0.0042
1790170432395,5354,0.0889,0.0059
1790170432445,5355,0.1115,0.0057
1790170432495,5356,0.3528,0.2627
1790170432545,5357,0.0644,0.0034
1790170432595,5358,0.1157,0.0039
1790170432645,5359,0.0660,0.0035
1790170432695,5360,0.2352,0.1558
1790170432745,5361,0.0598,0.0048
1790170432795,5362,0.0732,0.0023
1790170432845,5363,0.0631,0.0026
1790170432895,5364,0.5205,0.3255
1790170432945,5365,0.2136,0.0600
1790170432995,5366,0.2021,0.0121
1790170433045,5367,0.1697,0.1431
1790170433095,5368,0.3401,0.2526
1790170433145,5369,0.1815,0.0085
1790170433195,5370,0.1542,0.1364
1790170433245,5371,0.1120,0.0444
1790170433295,5372,0.3198,0.1922
1790170433344,5373,0.1126,0.1342
1790170433395,5374,0.0967,0.0063
1790170433445,5375,0.1013,0.0044
1790170433495,5376,0.4160,0.3332
1790170433544,5377,0.1797,0.1858
1790170433595,5378,0.2339,0.0595
1790170433644,5379,0.1936,0.0103
1790170433695,5380,0.3906,0.3375
1790170433745,5381,0.1453,0.0083
1790170433795,5382,0.1814,0.0089
1790170433845,5383,0.2201,0.0120
1790170433894,5384,0.4165,0.2438
1790170433945,5385,0.2599,0.0926
1790170433995,5386,0.2105,0.0087
1790170434045,5387,0.2223,0.0693
1790170434095,5388,0.3837,0.4471
1790170434145,5389,0.1921,0.1735
1790170434195,5390,0.1650,0.0071
1790170434246,5391,0.1679,0.1532
1790170434295,5392,0.3393,0.2033
1790170434345,5393,0.1730,0.0765
1790170434395,5394,0.1654,0.0087
1790170434445,5395,0.1941,0.0094
1790170434495,5396,0.2846,0.3734
1790170434545,5397,0.0830,0.0040
1790170434594,5398,0.0989,0.0039
1790170434645,5399,0.0884,0.0039
1790170434695,5400,0.0903,0.0039
1790170434745,5401,0.0817,0.0046
1790170434795,5402,0.0858,0.0037
1790170434845,5403,0.0653,0.0053
1790170434895,5404,0.2548,0.1828
1790170434945,5405,0.1030,0.0066
1790170434995,5406,0.2100,0.0095
1790170435045,5407,0.1410,0.0083
1790170435095,5408,0.3458,0.2133
1790170435144,5409,0.1851,0.0080
1790170435195,5410,0.2031,0.0094
1790170435245,5411,0.2473,0.2621
1790170435295,5412,0.4499,0.2771
1790170435345,5413,0.1792,0.5120
1790170435395,5414,0.1737,0.0068
1790170435445,5415,0.2019,0.0090
1790170435495,5416,0.5852,0.4035
1790170435545,5417,0.2356,0.6308
1790170435595,5418,0.2308,0.0136
1790170435645,5419,0.1876,0.1717
1790170435694,5420,0.3779,0.2238
1790170435745,5421,0.1507,0.0084
1790170435795,5422,0.2374,0.0666
1790170435845,5423,0.1230,0.0063
1790170435895,5424,0.2524,0.3137
1790170435945,5425,0.1533,0.0094
1790170435995,5426,0.2047,0.0086
1790170436045,5427,0.1512,0.0104
1790170436095,5428,0.3914,0.2903
1790170436145,5429,0.1993,0.0116
1790170436195,5430,0.1920,0.0375
1790170436245,5431,0.1117,0.1928
1790170436295,5432,0.1478,0.0751
1790170436345,5433,0.3222,0.0482
1790170436395,5434,0.1853,0.0081
1790170436445,5435,0.1364,0.1333
1790170436495,5436,0.3616,0.2692
1790170436545,5437,0.1929,0.0098
1790170436595,5438,0.1531,0.0195
1790170436645,5439,0.1330,0.2153
1790170436695,5440,0.1900,0.1000
1790170436745,5441,0.1635,0.0465
1790170436795,5442,0.1850,0.1638
1790170436844,5443,0.1359,0.1272
1790170436895,5444,0.3095,0.2229
1790170436945,5445,0.1882,0.0082
1790170436995,5446,0.1330,0.1352
1790170437045,5447,0.1105,0.0058
1790170437095,5448,0.2562,0.0952
1790170437145,5449,0.2046,0.0815
1790170437196,5450,0.1848,0.0084
1790170437245,5451,0.1483,0.1360
1790170437295,5452,0.1914,0.0854
1790170437345,5453,0.1457,0.0075
1790170437395,5454,0.0866,0.0055
1790170437445,5455,0.0770,0.0053
1790170437495,5456,0.1879,0.1119
1790170437545,5457,0.0870,0.1163
1790170437595,5458,0.1777,0.0080
1790170437645,5459,0.1070,0.0065
1790170437695,5460,0.1871,0.0771
1790170437745,5461,0.1462,0.0081
1790170437795,5462,0.1546,0.0088
1790170437845,5463,0.0908,0.0060
1790170437895,5464,0.1801,0.1059
1790170437945,5465,0.1300,0.0078
1790170437995,5466,0.1677,0.0523
1790170438045,5467,0.1818,0.0090
1790170438095,5468,0.2930,0.2338
1790170438145,5469,0.1629,0.0083
1790170438195,5470,0.1164,0.0068
1790170438245,5471,0.1358,0.0077
1790170438295,5472,0.1429,0.0702
1790170438345,5473,0.1359,0.0106
1790170438395,5474,0.0923,0.0048
1790170438445,5475,0.2130,0.1289
1790170438494,5476,0.1251,0.1482
1790170438545,5477,0.0775,0.0036
1790170438595,5478,0.0659,0.0036
1790170438645,5479,0.1133,0.0411
1790170438695,5480,0.3877,0.2207
1790170438745,5481,0.1330,0.1382
1790170438795,5482,0.0950,0.0047
1790170438845,5483,0.0868,0.0054
1790170438895,5484,0.2763,0.1816
1790170438946,5485,0.1713,0.0089
1790170438995,5486,0.1495,0.0074
1790170439045,5487,0.2339,0.1627
1790170439095,5488,0.3137,0.1309
1790170439145,5489,0.1994,0.0235
1790170439195,5490,0.2307,0.4274
1790170439245,5491,0.1444,0.0088
1790170439295,5492,0.2553,0.1991
1790170439345,5493,0.0891,0.0044
1790170439395,5494,0.1253,0.0450
1790170439445,5495,0.1640,0.0605
1790170439495,5496,0.4281,0.4086
1790170439545,5497,0.2092,0.4149
1790170439595,5498,0.1533,0.2334
1790170439645,5499,0.1398,0.1653
1790170439695,5500,0.1137,0.0042
1790170439745,5501,0.1173,0.0070
1790170439795,5502,0.1298,0.0060
1790170439845,5503,0.1170,0.0062
1790170439895,5504,0.2254,0.0968
1790170439945,5505,0.1364,0.0060
1790170439995,5506,0.1439,0.0084
1790170440045,5507,0.1678,0.0088
1790170440095,5508,0.4078,0.2458
1790170440145,5509,0.1239,0.0058
1790170440195,5510,0.2905,0.1080
1790170440245,5511,0.1474,0.0076
1790170440295,5512,0.2102,0.2780
1790170440345,5513,0.1454,0.0065
1790170440395,5514,0.1488,0.0071
1790170440445,5515,0.1100,0.0081
1790170440495,5516,0.1470,0.0617
1790170440545,5517,0.0672,0.0042
1790170440595,5518,0.1217,0.0464
1790170440645,5519,0.1437,0.0086
1790170440695,5520,0.2259,0.2814
1790170440746,5521,0.0798,0.0045
1790170440795,5522,0.1029,0.0047
1790170440845,5523,0.1657,0.0079
1790170440895,5524,0.2485,0.0875
1790170440945,5525,0.1652,0.0085
1790170440996,5526,0.1542,0.0086
1790170441045,5527,0.2073,0.0104
1790170441095,5528,0.1731,0.0897
1790170441145,5529,0.0776,0.0058
1790170441196,5530,0.2123,0.1019
1790170441245,5531,0.1555,0.0094
1790170441295,5532,0.2810,0.1121
1790170441345,5533,0.3094,0.1820
1790170441395,5534,0.1562,0.0104
1790170441445,5535,0.2068,0.0108
1790170441495,5536,0.2950,0.2038
1790170441545,5537,0.1954,0.1176
1790170441595,5538,0.6918,0.5796
1790170441645,5539,0.6856,0.7203
1790170441695,5540,0.2320,0.5361
1790170441745,5541,0.1128,0.2310
1790170441795,5542,0.1509,0.0552
1790170441845,5543,0.1095,0.0053
1790170441894,5544,0.1664,0.2335
1790170441945,5545,0.2174,0.0911
1790170441995,5546,0.1764,0.0080
1790170442045,5547,0.1184,0.1787
1790170442095,5548,0.2990,0.2040
1790170442145,5549,0.1088,0.0060
1790170442195,5550,0.1845,0.2005
1790170442245,5551,0.1553,0.0079
1790170442295,5552,0.3439,0.3169
1790170442345,5553,0.1832,0.0087
1790170442395,5554,0.1106,0.0069
1790170442445,5555,0.1143,0.0061
1790170442495,5556,0.1380,0.0711
1790170442545,5557,0.0826,0.0046
1790170442595,5558,0.0684,0.0055
1790170442644,5559,0.1598,0.0854
1790170442695,5560,0.2406,0.1025
1790170442745,5561,0.0936,0.1529
1790170442795,5562,0.0953,0.0040
1790170442846,5563,0.0769,0.0043
1790170442895,5564,0.1284,0.0471
1790170442945,5565,0.0978,0.0045
1790170442995,5566,0.1903,0.0797
1790170443045,5567,0.1973,0.0805
1790170443095,5568,0.2656,0.2462
1790170443145,5569,0.1476,0.1372
1790170443195,5570,0.1610,0.0070
1790170443245,5571,0.1953,0.0073
1790170443295,5572,0.2195,0.1478
1790170443345,5573,0.1674,0.0085
1790170443394,5574,0.1648,0.0081
1790170443445,5575,0.1888,0.0088
1790170443495,5576,0.1651,0.0917
1790170443545,5577,0.0784,0.0064
1790170443595,5578,0.0679,0.0051
1790170443645,5579,0.0713,0.0053
1790170443695,5580,0.2832,0.1811
1790170443745,5581,0.2263,0.0096
1790170443795,5582,0.1670,0.1758
1790170443845,5583,0.1612,0.0072
1790170443895,5584,0.1663,0.0818
1790170443945,5585,0.0949,0.0078
1790170443995,5586,0.2118,0.0083
1790170444044,5587,0.0767,0.0059
1790170444095,5588,0.2117,0.0786
1790170444146,5589,0.1936,0.1336
1790170444196,5590,0.2243,0.0114
1790170444245,5591,0.2942,0.1315
1790170444295,5592,0.2675,0.4560
1790170444345,5593,0.1782,0.1881
1790170444395,5594,0.1506,0.0085
1790170444445,5595,0.1152,0.0076
1790170444494,5596,0.2612,0.1599
1790170444545,5597,0.1874,0.1280
1790170444595,5598,0.1535,0.0076
1790170444645,5599,0.1624,0.0095
1790170444695,5600,0.1365,0.2616
1790170444745,5601,0.0845,0.0050
1790170444795,5602,0.0967,0.0042
1790170444845,5603,0.1865,0.1159
1790170444895,5604,0.1827,0.6044
1790170444945,5605,0.0787,0.0043
1790170444995,5606,0.1983,0.0105
1790170445045,5607,0.1793,0.0098
1790170445094,5608,0.3460,0.2428
1790170445144,5609,0.0825,0.0055
1790170445195,5610,0.0956,0.0050
1790170445245,5611,0.2589,0.1297
1790170445295,5612,0.3279,0.1006
1790170445345,5613,0.1940,0.0095
1790170445396,5614,0.2035,0.2315
1790170445445,5615,0.1422,0.0081
1790170445495,5616,0.1767,0.0718
1790170445544,5617,0.0825,0.0056
1790170445595,5618,0.1324,0.0057
1790170445645,5619,0.1507,0.0818
1790170445695,5620,0.5120,0.3107
1790170445744,5621,0.1834,0.1670
1790170445795,5622,0.1212,0.1333
1790170445845,5623,0.1784,0.0923
1790170445895,5624,0.2024,0.0860
1790170445945,5625,0.1168,0.1771
1790170445995,5626,0.1385,0.0051
1790170446045,5627,0.0946,0.0049
1790170446095,5628,0.1413,0.0729
1790170446145,5629,0.0691,0.0062
1790170446195,5630,0.1216,0.0048
1790170446245,5631,0.0736,0.0062
1790170446295,5632,0.3549,0.2401
1790170446345,5633,0.1979,0.0284
1790170446395,5634,0.5347,0.2289
1790170446445,5635,0.2201,0.0064
1790170446495,5636,0.1554,0.0060
1790170446545,5637,0.1057,0.0066
1790170446595,5638,0.0806,0.0033
1790170446645,5639,0.0603,0.0026
1790170446695,5640,0.3090,0.2358
1790170446745,5641,0.1848,0.0060
1790170446794,5642,0.2052,0.0653
1790170446845,5643,0.2166,0.3239
1790170446895,5644,0.2021,0.0851
1790170446945,5645,0.1140,0.1941
1790170446995,5646,0.1695,0.0625
1790170447045,5647,0.1514,0.0041
1790170447095,5648,0.1232,0.1472
1790170447144,5649,0.1347,0.0032
1790170447195,5650,0.0817,0.0025
1790170447245,5651,0.1760,0.0985
1790170447295,5652,0.2570,0.1097
1790170447345,5653,0.1320,0.1520
1790170447395,5654,0.1164,0.0038
1790170447445,5655,0.1669,0.0048
1790170447495,5656,0.2972,0.1057
1790170447545,5657,0.1663,0.0055
1790170447596,5658,0.1930,0.0045
1790170447645,5659,0.1363,0.0076
1790170447695,5660,0.3118,0.1210
1790170447745,5661,0.1401,0.0049
1790170447795,5662,0.1621,0.0036
1790170447845,5663,0.2308,0.1015
1790170447895,5664,0.1427,0.0042
1790170447945,5665,0.1691,0.1794
1790170447995,5666,0.1502,0.0045
1790170448044,5667,0.1545,0.0048
1790170448095,5668,0.3284,0.1836
1790170448145,5669,0.1550,0.0045
1790170448195,5670,0.1361,0.1872
1790170448245,5671,0.1091,0.0032
1790170448295,5672,0.1796,0.0077
1790170448345,5673,0.1008,0.0030
1790170448395,5674,0.2102,0.1220
1790170448445,5675,0.1441,0.0053
1790170448496,5676,0.2404,0.2929
1790170448545,5677,0.1941,0.0062
1790170448595,5678,0.0977,0.0038
1790170448645,5679,0.1055,0.0037
1790170448695,5680,0.2685,0.1942
1790170448745,5681,0.1565,0.0896
1790170448795,5682,0.1749,0.0042
1790170448845,5683,0.1539,0.1639
1790170448896,5684,0.1651,0.0623
1790170448945,5685,0.1913,0.1005
1790170448995,5686,0.1716,0.0067
1790170449045,5687,0.1686,0.1539
1790170449095,5688,0.1412,0.0649
1790170449145,5689,0.1145,0.0033
1790170449195,5690,0.1060,0.0033
1790170449245,5691,0.2315,0.1381
1790170449294,5692,0.4016,0.2243
1790170449345,5693,0.1775,0.0060
1790170449395,5694,0.1378,0.3535
1790170449445,5695,0.1224,0.2699
1790170449494,5696,0.2331,0.0746
1790170449545,5697,0.1529,0.0044
1790170449595,5698,0.1403,0.0050
1790170449645,5699,0.4194,0.2040
1790170449695,5700,0.1604,0.0048
1790170449745,5701,0.2386,0.0047
1790170449795,5702,0.1008,0.2936
1790170449844,5703,0.0773,0.0032
1790170449895,5704,0.1619,0.0806
1790170449945,5705,0.0953,0.0016
1790170449995,5706,0.0932,0.0016
1790170450045,5707,0.1276,0.0036
1790170450095,5708,0.1778,0.0649
1790170450145,5709,0.0847,0.0025
1790170450195,5710,0.1006,0.0026
1790170450245,5711,0.0780,0.0025
1790170450295,5712,0.1537,0.0944
1790170450345,5713,0.3198,0.2117
1790170450395,5714,0.1656,0.0138
1790170450445,5715,0.1460,0.0033
1790170450495,5716,0.2650,0.2287
1790170450546,5717,0.0899,0.0032
1790170450595,5718,0.1690,0.0041
1790170450645,5719,0.1758,0.0058
1790170450695,5720,0.2575,0.1608
1790170450744,5721,0.1887,0.0067
1790170450795,5722,0.1467,0.1460
1790170450845,5723,0.0651,0.0029
1790170450895,5724,0.1717,0.0974
1790170450945,5725,0.1865,0.0071
1790170450995,5726,0.1518,0.0054
1790170451044,5727,0.1608,0.0050
1790170451095,5728,0.2157,0.0664
1790170451145,5729,0.0941,0.0037
1790170451194,5730,0.0902,0.0028
1790170451245,5731,0.0851,0.0049
1790170451295,5732,0.1699,0.0984
1790170451345,5733,0.1957,0.1000
1790170451395,5734,0.1805,0.0046
1790170451445,5735,0.4011,0.0421
1790170451495,5736,0.2015,0.2278
1790170451545,5737,0.1501,0.0050
1790170451595,5738,0.1536,0.0071
1790170451645,5739,0.2163,0.0947
1790170451695,5740,0.2229,0.0682
1790170451745,5741,0.1098,0.0041
1790170451795,5742,0.5453,0.4432
1790170451845,5743,0.2138,0.0064
1790170451895,5744,0.4768,0.2832
1790170451945,5745,0.1980,0.3793
1790170451995,5746,0.2595,0.2727
1790170452046,5747,0.2105,0.0587
1790170452096,5748,0.1814,0.1425
1790170452145,5749,0.1962,0.2379
1790170452195,5750,0.1915,0.0038
1790170452245,5751,0.1467,0.1313
1790170452295,5752,0.2634,0.1581
1790170452345,5753,0.1412,0.0055
1790170452395,5754,0.1984,0.1408
1790170452446,5755,0.0984,0.0025
1790170452495,5756,0.1629,0.0808
1790170452545,5757,0.1423,0.0058
1790170452594,5758,0.1513,0.0039
1790170452645,5759,0.0911,0.0031
1790170452695,5760,0.3340,0.1178
1790170452745,5761,0.1736,0.0064
1790170452795,5762,0.1298,0.0038
1790170452844,5763,0.0822,0.0032
1790170452894,5764,0.1403,0.0791
1790170452945,5765,0.0948,0.0034
1790170452994,5766,0.0825,0.0024
1790170453045,5767,0.0735,0.0032
1790170453095,5768,0.2442,0.1203
1790170453144,5769,0.2610,0.1238
1790170453195,5770,0.1587,0.0039
1790170453245,5771,0.1318,0.1673
1790170453295,5772,0.0937,0.0027
1790170453345,5773,0.1049,0.0054
1790170453396,5774,0.1153,0.0032
1790170453445,5775,0.1563,0.0044
1790170453495,5776,0.3514,0.1468
1790170453545,5777,0.0728,0.0029
1790170453594,5778,0.0992,0.0027
1790170453646,5779,0.0789,0.0025
1790170453695,5780,0.1630,0.0847
1790170453745,5781,0.1639,0.0052
1790170453795,5782,0.2494,0.0748
1790170453845,5783,0.1722,0.0047
1790170453895,5784,0.2105,0.2240
1790170453945,5785,0.1277,0.0031
1790170453995,5786,0.0892,0.0045
1790170454045,5787,0.1518,0.0070
1790170454095,5788,0.2524,0.0825
1790170454145,5789,0.1980,0.0605
1790170454195,5790,0.2235,0.0055
1790170454245,5791,0.1282,0.1390
1790170454295,5792,0.2310,0.1024
1790170454345,5793,0.3746,0.2933
1790170454395,5794,0.4468,0.2488
1790170454445,5795,0.2249,0.0299
1790170454495,5796,0.2170,0.5579
1790170454545,5797,0.1061,0.0029
1790170454595,5798,0.0885,0.0028
1790170454645,5799,0.0954,0.0031
1790170454694,5800,0.1410,0.0516
1790170454745,5801,0.2001,0.0744
1790170454795,5802,0.1931,0.1958
1790170454845,5803,0.2138,0.0245
1790170454895,5804,0.2568,0.2980
1790170454945,5805,0.1235,0.0034
1790170454995,5806,0.1176,0.0027
1790170455046,5807,0.1276,0.0039
1790170455095,5808,0.2047,0.0681
1790170455145,5809,0.0862,0.0045
1790170455194,5810,0.0923,0.0028
1790170455245,5811,0.1245,0.0559
1790170455295,5812,0.2421,0.0955
1790170455345,5813,0.1422,0.1545
1790170455395,5814,0.0984,0.0029
1790170455445,5815,0.1936,0.0652
1790170455495,5816,0.2431,0.0675
1790170455545,5817,0.1591,0.0054
1790170455595,5818,0.1952,0.2366
1790170455645,5819,0.1879,0.0785
1790170455695,5820,0.2546,0.0924
1790170455745,5821,0.1602,0.1769
1790170455795,5822,0.1559,0.0054
1790170455845,5823,0.1550,0.1493
1790170455895,5824,0.2457,0.0890
1790170455945,5825,0.1111,0.0038
1790170455995,5826,0.1030,0.0035
1790170456045,5827,0.0862,0.0033
1790170456095,5828,0.1865,0.0728
1790170456145,5829,0.0910,0.0051
1790170456195,5830,0.0875,0.0029
1790170456246,5831,0.0873,0.0031
1790170456295,5832,0.1857,0.1187
1790170456345,5833,0.0694,0.0043
1790170456395,5834,0.0699,0.0039
1790170456445,5835,0.3277,0.1144
1790170456495,5836,0.3756,0.0046
1790170456545,5837,0.1616,0.0381
1790170456595,5838,0.1113,0.2085
1790170456645,5839,0.0991,0.0025
1790170456695,5840,0.1486,0.0609
1790170456745,5841,0.0970,0.0043
1790170456795,5842,0.0726,0.0018
1790170456846,5843,0.1296,0.0035
1790170456895,5844,0.3576,0.2226
1790170456945,5845,0.2771,0.0897
1790170456995,5846,0.1834,0.0460
1790170457045,5847,0.1605,0.4180
1790170457094,5848,0.1748,0.0647
1790170457145,5849,0.1755,0.0050
1790170457195,5850,0.1894,0.1585
1790170457245,5851,0.0812,0.0050
1790170457294,5852,0.2038,0.1056
1790170457346,5853,0.1348,0.0675
1790170457395,5854,0.1732,0.0051
1790170457445,5855,0.1456,0.1489
1790170457495,5856,0.1577,0.0673
1790170457545,5857,0.1520,0.0040
1790170457595,5858,0.0730,0.0023
1790170457646,5859,0.0805,0.0043
1790170457695,5860,0.1801,0.0804
1790170457745,5861,0.0716,0.0040
1790170457795,5862,0.0758,0.0017
1790170457846,5863,0.0934,0.0022
1790170457895,5864,0.2607,0.0802
1790170457945,5865,0.1548,0.0051
1790170457995,5866,0.0989,0.0032
1790170458045,5867,0.0668,0.0034
1790170458095,5868,0.1522,0.0795
1790170458145,5869,0.0977,0.0038
1790170458195,5870,0.1533,0.0578
1790170458245,5871,0.1391,0.0042
1790170458295,5872,0.1541,0.2162
1790170458345,5873,0.1293,0.0036
1790170458395,5874,0.1433,0.1320
1790170458445,5875,0.1374,0.0481
1790170458494,5876,0.2420,0.0864
1790170458545,5877,0.1085,0.1666
1790170458595,5878,0.1485,0.0041
1790170458645,5879,0.1474,0.0045
1790170458695,5880,0.1878,0.0860
1790170458745,5881,0.0647,0.0031
1790170458795,5882,0.0684,0.0028
1790170458845,5883,0.1247,0.0555
1790170458895,5884,0.1983,0.0821
1790170458944,5885,0.1726,0.1630
1790170458995,5886,0.1598,0.0045
1790170459045,5887,0.0929,0.0031
1790170459095,5888,0.1654,0.0906
1790170459144,5889,0.1017,0.0039
1790170459195,5890,0.0956,0.0036
1790170459245,5891,0.0864,0.0031
1790170459295,5892,0.1488,0.0779
1790170459345,5893,0.0791,0.0054
1790170459395,5894,0.0753,0.0019
1790170459444,5895,0.1882,0.1311
1790170459495,5896,0.1885,0.0050
1790170459545,5897,0.2335,0.0308
1790170459595,5898,0.1599,0.2865
1790170459645,5899,0.0961,0.0022
1790170459695,5900,0.1028,0.0015
1790170459745,5901,0.0730,0.0014
1790170459794,5902,0.1309,0.0050
1790170459845,5903,0.2164,0.1076
1790170459895,5904,0.2333,0.0822
1790170459945,5905,0.2030,0.0050
1790170459995,5906,0.1686,0.2412
1790170460045,5907,0.1340,0.0046
1790170460095,5908,0.1977,0.0747
1790170460145,5909,0.1799,0.0054
1790170460195,5910,0.1197,0.0054
1790170460245,5911,0.1560,0.0057
1790170460295,5912,0.1661,0.0842
1790170460345,5913,0.0710,0.0033
1790170460395,5914,0.0755,0.0033
1790170460446,5915,0.1168,0.0577
1790170460495,5916,0.2376,0.0686
1790170460544,5917,0.1704,0.2412
1790170460595,5918,0.1212,0.0032
1790170460645,5919,0.1991,0.0058
1790170460695,5920,0.1843,0.2454
1790170460745,5921,0.0881,0.0021
1790170460795,5922,0.1376,0.0541
1790170460845,5923,0.1372,0.0044
1790170460895,5924,0.1798,0.1976
1790170460944,5925,0.1211,0.0025
1790170460995,5926,0.2208,0.0632
1790170461045,5927,0.1403,0.0052
1790170461095,5928,0.1783,0.1526
1790170461145,5929,0.1378,0.0051
1790170461194,5930,0.0874,0.0033
1790170461245,5931,0.0919,0.0030
1790170461294,5932,0.1577,0.0870
1790170461345,5933,0.0723,0.0030
1790170461395,5934,0.0723,0.0024
1790170461446,5935,0.0827,0.0053
1790170461495,5936,0.0602,0.0028
1790170461545,5937,0.4631,0.1104
1790170461595,5938,0.1764,0.0052
1790170461645,5939,0.1549,0.0046
1790170461695,5940,0.2109,0.3224
1790170461745,5941,0.0967,0.0022
1790170461795,5942,0.1050,0.0046
1790170461845,5943,0.0588,0.0041
1790170461895,5944,0.1560,0.0837
1790170461945,5945,0.1459,0.0542
1790170461994,5946,0.2374,0.1278
1790170462045,5947,0.1562,0.1855
1790170462095,5948,0.2025,0.0401
1790170462145,5949,0.3124,0.3712
1790170462195,5950,0.1794,0.0042
1790170462246,5951,0.1257,0.1367
1790170462295,5952,0.1788,0.0862
1790170462345,5953,0.0900,0.0029
1790170462394,5954,0.1247,0.0587
1790170462446,5955,0.1681,0.0067
1790170462495,5956,0.2072,0.2270
1790170462545,5957,0.1629,0.0055
1790170462595,5958,0.1051,0.0031
1790170462645,5959,0.0831,0.0031
1790170462695,5960,0.1635,0.0885
1790170462745,5961,0.0786,0.0065
1790170462794,5962,0.0770,0.0041
1790170462845,5963,0.0782,0.0023
1790170462895,5964,0.1406,0.0624
1790170462945,5965,0.0791,0.0021
1790170462994,5966,0.1577,0.0053
1790170463045,5967,0.0910,0.0028
1790170463095,5968,0.2279,0.1162
1790170463145,5969,0.1931,0.0064
1790170463195,5970,0.1621,0.0050
1790170463245,5971,0.2146,0.0672
1790170463295,5972,0.1810,0.0046
1790170463345,5973,0.1341,0.1336
1790170463395,5974,0.0848,0.0028
1790170463445,5975,0.1017,0.0034
1790170463495,5976,0.1851,0.0828
1790170463545,5977,0.1645,0.0074
1790170463596,5978,0.1629,0.0045
1790170463645,5979,0.1252,0.0040
1790170463695,5980,0.1531,0.0599
1790170463745,5981,0.0752,0.0028
1790170463795,5982,0.0996,0.0026
1790170463845,5983,0.0971,0.0029
1790170463895,5984,0.2114,0.1571
1790170463946,5985,0.1339,0.0058
1790170463995,5986,0.1042,0.1520
1790170464045,5987,0.0851,0.0029
1790170464095,5988,0.1674,0.0614
1790170464145,5989,0.0806,0.0047
1790170464195,5990,0.1669,0.0046
1790170464244,5991,0.1808,0.0055
1790170464295,5992,0.1798,0.0887
1790170464345,5993,0.0924,0.0034
1790170464395,5994,0.0854,0.0055
1790170464445,5995,0.0827,0.0028
1790170464495,5996,0.1929,0.0865
1790170464545,5997,0.3054,0.1302
1790170464595,5998,0.4727,0.2710
1790170464645,5999,0.1806,0.0400
1790170464905,6000,210.3366,0.4111
1790170464905,6001,0.1458,0.0498
1790170464905,6002,0.0277,0.0010
1790170464905,6003,0.0129,0.0002
1790170464906,6004,0.1502,0.0815
1790170464945,6005,0.2845,0.1138
1790170464995,6006,0.2134,0.0055
1790170465045,6007,0.1480,0.1795
1790170465095,6008,0.1698,0.2374
1790170465145,6009,0.0822,0.0020
1790170465195,6010,0.2252,0.0054
1790170465244,6011,0.1881,0.0069
1790170465295,6012,0.1906,0.0858
1790170465345,6013,0.0807,0.0031
1790170465395,6014,0.0663,0.0032
1790170465445,6015,0.0616,0.0022
1790170465495,6016,0.1196,0.0535
1790170465545,6017,0.1080,0.0038
1790170465595,6018,0.1059,0.0038
1790170465645,6019,0.1631,0.0941
1790170465695,6020,0.2339,0.0759
1790170465745,6021,0.1384,0.0050
1790170465795,6022,0.1276,0.1652
1790170465845,6023,0.1027,0.0410
1790170465895,6024,0.1561,0.0642
1790170465944,6025,0.0972,0.1267
1790170465995,6026,0.0906,0.0025
1790170466045,6027,0.0949,0.0029
1790170466095,6028,0.1162,0.0504
1790170466144,6029,0.0680,0.0025
1790170466195,6030,0.0975,0.0030
1790170466245,6031,0.1570,0.0056
1790170466295,6032,0.1863,0.0646
1790170466345,6033,0.0740,0.0034
1790170466395,6034,0.0707,0.0030
1790170466445,6035,0.0621,0.0024
1790170466495,6036,0.0559,0.0023
1790170466545,6037,0.0636,0.0040
1790170466594,6038,0.3293,0.0064
1790170466645,6039,0.1611,0.0774
1790170466695,6040,0.2514,0.0597
1790170466744,6041,0.2265,0.0976
1790170466796,6042,0.1822,0.2169
1790170466845,6043,0.1468,0.1316
1790170466896,6044,0.1749,0.0621
1790170466945,6045,0.0795,0.0045
1790170466995,6046,0.0757,0.0026
1790170467044,6047,0.0704,0.0026
1790170467095,6048,0.1760,0.1106
1790170467145,6049,0.1505,0.0052
1790170467194,6050,0.2284,0.0696
1790170467245,6051,0.1625,0.2562
1790170467295,6052,0.2798,0.3044
1790170467345,6053,0.1742,0.0047
1790170467395,6054,0.1325,0.1640
1790170467445,6055,0.1227,0.0480
1790170467495,6056,0.2149,0.0538
1790170467545,6057,0.1549,0.1361
1790170467595,6058,0.1002,0.0032
1790170467645,6059,0.1060,0.0049
1790170467694,6060,0.1541,0.0665
1790170467745,6061,0.1248,0.0051
1790170467795,6062,0.1034,0.0037
1790170467845,6063,0.0801,0.0056
1790170467895,6064,0.1956,0.1119
1790170467945,6065,0.1665,0.0039
1790170467995,6066,0.1318,0.1329
1790170468045,6067,0.1104,0.0035
1790170468095,6068,0.1374,0.0623
1790170468145,6069,0.0731,0.0031
1790170468195,6070,0.1214,0.0037
1790170468245,6071,0.1540,0.0634
1790170468295,6072,0.1715,0.0568
1790170468345,6073,0.1662,0.1575
1790170468395,6074,0.1245,0.1363
1790170468445,6075,0.0747,0.0022
1790170468495,6076,0.1196,0.0589
1790170468545,6077,0.0671,0.0028
1790170468595,6078,0.0721,0.0021
1790170468645,6079,0.1155,0.0053
1790170468695,6080,0.1642,0.0588
1790170468745,6081,0.1051,0.0056
1790170468795,6082,0.0692,0.0031
1790170468845,6083,0.0614,0.0027
1790170468895,6084,0.1516,0.0927
1790170468945,6085,0.1209,0.0548
1790170468996,6086,0.1203,0.0036
1790170469045,6087,0.0945,0.1344
1790170469095,6088,0.1026,0.0435
1790170469146,6089,0.1336,0.0038
1790170469196,6090,0.1558,0.0070
1790170469244,6091,0.0962,0.0037
1790170469295,6092,0.1314,0.0656
1790170469345,6093,0.0878,0.0039
1790170469395,6094,0.1369,0.0051
1790170469445,6095,0.1033,0.0054
1790170469495,6096,0.1168,0.0527
1790170469546,6097,0.0652,0.0025
1790170469595,6098,0.0738,0.0026
1790170469644,6099,0.2712,0.1303
1790170469695,6100,0.1958,0.0046
1790170469745,6101,0.1476,0.0296
1790170469795,6102,0.1162,0.2350
1790170469845,6103,0.0830,0.0019
1790170469894,6104,0.1193,0.0590
1790170469945,6105,0.0803,0.0023
1790170469995,6106,0.0667,0.0020
1790170470045,6107,0.1421,0.0776
1790170470095,6108,0.2115,0.0589
1790170470145,6109,0.1865,0.0047
1790170470195,6110,0.1070,0.2457
1790170470245,6111,0.0995,0.0039
1790170470295,6112,0.1411,0.0698
1790170470345,6113,0.0813,0.0023
1790170470395,6114,0.1517,0.0047
1790170470444,6115,0.2190,0.0069
1790170470495,6116,0.1419,0.0508
1790170470545,6117,0.0636,0.0032
1790170470595,6118,0.0785,0.0031
1790170470645,6119,0.0719,0.0032
1790170470696,6120,0.1672,0.0668
1790170470745,6121,0.1888,0.0731
1790170470795,6122,0.1766,0.0055
1790170470845,6123,0.2201,0.0048
1790170470895,6124,0.1876,0.2790
1790170470945,6125,0.1329,0.0059
1790170470995,6126,0.1640,0.0046
1790170471045,6127,0.1269,0.1708
1790170471094,6128,0.1374,0.0581
1790170471145,6129,0.0779,0.0030
1790170471195,6130,0.1506,0.0053
1790170471244,6131,0.1917,0.0620
1790170471295,6132,0.1870,0.0599
1790170471345,6133,0.1205,0.1304
1790170471394,6134,0.0779,0.0028
1790170471445,6135,0.1881,0.0063
1790170471495,6136,0.1347,0.0117
1790170471545,6137,0.1015,0.0042
1790170471595,6138,0.1833,0.0033
1790170471645,6139,0.1057,0.0065
1790170471695,6140,0.2342,0.0624
1790170471745,6141,0.2232,0.0958
1790170471795,6142,0.1759,0.0052
1790170471845,6143,0.2061,0.0344
1790170471895,6144,0.1542,0.2446
1790170471945,6145,0.0994,0.0027
1790170471995,6146,0.0899,0.0048
1790170472045,6147,0.1320,0.0065
1790170472095,6148,0.1274,0.0048
1790170472145,6149,0.0787,0.0038
1790170472195,6150,0.1981,0.0934
1790170472245,6151,0.2172,0.0624
1790170472295,6152,0.2582,0.0805
1790170472345,6153,0.1268,0.3712
1790170472395,6154,0.0853,0.0019
1790170472445,6155,0.0705,0.0019
1790170472494,6156,0.2797,0.1337
1790170472545,6157,0.1655,0.0045
1790170472596,6158,0.1323,0.1385
1790170472645,6159,0.1019,0.0032
1790170472695,6160,0.2448,0.0810
1790170472745,6161,0.1237,0.0056
1790170472796,6162,0.1083,0.0027
1790170472845,6163,0.0628,0.0026
1790170472895,6164,0.0613,0.0041
1790170472945,6165,0.1225,0.0034
1790170472995,6166,0.0651,0.0027
1790170473045,6167,0.1139,0.0580
1790170473095,6168,0.2582,0.0886
1790170473145,6169,0.1260,0.1375
1790170473194,6170,0.1789,0.0049
1790170473245,6171,0.1346,0.0060
1790170473294,6172,0.0781,0.0030
1790170473345,6173,0.1388,0.0631
1790170473395,6174,0.0945,0.0035
1790170473445,6175,0.0854,0.1294
1790170473495,6176,0.1376,0.0595
1790170473545,6177,0.1334,0.0050
1790170473595,6178,0.1548,0.0582
1790170473645,6179,0.1775,0.0045
1790170473695,6180,0.2104,0.2035
1790170473746,6181,0.1123,0.0051
1790170473795,6182,0.1131,0.0034
1790170473845,6183,0.1301,0.0049
1790170473895,6184,0.1525,0.0536
1790170473945,6185,0.1145,0.0045
1790170473995,6186,0.1315,0.0587
1790170474045,6187,0.1268,0.0039
1790170474095,6188,0.1556,0.1832
1790170474145,6189,0.0701,0.0021
1790170474196,6190,0.1344,0.0558
1790170474245,6191,0.1203,0.0062
1790170474295,6192,0.1739,0.2143
1790170474344,6193,0.0975,0.0027
1790170474395,6194,0.0653,0.0018
1790170474445,6195,0.0591,0.0021
1790170474495,6196,0.1143,0.0497
1790170474545,6197,0.1906,0.0632
1790170474595,6198,0.2454,0.0574
1790170474645,6199,0.1208,0.1325
1790170474695,6200,0.1824,0.0057
1790170474744,6201,0.5589,0.4284
1790170474795,6202,0.1826,0.0045
1790170474845,6203,0.1612,0.0417
1790170474895,6204,0.1700,0.3035
1790170474945,6205,0.0742,0.0015
1790170474995,6206,0.0780,0.0023
1790170475045,6207,0.0851,0.0045
1790170475095,6208,0.1551,0.0515
1790170475145,6209,0.1376,0.0743
1790170475195,6210,0.1578,0.0053
1790170475244,6211,0.1400,0.0048
1790170475295,6212,0.1858,0.2788
1790170475345,6213,0.0918,0.0046
1790170475395,6214,0.0822,0.0020
1790170475445,6215,0.0613,0.0023
1790170475494,6216,0.1006,0.0432
1790170475545,6217,0.0546,0.0017
1790170475595,6218,0.1604,0.0069
1790170475645,6219,0.1903,0.0053
1790170475695,6220,0.2030,0.0661
1790170475745,6221,0.1328,0.0050
1790170475795,6222,0.0804,0.0025
1790170475845,6223,0.2139,0.0822
1790170475896,6224,0.2027,0.0674
1790170475945,6225,0.1484,0.0046
1790170475995,6226,0.1763,0.2321
1790170476046,6227,0.1565,0.0045
1790170476095,6228,0.1604,0.1763
1790170476145,6229,0.0739,0.0030
1790170476195,6230,0.0726,0.0045
1790170476245,6231,0.0622,0.0025
1790170476295,6232,0.1568,0.0609
1790170476345,6233,0.0950,0.0030
1790170476395,6234,0.0759,0.0023
1790170476445,6235,0.0589,0.0020
1790170476494,6236,0.0561,0.0020
1790170476545,6237,0.0559,0.0039
1790170476595,6238,0.1907,0.0016
1790170476645,6239,0.1851,0.0058
1790170476695,6240,0.2041,0.0609
1790170476745,6241,0.1246,0.0065
1790170476795,6242,0.0809,0.0032
1790170476845,6243,0.1934,0.0777
1790170476895,6244,0.2469,0.0771
1790170476945,6245,0.1711,0.0265
1790170476995,6246,0.1023,0.1828
1790170477045,6247,0.0850,0.0024
1790170477095,6248,0.0633,0.0025
1790170477145,6249,0.0722,0.0037
1790170477195,6250,0.0659,0.0023
1790170477245,6251,0.1130,0.0546
1790170477295,6252,0.5093,0.3640
1790170477345,6253,0.1950,0.1884
1790170477395,6254,0.1849,0.0592
1790170477445,6255,0.1162,0.2331
1790170477495,6256,0.1244,0.0446
1790170477545,6257,0.1483,0.0577
1790170477595,6258,0.1306,0.0037
1790170477645,6259,0.1258,0.0039
1790170477694,6260,0.3191,0.2521
1790170477745,6261,0.0940,0.0039
1790170477795,6262,0.1386,0.0041
1790170477845,6263,0.0718,0.0046
1790170477895,6264,0.1536,0.0553
1790170477945,6265,0.0632,0.0027
1790170477995,6266,0.0700,0.0039
1790170478045,6267,0.1036,0.0031
1790170478095,6268,0.1980,0.1088
1790170478145,6269,0.0669,0.0028
1790170478195,6270,0.1423,0.0032
1790170478245,6271,0.0909,0.0034
1790170478295,6272,0.1166,0.0044
1790170478345,6273,0.1387,0.0043
1790170478395,6274,0.1261,0.0583
1790170478445,6275,0.1443,0.0045
1790170478495,6276,0.1957,0.2028
1790170478545,6277,0.0697,0.0025
1790170478595,6278,0.0691,0.0025
1790170478645,6279,0.0747,0.0026
1790170478695,6280,0.2031,0.0584
1790170478745,6281,0.1437,0.0049
1790170478795,6282,0.1740,0.0053
1790170478845,6283,0.0856,0.0053
1790170478895,6284,0.1611,0.0678
1790170478945,6285,0.1350,0.0041
1790170478995,6286,0.0747,0.0032
1790170479045,6287,0.1353,0.0640
1790170479095,6288,0.1687,0.0045
1790170479145,6289,0.1227,0.1349
1790170479195,6290,0.1398,0.0030
1790170479245,6291,0.0704,0.0042
1790170479295,6292,0.1725,0.0835
1790170479345,6293,0.1308,0.0558
1790170479395,6294,0.1417,0.0031
1790170479445,6295,0.1115,0.1378
1790170479495,6296,0.1483,0.0492
1790170479544,6297,0.0732,0.0039
1790170479596,6298,0.0743,0.0024
1790170479645,6299,0.0673,0.0018
1790170479695,6300,0.0718,0.0023
1790170479745,6301,0.1888,0.0051
1790170479795,6302,0.1418,0.0050
1790170479845,6303,0.2548,0.1283
1790170479895,6304,0.3161,0.1348
1790170479945,6305,0.1904,0.0398
1790170479996,6306,0.1830,0.4091
1790170480045,6307,0.0750,0.0019
1790170480095,6308,0.1147,0.0540
1790170480145,6309,0.0662,0.0018
1790170480195,6310,0.0886,0.0018
1790170480246,6311,0.1223,0.0658
1790170480294,6312,0.2876,0.0904
1790170480345,6313,0.1424,0.0047
1790170480394,6314,0.1166,0.2405
1790170480446,6315,0.1048,0.0024
1790170480495,6316,0.1619,0.1002
1790170480545,6317,0.1355,0.0036
1790170480595,6318,0.1041,0.1289
1790170480646,6319,0.0683,0.0021
1790170480695,6320,0.1402,0.0738
1790170480745,6321,0.0554,0.0018
1790170480795,6322,0.1701,0.0053
1790170480845,6323,0.2133,0.0628
1790170480895,6324,0.2513,0.0963
1790170480945,6325,0.1739,0.1848
1790170480995,6326,0.1345,0.0042
1790170481045,6327,0.1955,0.0627
1790170481095,6328,0.2169,0.2331
1790170481145,6329,0.1618,0.1242
1790170481195,6330,0.0859,0.0018
1790170481245,6331,0.1202,0.0044
1790170481295,6332,0.2329,0.0769
1790170481345,6333,0.1430,0.0070
1790170481395,6334,0.1195,0.0046
1790170481445,6335,0.2495,0.0066
1790170481495,6336,0.1362,0.0049
1790170481545,6337,0.1496,0.0050
1790170481595,6338,0.1123,0.0049
1790170481645,6339,0.2823,0.0037
1790170481695,6340,0.1664,0.0515
1790170481745,6341,0.1531,0.0047
1790170481795,6342,0.1843,0.0062
1790170481845,6343,0.1694,0.0077
1790170481896,6344,0.2140,0.0770
1790170481945,6345,0.2155,0.1007
1790170481995,6346,0.1579,0.0050
1790170482045,6347,0.1727,0.0433
1790170482094,6348,0.1017,0.1810
1790170482145,6349,0.0822,0.0021
1790170482194,6350,0.0677,0.0017
1790170482245,6351,0.0945,0.0031
1790170482295,6352,0.2094,0.1102
1790170482345,6353,0.0798,0.0021
1790170482395,6354,0.1840,0.1101
1790170482445,6355,0.1952,0.0055
1790170482495,6356,0.1409,0.0384
1790170482545,6357,0.1226,0.2429
1790170482595,6358,0.1016,0.0026
1790170482645,6359,0.1296,0.0500
1790170482695,6360,0.1792,0.0526
1790170482745,6361,0.0772,0.1539
1790170482795,6362,0.0739,0.0019
1790170482845,6363,0.1026,0.0054
1790170482894,6364,0.2268,0.0747
1790170482945,6365,0.1370,0.0068
1790170482995,6366,0.1673,0.0047
1790170483045,6367,0.1091,0.0057
1790170483095,6368,0.1687,0.0765
1790170483145,6369,0.0704,0.0028
1790170483195,6370,0.0874,0.0029
1790170483245,6371,0.0592,0.0028
1790170483295,6372,0.0890,0.0022
1790170483345,6373,0.0853,0.0030
1790170483395,6374,0.0807,0.0028
1790170483445,6375,0.1204,0.0568
1790170483495,6376,0.1845,0.0590
1790170483545,6377,0.2749,0.1930
1790170483595,6378,0.1600,0.0038
1790170483645,6379,0.1208,0.1311
1790170483695,6380,0.1466,0.0539
1790170483745,6381,0.0616,0.0029
1790170483795,6382,0.0795,0.0025
1790170483845,6383,0.0645,0.0028
1790170483895,6384,0.3280,0.1573
1790170483944,6385,0.1730,0.0065
1790170483995,6386,0.1167,0.1751
1790170484045,6387,0.1308,0.0038
1790170484095,6388,0.1916,0.1171
1790170484145,6389,0.1699,0.0046
1790170484195,6390,0.1537,0.1327
1790170484245,6391,0.1132,0.0039
1790170484295,6392,0.1946,0.0794
1790170484345,6393,0.1364,0.0046
1790170484395,6394,0.0890,0.0045
1790170484445,6395,0.0976,0.0030
1790170484495,6396,0.0632,0.0026
1790170484545,6397,0.0745,0.0023
1790170484595,6398,0.0579,0.0018
1790170484645,6399,0.0859,0.0043
1790170484695,6400,0.1008,0.0021
1790170484745,6401,0.1763,0.0059
1790170484795,6402,0.1662,0.0081
1790170484845,6403,0.1489,0.0049
1790170484895,6404,0.2986,0.1371
1790170484945,6405,0.3178,0.1289
1790170484995,6406,0.2022,0.0050
1790170485045,6407,0.2112,0.0437
1790170485095,6408,0.2091,0.3331
1790170485145,6409,0.0856,0.0015
1790170485195,6410,0.0688,0.0014
1790170485245,6411,0.0802,0.0015
1790170485295,6412,0.1471,0.0899
1790170485345,6413,0.2284,0.0859
1790170485395,6414,0.1813,0.0063
1790170485445,6415,0.1565,0.0066
1790170485495,6416,0.1585,0.3013
1790170485545,6417,0.1161,0.0037
1790170485594,6418,0.0885,0.0015
1790170485645,6419,0.1113,0.0461
1790170485695,6420,0.2341,0.0988
1790170485745,6421,0.1165,0.1278
1790170485795,6422,0.0788,0.0023
1790170485845,6423,0.0819,0.0022
1790170485895,6424,0.1595,0.0939
1790170485945,6425,0.1495,0.0053
1790170485995,6426,0.1689,0.0059
1790170486045,6427,0.2773,0.0791
1790170486095,6428,0.2088,0.0630
1790170486145,6429,0.1714,0.0247
1790170486195,6430,0.1818,0.3235
1790170486245,6431,0.1479,0.0029
1790170486295,6432,0.2482,0.2348
1790170486344,6433,0.1147,0.0033
1790170486395,6434,0.0759,0.0022
1790170486444,6435,0.1090,0.0022
1790170486495,6436,0.0645,0.0021
1790170486545,6437,0.0891,0.0022
1790170486595,6438,0.0576,0.0025
1790170486645,6439,0.2363,0.0016
1790170486695,6440,0.1275,0.0487
1790170486745,6441,0.0541,0.0017
1790170486795,6442,0.1200,0.0531
1790170486845,6443,0.0962,0.0032
1790170486895,6444,0.1801,0.2134
1790170486946,6445,0.1761,0.0068
1790170486995,6446,0.0888,0.0027
1790170487045,6447,0.2315,0.0808
1790170487095,6448,0.1668,0.0044
1790170487144,6449,0.4824,0.2900
1790170487195,6450,0.1761,0.0045
1790170487246,6451,0.1616,0.1501
1790170487295,6452,0.2032,0.0935
1790170487346,6453,0.1408,0.0053
1790170487394,6454,0.0995,0.0035
1790170487445,6455,0.0997,0.0036
1790170487495,6456,0.2753,0.1786
1790170487545,6457,0.2020,0.0059
1790170487594,6458,0.1724,0.0769
1790170487645,6459,0.1118,0.2565
1790170487695,6460,0.2248,0.1292
1790170487745,6461,0.1048,0.0029
1790170487795,6462,0.0886,0.1260
1790170487845,6463,0.0667,0.0019
1790170487895,6464,0.1190,0.0627
1790170487946,6465,0.1709,0.0043
1790170487994,6466,0.1100,0.0032
1790170488045,6467,0.1304,0.0072
1790170488095,6468,0.2352,0.1080
1790170488145,6469,0.0916,0.0036
1790170488195,6470,0.0757,0.0048
1790170488245,6471,0.0695,0.0029
1790170488295,6472,0.0682,0.0024
1790170488345,6473,0.1002,0.0038
1790170488395,6474,0.0831,0.0025
1790170488445,6475,0.0963,0.0030
1790170488495,6476,0.2237,0.1624
1790170488545,6477,0.1606,0.0042
1790170488595,6478,0.1302,0.1715
1790170488645,6479,0.1078,0.0030
1790170488695,6480,0.1408,0.0589
1790170488746,6481,0.0675,0.0027
1790170488795,6482,0.0630,0.0038
1790170488845,6483,0.0605,0.0016
1790170488895,6484,0.1525,0.0831
1790170488946,6485,0.1555,0.0038
1790170488995,6486,0.1303,0.0046
1790170489045,6487,0.1122,0.0051
1790170489095,6488,0.2801,0.0984
1790170489144,6489,0.2028,0.0631
1790170489195,6490,0.1862,0.0045
1790170489246,6491,0.1350,0.1436
1790170489294,6492,0.1584,0.0830
1790170489345,6493,0.1245,0.0041
1790170489395,6494,0.0670,0.0031
1790170489445,6495,0.0918,0.0026
1790170489495,6496,0.1480,0.0730
1790170489545,6497,0.0758,0.0031
1790170489595,6498,0.0769,0.0026
1790170489645,6499,0.0765,0.0031
1790170489695,6500,0.0858,0.0035
1790170489745,6501,0.0600,0.0016
1790170489795,6502,0.1092,0.0040
1790170489844,6503,0.1713,0.0597
1790170489895,6504,0.3571,0.1811
1790170489946,6505,0.1380,0.1575
1790170489995,6506,0.1600,0.0047
1790170490045,6507,0.5331,0.4545
1790170490095,6508,0.2270,0.0685
1790170490144,6509,0.2124,0.0422
1790170490195,6510,0.2113,0.3105
1790170490245,6511,0.1600,0.0040
1790170490295,6512,0.2770,0.2326
1790170490345,6513,0.1147,0.0036
1790170490395,6514,0.1285,0.0041
1790170490445,6515,0.2077,0.1108
1790170490495,6516,0.2102,0.0679
1790170490545,6517,0.1513,0.0051
1790170490595,6518,0.1206,0.2405
1790170490645,6519,0.1083,0.0016
1790170490696,6520,0.1626,0.0849
1790170490745,6521,0.0855,0.0019
1790170490795,6522,0.0820,0.0017
1790170490845,6523,0.0785,0.0019
1790170490896,6524,0.1371,0.0738
1790170490945,6525,0.0759,0.0013
1790170490995,6526,0.1395,0.0052
1790170491045,6527,0.0742,0.0028
1790170491096,6528,0.2869,0.0710
1790170491144,6529,0.3168,0.1100
1790170491195,6530,0.2183,0.0050
1790170491245,6531,0.1622,0.0317
1790170491295,6532,0.2210,0.2721
1790170491345,6533,0.0705,0.0016
1790170491395,6534,0.1406,0.0050
1790170491445,6535,0.2110,0.0060
1790170491495,6536,0.1074,0.0039
1790170491545,6537,0.0832,0.0037
1790170491595,6538,0.0963,0.0031
1790170491645,6539,0.0827,0.0028
1790170491696,6540,0.3189,0.0721
1790170491745,6541,0.0766,0.0026
1790170491794,6542,0.0890,0.0020
1790170491845,6543,0.1525,0.0058
1790170491895,6544,0.2930,0.0984
1790170491945,6545,0.1723,0.0597
1790170491995,6546,0.1785,0.0044
1790170492044,6547,0.1460,0.1357
1790170492095,6548,0.2276,0.0851
1790170492145,6549,0.1750,0.0050
1790170492195,6550,0.1510,0.0254
1790170492245,6551,0.1602,0.2140
1790170492295,6552,0.2649,0.1125
1790170492345,6553,0.0987,0.0039
1790170492395,6554,0.1721,0.0054
1790170492445,6555,0.1668,0.0069
1790170492495,6556,0.2500,0.1481
1790170492545,6557,0.1559,0.0042
1790170492595,6558,0.2431,0.2817
1790170492645,6559,0.1621,0.0048
1790170492694,6560,0.3348,0.1873
1790170492745,6561,0.1390,0.2922
1790170492794,6562,0.1749,0.0029
1790170492844,6563,0.0995,0.1121
1790170492895,6564,0.1395,0.0753
1790170492945,6565,0.0752,0.0022
1790170492995,6566,0.0812,0.0018
1790170493045,6567,0.1105,0.0042
1790170493095,6568,0.3074,0.1922
1790170493145,6569,0.1532,0.0066
1790170493195,6570,0.1436,0.1455
1790170493245,6571,0.0779,0.0022
1790170493295,6572,0.1529,0.0055
1790170493345,6573,0.1821,0.0054
1790170493395,6574,0.1314,0.0056
1790170493445,6575,0.1823,0.0632
1790170493495,6576,0.2635,0.1039
1790170493545,6577,0.1707,0.1875
1790170493595,6578,0.1723,0.0041
1790170493645,6579,0.1390,0.1507
1790170493695,6580,0.1832,0.0626
1790170493745,6581,0.0879,0.0023
1790170493795,6582,0.0835,0.0025
1790170493844,6583,0.0663,0.0023
1790170493895,6584,0.1444,0.0858
1790170493945,6585,0.0661,0.0035
1790170493995,6586,0.0856,0.0024
1790170494044,6587,0.1463,0.0038
1790170494095,6588,0.1723,0.0888
1790170494145,6589,0.0703,0.0022
1790170494195,6590,0.1448,0.0726
1790170494245,6591,0.1365,0.0042
1790170494294,6592,0.2578,0.2211
1790170494345,6593,0.1449,0.0049
1790170494395,6594,0.1617,0.0048
1790170494446,6595,0.1125,0.0037
1790170494494,6596,0.1752,0.0738
1790170494545,6597,0.0753,0.0030
1790170494595,6598,0.0809,0.0043
1790170494646,6599,0.0851,0.0028
1790170494695,6600,0.1061,0.0031
1790170494745,6601,0.0647,0.0040
1790170494795,6602,0.0548,0.0024
1790170494846,6603,0.0875,0.0033
1790170494895,6604,0.2793,0.1067
1790170494945,6605,0.1181,0.0046
1790170494995,6606,0.1194,0.0046
1790170495045,6607,0.1193,0.0039
1790170495095,6608,0.2131,0.0725
1790170495145,6609,0.2258,0.1237
1790170495194,6610,0.2117,0.0053
1790170495245,6611,0.2310,0.0449
1790170495295,6612,0.1988,0.3649
1790170495345,6613,0.1345,0.0051
1790170495395,6614,0.1631,0.0049
1790170495445,6615,0.1776,0.0081
1790170495495,6616,0.2153,0.0741
1790170495545,6617,0.2134,0.1142
1790170495595,6618,0.1898,0.0054
1790170495645,6619,0.1397,0.0047
1790170495695,6620,0.2005,0.3063
1790170495745,6621,0.0718,0.0015
1790170495795,6622,0.0979,0.0015
1790170495845,6623,0.0563,0.0015
1790170495895,6624,0.1602,0.0852
1790170495945,6625,0.0738,0.0021
1790170495995,6626,0.0906,0.0026
1790170496045,6627,0.0754,0.0018
1790170496095,6628,0.2004,0.0904
1790170496145,6629,0.1467,0.0730
1790170496195,6630,0.1387,0.0048
1790170496244,6631,0.2073,0.1993
1790170496295,6632,0.2433,0.0703
1790170496345,6633,0.1363,0.0529
1790170496395,6634,0.1609,0.1925
1790170496445,6635,0.1560,0.0047
1790170496495,6636,0.1557,0.0827
1790170496545,6637,0.1372,0.0043
1790170496595,6638,0.1142,0.1364
1790170496645,6639,0.0741,0.0025
1790170496695,6640,0.1565,0.0668
1790170496745,6641,0.1902,0.0027
1790170496795,6642,0.0683,0.0022
1790170496845,6643,0.0775,0.0025
1790170496895,6644,0.1464,0.0804
1790170496945,6645,0.0909,0.0014
1790170496996,6646,0.1091,0.0019
1790170497045,6647,0.0592,0.0019
1790170497095,6648,0.1709,0.0053
1790170497145,6649,0.0818,0.0047
1790170497196,6650,0.1637,0.0933
1790170497245,6651,0.1365,0.0043
1790170497295,6652,0.2036,0.3161
1790170497345,6653,0.1030,0.0016
1790170497395,6654,0.1115,0.0028
1790170497445,6655,0.1310,0.0047
1790170497495,6656,0.2301,0.0718
1790170497545,6657,0.1595,0.0069
1790170497595,6658,0.1785,0.0050
1790170497645,6659,0.1193,0.0043
1790170497695,6660,0.3294,0.2107
1790170497745,6661,0.1768,0.0055
1790170497794,6662,0.2060,0.0774
1790170497845,6663,0.1578,0.2863
1790170497895,6664,0.1139,0.1344
1790170497945,6665,0.0755,0.0026
1790170497995,6666,0.0834,0.0025
1790170498045,6667,0.0739,0.0025
1790170498095,6668,0.2425,0.1358
1790170498145,6669,0.1214,0.0066
1790170498195,6670,0.1207,0.0032
1790170498245,6671,0.1340,0.0636
1790170498295,6672,0.0855,0.0032
1790170498345,6673,0.0812,0.1282
1790170498395,6674,0.0591,0.0022
1790170498445,6675,0.1581,0.0052
1790170498495,6676,0.2816,0.0993
1790170498545,6677,0.1056,0.0039
1790170498595,6678,0.1601,0.0571
1790170498645,6679,0.1519,0.0047
1790170498695,6680,0.1874,0.1879
1790170498745,6681,0.0908,0.0029
1790170498795,6682,0.1561,0.0796
1790170498845,6683,0.1108,0.0037
1790170498895,6684,0.1647,0.2358
1790170498945,6685,0.0697,0.0024
1790170498995,6686,0.0829,0.0024
1790170499045,6687,0.0716,0.0020
1790170499095,6688,0.1627,0.0686
1790170499144,6689,0.0968,0.0033
1790170499195,6690,0.0981,0.0044
1790170499245,6691,0.1420,0.0597
1790170499295,6692,0.2117,0.1008
1790170499345,6693,0.1254,0.1377
1790170499395,6694,0.1857,0.0765
1790170499445,6695,0.1338,0.0049
1790170499495,6696,0.2143,0.2042
1790170499545,6697,0.1416,0.0047
1790170499595,6698,0.0846,0.0035
1790170499645,6699,0.0696,0.0033
1790170499695,6700,0.1061,0.0048
1790170499745,6701,0.1724,0.0618
1790170499795,6702,0.1722,0.0069
1790170499845,6703,0.1275,0.1404
1790170499895,6704,0.2815,0.1209
1790170499945,6705,0.1100,0.0040
1790170499995,6706,0.1119,0.0037
1790170500045,6707,0.1327,0.0071
1790170500095,6708,0.2001,0.0775
1790170500144,6709,0.1776,0.0055
1790170500195,6710,0.1143,0.0032
1790170500245,6711,0.2154,0.1396
1790170500294,6712,0.2777,0.0970
1790170500345,6713,0.1771,0.0591
1790170500395,6714,0.1149,0.2743
1790170500445,6715,0.1345,0.0038
1790170500495,6716,0.1463,0.0741
1790170500545,6717,0.1230,0.0044
1790170500595,6718,0.1098,0.0057
1790170500645,6719,0.1915,0.1124
1790170500695,6720,0.2449,0.0914
1790170500746,6721,0.1366,0.0044
1790170500795,6722,0.0968,0.2480
1790170500846,6723,0.0800,0.0025
1790170500895,6724,0.1360,0.0802
1790170500945,6725,0.0699,0.0015
1790170500995,6726,0.0655,0.0018
1790170501045,6727,0.0676,0.0014
1790170501095,6728,0.1745,0.0941
1790170501145,6729,0.1155,0.0033
1790170501194,6730,0.1597,0.0045
1790170501245,6731,0.1171,0.0060
1790170501295,6732,0.2883,0.1184
1790170501345,6733,0.1579,0.0951
1790170501395,6734,0.1737,0.0072
1790170501445,6735,0.1676,0.0456
1790170501496,6736,0.1326,0.2197
1790170501545,6737,0.1667,0.0066
1790170501594,6738,0.1456,0.0050
1790170501645,6739,0.1061,0.0040
1790170501695,6740,0.1739,0.0652
1790170501745,6741,0.2140,0.0050
1790170501795,6742,0.0931,0.0037
1790170501845,6743,0.0766,0.0032
1790170501895,6744,0.1804,0.1033
1790170501945,6745,0.1784,0.0054
1790170501995,6746,0.1543,0.0057
1790170502045,6747,0.0975,0.0036
1790170502095,6748,0.0900,0.0036
1790170502145,6749,0.0692,0.0026
1790170502195,6750,0.1179,0.0044
1790170502244,6751,0.2843,0.1322
1790170502295,6752,0.2633,0.0890
1790170502346,6753,0.1599,0.0551
1790170502395,6754,0.1409,0.1641
1790170502445,6755,0.2166,0.0835
1790170502495,6756,0.1910,0.0615
1790170502545,6757,0.1397,0.1850
1790170502595,6758,0.1795,0.0049
1790170502645,6759,0.1448,0.0075
1790170502695,6760,0.2165,0.0625
1790170502745,6761,0.0817,0.0031
1790170502795,6762,0.3814,0.3022
1790170502845,6763,0.4781,0.3330
1790170502895,6764,0.2534,0.0769
1790170502945,6765,0.1739,0.3844
1790170502995,6766,0.1128,0.0022
1790170503046,6767,0.0699,0.0014
1790170503095,6768,0.1425,0.0844
1790170503145,6769,0.0659,0.0020
1790170503195,6770,0.1427,0.0035
1790170503245,6771,0.0699,0.0024
1790170503295,6772,0.0776,0.0018
1790170503345,6773,0.0645,0.0038
1790170503395,6774,0.0643,0.0017
1790170503445,6775,0.0617,0.0022
1790170503495,6776,0.1981,0.0978
1790170503545,6777,0.0673,0.0025
1790170503595,6778,0.0630,0.0026
1790170503645,6779,0.2307,0.0701
1790170503695,6780,0.2705,0.0741
1790170503745,6781,0.1243,0.1308
1790170503795,6782,0.0914,0.0026
1790170503845,6783,0.0783,0.0026
1790170503895,6784,0.1786,0.1104
1790170503945,6785,0.1095,0.0036
1790170503995,6786,0.1083,0.0033
1790170504045,6787,0.0614,0.0028
1790170504095,6788,0.1404,0.0737
1790170504145,6789,0.0554,0.0025
1790170504195,6790,0.1626,0.0050
1790170504245,6791,0.1474,0.0077
1790170504295,6792,0.2554,0.1504
1790170504345,6793,0.1312,0.0041
1790170504395,6794,0.1224,0.1379
1790170504445,6795,0.0816,0.0044
1790170504495,6796,0.1034,0.0037
1790170504545,6797,0.1695,0.0891
1790170504595,6798,0.1002,0.0039
1790170504645,6799,0.1157,0.1316
1790170504694,6800,0.1718,0.0049
1790170504745,6801,0.1298,0.0049
1790170504794,6802,0.1235,0.0065
1790170504845,6803,0.1143,0.0059
1790170504895,6804,0.1632,0.0930
1790170504945,6805,0.1234,0.0038
1790170504995,6806,0.2714,0.0059
1790170505045,6807,0.1072,0.0039
1790170505095,6808,0.2292,0.1409
1790170505145,6809,0.1674,0.0044
1790170505194,6810,0.1599,0.1416
1790170505246,6811,0.1697,0.0049
1790170505295,6812,0.2034,0.0968
1790170505345,6813,0.1809,0.1087
1790170505395,6814,0.1546,0.0046
1790170505445,6815,0.1887,0.0461
1790170505496,6816,0.2491,0.3476
1790170505545,6817,0.1035,0.0030
1790170505596,6818,0.0696,0.0022
1790170505645,6819,0.0974,0.0039
1790170505695,6820,0.2266,0.1540
1790170505745,6821,0.2315,0.0824
1790170505794,6822,0.1431,0.2076
1790170505845,6823,0.1467,0.0048
1790170505895,6824,0.1724,0.3030
1790170505945,6825,0.0814,0.0021
1790170505995,6826,0.0959,0.0021
1790170506045,6827,0.1038,0.0469
1790170506094,6828,0.1128,0.0035
1790170506145,6829,0.1006,0.1548
1790170506195,6830,0.1085,0.0028
1790170506245,6831,0.1104,0.0035
1790170506295,6832,0.1799,0.1015
1790170506345,6833,0.0724,0.0025
1790170506395,6834,0.0711,0.0026
1790170506445,6835,0.1436,0.0706
1790170506495,6836,0.1742,0.0047
1790170506546,6837,0.1426,0.0270
1790170506595,6838,0.0878,0.2038
1790170506645,6839,0.0696,0.0015
1790170506694,6840,0.1642,0.0714
1790170506745,6841,0.1832,0.0017
1790170506795,6842,0.1482,0.0055
1790170506844,6843,0.1100,0.0039
1790170506895,6844,0.1640,0.0794
1790170506945,6845,0.1241,0.0034
1790170506995,6846,0.0912,0.0026
1790170507045,6847,0.0899,0.0024
1790170507095,6848,0.0685,0.0050
1790170507145,6849,0.0661,0.0027
1790170507195,6850,0.0748,0.0027
1790170507245,6851,0.1340,0.0049
1790170507295,6852,0.2423,0.1000
1790170507345,6853,0.1758,0.1080
1790170507395,6854,0.1967,0.0044
1790170507445,6855,0.1490,0.0254
1790170507495,6856,0.2350,0.2708
1790170507545,6857,0.0958,0.0017
1790170507595,6858,0.0815,0.0017
1790170507645,6859,0.0638,0.0021
1790170507696,6860,0.2511,0.1007
1790170507745,6861,0.0687,0.0039
1790170507796,6862,0.1062,0.0026
1790170507844,6863,0.1476,0.0046
1790170507895,6864,0.3154,0.1872
1790170507946,6865,0.2135,0.0055
1790170507995,6866,0.1799,0.0054
1790170508045,6867,0.1217,0.4569
1790170508095,6868,0.1454,0.0731
1790170508145,6869,0.0931,0.0019
1790170508195,6870,0.0793,0.0013
1790170508245,6871,0.0561,0.0016
1790170508295,6872,0.1563,0.0048
1790170508346,6873,0.1010,0.0036
1790170508396,6874,0.0827,0.0034
1790170508445,6875,0.1523,0.0059
1790170508495,6876,0.2030,0.0684
1790170508545,6877,0.0820,0.0032
1790170508595,6878,0.0953,0.0034
1790170508646,6879,0.0799,0.0028
1790170508695,6880,0.2124,0.1327
1790170508745,6881,0.2244,0.0635
1790170508794,6882,0.1628,0.1851
1790170508845,6883,0.1835,0.1643
1790170508895,6884,0.2172,0.0827
1790170508945,6885,0.0963,0.0033
1790170508995,6886,0.0864,0.0033
1790170509045,6887,0.0832,0.0029
1790170509095,6888,0.1308,0.0724
1790170509146,6889,0.1293,0.0594
1790170509195,6890,0.1746,0.0045
1790170509245,6891,0.1149,0.1367
1790170509295,6892,0.2420,0.0983
1790170509345,6893,0.1818,0.0626
1790170509395,6894,0.1216,0.0036
1790170509445,6895,0.1226,0.1316
1790170509495,6896,0.2557,0.0787
1790170509545,6897,0.0738,0.0035
1790170509595,6898,0.0884,0.0035
1790170509645,6899,0.0921,0.0024
1790170509695,6900,0.1277,0.0037
1790170509745,6901,0.0828,0.0036
1790170509795,6902,0.0696,0.0021
1790170509846,6903,0.0729,0.0019
1790170509895,6904,0.2914,0.1120
1790170509945,6905,0.1777,0.0054
1790170509995,6906,0.1486,0.0043
1790170510045,6907,0.0799,0.0028
1790170510095,6908,0.1328,0.0631
1790170510145,6909,0.0752,0.0027
1790170510195,6910,0.1136,0.0033
1790170510245,6911,0.0737,0.0029
1790170510295,6912,0.2407,0.1144
1790170510346,6913,0.1348,0.0045
1790170510395,6914,0.0958,0.0035
1790170510445,6915,0.2614,0.1543
1790170510495,6916,0.1701,0.0042
1790170510545,6917,0.1602,0.0340
1790170510594,6918,0.1201,0.2877
1790170510645,6919,0.0738,0.0015
1790170510695,6920,0.1820,0.0955
1790170510745,6921,0.0658,0.0033
1790170510795,6922,0.1128,0.0025
1790170510845,6923,0.1522,0.0893
1790170510895,6924,0.2972,0.0945
1790170510945,6925,0.1834,0.0536
1790170510995,6926,0.1262,0.1997
1790170511045,6927,0.1026,0.0018
1790170511095,6928,0.1290,0.0638
1790170511145,6929,0.0972,0.0049
1790170511194,6930,0.1206,0.0038
1790170511245,6931,0.0757,0.0020
1790170511295,6932,0.1352,0.0748
1790170511345,6933,0.0932,0.0053
1790170511395,6934,0.1820,0.0691
1790170511445,6935,0.1434,0.0042
1790170511495,6936,0.1354,0.1751
1790170511545,6937,0.2481,0.1044
1790170511595,6938,0.1826,0.0048
1790170511645,6939,0.1615,0.0498
1790170511695,6940,0.2054,0.2634
1790170511744,6941,0.1035,0.0025
1790170511796,6942,0.2261,0.0028
1790170511845,6943,0.0817,0.0022
1790170511895,6944,0.1537,0.0782
1790170511945,6945,0.0803,0.0026
1790170511995,6946,0.2019,0.0605
1790170512045,6947,0.1461,0.0048
1790170512094,6948,0.1958,0.1542
1790170512145,6949,0.1557,0.0050
1790170512195,6950,0.1422,0.0064
1790170512245,6951,0.0753,0.0033
1790170512295,6952,0.1532,0.0861
1790170512345,6953,0.2676,0.0728
1790170512395,6954,0.1782,0.0046
1790170512445,6955,0.2107,0.2251
1790170512495,6956,0.2424,0.0845
1790170512544,6957,0.1427,0.0244
1790170512595,6958,0.1158,0.2018
1790170512644,6959,0.0983,0.0025
1790170512695,6960,0.1634,0.0771
1790170512745,6961,0.0701,0.0026
1790170512794,6962,0.0858,0.0023
1790170512845,6963,0.0679,0.0040
1790170512895,6964,0.1823,0.1200
1790170512945,6965,0.0790,0.0018
1790170512995,6966,0.6929,0.5326
1790170513045,6967,0.1911,0.0056
1790170513095,6968,0.2273,0.0873
1790170513145,6969,0.1254,0.3327
1790170513195,6970,0.1024,0.0016
1790170513245,6971,0.0739,0.0019
1790170513295,6972,0.0768,0.0023
1790170513345,6973,0.1316,0.0052
1790170513394,6974,0.0708,0.0047
1790170513445,6975,0.1458,0.0042
1790170513495,6976,0.2022,0.0886
1790170513545,6977,0.1334,0.0070
1790170513595,6978,0.1226,0.0041
1790170513645,6979,0.1025,0.0030
1790170513695,6980,0.1498,0.0567
1790170513745,6981,0.1550,0.0746
1790170513795,6982,0.1361,0.0037
1790170513845,6983,0.0985,0.1291
1790170513895,6984,0.1705,0.0819
1790170513944,6985,0.0903,0.0182
1790170513995,6986,0.1243,0.0269
1790170514045,6987,0.0782,0.0143
1790170514095,6988,0.2724,0.0877
1790170514145,6989,0.1318,0.0044
1790170514195,6990,0.1016,0.0033
1790170514245,6991,0.0735,0.0029
1790170514295,6992,0.1477,0.0939
1790170514345,6993,0.0863,0.0041
1790170514395,6994,0.2132,0.0984
1790170514445,6995,0.1819,0.0069
1790170514495,6996,0.1838,0.1881
1790170514546,6997,0.1755,0.0052
1790170514595,6998,0.1794,0.0054
1790170514645,6999,0.0942,0.0034
1790170514695,7000,0.1230,0.0028
1790170514745,7001,0.0834,0.0030
1790170514795,7002,0.0674,0.0025
1790170514845,7003,0.0690,0.0021
1790170514895,7004,0.1617,0.0849
1790170514945,7005,0.0592,0.0024
1790170514995,7006,0.0926,0.0037
1790170515045,7007,0.1873,0.0685
1790170515095,7008,0.2447,0.0728
1790170515145,7009,0.1714,0.1526
1790170515195,7010,0.1104,0.0025
1790170515245,7011,0.0866,0.0027
1790170515295,7012,0.1550,0.0906
1790170515345,7013,0.0880,0.0023
1790170515395,7014,0.1262,0.0032
1790170515445,7015,0.1609,0.0577
1790170515495,7016,0.1672,0.0583
1790170515545,7017,0.1930,0.2694
1790170515595,7018,0.1780,0.0044
1790170515645,7019,0.1802,0.0402
1790170515695,7020,0.1923,0.3380
1790170515745,7021,0.0885,0.0033
1790170515795,7022,0.1251,0.0014
1790170515845,7023,0.0593,0.0011
1790170515895,7024,0.1830,0.0922
1790170515945,7025,0.1539,0.0830
1790170515995,7026,0.1491,0.0043
1790170516045,7027,0.1309,0.0044
1790170516095,7028,0.2094,0.2993
1790170516145,7029,0.1587,0.0053
1790170516195,7030,0.1647,0.0041
1790170516245,7031,0.1399,0.0045
1790170516295,7032,0.1935,0.1003
1790170516345,7033,0.1248,0.0041
1790170516395,7034,0.1620,0.0061
1790170516445,7035,0.1247,0.0049
1790170516495,7036,0.1045,0.0032
1790170516545,7037,0.1169,0.0033
1790170516595,7038,0.0896,0.0037
1790170516645,7039,0.2186,0.0985
1790170516695,7040,0.2617,0.0639
1790170516744,7041,0.2843,0.1909
1790170516795,7042,0.1297,0.0031
1790170516845,7043,0.2507,0.0018
1790170516895,7044,0.1752,0.0796
1790170516945,7045,0.0914,0.0018
1790170516995,7046,0.0683,0.0017
1790170517045,7047,0.0956,0.0056
1790170517095,7048,0.0859,0.0026
1790170517145,7049,0.0630,0.0014
1790170517195,7050,0.2246,0.0663
1790170517245,7051,0.1575,0.0038
1790170517295,7052,0.2051,0.2590
1790170517346,7053,0.0931,0.0026
1790170517395,7054,0.0890,0.0026
1790170517445,7055,0.1581,0.0065
1790170517495,7056,0.2480,0.0755
1790170517545,7057,0.1989,0.0817
1790170517595,7058,0.1829,0.0044
1790170517645,7059,0.1373,0.2056
1790170517695,7060,0.2295,0.1181
1790170517745,7061,0.1002,0.0020
1790170517795,7062,0.1032,0.1529
1790170517845,7063,0.0806,0.0016
1790170517895,7064,0.1186,0.0494
1790170517945,7065,0.0625,0.0031
1790170517995,7066,0.0659,0.0018
1790170518046,7067,0.0858,0.0018
1790170518095,7068,0.2681,0.2003
1790170518146,7069,0.1302,0.0038
1790170518195,7070,0.2126,0.0041
1790170518245,7071,0.1477,0.2938
1790170518295,7072,0.1822,0.0595
1790170518345,7073,0.1623,0.0041
1790170518395,7074,0.1246,0.1520
1790170518445,7075,0.1769,0.0047
1790170518495,7076,0.2302,0.1037
1790170518545,7077,0.0820,0.0027
1790170518595,7078,0.1192,0.0033
1790170518645,7079,0.1507,0.0611
1790170518695,7080,0.2142,0.0611
1790170518745,7081,0.1034,0.1509
1790170518795,7082,0.1501,0.0517
1790170518845,7083,0.1334,0.0030
1790170518895,7084,0.1767,0.2031
1790170518945,7085,0.0850,0.0020
1790170518995,7086,0.0828,0.0020
1790170519044,7087,0.0757,0.0019
1790170519095,7088,0.1224,0.0547
1790170519145,7089,0.0806,0.0019
1790170519195,7090,0.0972,0.0039
1790170519245,7091,0.1035,0.0025
1790170519295,7092,0.2201,0.0994
1790170519345,7093,0.0943,0.0028
1790170519395,7094,0.1176,0.0039
1790170519445,7095,0.2019,0.0600
1790170519496,7096,0.2403,0.0701
1790170519545,7097,0.1148,0.1563
1790170519595,7098,0.1484,0.0032
1790170519645,7099,0.1307,0.0039
1790170519695,7100,0.1433,0.0066
1790170519745,7101,0.0671,0.0030
1790170519796,7102,0.0945,0.0027
1790170519845,7103,0.0858,0.0022
1790170519896,7104,0.1930,0.0980
1790170519945,7105,0.1091,0.0033
1790170519995,7106,0.1169,0.0034
1790170520045,7107,0.0790,0.0020
1790170520095,7108,0.1602,0.0883
1790170520145,7109,0.0637,0.0023
1790170520195,7110,0.0755,0.0019
1790170520245,7111,0.0769,0.0019
1790170520295,7112,0.3047,0.1159
1790170520345,7113,0.1226,0.0043
1790170520395,7114,0.0933,0.0031
1790170520445,7115,0.1804,0.0053
1790170520495,7116,0.2905,0.0880
1790170520545,7117,0.1797,0.0061
1790170520595,7118,0.1664,0.0049
1790170520645,7119,0.2979,0.1345
1790170520695,7120,0.2844,0.0772
1790170520745,7121,0.1303,0.0700
1790170520795,7122,0.1487,0.2656
1790170520845,7123,0.1336,0.0020
1790170520895,7124,0.1834,0.0964
1790170520945,7125,0.0863,0.0023
1790170520995,7126,0.0698,0.0022
1790170521044,7127,0.1723,0.1014
1790170521095,7128,0.2046,0.0640
1790170521145,7129,0.1468,0.0048
1790170521195,7130,0.1105,0.2461
1790170521245,7131,0.0929,0.0024
1790170521295,7132,0.1585,0.0817
1790170521345,7133,0.1832,0.0613
1790170521395,7134,0.1630,0.0044
1790170521445,7135,0.1485,1.4739
1790170521495,7136,0.1463,0.0039
1790170521545,7137,0.1319,0.0038
1790170521595,7138,0.0967,0.0033
1790170521645,7139,0.1111,0.0039
1790170521695,7140,0.3350,0.1727
1790170521745,7141,0.2342,0.0621
1790170521794,7142,0.1939,0.0532
1790170521845,7143,0.1432,0.3012
1790170521895,7144,0.3295,0.0934
1790170521945,7145,0.0860,0.0026
1790170521995,7146,0.0785,0.0022
1790170522045,7147,0.0657,0.0025
1790170522095,7148,0.0836,0.0018
1790170522145,7149,0.1333,0.0034
1790170522194,7150,0.1478,0.0056
1790170522245,7151,0.1083,0.0045
1790170522295,7152,0.1761,0.0802
1790170522345,7153,0.1171,0.0034
1790170522395,7154,0.1289,0.0043
1790170522445,7155,0.1639,0.0049
1790170522495,7156,0.2247,0.0700
1790170522545,7157,0.0958,0.0035
1790170522595,7158,0.1689,0.0774
1790170522645,7159,0.1334,0.0064
1790170522695,7160,0.2847,0.1250
1790170522746,7161,0.1709,0.1638
1790170522795,7162,0.0904,0.0019
1790170522845,7163,0.0613,0.0019
1790170522895,7164,0.0716,0.0020
1790170522945,7165,0.0809,0.0015
1790170522995,7166,0.0696,0.0018
1790170523045,7167,0.0594,0.0041
1790170523094,7168,0.1797,0.0986
1790170523145,7169,0.0800,0.0020
1790170523195,7170,0.2312,0.1396
1790170523245,7171,0.1439,0.0049
1790170523295,7172,0.1655,0.0053
1790170523345,7173,0.1163,0.3405
1790170523395,7174,0.1482,0.0045
1790170523445,7175,0.1693,0.0044
1790170523495,7176,0.2924,0.1494
1790170523545,7177,0.1677,0.0043
1790170523595,7178,0.1675,0.1445
1790170523645,7179,0.1318,0.0027
1790170523695,7180,0.1840,0.0629
1790170523745,7181,0.0808,0.0037
1790170523795,7182,0.0779,0.0027
1790170523845,7183,0.1390,0.0645
1790170523895,7184,0.1902,0.0653
1790170523945,7185,0.1049,0.1670
1790170523995,7186,0.1502,0.0472
1790170524045,7187,0.1386,0.0035
1790170524095,7188,0.1643,0.1784
1790170524145,7189,0.0861,0.0021
1790170524194,7190,0.0857,0.0022
1790170524245,7191,0.0655,0.0017
1790170524295,7192,0.1771,0.0973
1790170524345,7193,0.1335,0.0022
1790170524395,7194,0.0609,0.0015
1790170524445,7195,0.1816,0.0054
1790170524495,7196,0.2745,0.1279
1790170524545,7197,0.1392,0.0045
1790170524595,7198,0.1859,0.1812
1790170524645,7199,0.1945,0.0044
1790170524695,7200,0.1898,0.1373
1790170524746,7201,0.1251,0.0030
1790170524794,7202,0.0826,0.0025
1790170524845,7203,0.0736,0.0024
1790170524895,7204,0.1410,0.0866
1790170524945,7205,0.1297,0.0647
1790170524995,7206,0.1421,0.0039
1790170525045,7207,0.2215,0.1389
1790170525095,7208,0.1702,0.0584
1790170525145,7209,0.0984,0.0029
1790170525195,7210,0.1973,0.0074
1790170525245,7211,0.1846,0.0052
1790170525295,7212,0.2148,0.0915
1790170525344,7213,0.0624,0.0026
1790170525395,7214,0.0650,0.0025
1790170525445,7215,0.1106,0.0034
1790170525495,7216,0.2612,0.0805
1790170525545,7217,0.1467,0.0050
1790170525595,7218,0.0986,0.0037
1790170525645,7219,0.1162,0.0045
1790170525695,7220,0.2005,0.0819
1790170525745,7221,0.2342,0.1114
1790170525795,7222,0.2039,0.0048
1790170525845,7223,0.1617,0.0616
1790170525895,7224,0.1654,0.3161
1790170525945,7225,0.1041,0.0014
1790170525995,7226,0.0845,0.0035
1790170526045,7227,0.0618,0.0016
1790170526095,7228,0.1209,0.0567
1790170526145,7229,0.1506,0.0921
1790170526195,7230,0.1786,0.0041
1790170526245,7231,0.1268,0.0040
1790170526295,7232,0.1527,0.3786
1790170526345,7233,0.0670,0.0013
1790170526394,7234,0.0721,0.0016
1790170526445,7235,0.0736,0.0019
1790170526495,7236,0.0552,0.0034
1790170526545,7237,0.1507,0.0051
1790170526595,7238,0.1376,0.0054
1790170526645,7239,0.1227,0.0040
1790170526695,7240,0.2343,0.0610
1790170526745,7241,0.0891,0.0032
1790170526795,7242,0.1628,0.0814
1790170526845,7243,0.2091,0.0047
1790170526895,7244,0.2550,0.1259
1790170526944,7245,0.2314,0.1677
1790170526995,7246,0.1155,0.0030
1790170527045,7247,0.0638,0.0020
1790170527095,7248,0.0563,0.0024
1790170527145,7249,0.0653,0.0022
1790170527195,7250,0.0770,0.0018
1790170527245,7251,0.0504,0.0014
1790170527295,7252,0.1593,0.0829
1790170527345,7253,0.0607,0.0013
1790170527395,7254,0.0650,0.0013
1790170527445,7255,0.1262,0.0037
1790170527495,7256,0.1412,0.0620
1790170527544,7257,0.1535,0.0051
1790170527595,7258,0.1673,0.0054
1790170527645,7259,0.1963,0.0593
1790170527695,7260,0.3320,0.1424
1790170527745,7261,0.1737,0.1421
1790170527795,7262,0.1364,0.0325
1790170527845,7263,0.0960,0.1743
1790170527896,7264,0.1267,0.0554
1790170527945,7265,0.2073,0.0043
1790170527995,7266,0.1548,0.0040
1790170528046,7267,0.1446,0.0599
1790170528096,7268,0.1978,0.0954
1790170528145,7269,0.0805,0.1563
1790170528195,7270,0.1068,0.0039
1790170528245,7271,0.0666,0.0023
1790170528295,7272,0.2266,0.1555
1790170528345,7273,0.1555,0.0043
1790170528396,7274,0.1702,0.0046
1790170528446,7275,0.1116,0.3033
1790170528495,7276,0.1643,0.0980
1790170528545,7277,0.1269,0.0046
1790170528595,7278,0.1928,0.0050
1790170528646,7279,0.1789,0.0051
1790170528695,7280,0.2098,0.0835
1790170528745,7281,0.0760,0.0029
1790170528795,7282,0.0698,0.0055
1790170528845,7283,0.0743,0.0030
1790170528895,7284,0.1946,0.1318
1790170528945,7285,0.1780,0.0046
1790170528995,7286,0.1408,0.1405
1790170529045,7287,0.1089,0.0030
1790170529095,7288,0.1379,0.0615
1790170529145,7289,0.0782,0.0025
1790170529195,7290,0.1350,0.0033
1790170529245,7291,0.0545,0.0022
1790170529295,7292,0.1445,0.0918
1790170529345,7293,0.0513,0.0015
1790170529395,7294,0.0826,0.0017
1790170529445,7295,0.1019,0.0025
1790170529496,7296,0.0947,0.0025
1790170529545,7297,0.1620,0.0870
1790170529594,7298,0.1553,0.0043
1790170529645,7299,0.1419,0.1650
1790170529695,7300,0.1643,0.0062
1790170529745,7301,0.1049,0.0031
1790170529796,7302,0.1691,0.0630
1790170529845,7303,0.1628,0.0040
1790170529895,7304,0.2015,0.2071
1790170529945,7305,0.0967,0.0029
1790170529995,7306,0.0924,0.0031
1790170530045,7307,0.0650,0.0039
1790170530095,7308,0.1396,0.0586
1790170530145,7309,0.0636,0.0022
1790170530195,7310,0.0850,0.0016
1790170530246,7311,0.1150,0.0022
1790170530295,7312,0.1928,0.1418
1790170530345,7313,0.1260,0.0038
1790170530395,7314,0.1215,0.1320
1790170530445,7315,0.1171,0.0027
1790170530495,7316,0.1400,0.0695
1790170530545,7317,0.0623,0.0020
1790170530595,7318,0.1113,0.0028
1790170530646,7319,0.0896,0.0024
1790170530695,7320,0.2470,0.1062
1790170530745,7321,0.1343,0.0045
1790170530795,7322,0.0688,0.0029
1790170530845,7323,0.1812,0.1074
1790170530895,7324,0.3423,0.1576
1790170530945,7325,0.1696,0.0045
1790170530995,7326,0.1814,0.3984
1790170531044,7327,0.0753,0.0014
1790170531095,7328,0.0708,0.0017
1790170531145,7329,0.0625,0.0013
1790170531195,7330,0.0731,0.0012
1790170531245,7331,0.2467,0.1089
1790170531295,7332,0.2478,0.0672
1790170531344,7333,0.1622,0.0642
1790170531395,7334,0.0943,0.2041
1790170531444,7335,0.0755,0.0015
1790170531495,7336,0.0605,0.0012
1790170531545,7337,0.1397,0.0063
1790170531595,7338,0.1442,0.0040
1790170531645,7339,0.0867,0.0028
1790170531694,7340,0.2614,0.0879
1790170531745,7341,0.1429,0.0044
1790170531795,7342,0.1288,0.0050
1790170531845,7343,0.1464,0.0051
1790170531895,7344,0.3458,0.1857
1790170531945,7345,0.3143,0.0046
1790170531995,7346,0.3394,0.2233
1790170532045,7347,0.0935,0.0031
1790170532095,7348,0.0717,0.0019
1790170532145,7349,0.1159,0.0040
1790170532195,7350,0.1257,0.0036
1790170532245,7351,0.1587,0.0049
1790170532295,7352,0.2454,0.1197
1790170532345,7353,0.1669,0.0049
1790170532395,7354,0.0961,0.0034
1790170532445,7355,0.0635,0.0025
1790170532495,7356,0.2289,0.0885
1790170532546,7357,0.0756,0.0030
1790170532595,7358,0.0904,0.0029
1790170532645,7359,0.1021,0.0033
1790170532695,7360,0.2289,0.0847
1790170532745,7361,0.1530,0.0047
1790170532795,7362,0.2071,0.0777
1790170532846,7363,0.1741,0.0068
1790170532895,7364,0.2015,0.0855
1790170532945,7365,0.1215,0.2214
1790170532995,7366,0.1070,0.0124
1790170533045,7367,0.0651,0.0022
1790170533095,7368,0.1436,0.0742
1790170533145,7369,0.0592,0.0018
1790170533194,7370,0.0762,0.0014
1790170533245,7371,0.0597,0.0031
1790170533295,7372,0.0617,0.0034
1790170533345,7373,0.0610,0.0012
1790170533395,7374,0.1877,0.1297
1790170533445,7375,0.1819,0.0053
1790170533495,7376,0.1915,0.0322
1790170533545,7377,0.1280,0.2918
1790170533595,7378,0.1350,0.0183
1790170533645,7379,0.1255,0.0045
1790170533695,7380,0.2216,0.0650
1790170533744,7381,0.0983,0.0034
1790170533795,7382,0.1868,0.0056
1790170533845,7383,0.1459,0.0046
1790170533895,7384,0.2066,0.0829
1790170533945,7385,0.1648,0.0866
1790170533995,7386,0.1517,0.0041
1790170534044,7387,0.1304,0.0044
1790170534095,7388,0.1707,0.2376
1790170534144,7389,0.0853,0.0027
1790170534195,7390,0.0831,0.0022
1790170534245,7391,0.0508,0.0014
1790170534295,7392,0.1587,0.0679
1790170534345,7393,0.1558,0.0572
1790170534395,7394,0.1730,0.0048
1790170534444,7395,0.1322,0.1372
1790170534495,7396,0.1367,0.0682
1790170534544,7397,0.0733,0.0023
1790170534594,7398,0.1997,0.0885
1790170534645,7399,0.1387,0.0036
1790170534695,7400,0.1534,0.1603
1790170534745,7401,0.0853,0.0028
1790170534795,7402,0.1264,0.0055
1790170534845,7403,0.1770,0.0053
1790170534894,7404,0.2219,0.0857
1790170534945,7405,0.0936,0.0032
1790170534995,7406,0.0956,0.0033
1790170535045,7407,0.0690,0.0030
1790170535095,7408,0.1592,0.0726
1790170535145,7409,0.0656,0.0023
1790170535195,7410,0.0969,0.0021
1790170535245,7411,0.0836,0.0019
1790170535295,7412,0.2776,0.1272
1790170535345,7413,0.1512,0.0051
1790170535395,7414,0.0992,0.0049
1790170535445,7415,0.0742,0.0028
1790170535495,7416,0.1449,0.0656
1790170535545,7417,0.0733,0.0023
1790170535595,7418,0.0860,0.0029
1790170535645,7419,0.0674,0.0026
1790170535695,7420,0.3082,0.1035
1790170535744,7421,0.1381,0.0055
1790170535795,7422,0.1947,0.0057
1790170535845,7423,0.1869,0.0049
1790170535896,7424,0.2590,0.0776
1790170535945,7425,0.3001,0.1037
1790170535995,7426,0.1499,0.0051
1790170536044,7427,0.1846,0.0325
1790170536095,7428,0.2438,0.4592
1790170536145,7429,0.1663,0.0045
1790170536195,7430,0.2120,0.1348
1790170536245,7431,0.1637,0.0052
1790170536295,7432,0.1878,0.0737
1790170536345,7433,0.1902,0.0852
1790170536395,7434,0.1890,0.0045
1790170536445,7435,0.1415,0.0044
1790170536495,7436,0.1170,0.2114
1790170536545,7437,0.1325,0.0031
1790170536595,7438,0.2107,0.0801
1790170536645,7439,0.1582,0.0051
1790170536696,7440,0.2326,0.1996
1790170536745,7441,0.1763,0.0051
1790170536795,7442,0.2145,0.0060
1790170536845,7443,0.1713,0.0069
1790170536895,7444,0.2767,0.1006
1790170536997,7445,0.5778,0.2059
1790170536997,7446,0.1210,0.0025
1790170537045,7447,0.1409,0.0047
1790170537095,7448,0.2092,0.0536
