fluid,set,T,P_MPa,Tr,Pr,phase,band,rho_ref,cp_ref,h_ref,lnphi_ref,drho_a,dcp_a,dh_a,dlnphi_a,mismatch_a,dh_pct_a,drho_b,dcp_b,dh_b,dlnphi_b,mismatch_b,dh_pct_b
Nitrogen,isobar,66.9892,0.1,0.530852,0.0294481,liquid-like,0,30393.9,56.2168,-12675.3,-1.42712,-0.595712,-7.58248,99.3106,0.0331264,0,0.7835,1.0674,-7.58248,99.2562,0.0330286,0,0.783071
Nitrogen,isobar,70.8275,0.1,0.561268,0.0294481,liquid-like,0,29809.8,56.4852,-12459,-0.853542,-0.353235,-6.77201,83.7647,0.0242231,0,0.672323,1.28542,-6.77201,83.7102,0.0241306,0,0.671886
Nitrogen,isobar,74.6657,0.1,0.591683,0.0294481,liquid-like,0,29208.2,56.8542,-12241.5,-0.348112,-0.164359,-5.8247,70.0438,0.0175166,0,0.572183,1.44684,-5.8247,69.9894,0.0174289,0,0.571738
Nitrogen,isobar,76.7435,0.1,0.608149,0.0294481,liquid-like,0,28874.3,57.1071,-12123.1,-0.0991964,-0.08791,-5.25443,63.4819,0.0146074,0,0.523643,1.50703,-5.25443,63.4274,0.0145221,0,0.523194
Nitrogen,isobar,77.7435,0.1,0.616073,0.0294481,vapour-like,0,161.464,31.4006,-6495.21,-0.0408627,-0.269672,-3.78168,16.8457,0.0022295,0,0.259356,-0.260924,-3.78168,16.7913,0.00214524,0,0.258518
Nitrogen,isobar,78.5039,0.1,0.622099,0.0294481,vapour-like,0,159.692,31.3112,-6471.36,-0.0396848,-0.240361,-3.58902,15.9672,0.00198369,0,0.246737,-0.231704,-3.58902,15.9128,0.00190024,0,0.245895
Nitrogen,isobar,82.3422,0.1,0.652515,0.0294481,vapour-like,0,151.374,30.931,-6351.95,-0.0344124,-0.122677,-2.78099,12.1877,0.000982252,0,0.191873,-0.114452,-2.78099,12.1332,0.000902698,0,0.191016
Nitrogen,isobar,86.1804,0.1,0.682931,0.0294481,vapour-like,0,143.957,30.6406,-6233.81,-0.0300686,-0.0426854,-2.18108,9.27296,0.000286785,0,0.148753,-0.0348508,-2.18108,9.2185,0.000210774,0,0.147879
Nitrogen,isobar,90.0186,0.1,0.713347,0.0294481,vapour-like,0,137.288,30.4137,-6116.65,-0.0264482,0.0118419,-1.72706,6.99535,-0.000195486,0,0.114366,0.0193217,-1.72706,6.94088,-0.000268256,0,0.113475
Nitrogen,isobar,93.8569,0.1,0.743763,0.0294481,vapour-like,0,131.251,30.233,-6000.28,-0.0233998,0.0488442,-1.37831,5.19689,-0.00052734,0,0.0866108,0.0560003,-1.37831,5.14242,-0.000597134,0,0.0857031
Nitrogen,isobar,97.6951,0.1,0.774178,0.0294481,vapour-like,0,125.752,30.0868,-5884.53,-0.0208101,0.0736184,-1.10709,3.76474,-0.00075205,0,0.063977,0.0804781,-1.10709,3.71028,-0.000819102,0,0.0630514
Nitrogen,isobar,101.533,0.1,0.804594,0.0294481,vapour-like,0,120.719,29.967,-5769.28,-0.0185923,0.0897738,-0.893902,2.61648,-0.000899898,0,0.045352,0.0963611,-0.893902,2.56202,-0.000964416,0,0.0444079
Nitrogen,isobar,105.372,0.1,0.83501,0.0294481,vapour-like,0,116.091,29.8676,-5654.46,-0.0166795,0.0998118,-0.72474,1.69081,-0.000992352,0,0.0299022,0.106148,-0.72474,1.63634,-0.00105452,0,0.028939
Nitrogen,isobar,109.21,0.1,0.865426,0.0294481,vapour-like,0,111.819,29.7843,-5539.99,-0.0150191,0.10549,-0.589389,0.941427,-0.00104479,0,0.0169933,0.111594,-0.589389,0.886961,-0.00110478,0,0.0160102
Nitrogen,isobar,113.048,0.1,0.895842,0.0294481,vapour-like,0,107.862,29.7138,-5425.81,-0.0135693,0.108059,-0.480281,0.332925,-0.00106835,0,0.00613596,0.113947,-0.480281,0.27846,-0.00112629,0,0.00513214
Nitrogen,isobar,116.886,0.1,0.926258,0.0294481,vapour-like,0,104.184,29.6536,-5311.88,-0.0122966,0.108415,-0.391728,-0.162105,-0.00107113,0,-0.00305174,0.114102,-0.391728,-0.21657,-0.00112717,0,-0.00407709
Nitrogen,isobar,120.725,0.1,0.956673,0.0294481,vapour-like,0,100.755,29.6019,-5198.16,-0.011174,0.107208,-0.319427,-0.565096,-0.00105907,0,-0.0108711,0.112708,-0.319427,-0.619561,-0.00111333,0,-0.0119189
Nitrogen,isobar,124.563,0.1,0.987089,0.0294481,vapour-like,0,97.5518,29.5572,-5084.63,-0.0101792,0.104911,-0.260078,-0.892971,-0.00103656,0,-0.0175622,0.110236,-0.260078,-0.947436,-0.00108915,0,-0.0186333
Nitrogen,isobar,128.401,0.1,1.01751,0.0294481,vapour-like,0,94.5504,29.5182,-4971.26,-0.0092942,0.10187,-0.211128,-1.1592,-0.00100685,0,-0.0233181,0.10703,-0.211128,-1.21367,-0.00105786,0,-0.0244137
Nitrogen,isobar,132.239,0.1,1.04792,0.0294481,vapour-like,0,91.7323,29.484,-4858.03,-0.00850376,0.0983371,-0.170581,-1.3746,-0.000972322,0,-0.0282954,0.103343,-0.170581,-1.42907,-0.00102186,0,-0.0294166
Nitrogen,isobar,136.077,0.1,1.07834,0.0294481,vapour-like,0,89.0808,29.4539,-4744.92,-0.00779529,0.0945,-0.136871,-1.5479,-0.000934771,0,-0.0326222,0.0993612,-0.136871,-1.60236,-0.00098291,0,-0.0337701
Nitrogen,isobar,139.916,0.1,1.10875,0.0294481,vapour-like,0,86.5812,29.4272,-4631.92,-0.00715821,0.0904949,-0.108752,-1.6862,-0.000895511,0,-0.0364039,0.0952193,-0.108752,-1.74066,-0.00094233,0,-0.0375798
Nitrogen,isobar,143.754,0.1,1.13917,0.0294481,vapour-like,0,84.2204,29.4035,-4519.02,-0.00658355,0.0864218,-0.0852309,-1.79531,-0.000855515,0,-0.039728,0.0910171,-0.0852309,-1.84978,-0.000901084,0,-0.0409332
Nitrogen,isobar,147.592,0.1,1.16958,0.0294481,vapour-like,0,81.9871,29.3823,-4406.2,-0.00606372,0.0823534,-0.0655102,-1.88002,-0.000815496,0,-0.0426676,0.0868264,-0.0655102,-1.93449,-0.00085988,0,-0.0439037
Nitrogen,isobar,151.43,0.1,1.2,0.0294481,vapour-like,0,79.871,29.3633,-4293.46,-0.00559222,0.0783418,-0.048944,-1.94427,-0.000775972,0,-0.0452844,0.082699,-0.048944,-1.99873,-0.000819231,0,-0.046553
Nitrogen,isobar,66.9892,0.5,0.530852,0.147241,liquid-like,0,30421,56.1445,-12666.4,-3.01294,-0.605821,-7.63205,99.9865,0.0332693,0,0.789381,1.05846,-7.63205,99.7142,0.0327804,0,0.787231
Nitrogen,isobar,70.8275,0.5,0.561268,0.147241,liquid-like,0,29840.1,56.3974,-12450.5,-2.44021,-0.359858,-6.83497,84.3416,0.0243047,0,0.677416,1.28027,-6.83497,84.0693,0.0238423,0,0.675229
Nitrogen,isobar,74.6657,0.5,0.591683,0.147241,liquid-like,0,29242.1,56.7465,-12233.4,-1.9355,-0.166134,-5.90503,70.4895,0.0175533,0,0.576206,1.44691,-5.90503,70.2172,0.0171146,0,0.57398
Nitrogen,isobar,78.5039,0.5,0.622099,0.147241,liquid-like,0,28624.5,57.2223,-12014.7,-1.48852,-0.0341533,-4.84156,58.7162,0.0124748,0,0.488703,1.54849,-4.84156,58.4439,0.0120576,0,0.486436
Nitrogen,isobar,82.3422,0.5,0.652515,0.147241,liquid-like,0,27983.7,57.8629,-11793.9,-1.09091,0.024269,-3.6347,49.333,0.00862884,0,0.418292,1.57275,-3.6347,49.0606,0.00823107,0,0.415983
Nitrogen,isobar,86.1804,0.5,0.682931,0.147241,liquid-like,0,27314.9,58.7214,-11570.2,-0.735912,-0.0059229,-2.26448,42.7067,0.00564995,0,0.369108,1.50408,-2.26448,42.4343,0.00526989,0,0.366754
Nitrogen,isobar,90.0186,0.5,0.713347,0.147241,liquid-like,0,26611.8,59.876,-11342.8,-0.417955,-0.144577,-0.696706,39.3023,0.00322764,0,0.346497,1.32188,-0.696706,39.03,0.00286379,0,0.344096
Nitrogen,isobar,93.495,0.5,0.740895,0.147241,liquid-like,0,25937.8,61.2788,-11132.3,-0.158102,-0.386437,0.941407,39.5247,0.00128546,0,0.355045,1.03538,0.941407,39.2523,0.000935138,0,0.352599
Nitrogen,isobar,94.495,0.5,0.748819,0.147241,vapour-like,0,731.059,37.3001,-6227.49,-0.120705,-0.0485942,-9.01449,36.1135,-0.00158369,0,0.579905,-0.00879974,-9.01449,35.8412,-0.00193031,0,0.575532
Nitrogen,isobar,97.6951,0.5,0.774178,0.147241,vapour-like,0,695.868,35.9709,-6110.37,-0.108737,0.178816,-7.08514,26.742,-0.00288704,0,0.437649,0.216867,-7.08514,26.4696,-0.00322231,0,0.433192
Nitrogen,isobar,101.533,0.5,0.804594,0.147241,vapour-like,0,659.13,34.812,-5974.64,-0.0964952,0.347446,-5.43989,18.3004,-0.00392789,0,0.306301,0.383608,-5.43989,18.028,-0.00425048,0,0.301743
Nitrogen,isobar,105.372,0.5,0.83501,0.147241,vapour-like,0,627.006,33.9491,-5842.76,-0.0860956,0.44634,-4.24919,11.9473,-0.00457589,0,0.204481,0.480808,-4.24919,11.675,-0.00488672,0,0.19982
Nitrogen,isobar,109.21,0.5,0.865426,0.147241,vapour-like,0,598.523,33.2812,-5713.79,-0.0771764,0.501815,-3.35653,7.06713,-0.00495422,0,0.123686,0.534753,-3.35653,6.7948,-0.00525414,0,0.118919
Nitrogen,isobar,113.048,0.5,0.895842,0.147241,vapour-like,0,572.994,32.75,-5587.1,-0.0694646,0.529417,-2.67107,3.2663,-0.0051453,0,0.0584615,0.560967,-2.67107,2.99398,-0.00543502,0,0.0535873
Nitrogen,isobar,116.886,0.5,0.926258,0.147241,vapour-like,0,549.913,32.3185,-5462.25,-0.0627498,0.538818,-2.13543,0.278522,-0.0052057,0,0.00509903,0.569102,-2.13543,0.00619542,-0.00548591,0,0.000113422
Nitrogen,isobar,120.725,0.5,0.956673,0.147241,vapour-like,0,528.895,31.9623,-5338.91,-0.0568666,0.536257,-1.71146,-2.08443,-0.00517505,0,-0.0390422,0.565382,-1.71146,-2.35675,-0.00544635,0,-0.044143
Nitrogen,isobar,124.563,0.5,0.987089,0.147241,vapour-like,0,509.64,31.6643,-5216.82,-0.0516835,0.525866,-1.37244,-3.95978,-0.00508144,0,-0.0759042,0.553924,-1.37244,-4.23211,-0.00534439,0,-0.0811243
Nitrogen,isobar,128.401,0.5,1.01751,0.147241,vapour-like,0,491.909,31.4121,-5095.78,-0.0470945,0.510428,-1.09904,-5.4499,-0.00494501,0,-0.106949,0.537501,-1.09904,-5.72223,-0.0052001,0,-0.112293
Nitrogen,isobar,132.239,0.5,1.04792,0.147241,vapour-like,0,475.508,31.1965,-4975.64,-0.0430131,0.491846,-0.876984,-6.63253,-0.00478028,0,-0.1333,0.518007,-0.876984,-6.90486,-0.00502796,0,-0.138773
Nitrogen,isobar,136.077,0.5,1.07834,0.147241,vapour-like,0,460.276,31.0106,-4856.27,-0.0393684,0.471431,-0.695528,-7.56764,-0.00459775,0,-0.155832,0.496743,-0.695528,-7.83996,-0.00483845,0,-0.16144
Nitrogen,isobar,139.916,0.5,1.10875,0.147241,vapour-like,0,446.082,30.8491,-4737.56,-0.0361012,0.450088,-0.546483,-8.30204,-0.00440506,0,-0.175239,0.47461,-0.546483,-8.57436,-0.00463915,0,-0.180987
Nitrogen,isobar,143.754,0.5,1.13917,0.147241,vapour-like,0,432.813,30.7077,-4619.43,-0.0331623,0.428447,-0.423517,-8.87272,-0.00420773,0,-0.192074,0.452228,-0.423517,-9.14504,-0.00443557,0,-0.197969
Nitrogen,isobar,147.592,0.5,1.16958,0.147241,vapour-like,0,420.374,30.5833,-4501.81,-0.0305103,0.406936,-0.32169,-9.30915,-0.00400974,0,-0.206787,0.430024,-0.32169,-9.58147,-0.00423165,0,-0.212836
Nitrogen,isobar,151.43,0.5,1.2,0.147241,vapour-like,0,408.684,30.4731,-4384.64,-0.0281101,0.385851,-0.237106,-9.63503,-0.00381393,0,-0.219745,0.408287,-0.237106,-9.90735,-0.00403023,0,-0.225956
Nitrogen,isobar,66.9892,1,0.530852,0.294481,liquid-like,0,30454.6,56.056,-12655.4,-3.6766,-0.618842,-7.69233,100.841,0.0334512,0,0.796826,1.04687,-7.69233,100.297,0.0324733,0,0.792523
Nitrogen,isobar,70.8275,1,0.561268,0.294481,liquid-like,0,29877.5,56.2904,-12439.8,-3.10492,-0.368702,-6.91133,85.077,0.0244088,0,0.68391,1.27323,-6.91133,84.5324,0.0234839,0,0.679531
Nitrogen,isobar,74.6657,1,0.591683,0.294481,liquid-like,0,29284.1,56.6157,-12223.2,-2.60113,-0.16918,-6.00208,71.067,0.0175996,0,0.581412,1.44611,-6.00208,70.5223,0.0167223,0,0.576957
Nitrogen,isobar,78.5039,1,0.622099,0.294481,liquid-like,0,28671.7,57.0602,-12005,-2.15492,-0.0292277,-4.96558,59.0839,0.0124834,0,0.492159,1.55622,-4.96558,58.5393,0.011649,0,0.487622
Nitrogen,isobar,82.3422,1,0.652515,0.294481,liquid-like,0,28037.3,57.6589,-11784.9,-1.75799,0.0401442,-3.79453,49.4197,0.00862056,0,0.419346,1.59214,-3.79453,48.875,0.00782501,0,0.414724
Nitrogen,isobar,86.1804,1,0.682931,0.294481,liquid-like,0,27376.3,58.4594,-11562.2,-1.40354,0.0250877,-2.47304,42.4119,0.00564759,0,0.366816,1.53948,-2.47304,41.8673,0.00488748,0,0.362105
Nitrogen,isobar,90.0186,1,0.713347,0.294481,liquid-like,0,26683,59.5306,-11335.8,-1.08603,-0.0923537,-0.973827,38.4793,0.00325743,0,0.339448,1.37963,-0.973827,37.9346,0.00252973,0,0.334643
Nitrogen,isobar,93.8569,1,0.743763,0.294481,liquid-like,0,25949.2,60.9785,-11104.7,-0.800881,-0.336425,0.748554,38.1779,0.0011828,0,0.343799,1.08747,0.748554,37.6333,0.000484858,0,0.338895
Nitrogen,isobar,97.6951,1,0.774178,0.294481,liquid-like,0,25162.9,62.9777,-10867,-0.544302,-0.741674,2.77241,42.3043,-0.000819583,0,0.38929,0.627199,2.77241,41.7596,-0.0014901,0,0.384278
Nitrogen,isobar,101.533,1,0.804594,0.294481,liquid-like,0,24305.9,65.8423,-10620.2,-0.313184,-1.36113,5.24366,52.1068,-0.00298692,0,0.49064,-0.0560558,5.24366,51.5622,-0.0036321,0,0.485512
Nitrogen,isobar,103.247,1,0.818173,0.294481,liquid-like,0,23892.9,67.5479,-10505.9,-0.217539,-1.72843,6.56171,58.8374,-0.00407383,0,0.56004,-0.455408,6.56171,58.2928,-0.0047083,0,0.554856
Nitrogen,isobar,104.247,1,0.826098,0.294481,vapour-like,0,1460.55,45.6051,-6189.3,-0.187411,0.415024,-12.9289,45.467,-0.00730497,0,0.734607,0.495299,-12.9289,44.9224,-0.00793335,0,0.725807
Nitrogen,isobar,105.372,1,0.83501,0.294481,vapour-like,0,1428.9,44.2801,-6138.77,-0.180812,0.557715,-11.6089,39.2758,-0.00782596,0,0.639798,0.636472,-11.6089,38.7311,-0.00844764,0,0.630926
Nitrogen,isobar,109.21,1,0.865426,0.294481,vapour-like,0,1335.37,40.9984,-5975.61,-0.160729,0.862509,-8.3571,23.1677,-0.00906036,0,0.387705,0.936555,-8.3571,22.623,-0.00966019,0,0.37859
Nitrogen,isobar,113.048,1,0.895842,0.294481,vapour-like,0,1258.22,38.8395,-5822.64,-0.143732,1.00422,-6.26065,12.0777,-0.00970976,0,0.207426,1.07418,-6.26065,11.533,-0.0102892,0,0.198072
Nitrogen,isobar,116.886,1,0.926258,0.294481,vapour-like,0,1192.57,37.2965,-5676.68,-0.129165,1.06183,-4.79912,4.05775,-0.00998594,0,0.071481,1.12821,-4.79912,3.5131,-0.0105464,0,0.0618865
Nitrogen,isobar,120.725,1,0.956673,0.294481,vapour-like,0,1135.53,36.1347,-5535.85,-0.116559,1.07294,-3.72945,-1.91469,-0.0100174,0,-0.034587,1.13616,-3.72945,-2.45934,-0.01056,0,-0.0444256
Nitrogen,isobar,124.563,1,0.987089,0.294481,vapour-like,0,1085.18,35.2276,-5398.97,-0.105561,1.05739,-2.92016,-6.44371,-0.0098866,0,-0.119351,1.11779,-2.92016,-6.98836,-0.0104125,0,-0.129439
Nitrogen,isobar,128.401,1,1.01751,0.294481,vapour-like,0,1040.21,34.5003,-5265.2,-0.0959005,1.02642,-2.29345,-9.91503,-0.00964878,0,-0.188312,1.08428,-2.29345,-10.4597,-0.010159,0,-0.198657
Nitrogen,isobar,132.239,1,1.04792,0.294481,vapour-like,0,999.642,33.9052,-5133.96,-0.0873659,0.986727,-1.80003,-12.5896,-0.0093416,0,-0.245223,1.04228,-1.80003,-13.1343,-0.00983696,0,-0.255831
Nitrogen,isobar,136.077,1,1.07834,0.294481,vapour-like,0,962.766,33.4101,-5004.8,-0.0797864,0.942425,-1.40673,-14.6518,-0.00899123,0,-0.292754,0.995884,-1.40673,-15.1964,-0.00947262,0,-0.303637
Nitrogen,isobar,139.916,1,1.10875,0.294481,vapour-like,0,929.021,32.9926,-4877.39,-0.0730244,0.896105,-1.09024,-16.2358,-0.00861606,0,-0.332878,0.947641,-1.09024,-16.7804,-0.00908425,0,-0.344045
Nitrogen,isobar,143.754,1,1.13917,0.294481,vapour-like,0,897.968,32.6367,-4751.46,-0.0669665,0.849408,-0.833643,-17.4419,-0.00822904,0,-0.367085,0.899176,-0.833643,-17.9866,-0.00868472,0,-0.378548
Nitrogen,isobar,147.592,1,1.16958,0.294481,vapour-like,0,869.254,32.3301,-4626.79,-0.0615191,0.803375,-0.624335,-18.3465,-0.00783926,0,-0.396528,0.851506,-0.624335,-18.8912,-0.0082831,0,-0.4083
Nitrogen,isobar,151.43,1,1.2,0.294481,vapour-like,0,842.589,32.0639,-4503.22,-0.056604,0.758655,-0.452768,-19.0087,-0.00745314,0,-0.422113,0.805267,-0.452768,-19.5533,-0.00788572,0,-0.434207
Nitrogen,isobar,66.9892,2,0.530852,0.588963,liquid-like,0,30520.9,55.8853,-12633.2,-4.31085,-0.646098,-7.80769,102.584,0.0338262,0,0.812017,1.02238,-7.80769,101.495,0.0318705,0,0.803395
Nitrogen,isobar,70.8275,2,0.561268,0.588963,liquid-like,0,29951.2,56.0847,-12418.4,-3.7413,-0.388158,-7.0567,86.5932,0.0246247,0,0.6973,1.25724,-7.0567,85.5039,0.0227749,0,0.688528
Nitrogen,isobar,74.6657,2,0.591683,0.588963,liquid-like,0,29366.4,56.3656,-12202.6,-3.23935,-0.17785,-6.18573,72.286,0.0176952,0,0.592383,1.44177,-6.18573,71.1967,0.0159406,0,0.583456
Nitrogen,isobar,78.5039,2,0.622099,0.588963,liquid-like,0,28764.2,56.7526,-11985.5,-2.79472,-0.0231472,-5.19854,59.9114,0.0124975,0,0.499865,1.56769,-5.19854,58.8221,0.0108286,0,0.490776
Nitrogen,isobar,82.3422,2,0.652515,0.588963,liquid-like,0,28141.8,57.2748,-11766.8,-2.39914,0.0663317,-4.09198,49.7278,0.00859288,0,0.422613,1.62502,-4.09198,48.6385,0.0070018,0,0.413356
Nitrogen,isobar,86.1804,2,0.682931,0.588963,liquid-like,0,27495.5,57.971,-11545.6,-2.04582,0.0787828,-2.85661,42.0237,0.00562104,0,0.363979,1.60151,-2.85661,40.9344,0.00410081,0,0.354544
Nitrogen,isobar,90.0186,2,0.713347,0.588963,liquid-like,0,26820.4,58.8952,-11321.4,-1.72924,-0.000636521,-1.47562,37.1421,0.0032803,0,0.328068,1.48178,-1.47562,36.0528,0.0018249,0,0.318447
Nitrogen,isobar,93.8569,2,0.743763,0.588963,liquid-like,0,26110,60.1271,-11093.1,-1.4448,-0.191194,0.0783576,35.5168,0.00131231,0,0.320169,1.24586,0.0783576,34.4275,-8.3576e-05,0,0.310349
Nitrogen,isobar,97.6951,2,0.774178,0.588963,liquid-like,0,25354.8,61.7913,-10859.3,-1.18871,-0.518965,1.85004,37.7322,-0.000511738,0,0.347464,0.866733,1.85004,36.6429,-0.00185278,0,0.337433
Nitrogen,isobar,101.533,2,0.804594,0.588963,liquid-like,0,24541.3,64.0958,-10618,-0.957834,-1.02123,3.91593,44.6352,-0.00240471,0,0.420373,0.30581,3.91593,43.5459,-0.00369506,0,0.410114
Nitrogen,isobar,105.372,2,0.83501,0.588963,liquid-like,0,23647.9,67.4224,-10366,-0.749584,-1.75553,6.41815,57.5676,-0.00458003,0,0.555349,-0.496436,6.41815,56.4783,-0.00582338,0,0.544841
Nitrogen,isobar,109.21,2,0.865426,0.588963,liquid-like,0,22638,72.5747,-10098.1,-0.561892,-2.82113,9.6584,78.933,-0.00727757,0,0.781659,-1.64261,9.6584,77.8436,-0.00847722,0,0.770871
Nitrogen,isobar,113.048,2,0.895842,0.588963,liquid-like,0,21438.1,81.6705,-9804.03,-0.393224,-4.42355,14.4413,113.942,-0.0108186,0,1.16219,-3.3449,14.4413,112.852,-0.0119776,0,1.15108
Nitrogen,isobar,115.099,2,0.912091,0.588963,liquid-like,0,20663.2,90.3515,-9628.41,-0.310594,-5.66732,18.4799,142.662,-0.0132326,0,1.48168,-4.65509,18.4799,141.573,-0.0143708,0,1.47036
Nitrogen,isobar,116.099,2,0.920015,0.588963,vapour-like,0,3186.32,76.3605,-6355.09,-0.286446,1.29747,-18.3037,52.8213,-0.0171475,0,0.831166,1.47586,-18.3037,51.732,-0.0182759,0,0.814026
Nitrogen,isobar,116.886,2,0.926258,0.588963,vapour-like,0,3101.31,71.0041,-6297.13,-0.2792,1.52954,-16.0588,42.882,-0.0174804,0,0.680977,1.70396,-16.0588,41.7927,-0.0186013,0,0.663678
Nitrogen,isobar,120.725,2,0.956673,0.588963,vapour-like,0,2788.97,56.5422,-6056.52,-0.248047,2.01049,-9.78706,12.6007,-0.0183337,0,0.208052,2.16881,-9.78706,11.5114,-0.0194189,0,0.190066
Nitrogen,isobar,124.563,2,0.987089,0.588963,vapour-like,0,2569.18,49.6602,-5853.99,-0.22212,2.08946,-6.75901,-3.92531,-0.0184483,0,-0.0670535,2.23551,-6.75901,-5.01461,-0.0195001,0,-0.0856614
Nitrogen,isobar,128.401,2,1.01751,0.588963,vapour-like,0,2398.75,45.5225,-5671.9,-0.200049,2.04604,-4.92811,-14.4708,-0.018174,0,-0.255131,2.18227,-4.92811,-15.5601,-0.0191944,0,-0.274336
Nitrogen,isobar,132.239,2,1.04792,0.588963,vapour-like,0,2259.58,42.7251,-5502.86,-0.180985,1.95771,-3.68499,-21.7014,-0.0176774,0,-0.394366,2.08581,-3.68499,-22.7907,-0.0186681,0,-0.414161
Nitrogen,isobar,136.077,2,1.07834,0.588963,vapour-like,0,2142.14,40.6948,-5342.95,-0.164345,1.85302,-2.7822,-26.8424,-0.0170516,0,-0.502388,1.9742,-2.7822,-27.9317,-0.0180144,0,-0.522776
Nitrogen,isobar,139.916,2,1.10875,0.588963,vapour-like,0,2040.74,39.1498,-5189.85,-0.149701,1.74412,-2.09877,-30.5594,-0.0163537,0,-0.58883,1.85931,-2.09877,-31.6487,-0.01729,0,-0.60982
Nitrogen,isobar,143.754,2,1.13917,0.588963,vapour-like,0,1951.7,37.9335,-5042,-0.136728,1.63665,-1.56752,-33.2559,-0.0156199,0,-0.659577,1.74658,-1.56752,-34.3452,-0.0165312,0,-0.681181
Nitrogen,isobar,147.592,2,1.16958,0.588963,vapour-like,0,1872.48,36.9513,-4898.35,-0.125168,1.53327,-1.14724,-35.1956,-0.0148741,0,-0.71852,1.63851,-1.14724,-36.2849,-0.0157618,0,-0.740758
Nitrogen,isobar,151.43,2,1.2,0.588963,vapour-like,0,1801.26,36.1421,-4758.13,-0.114818,1.43521,-0.810736,-36.5608,-0.0141323,0,-0.768386,1.53625,-0.810736,-37.6501,-0.0149974,0,-0.791279
Nitrogen,isobar,66.9892,5,0.530852,1.47241,liquid-like,0,30712.7,55.4175,-12566.1,-5.05123,-0.736378,-8.11725,108.045,0.0350499,0,0.859812,0.939685,-8.11725,105.322,0.0301606,0,0.83814
Nitrogen,isobar,70.8275,5,0.561268,1.47241,liquid-like,0,30163.6,55.5272,-12353.2,-4.48811,-0.458844,-7.44233,91.463,0.0253439,0,0.740398,1.19605,-7.44233,88.7397,0.0207196,0,0.718353
Nitrogen,isobar,74.6657,5,0.591683,1.47241,liquid-like,0,29602.3,55.6965,-12139.8,-3.99175,-0.221618,-6.66621,76.3905,0.0180208,0,0.629257,1.40979,-6.66621,73.6672,0.0136341,0,0.606824
Nitrogen,isobar,78.5039,5,0.622099,1.47241,liquid-like,0,29027.3,55.942,-11925.6,-3.55196,-0.0305296,-5.79785,63.0249,0.0125364,0,0.528486,1.57486,-5.79785,60.3016,0.00836421,0,0.50565
Nitrogen,isobar,82.3422,5,0.652515,1.47241,liquid-like,0,28436.7,56.2815,-11710.2,-3.16054,0.107737,-4.8415,51.5551,0.00845265,0,0.440257,1.68434,-4.8415,48.8319,0.00447494,0,0.417002
Nitrogen,isobar,86.1804,5,0.682931,1.47241,liquid-like,0,27828.4,56.7366,-11493.4,-2.81077,0.185474,-3.79853,42.1729,0.00541321,0,0.366932,1.73024,-3.79853,39.4496,0.00161266,0,0.343238
Nitrogen,isobar,90.0186,5,0.713347,1.47241,liquid-like,0,27199.3,57.3349,-11274.5,-2.49715,0.193703,-2.66827,35.0822,0.00312529,0,0.311164,1.70327,-2.66827,32.3589,-0.000513219,0,0.287009
Nitrogen,isobar,93.8569,5,0.743763,1.47241,liquid-like,0,26545.8,58.1133,-11053,-2.2151,0.121834,-1.44841,30.5093,0.00134527,0,0.276027,1.59247,-1.44841,27.786,-0.00214445,0,0.251388
Nitrogen,isobar,97.6951,5,0.774178,1.47241,liquid-like,0,25863,59.1223,-10828.1,-1.96082,-0.0428332,-0.135195,28.7148,-0.000132455,0,0.265187,1.38469,-0.135195,25.9915,-0.00348506,0,0.240037
Nitrogen,isobar,101.533,5,0.804594,1.47241,liquid-like,0,25144.5,60.4343,-10598.8,-1.73114,-0.31581,1.27642,30.0099,-0.00148459,0,0.283145,1.06389,1.27642,27.2867,-0.00471046,0,0.257451
Nitrogen,isobar,105.372,5,0.83501,1.47241,liquid-like,0,24381.7,62.1562,-10363.7,-1.52338,-0.716467,2.79236,34.7804,-0.00286663,0,0.335599,0.610017,2.79236,32.0571,-0.005975,0,0.309322
Nitrogen,isobar,109.21,5,0.865426,1.47241,liquid-like,0,23562.5,64.4546,-10120.9,-1.33532,-1.26961,4.41781,43.5216,-0.00441978,0,0.430016,-0.00259841,4.41781,40.7983,-0.0074189,0,0.403109
Nitrogen,isobar,113.048,5,0.895842,1.47241,liquid-like,0,22669.3,67.6042,-9867.81,-1.16511,-2.00789,6.15164,56.8931,-0.0062776,0,0.576553,-0.807765,6.15164,54.1698,-0.00917489,0,0.548955
Nitrogen,isobar,116.886,5,0.926258,1.47241,liquid-like,0,21675.3,72.0986,-9600.24,-1.01126,-2.97536,7.96599,75.795,-0.00857314,0,0.789511,-1.85113,7.96599,73.0718,-0.0113753,0,0.761145
Nitrogen,isobar,120.725,5,0.956673,1.47241,liquid-like,1,20535.7,78.9247,-9311.41,-0.872605,-4.23124,9.73685,101.441,-0.0114466,0,1.08943,-3.19431,9.73685,98.7182,-0.0141597,0,1.06019
Nitrogen,isobar,124.563,5,0.987089,1.47241,liquid-like,1,19167.6,90.3882,-8988.6,-0.748408,-5.84463,10.9666,135.193,-0.0150506,0,1.50405,-4.90994,10.9666,132.47,-0.0176801,0,1.47376
Nitrogen,isobar,128.401,5,1.01751,1.47241,supercritical,1,17389.6,113.241,-8603.58,-0.638516,-7.79665,9.44131,176.061,-0.0195271,0,2.04637,-6.98436,9.44131,173.338,-0.0220779,0,2.01472
Nitrogen,isobar,132.239,5,1.04792,1.47241,supercritical,1,14725,169.358,-8077.43,-0.544047,-9.00479,-3.46188,197.507,-0.0247362,0,2.44517,-8.33583,-3.46188,194.783,-0.027213,0,2.41145
Nitrogen,isobar,136.077,5,1.07834,1.47241,supercritical,1,10892.8,200.077,-7312.78,-0.468724,-4.5049,-18.3087,92.5186,-0.0287629,0,1.26516,-3.96079,-18.3087,89.7953,-0.0311699,0,1.22792
Nitrogen,isobar,139.916,5,1.10875,1.47241,supercritical,0,8423.32,126.231,-6695.73,-0.412471,-0.391531,-10.593,1.21123,-0.0297205,0,0.0180896,0.0657514,-10.593,-1.51203,-0.0320615,0,-0.0225821
Nitrogen,isobar,143.754,5,1.13917,1.47241,supercritical,0,7171.63,90.3533,-6289.36,-0.368126,0.885579,-6.3481,-32.5246,-0.02931,0,-0.517137,1.28471,-6.3481,-35.2479,-0.0315884,0,-0.560437
Nitrogen,isobar,147.592,5,1.16958,1.47241,supercritical,0,6393.79,73.0353,-5979.25,-0.331335,1.33062,-4.27774,-48.7962,-0.0284088,0,-0.816093,1.68945,-4.27774,-51.5195,-0.030628,0,-0.861638
Nitrogen,isobar,151.43,5,1.2,1.47241,supercritical,0,5842.83,63.1033,-5719.52,-0.299943,1.49177,-3.03542,-58.2185,-0.0272963,0,-1.01789,1.82063,-3.03542,-60.9417,-0.0294593,0,-1.06551
Nitrogen,isobar,66.9892,10,0.530852,2.94481,liquid-like,0,31012,54.7584,-12452.6,-5.45352,-0.908847,-8.53822,117.791,0.0374579,0,0.945916,0.777896,-8.53822,112.344,0.0276792,0,0.902177
Nitrogen,isobar,70.8275,10,0.561268,2.94481,liquid-like,0,30492.2,54.7565,-12242.4,-4.90132,-0.60814,-7.95728,100.442,0.0268388,0,0.820438,1.06003,-7.95728,94.995,0.0175901,0,0.775949
Nitrogen,isobar,74.6657,10,0.591683,2.94481,liquid-like,0,29963.9,54.7913,-12032.2,-4.4145,-0.339246,-7.29417,84.3976,0.0187719,0,0.70143,1.30849,-7.29417,78.951,0.00999853,0,0.656164
Nitrogen,isobar,78.5039,10,0.622099,2.94481,liquid-like,0,29426.1,54.8727,-11821.8,-3.98304,-0.105969,-6.56124,69.8076,0.0127024,0,0.5905,1.51936,-6.56124,64.361,0.00435801,0,0.544428
Nitrogen,isobar,82.3422,10,0.652515,2.94481,liquid-like,0,28878,55.0093,-11610.9,-3.59888,0.0875972,-5.76724,56.8001,0.00818618,0,0.489196,1.6884,-5.76724,51.3536,0.00023076,0,0.442287
Nitrogen,isobar,86.1804,10,0.682931,2.94481,liquid-like,0,28318.7,55.2103,-11399.4,-3.25541,0.237081,-4.91933,45.4906,0.0048649,0,0.399061,1.81112,-4.91933,40.0441,-0.00273621,0,0.351282
Nitrogen,isobar,90.0186,10,0.713347,2.94481,liquid-like,0,27746.6,55.4861,-11187,-2.94719,0.337843,-4.02432,35.9849,0.00244762,0,0.321667,1.88272,-4.02432,30.5383,-0.00482939,0,0.272981
Nitrogen,isobar,93.8569,10,0.743763,2.94481,liquid-like,0,27160.4,55.8487,-10973.4,-2.66972,0.384988,-3.08953,28.3808,0.000696761,0,0.258633,1.89817,-3.08953,22.9342,-0.00628266,0,0.208999
Nitrogen,isobar,97.6951,10,0.774178,2.94481,liquid-like,0,26558,56.3122,-10758.1,-2.41922,0.373403,-2.12358,22.7678,-0.000582714,0,0.211633,1.85219,-2.12358,17.3212,-0.00728793,0,0.161006
Nitrogen,isobar,101.533,10,0.804594,2.94481,liquid-like,0,25937.3,56.894,-10540.9,-2.19252,0.297824,-1.13729,19.2255,-0.00155147,0,0.182389,1.73936,-1.13729,13.779,-0.00800321,0,0.130719
Nitrogen,isobar,105.372,10,0.83501,2.94481,liquid-like,0,25295.6,57.6145,-10321.2,-1.98695,0.152973,-0.144838,17.8197,-0.00234212,0,0.172652,1.55426,-0.144838,12.3732,-0.00855885,0,0.119881
Nitrogen,isobar,109.21,10,0.865426,2.94481,liquid-like,0,24629.6,58.4983,-10098.4,-1.80021,-0.0662029,0.83469,18.5955,-0.00306394,0,0.184142,1.29168,0.83469,13.1489,-0.00906218,0,0.130208
Nitrogen,isobar,113.048,10,0.895842,2.94481,liquid-like,0,23935.7,59.5747,-9871.91,-1.63038,-0.364103,1.77499,21.565,-0.00380635,0,0.218448,0.947115,1.77499,16.1185,-0.00960094,0,0.163276
Nitrogen,isobar,116.886,10,0.926258,2.94481,liquid-like,0,23209.3,60.878,-9640.83,-1.47579,-0.74375,2.63928,26.6879,-0.00464121,0,0.276822,0.517438,2.63928,21.2414,-0.0102455,0,0.220328
Nitrogen,isobar,120.725,10,0.956673,2.94481,liquid-like,0,22445.3,62.4464,-9404.25,-1.33502,-1.20556,3.37592,33.8385,-0.00562394,0,0.359822,0.00221481,3.37592,28.392,-0.0110501,0,0.301906
Nitrogen,isobar,124.563,10,0.987089,2.94481,liquid-like,0,21638,64.3193,-9161.07,-1.20685,-1.74533,3.91287,42.7533,-0.00679337,0,0.466685,-0.594265,3.91287,37.3068,-0.0120523,0,0.407232
Nitrogen,isobar,128.401,10,1.01751,2.94481,supercritical,0,20781.2,66.5295,-8910.07,-1.09026,-2.35103,4.15232,52.9513,-0.00817009,0,0.594286,-1.25971,4.15232,47.5047,-0.0132718,0,0.533158
Nitrogen,isobar,132.239,10,1.04792,2.94481,supercritical,0,19869,69.085,-8649.92,-0.984335,-2.99805,3.9706,63.6218,-0.00975287,0,0.735519,-1.96899,3.9706,58.1753,-0.0147065,0,0.672553
Nitrogen,isobar,136.077,10,1.07834,2.94481,supercritical,0,18896.9,71.933,-8379.36,-0.888328,-3.64325,3.23496,73.501,-0.0115134,0,0.877168,-2.67808,3.23496,68.0545,-0.0163273,0,0.812168
Nitrogen,isobar,139.916,10,1.10875,2.94481,supercritical,0,17864.7,74.899,-8097.57,-0.801573,-4.22025,1.85614,80.8147,-0.0133901,0,0.998013,-3.31924,1.85614,75.3682,-0.018072,0,0.930751
Nitrogen,isobar,143.754,10,1.13917,2.94481,supercritical,0,16780.3,77.612,-7804.72,-0.723484,-4.64265,-0.113901,83.4694,-0.0152855,0,1.06947,-3.80429,-0.113901,78.0229,-0.0198424,0,0.99969
Nitrogen,isobar,147.592,10,1.16958,2.94481,supercritical,0,15664.2,79.4872,-7502.85,-0.6535,-4.82557,-2.3865,79.7015,-0.0170733,0,1.06228,-4.04643,-2.3865,74.255,-0.0215116,0,0.989691
Nitrogen,isobar,151.43,10,1.2,2.94481,supercritical,0,14551.3,79.8896,-7196.43,-0.591049,-4.72601,-4.46887,69.0797,-0.0186215,0,0.959916,-4.00114,-4.46887,63.6332,-0.0229473,0,0.884232
Nitrogen,sat-liquid,63.151,0.0125198,0.500436,0.00368684,liquid-like,0,30957.3,56.0333,-12892.6,-0.00931034,-0.880966,-8.23803,116.221,0.0448491,0,0.901454,0.80371,-8.23803,116.214,0.0448362,0,0.901401
Nitrogen,sat-vapour,63.151,0.0125198,0.500436,0.00368684,vapour-like,0,24.0696,29.6467,-6855.33,-0.00931034,-0.145237,-1.17107,4.99524,0.00141455,0,0.0728665,-0.143929,-1.17107,4.98842,0.00140156,0,0.0727671
Nitrogen,sat-liquid,70,0.0385448,0.55471,0.0113507,liquid-like,0,29932.5,56.4329,-12507,-0.021214,-0.400166,-6.9491,86.8804,0.0259218,0,0.694653,1.24379,-6.9491,86.8594,0.0258858,0,0.694485
Nitrogen,sat-vapour,70,0.0385448,0.55471,0.0113507,vapour-like,0,67.6815,30.2993,-6678.29,-0.021214,-0.230199,-2.28469,10.1034,0.00213396,0,0.151287,-0.22653,-2.28469,10.0824,0.00209789,0,0.150973
Nitrogen,sat-liquid,77.355,0.101325,0.612994,0.0298383,liquid-like,0,28774.9,57.1893,-12088.2,-0.0420473,-0.0692075,-5.079,61.6774,0.0138326,0,0.51023,1.52076,-5.079,61.6222,0.0137468,0,0.509773
Nitrogen,sat-vapour,77.355,0.101325,0.612994,0.0298383,vapour-like,0,164.64,31.4851,-6508.54,-0.0420473,-0.290704,-3.94402,17.5759,0.00239868,0,0.270043,-0.281788,-3.94402,17.5207,0.00231287,0,0.269195
Nitrogen,sat-liquid,90,0.360458,0.713199,0.106148,liquid-like,0,26595.2,59.9695,-11345.8,-0.0991942,-0.158971,-0.624142,39.5592,0.00322786,0,0.348669,1.30613,-0.624142,39.3629,0.0029655,0,0.346939
Nitrogen,sat-vapour,90,0.360458,0.713199,0.106148,vapour-like,0,538.279,35.4512,-6289.7,-0.0991942,-0.198249,-7.86778,32.9569,0.000238381,0,0.523982,-0.169039,-7.86778,32.7606,-2.39787e-05,0,0.520861
Nitrogen,sat-liquid,100,0.778275,0.792443,0.229187,liquid-like,0,24607.9,64.9347,-10720.8,-0.162785,-1.15506,4.47911,48.9672,-0.00220826,0,0.456748,0.172014,4.47911,48.5433,-0.00271808,0,0.452794
Nitrogen,sat-vapour,100,0.778275,0.792443,0.229187,vapour-like,0,1140.92,42.0944,-6211.36,-0.162785,0.142382,-11.8962,44.6757,-0.00454594,0,0.719257,0.204739,-11.8962,44.2518,-0.00505577,0,0.712433
Nitrogen,sat-liquid,110,1.46581,0.871688,0.431654,liquid-like,0,22184.1,76.8486,-10028.3,-0.241106,-3.57923,12.4094,96.3594,-0.00882719,0,0.960879,-2.44267,12.4094,95.5611,-0.0097001,0,0.952918
Nitrogen,sat-vapour,110,1.46581,0.871688,0.431654,vapour-like,0,2233.88,57.7582,-6265.45,-0.241106,0.741101,-16.5644,54.2808,-0.0119416,0,0.866351,0.864732,-16.5644,53.4824,-0.0128145,0,0.853608
Nitrogen,sat-liquid,120,2.51058,0.950932,0.73932,liquid-like,0,18682.3,126.273,-9170.6,-0.334189,-9.0236,29.3597,222.525,-0.0187518,0,2.42651,-8.17355,29.3597,221.158,-0.0201223,0,2.4116
Nitrogen,sat-vapour,120,2.51058,0.950932,0.73932,vapour-like,0,4465.3,129.727,-6592.17,-0.334189,1.21464,-23.8351,68.9285,-0.0209438,0,1.04561,1.4644,-23.8351,67.5611,-0.0223143,0,1.02487
Nitrogen,probe-dense,77.355,5,0.612994,1.47241,liquid-like,0,29201,55.8595,-11989.8,-3.6782,-0.0825125,-6.06714,66.8355,0.0140131,0,0.557437,1.53094,-6.06714,64.1122,0.00977893,0,0.534723
Nitrogen,probe-dense,77.355,10,0.612994,2.94481,liquid-like,0,29588.1,54.8429,-11884.8,-4.1069,-0.171826,-6.78739,74.0145,0.014338,0,0.622767,1.46042,-6.78739,68.568,0.0058697,0,0.576939
Nitrogen,probe-dense,100,10,0.792443,2.94481,liquid-like,0,26187.7,56.6462,-10628,-2.28041,0.336033,-1.53293,20.3877,-0.00119268,0,0.19183,1.7928,-1.53293,14.9411,-0.00774334,0,0.140583
Nitrogen,probe-dense,126.2,3.4,1.00006,1.00124,supercritical,1,12898.3,3955.4,-8112.03,-0.403537,-14.9026,89.2066,393.415,-0.0261748,0,4.84977,-14.3908,89.2066,391.563,-0.0279396,0,4.82694
Nitrogen,probe-dense,130,4,1.03018,1.17793,supercritical,1,10707,515.268,-7560.97,-0.437917,-4.56516,-27.5555,135.196,-0.0281127,0,1.78808,-4.03105,-27.5555,133.017,-0.0301282,0,1.75926
Nitrogen,probe-dense,130,6,1.03018,1.76689,supercritical,0,17869.9,96.1819,-8580.54,-0.725728,-6.46375,7.05,141.868,-0.017318,0,1.65336,-5.60439,7.05,138.6,-0.0203414,0,1.61528
Nitrogen,probe-dense,130,10,1.03018,2.94481,supercritical,0,20408.2,67.5533,-8802.88,-1.04488,-2.61754,4.13557,57.4002,-0.00880538,0,0.652061,-1.55189,4.13557,51.9536,-0.0138444,0,0.590189
Nitrogen,probe-dense,150,10,1.18866,2.94481,supercritical,0,14963,79.9435,-7310.77,-0.613481,-4.79587,-3.74852,73.7856,-0.01808,0,1.00927,-4.05142,-3.74852,68.3391,-0.0224471,0,0.934772
Nitrogen,probe-dense,300,10,2.37733,2.94481,supercritical,0,3988.27,33.4743,-491.944,-0.00668384,0.0230745,1.00397,-45.6165,-0.00395823,0,-4.56165,0.24087,1.00397,-51.0631,-0.00614178,0,-5.10631
Methane,isobar,96.6933,0.1,0.507406,0.0217429,liquid-like,0,27642.7,54.4085,-15438.8,-1.43461,1.26565,-1.06355,22.6458,0.0134762,0,0.146681,1.99204,-1.06355,22.6204,0.0134446,0,0.146517
Methane,isobar,102.693,0.1,0.538888,0.0217429,liquid-like,0,27127.2,54.9096,-15110.9,-0.812634,1.4297,-0.819207,19.5354,0.0119496,0,0.12928,2.14477,-0.819207,19.5099,0.0119198,0,0.129112
Methane,isobar,108.692,0.1,0.570369,0.0217429,liquid-like,0,26596.4,55.5095,-14779.7,-0.267712,1.53525,-0.463069,17.3775,0.0107645,0,0.117576,2.2377,-0.463069,17.352,0.0107364,0,0.117404
Methane,isobar,111.008,0.1,0.582521,0.0217429,liquid-like,0,26386.9,55.7694,-14650.9,-0.0752672,1.55863,-0.289108,16.8907,0.0103705,0,0.115288,2.25583,-0.289108,16.8652,0.0103429,0,0.115114
Methane,isobar,112.008,0.1,0.587769,0.0217429,vapour-like,0,111.306,35.5038,-6405.45,-0.0344435,-0.35507,-3.87432,26.7946,0.00302125,0,0.41831,-0.352258,-3.87432,26.7692,0.00299393,0,0.417913
Methane,isobar,114.691,0.1,0.601851,0.0217429,vapour-like,0,108.416,35.2508,-6310.53,-0.0320425,-0.280248,-3.31114,23.3952,0.00239162,0,0.370733,-0.277505,-3.31114,23.3697,0.00236494,0,0.37033
Methane,isobar,120.69,0.1,0.633332,0.0217429,vapour-like,0,102.521,34.8389,-6100.37,-0.0274854,-0.15718,-2.41828,17.4407,0.0013331,0,0.285896,-0.15458,-2.41828,17.4153,0.00130775,0,0.285479
Methane,isobar,126.69,0.1,0.664814,0.0217429,vapour-like,0,97.2831,34.5511,-5892.27,-0.0238045,-0.0755509,-1.81524,13.0721,0.000616574,0,0.221853,-0.0730795,-1.81524,13.0467,0.00059242,0,0.221421
Methane,isobar,132.689,0.1,0.696295,0.0217429,vapour-like,0,92.5891,34.3393,-5685.65,-0.020785,-0.0207241,-1.38571,9.78878,0.000128119,0,0.172166,-0.0183693,-1.38571,9.76333,0.000105057,0,0.171719
Methane,isobar,138.688,0.1,0.727777,0.0217429,vapour-like,0,88.3515,34.1794,-5480.14,-0.0182754,0.0162177,-1.07188,7.27956,-0.000205068,0,0.132835,0.0184664,-1.07188,7.25412,-0.000227133,0,0.132371
Methane,isobar,144.687,0.1,0.759258,0.0217429,vapour-like,0,84.5026,34.0569,-5275.48,-0.0161664,0.0409992,-0.838487,5.33592,-0.000430912,0,0.101146,0.043151,-0.838487,5.31048,-0.000452061,0,0.100663
Methane,isobar,150.687,0.1,0.79074,0.0217429,vapour-like,0,80.9883,33.9625,-5071.46,-0.0143768,0.0573973,-0.662262,3.81311,-0.000581632,0,0.0751877,0.0594603,-0.662262,3.78767,-0.00060194,0,0.074686
Methane,isobar,156.686,0.1,0.822222,0.0217429,vapour-like,0,77.7646,33.8899,-4867.93,-0.0128453,0.0679527,-0.527346,2.60846,-0.000679281,0,0.0535845,0.069934,-0.527346,2.58301,-0.000698811,0,0.0530618
Methane,isobar,162.685,0.1,0.853703,0.0217429,vapour-like,0,74.7955,33.835,-4664.79,-0.0115248,0.0744029,-0.422737,1.64782,-0.000739179,0,0.0353245,0.0763087,-0.422737,1.62237,-0.000757989,0,0.0347791
Methane,isobar,168.684,0.1,0.885185,0.0217429,vapour-like,0,72.0509,33.795,-4461.94,-0.0103786,0.0779533,-0.340685,0.87676,-0.000772118,0,0.0196498,0.0797894,-0.340685,0.851318,-0.000790259,0,0.0190796
Methane,isobar,174.684,0.1,0.916666,0.0217429,vapour-like,0,69.5054,33.7683,-4259.28,-0.00937785,0.0794513,-0.275656,0.254715,-0.000785785,0,0.00598024,0.0812226,-0.275656,0.229272,-0.000803302,0,0.0053829
Methane,isobar,180.683,0.1,0.948148,0.0217429,vapour-like,0,67.1376,33.7537,-4056.74,-0.00849922,0.0794989,-0.223636,-0.248989,-0.000785709,0,-0.00613767,0.0812098,-0.223636,-0.274432,-0.000802645,0,-0.00676484
Methane,isobar,186.682,0.1,0.979629,0.0217429,vapour-like,0,64.9289,33.7506,-3854.26,-0.00772405,0.0785278,-0.181678,-0.657841,-0.000775901,0,-0.0170679,0.0801824,-0.181678,-0.683284,-0.000792293,0,-0.017728
Methane,isobar,192.681,0.1,1.01111,0.0217429,vapour-like,0,62.8634,33.7587,-3651.76,-0.00703707,0.0768501,-0.147585,-0.99004,-0.00075929,0,-0.0271113,0.078452,-0.147585,-1.01548,-0.000775171,0,-0.027808
Methane,isobar,198.681,0.1,1.04259,0.0217429,vapour-like,0,60.9275,33.7779,-3449.19,-0.00642573,0.0746926,-0.119704,-1.25984,-0.000738021,0,-0.0365258,0.0762451,-0.119704,-1.28528,-0.000753423,0,-0.0372634
Methane,isobar,204.68,0.1,1.07407,0.0217429,vapour-like,0,59.1091,33.8082,-3246.46,-0.00587962,0.0722207,-0.0967732,-1.47852,-0.000713675,0,-0.0455426,0.0737268,-0.0967732,-1.50396,-0.000728625,0,-0.0463263
Methane,isobar,210.679,0.1,1.10556,0.0217429,vapour-like,0,57.3975,33.8498,-3043.52,-0.00539006,0.0695555,-0.0778193,-1.65508,-0.000687416,0,-0.0543804,0.0710179,-0.0778193,-1.68052,-0.000701941,0,-0.0552164
Methane,isobar,216.678,0.1,1.13704,0.0217429,vapour-like,0,55.7835,33.9029,-2840.29,-0.00494977,0.0667854,-0.062086,-1.79674,-0.000660102,0,-0.0632592,0.0682066,-0.062086,-1.82219,-0.000674225,0,-0.064155
Methane,isobar,222.678,0.1,1.16852,0.0217429,vapour-like,0,54.2589,33.9676,-2636.71,-0.00455256,0.0639751,-0.0489789,-1.90939,-0.000632363,0,-0.0724156,0.0653574,-0.0489789,-1.93483,-0.000646105,0,-0.0733806
Methane,isobar,228.677,0.1,1.2,0.0217429,vapour-like,0,52.8163,34.0441,-2432.71,-0.00419322,0.0611713,-0.0380267,-1.9978,-0.000604658,0,-0.0821226,0.0625167,-0.0380267,-2.02324,-0.00061804,0,-0.0831685
Methane,isobar,96.6933,0.5,0.507406,0.108715,liquid-like,0,27660.7,54.3646,-15428.6,-3.02606,1.25618,-1.09496,22.9562,0.0132523,0,0.14879,1.98292,-1.09496,22.829,0.0130941,0,0.147966
Methane,isobar,102.693,0.5,0.538888,0.108715,liquid-like,0,27147.1,54.8554,-15101,-2.40481,1.42317,-0.858082,19.734,0.0117069,0,0.13068,2.13867,-0.858082,19.6068,0.0115579,0,0.129838
Methane,isobar,108.692,0.5,0.570369,0.108715,liquid-like,0,26618.6,55.4421,-14770.2,-1.86051,1.5326,-0.511933,17.4341,0.0105133,0,0.118036,2.2356,-0.511933,17.3069,0.0103725,0,0.117174
Methane,isobar,114.691,0.5,0.601851,0.108715,liquid-like,0,26072.6,56.1353,-14435.6,-1.38086,1.57639,-0.028766,16.4904,0.0095415,0,0.114234,2.26547,-0.028766,16.3632,0.00940809,0,0.113353
Methane,isobar,120.69,0.5,0.633332,0.108715,liquid-like,0,25505.5,56.9636,-14096.4,-0.95605,1.54404,0.608426,17.4302,0.00866969,0,0.12365,2.21761,0.608426,17.303,0.00854291,0,0.122748
Methane,isobar,126.69,0.5,0.664814,0.108715,liquid-like,0,24913.1,57.9727,-13751.7,-0.578178,1.42177,1.41819,20.8738,0.00778057,0,0.15179,2.078,1.41819,20.7466,0.0076598,0,0.150865
Methane,isobar,132.689,0.5,0.696295,0.108715,liquid-like,0,24289.4,59.2315,-13400.3,-0.240838,1.191,2.42976,27.5764,0.00675812,0,0.205789,1.82778,2.42976,27.4492,0.00664281,0,0.20484
Methane,isobar,134.851,0.5,0.707643,0.108715,liquid-like,0,24055.4,59.7654,-13271.7,-0.128142,1.07652,2.85269,30.9711,0.0063341,0,0.233362,1.7057,2.85269,30.8439,0.00622064,0,0.232404
Methane,isobar,135.851,0.5,0.71289,0.108715,vapour-like,0,496.171,40.1413,-5869.95,-0.101541,-0.315182,-8.30666,57.5741,0.000986529,0,0.980827,-0.302636,-8.30666,57.4468,0.000873903,0,0.97866
Methane,isobar,138.688,0.5,0.727777,0.108715,vapour-like,0,482.1,39.3411,-5757.27,-0.0952525,-0.160638,-6.98481,48.9969,2.35735e-05,0,0.851044,-0.14841,-6.98481,48.8697,-8.67482e-05,0,0.848834
Methane,isobar,144.687,0.5,0.759258,0.108715,vapour-like,0,455.504,38.1769,-5525,-0.0836867,0.0651503,-5.15442,35.0674,-0.00147737,0,0.634704,0.076756,-5.15442,34.9402,-0.00158312,0,0.632402
Methane,isobar,150.687,0.5,0.79074,0.108715,vapour-like,0,432.312,37.3769,-5298.49,-0.0740179,0.205279,-3.95833,24.822,-0.00246257,0,0.468472,0.216325,-3.95833,24.6947,-0.00256411,0,0.466071
Methane,isobar,156.686,0.5,0.822222,0.108715,vapour-like,0,411.794,36.7779,-5076.14,-0.0658402,0.29268,-3.09012,17.03,-0.00309835,0,0.335491,0.30322,-3.09012,16.9028,-0.003196,0,0.332985
Methane,isobar,162.685,0.5,0.853703,0.108715,vapour-like,0,393.442,36.3135,-4856.95,-0.0588564,0.345708,-2.43345,11.007,-0.00349262,0,0.226624,0.355789,-2.43345,10.8798,-0.00358667,0,0.224005
Methane,isobar,168.684,0.5,0.885185,0.108715,vapour-like,0,376.884,35.9475,-4640.23,-0.0528423,0.375786,-1.92792,6.30359,-0.00371841,0,0.135846,0.385449,-1.92792,6.17637,-0.00380911,0,0.133105
Methane,isobar,174.684,0.5,0.916666,0.108715,vapour-like,0,361.836,35.6569,-4425.48,-0.0476252,0.390386,-1.53464,2.60238,-0.00382616,0,0.0588045,0.399665,-1.53464,2.47517,-0.00391375,0,0.0559299
Methane,isobar,180.683,0.5,0.948148,0.108715,vapour-like,0,348.076,35.4257,-4212.29,-0.04307,0.394514,-1.22604,-0.327733,-0.00385122,0,-0.0077804,0.403441,-1.22604,-0.454947,-0.0039359,0,-0.0108005
Methane,isobar,186.682,0.5,0.979629,0.108715,vapour-like,0,335.43,35.2425,-4000.33,-0.0390697,0.39158,-0.981921,-2.658,-0.00381859,0,-0.0664444,0.400182,-0.981921,-2.78521,-0.00390055,0,-0.0696245
Methane,isobar,192.681,0.5,1.01111,0.108715,vapour-like,0,323.753,35.0993,-3789.35,-0.0355384,0.383928,-0.787278,-4.51686,-0.00374611,0,-0.119199,0.392229,-0.787278,-4.64407,-0.00382552,0,-0.122556
Methane,isobar,198.681,0.5,1.04259,0.108715,vapour-like,0,312.928,34.9899,-3579.12,-0.0324064,0.373184,-0.630922,-6.00175,-0.00364658,0,-0.167688,0.381206,-0.630922,-6.12897,-0.00372359,0,-0.171242
Methane,isobar,204.68,0.5,1.07407,0.108715,vapour-like,0,302.859,34.9099,-3369.46,-0.0296167,0.360485,-0.504449,-7.1874,-0.00352927,0,-0.21331,0.368246,-0.504449,-7.31461,-0.00360402,0,-0.217085
Methane,isobar,210.679,0.5,1.10556,0.108715,vapour-like,0,293.462,34.8562,-3160.2,-0.027122,0.346627,-0.401499,-8.13168,-0.00340086,0,-0.257315,0.354145,-0.401499,-8.2589,-0.00347349,0,-0.261341
Methane,isobar,216.678,0.5,1.13704,0.108715,vapour-like,0,284.667,34.8262,-2951.19,-0.0248833,0.332169,-0.317226,-8.8799,-0.00326623,0,-0.300892,0.33946,-0.317226,-9.00711,-0.00333684,0,-0.305202
Methane,isobar,222.678,0.5,1.16852,0.108715,vapour-like,0,276.416,34.818,-2742.3,-0.0228675,0.317504,-0.247902,-9.46784,-0.00312889,0,-0.345252,0.324582,-0.247902,-9.59505,-0.0031976,0,-0.349891
Methane,isobar,228.677,0.5,1.2,0.108715,vapour-like,0,268.655,34.8301,-2533.39,-0.0210469,0.302907,-0.190637,-9.92402,-0.00299137,0,-0.391729,0.309784,-0.190637,-10.0512,-0.00305828,0,-0.39675
Methane,isobar,96.6933,1,0.507406,0.217429,liquid-like,0,27683,54.3106,-15415.8,-3.69673,1.24417,-1.13357,23.3532,0.0129749,0,0.151488,1.97132,-1.13357,23.0987,0.0126584,0,0.149838
Methane,isobar,102.693,1,0.538888,0.217429,liquid-like,0,27171.8,54.7888,-15088.6,-3.07639,1.41472,-0.905714,19.9941,0.0114054,0,0.132511,2.13076,-0.905714,19.7397,0.0111074,0,0.130825
Methane,isobar,108.692,1,0.570369,0.217429,liquid-like,0,26646.2,55.3595,-14758.3,-2.53289,1.52886,-0.571599,17.5209,0.0102002,0,0.118719,2.23255,-0.571599,17.2665,0.00991868,0,0.116995
Methane,isobar,114.691,1,0.601851,0.217429,liquid-like,0,26103.5,56.032,-14424.2,-2.05391,1.57891,-0.104483,16.3538,0.00922944,0,0.113378,2.26885,-0.104483,16.0994,0.00896263,0,0.111614
Methane,isobar,120.69,1,0.633332,0.217429,liquid-like,0,25540.4,56.8327,-14085.7,-1.62967,1.55495,0.511006,17.0004,0.0083719,0,0.120693,2.22958,0.511006,16.746,0.00811835,0,0.118886
Methane,isobar,126.69,1,0.664814,0.217429,liquid-like,0,24952.9,57.8037,-13742,-1.25229,1.44404,1.29074,20.0512,0.00751172,0,0.145912,2.10161,1.29074,19.7968,0.00727018,0,0.144061
Methane,isobar,132.689,1,0.696295,0.217429,liquid-like,0,24335.5,59.0084,-13391.7,-0.915344,1.22896,2.25939,26.2142,0.00653534,0,0.19575,1.86744,2.25939,25.9598,0.00630472,0,0.19385
Methane,isobar,138.688,1,0.727777,0.217429,liquid-like,0,23680.7,60.5432,-13033.3,-0.613608,0.885933,3.45975,36.3943,0.00532747,0,0.279241,1.50291,3.45975,36.1398,0.00510683,0,0.277289
Methane,isobar,144.687,1,0.759258,0.217429,liquid-like,0,22978,62.5646,-12664.3,-0.342781,0.380446,4.96871,51.8472,0.00376463,0,0.409396,0.973003,4.96871,51.5928,0.00355313,0,0.407387
Methane,isobar,148.639,1,0.779994,0.217429,liquid-like,0,22481.4,64.2881,-12413.8,-0.179548,-0.0659876,6.19719,65.7926,0.00247348,0,0.529995,0.50853,6.19719,65.5381,0.00226761,0,0.527946
Methane,isobar,149.639,1,0.785242,0.217429,vapour-like,0,972.624,45.8011,-5690.33,-0.157973,-0.0345369,-11.5586,74.982,-0.00321062,0,1.31771,-0.00980163,-11.5586,74.7276,-0.00341511,0,1.31324
Methane,isobar,150.687,1,0.79074,0.217429,vapour-like,0,960.635,45.1434,-5642.69,-0.154455,0.0563061,-10.7251,69.6783,-0.00361466,0,1.23484,0.0807808,-10.7251,69.4239,-0.00381773,0,1.23033
Methane,isobar,156.686,1,0.822222,0.217429,vapour-like,0,899.705,42.5025,-5380.53,-0.136389,0.413222,-7.51338,46.1812,-0.00536473,0,0.858302,0.436308,-7.51338,45.9268,-0.00556003,0,0.853573
Methane,isobar,162.685,1,0.853703,0.217429,vapour-like,0,848.682,40.8564,-5130.8,-0.121233,0.605894,-5.64329,29.9074,-0.00643194,0,0.582898,0.627754,-5.64329,29.6529,-0.00662004,0,0.577939
Methane,isobar,168.684,1,0.885185,0.217429,vapour-like,0,804.807,39.6862,-4889.38,-0.10835,0.710924,-4.36214,17.9064,-0.00705483,0,0.366231,0.731697,-4.36214,17.652,-0.00723624,0,0.361027
Methane,isobar,174.684,1,0.916666,0.217429,vapour-like,0,766.393,38.8027,-4654.06,-0.0972877,0.763894,-3.41422,8.80441,-0.00737814,0,0.189177,0.783697,-3.41422,8.54998,-0.00755331,0,0.18371
Methane,isobar,180.683,1,0.948148,0.217429,vapour-like,0,732.305,38.1158,-4423.42,-0.0877094,0.784411,-2.68906,1.79942,-0.00749677,0,0.0406794,0.80334,-2.68906,1.54499,-0.00766613,0,0.0349276
Methane,isobar,186.682,1,0.979629,0.217429,vapour-like,0,701.733,37.5733,-4196.44,-0.0793554,0.784321,-2.12532,-3.63964,-0.00747525,0,-0.0867316,0.80246,-2.12532,-3.89407,-0.00763917,0,-0.0927945
Methane,isobar,192.681,1,1.01111,0.217429,vapour-like,0,674.077,37.1411,-3972.37,-0.072023,0.771138,-1.68265,-7.88717,-0.00735831,0,-0.198551,0.788557,-1.68265,-8.1416,-0.00751713,0,-0.204956
Methane,isobar,198.681,1,1.04259,0.217429,vapour-like,0,648.879,36.7959,-3750.63,-0.065551,0.749753,-1.3323,-11.2156,-0.0071773,0,-0.299034,0.766514,-1.3323,-11.4701,-0.00733132,0,-0.305817
Methane,isobar,204.68,1,1.07407,0.217429,vapour-like,0,625.78,36.5208,-3530.74,-0.0598098,0.723402,-1.05303,-13.8272,-0.00695439,0,-0.391623,0.739558,-1.05303,-14.0816,-0.0071039,0,-0.398829
Methane,isobar,210.679,1,1.10556,0.217429,vapour-like,0,604.497,36.3035,-3312.32,-0.0546939,0.694244,-0.828916,-15.8738,-0.00670534,0,-0.479236,0.709841,-0.828916,-16.1283,-0.00685059,0,-0.486918
Methane,isobar,216.678,1,1.13704,0.217429,vapour-like,0,584.797,36.1349,-3095.05,-0.0501165,0.663727,-0.647957,-17.4715,-0.00644137,0,-0.564496,0.678806,-0.647957,-17.7259,-0.0065826,0,-0.572716
Methane,isobar,222.678,1,1.16852,0.217429,vapour-like,0,566.49,36.0082,-2878.67,-0.0460057,0.632821,-0.501015,-18.7092,-0.0061705,0,-0.649925,0.647419,-0.501015,-18.9636,-0.00630792,0,-0.658763
Methane,isobar,228.677,1,1.2,0.217429,vapour-like,0,549.419,35.9181,-2662.94,-0.0423014,0.602172,-0.381098,-19.6564,-0.00589842,0,-0.738149,0.616321,-0.381098,-19.9109,-0.00603223,0,-0.747703
Methane,isobar,96.6933,2,0.507406,0.434858,liquid-like,0,27727.2,54.2056,-15390.3,-4.34498,1.21952,-1.20868,24.1758,0.0124288,0,0.157085,1.94749,-1.20868,23.6669,0.0117959,0,0.153778
Methane,isobar,102.693,2,0.538888,0.434858,liquid-like,0,27220.6,54.6595,-15063.8,-3.72648,1.39692,-0.997932,20.552,0.0108086,0,0.136433,2.11401,-0.997932,20.0432,0.0102126,0,0.133055
Methane,isobar,108.692,2,0.570369,0.434858,liquid-like,0,26700.5,55.1998,-14734.3,-3.18455,1.52006,-0.686483,17.7457,0.00957747,0,0.120438,2.22507,-0.686483,17.2369,0.0090144,0,0.116985
Methane,isobar,114.691,2,0.601851,0.434858,liquid-like,0,26164.3,55.8331,-14401.3,-2.70693,1.582,-0.24935,16.152,0.00860527,0,0.112157,2.2736,-0.24935,15.6432,0.00807165,0,0.108623
Methane,isobar,120.69,2,0.633332,0.434858,liquid-like,0,25609,56.5819,-14064.2,-2.28386,1.57386,0.326019,16.2431,0.00777182,0,0.115493,2.25057,0.326019,15.7343,0.00726473,0,0.111875
Methane,isobar,126.69,2,0.664814,0.434858,liquid-like,0,25031.1,57.4825,-13722.1,-1.90745,1.48423,1.05097,18.5569,0.00696363,0,0.135233,2.1444,1.05097,18.048,0.00648055,0,0.131525
Methane,isobar,132.689,2,0.696295,0.434858,liquid-like,0,24425.6,58.5883,-13374,-1.57131,1.29823,1.94269,23.7197,0.00607139,0,0.177356,1.93996,1.94269,23.2108,0.00561015,0,0.173551
Methane,isobar,138.688,2,0.727777,0.434858,liquid-like,0,23786.1,59.9783,-13018.6,-1.27022,0.995848,3.03078,32.503,0.00498671,0,0.249667,1.61694,3.03078,31.9941,0.00454542,0,0.245758
Methane,isobar,144.687,2,0.759258,0.434858,liquid-like,0,23103.8,61.7757,-12653.6,-0.999851,0.549064,4.36719,45.9286,0.00359733,0,0.362969,1.14689,4.36719,45.4197,0.00317434,0,0.358947
Methane,isobar,150.687,2,0.79074,0.434858,liquid-like,0,22365.4,64.1882,-12276.1,-0.756677,-0.0836319,6.04579,65.4723,0.00177921,0,0.53333,0.487703,6.04579,64.9634,0.00137307,0,0.529185
Methane,isobar,156.686,2,0.822222,0.434858,liquid-like,0,21550.4,67.6039,-11881.4,-0.537799,-0.968857,8.2493,93.5007,-0.000617317,0,0.786947,-0.428192,8.2493,92.9918,-0.00100792,0,0.782664
Methane,isobar,162.685,2,0.853703,0.434858,liquid-like,0,20622.6,72.87,-11461.4,-0.34091,-2.22731,11.3853,134.376,-0.003796,0,1.17243,-1.72314,11.3853,133.867,-0.00417219,0,1.16799
Methane,isobar,165.373,2,0.867806,0.434858,liquid-like,0,20153.3,76.3314,-11261.1,-0.259364,-2.97201,13.3379,159.069,-0.00555247,0,1.41256,-2.48686,13.3379,158.561,-0.00592255,0,1.40804
Methane,isobar,166.373,2,0.873054,0.434858,vapour-like,0,2016.9,61.7725,-5679.95,-0.242038,0.602894,-16.4839,93.5024,-0.0113001,0,1.64618,0.654857,-16.4839,92.9936,-0.0116679,0,1.63723
Methane,isobar,168.684,2,0.885185,0.434858,vapour-like,0,1941.6,57.4734,-5542.42,-0.230623,0.932091,-13.3787,73.0755,-0.0121209,0,1.31848,0.982441,-13.3787,72.5667,-0.0124837,0,1.3093
Methane,isobar,174.684,2,0.916666,0.434858,vapour-like,0,1785.44,50.9375,-5219.48,-0.204699,1.35975,-8.80341,38.0364,-0.0134477,0,0.728741,1.40644,-8.80341,37.5276,-0.013798,0,0.718991
Methane,isobar,180.683,2,0.948148,0.434858,vapour-like,0,1664.55,47.274,-4925.74,-0.182942,1.51629,-6.38309,15.9917,-0.0140514,0,0.324655,1.55996,-6.38309,15.4828,-0.0143901,0,0.314324
Methane,isobar,186.682,2,0.979629,0.434858,vapour-like,0,1565.77,44.858,-4649.82,-0.16438,1.55943,-4.82473,0.643816,-0.0142219,0,0.013846,1.60053,-4.82473,0.134961,-0.0145497,0,0.0029025
Methane,isobar,192.681,2,1.01111,0.434858,vapour-like,0,1482.37,43.1274,-4386.16,-0.148359,1.54689,-3.71097,-10.5443,-0.014118,0,-0.240398,1.5858,-3.71097,-11.0531,-0.0144357,0,-0.252
Methane,isobar,198.681,2,1.04259,0.434858,vapour-like,0,1410.34,41.8294,-4131.5,-0.134404,1.5051,-2.87367,-18.8862,-0.0138377,0,-0.457127,1.54209,-2.87367,-19.395,-0.0141457,0,-0.469443
Methane,isobar,204.68,2,1.07407,0.434858,vapour-like,0,1347.08,40.8281,-3883.68,-0.122157,1.44789,-2.22806,-25.1774,-0.0134446,0,-0.648288,1.48317,-2.22806,-25.6863,-0.0137437,0,-0.66139
Methane,isobar,210.679,2,1.10556,0.434858,vapour-like,0,1290.79,40.042,-3641.19,-0.111339,1.38304,-1.72301,-29.9454,-0.012982,0,-0.822405,1.41681,-1.72301,-30.4542,-0.0132725,0,-0.83638
Methane,isobar,216.678,2,1.13704,0.434858,vapour-like,0,1240.2,39.418,-3402.92,-0.101732,1.31514,-1.32404,-33.5585,-0.012479,0,-0.98617,1.34754,-1.32404,-34.0674,-0.0127614,0,-1.00112
Methane,isobar,222.678,2,1.16852,0.434858,vapour-like,0,1194.33,38.9202,-3167.99,-0.0931573,1.24693,-1.00648,-36.2829,-0.0119559,0,-1.1453,1.27809,-1.00648,-36.7917,-0.0122308,0,-1.16136
Methane,isobar,228.677,2,1.2,0.434858,vapour-like,0,1152.46,38.5229,-2935.73,-0.0854717,1.18005,-0.752121,-38.3148,-0.0114268,0,-1.30512,1.21007,-0.752121,-38.8237,-0.0116944,0,-1.32245
Methane,isobar,96.6933,5,0.507406,1.08715,liquid-like,0,27856.6,53.9119,-15313.3,-5.12701,1.14118,-1.41894,26.8607,0.0108625,0,0.175408,1.87143,-1.41894,25.5886,0.00928018,0,0.1671
Methane,isobar,102.693,5,0.538888,1.08715,liquid-like,0,27363.1,54.3008,-14988.7,-4.51403,1.337,-1.25287,22.5069,0.00907226,0,0.150158,2.05701,-1.25287,21.2347,0.00758234,0,0.141671
Methane,isobar,108.692,5,0.570369,1.08715,liquid-like,0,26858.2,54.7603,-14661.6,-3.97688,1.48413,-0.999824,18.7953,0.00774236,0,0.128194,2.19282,-0.999824,17.5232,0.00633469,0,0.119517
Methane,isobar,114.691,5,0.601851,1.08715,liquid-like,0,26339.9,55.2913,-14331.6,-3.50339,1.57736,-0.638473,16.0614,0.00674049,0,0.11207,2.27357,-0.638473,14.7892,0.00540645,0,0.103193
Methane,isobar,120.69,5,0.633332,1.08715,liquid-like,0,25805.9,55.9079,-13998.1,-3.08386,1.61024,-0.162033,14.6956,0.00594748,0,0.104983,2.29268,-0.162033,13.4234,0.00467975,0,0.095895
Methane,isobar,126.69,5,0.664814,1.08715,liquid-like,0,25253.6,56.6335,-13660.5,-2.71047,1.57477,0.431965,15.1199,0.00525418,0,0.110683,2.24204,0.431965,13.8477,0.00404648,0,0.10137
Methane,isobar,132.689,5,0.696295,1.08715,liquid-like,0,24679.5,57.5012,-13318.3,-2.37686,1.46107,1.1468,17.7897,0.00455957,0,0.133574,2.11161,1.1468,16.5175,0.00340648,0,0.124022
Methane,isobar,138.688,5,0.727777,1.08715,liquid-like,0,24079.4,58.5566,-12970.2,-2.07781,1.25668,1.98951,23.213,0.0037689,0,0.178972,1.88874,1.98951,21.9409,0.00266568,0,0.169163
Methane,isobar,144.687,5,0.759258,1.08715,liquid-like,0,23447.7,59.8641,-12615.2,-1.80902,0.945653,2.97321,31.9857,0.00279129,0,0.253549,1.55725,2.97321,30.7135,0.00173381,0,0.243465
Methane,isobar,150.687,5,0.79074,1.08715,liquid-like,0,22777,61.5191,-12251.3,-1.56691,0.506943,4.11993,44.8472,0.00153664,0,0.366062,1.09577,4.11993,43.5751,0.000521266,0,0.355678
Methane,isobar,156.686,5,0.822222,1.08715,liquid-like,0,22056.7,63.6713,-11876,-1.34851,-0.0881519,5.46494,62.7748,-8.86242e-05,0,0.528583,0.475202,5.46494,61.5026,-0.00106512,0,0.517872
Methane,isobar,162.685,5,0.853703,1.08715,liquid-like,0,21271.7,66.5747,-11485.8,-1.15139,-0.880648,7.06411,87.1489,-0.00218782,0,0.758753,-0.34606,7.06411,85.8768,-0.0031283,0,0.747677
Methane,isobar,168.684,5,0.885185,1.08715,liquid-like,0,20397.5,70.706,-11074.8,-0.973552,-1.93283,9.00635,120.076,-0.00488405,0,1.08422,-1.43117,9.00635,118.804,-0.00579109,0,1.07274
Methane,isobar,174.684,5,0.916666,1.08715,liquid-like,0,19391.9,77.099,-10633,-0.813438,-3.34749,11.4332,165.091,-0.00833837,0,1.55262,-2.88438,11.4332,163.819,-0.00921426,0,1.54066
Methane,isobar,180.683,5,0.948148,1.08715,liquid-like,0,18168.1,88.5766,-10140,-0.670004,-5.31665,14.5551,229.002,-0.0127879,0,2.25841,-4.90043,14.5551,227.73,-0.0136347,0,2.24587
Methane,isobar,186.682,5,0.979629,1.08715,liquid-like,1,16482.9,117.283,-9538.95,-0.54302,-8.28217,18.3401,328.326,-0.0186465,0,3.44195,-7.92803,18.3401,327.054,-0.0194661,0,3.42862
Methane,isobar,192.681,5,1.01111,1.08715,supercritical,1,12234.3,577.422,-8334.07,-0.435389,-12.0136,-11.9084,476.992,-0.0268236,0,5.7234,-11.7719,-11.9084,475.72,-0.0276176,0,5.70814
Methane,isobar,198.681,5,1.04259,1.08715,supercritical,1,5741.06,134.236,-6045.12,-0.374191,2.76328,-7.53501,10.8058,-0.0288682,0,0.178753,2.91776,-7.53501,9.53369,-0.0296383,0,0.157709
Methane,isobar,204.68,5,1.07407,1.08715,supercritical,1,4816.76,85.8471,-5418.28,-0.331719,2.90276,-5.25312,-28.7913,-0.0286651,0,-0.531373,3.03269,-5.25312,-30.0634,-0.0294126,0,-0.554852
Methane,isobar,210.679,5,1.10556,1.08715,supercritical,0,4294.82,69.4764,-4958.7,-0.297151,2.80693,-4.00885,-49.9851,-0.0279933,0,-1.00803,2.92255,-4.00885,-51.2573,-0.0287196,0,-1.03368
Methane,isobar,216.678,5,1.13704,1.08715,supercritical,0,3931.51,61.002,-4569.61,-0.267961,2.66492,-3.10294,-63.7843,-0.0270881,0,-1.39584,2.77046,-3.10294,-65.0565,-0.0277942,0,-1.42368
Methane,isobar,222.678,5,1.16852,1.08715,supercritical,0,3654.15,55.7641,-4220.46,-0.242821,2.51305,-2.38433,-73.3377,-0.0260591,0,-1.73767,2.61085,-2.38433,-74.6098,-0.0267462,0,-1.76781
Methane,isobar,228.677,5,1.2,1.08715,supercritical,0,3430.83,52.2002,-3897.22,-0.220883,2.36284,-1.80156,-80.0808,-0.0249697,0,-2.05482,2.45438,-1.80156,-81.3529,-0.0256388,0,-2.08746
Methane,isobar,96.6933,10,0.507406,2.17429,liquid-like,0,28062,53.4844,-15183.9,-5.59772,0.998457,-1.72823,31.9835,0.00850676,0,0.210641,1.73205,-1.72823,29.4392,0.00534205,0,0.193885
Methane,isobar,102.693,10,0.538888,2.17429,liquid-like,0,27587.9,53.7846,-14862.1,-4.99405,1.21927,-1.61956,26.584,0.00638027,0,0.178871,1.94355,-1.61956,24.0397,0.00340044,0,0.161751
Methane,isobar,108.692,10,0.570369,2.17429,liquid-like,0,27105.2,54.1373,-14538.4,-4.46499,1.39838,-1.43994,21.6097,0.00482548,0,0.148638,2.11242,-1.43994,19.0654,0.00201013,0,0.131138
Methane,isobar,114.691,10,0.601851,2.17429,liquid-like,0,26612.6,54.537,-14212.5,-3.99851,1.5325,-1.17089,17.33,0.00370306,0,0.121935,2.23534,-1.17089,14.7857,0.00103497,0,0.104033
Methane,isobar,120.69,10,0.633332,2.17429,liquid-like,0,26108.5,54.9897,-13884,-3.58506,1.61768,-0.810135,14.0522,0.00289107,0,0.101211,2.30828,-0.810135,11.5079,0.000355607,0,0.0828862
Methane,isobar,126.69,10,0.664814,2.17429,liquid-like,0,25591.2,55.5073,-13552.5,-3.21692,1.64926,-0.361735,12.088,0.00228141,0,0.0891938,2.3265,-0.361735,9.54376,-0.000133987,0,0.0704204
Methane,isobar,132.689,10,0.696295,2.17429,liquid-like,0,25058.8,56.1064,-13217.8,-2.8878,1.62181,0.168323,11.744,0.00177804,0,0.0888498,2.28452,0.168323,9.19971,-0.000528153,0,0.069601
Methane,isobar,138.688,10,0.727777,2.17429,liquid-like,0,24508.8,56.8077,-12879.1,-2.59251,1.52909,0.773863,13.321,0.00129555,0,0.103431,2.17597,0.773863,10.7767,-0.000910882,0,0.0836756
Methane,isobar,144.687,10,0.759258,2.17429,liquid-like,0,23938.6,57.6368,-12535.9,-2.32679,1.36386,1.44885,17.1192,0.000757855,0,0.136561,1.99354,1.44885,14.5749,-0.00135709,0,0.116265
Methane,isobar,150.687,10,0.79074,2.17429,liquid-like,0,23344.7,58.6266,-12187.3,-2.08706,1.11782,2.18681,23.4436,9.68265e-05,0,0.192361,1.7288,2.18681,20.8993,-0.00193392,0,0.171484
Methane,isobar,156.686,10,0.822222,2.17429,liquid-like,0,22722.9,59.8195,-11832.1,-1.87034,0.781455,2.97939,32.6083,-0.000748959,0,0.275592,1.3721,2.97939,30.064,-0.00270195,0,0.254089
Methane,isobar,162.685,10,0.853703,2.17429,liquid-like,0,22067.8,61.2728,-11469,-1.6741,0.343996,3.81359,44.9366,-0.00183532,0,0.391809,0.912534,3.81359,42.3923,-0.00371629,0,0.369625
Methane,isobar,168.684,10,0.885185,2.17429,liquid-like,0,21372.7,63.0649,-11096.2,-1.49624,-0.206378,4.66663,60.7494,-0.00321323,0,0.547477,0.338114,4.66663,58.2051,-0.0050273,0,0.524548
Methane,isobar,174.684,10,0.916666,2.17429,liquid-like,0,20628.7,65.3073,-10711.4,-1.33496,-0.881831,5.49618,80.3298,-0.0049289,0,0.749944,-0.363499,5.49618,77.7855,-0.00668067,0,0.726191
Methane,isobar,180.683,10,0.948148,2.17429,liquid-like,0,19824.1,68.1619,-10311.4,-1.18878,-1.69275,6.22174,103.83,-0.00702262,0,1.00694,-1.20287,6.22174,101.286,-0.00871623,0,0.982269
Methane,isobar,186.682,10,0.979629,2.17429,liquid-like,0,18943,71.8673,-9891.9,-1.05646,-2.6423,6.68909,131.051,-0.00952485,0,1.32484,-2.18331,6.68909,128.507,-0.011164,0,1.29912
Methane,isobar,192.681,10,1.01111,2.17429,supercritical,0,17963.5,76.774,-9446.74,-0.937025,-3.71309,6.60401,160.921,-0.0124467,0,1.70346,-3.28749,6.60401,158.377,-0.0140348,0,1.67653
Methane,isobar,198.681,10,1.04259,2.17429,supercritical,0,16856.6,83.3611,-8967.36,-0.82971,-4.83539,5.42858,190.305,-0.0157582,0,2.1222,-4.44539,5.42858,187.761,-0.0172984,0,2.09383
Methane,isobar,204.68,10,1.07407,2.17429,supercritical,0,15587.2,92.025,-8442.3,-0.734009,-5.82074,2.40172,211.688,-0.0193425,0,2.50747,-5.46766,2.40172,209.144,-0.0208375,0,2.47733
Methane,isobar,210.679,10,1.10556,2.17429,supercritical,0,14134.7,101.765,-7860.76,-0.649635,-6.29329,-2.59321,211.562,-0.0229238,0,2.69137,-5.97643,-2.59321,209.017,-0.0243763,0,2.659
Methane,isobar,216.678,10,1.13704,2.17429,supercritical,0,12557.4,107.906,-7228.39,-0.576364,-5.85522,-7.58877,178.43,-0.0260525,0,2.46846,-5.57119,-7.58877,175.886,-0.0274647,0,2.43326
Methane,isobar,222.678,10,1.16852,2.17429,supercritical,0,11033.2,105.51,-6583.7,-0.513632,-4.58541,-10.1363,119.676,-0.0283039,0,1.81776,-4.32916,-10.1363,117.131,-0.0296782,0,1.77911
Methane,isobar,228.677,10,1.2,2.17429,supercritical,0,9737.64,96.3808,-5976.16,-0.460244,-3.07962,-9.95403,57.5563,-0.0295551,0,0.963098,-2.84633,-9.95403,55.012,-0.0308932,0,0.920525
Methane,sat-liquid,90.7,0.0117049,0.475956,0.002545,liquid-like,0,28141.4,54.0291,-15765.9,-0.00756232,1.0523,-1.25139,26.3277,0.0155309,0,0.166991,1.78877,-1.25139,26.3247,0.0155269,0,0.166972
Methane,sat-vapour,90.7,0.0117049,0.475956,0.002545,vapour-like,0,15.6406,33.8512,-7034.57,-0.00756232,-0.161709,-1.27959,7.86384,0.00155682,0,0.111788,-0.161313,-1.27959,7.86086,0.00155287,0,0.111746
Methane,sat-liquid,100,0.0343759,0.524758,0.00747432,liquid-like,0,27357.1,54.6806,-15260.1,-0.0164834,1.36417,-0.934319,20.795,0.0126232,0,0.136271,2.08441,-0.934319,20.7863,0.0126127,0,0.136213
Methane,sat-vapour,100,0.0343759,0.524758,0.00747432,vapour-like,0,42.048,34.4252,-6749.65,-0.0164834,-0.261372,-2.31491,15.133,0.00241961,0,0.224205,-0.260308,-2.31491,15.1243,0.00240909,0,0.224075
Methane,sat-liquid,111.67,0.101348,0.585997,0.0220361,liquid-like,0,26326.6,55.8466,-14613.9,-0.0352447,1.56341,-0.23552,16.7936,0.0102617,0,0.114915,2.25907,-0.23552,16.7678,0.0102339,0,0.114739
Methane,sat-vapour,111.67,0.101348,0.585997,0.0220361,vapour-like,0,113.247,35.5782,-6418.86,-0.0352447,-0.371984,-4.023,27.6895,0.00315687,0,0.431377,-0.369124,-4.023,27.6637,0.0031291,0,0.430975
Methane,sat-liquid,130,0.36732,0.682186,0.079866,liquid-like,0,24561.6,58.6841,-13561.2,-0.0840011,1.30094,1.98958,24.4159,0.0073047,0,0.180043,1.9463,1.98958,24.3225,0.00721824,0,0.179354
Methane,sat-vapour,130,0.36732,0.682186,0.079866,vapour-like,0,372.78,38.8364,-5988.4,-0.0840011,-0.394734,-7.4329,51.9021,0.0021648,0,0.866711,-0.385323,-7.4329,51.8087,0.00207833,0,0.865151
Methane,sat-liquid,150,1.03996,0.787137,0.226118,liquid-like,0,22309,64.9321,-12325.6,-0.163656,-0.234732,6.64064,71.0853,0.00197371,0,0.576727,0.333426,6.64064,70.8207,0.00176156,0,0.574581
Methane,sat-vapour,150,1.03996,0.787137,0.226118,vapour-like,0,1017.75,46.6572,-5706.63,-0.163656,-0.0584863,-12.2377,78.796,-0.00334434,0,1.38078,-0.0326156,-12.2377,78.5314,-0.00355649,0,1.37614
Methane,sat-liquid,170,2.32835,0.892089,0.506251,liquid-like,0,19354.6,83.218,-10904.3,-0.268155,-4.29547,16.6826,203.047,-0.00866526,0,1.86208,-3.8423,16.6826,202.455,-0.00908438,0,1.85665
Methane,sat-vapour,170,2.32835,0.892089,0.506251,vapour-like,0,2429.37,71.5272,-5765.81,-0.268155,0.680454,-18.9534,104.446,-0.0135022,0,1.81146,0.743147,-18.9534,103.853,-0.0139213,0,1.80119
Methane,sat-liquid,185,3.86169,0.970802,0.839644,liquid-like,1,15667.9,178.222,-9472.1,-0.363575,-11.661,39.0618,461.414,-0.0213052,0,4.87129,-11.3488,39.0618,460.431,-0.021944,0,4.86092
Methane,sat-vapour,185,3.86169,0.970802,0.839644,vapour-like,1,5013.75,217.012,-6392.32,-0.363575,0.685986,-27.9338,148.574,-0.0229507,0,2.32426,0.815472,-27.9338,147.592,-0.0235894,0,2.30889
Methane,probe-dense,110,10,0.577234,2.17429,liquid-like,0,26998.7,54.2204,-14467.6,-4.3583,1.43159,-1.38914,20.6069,0.00454833,0,0.142435,2.14327,-1.38914,18.0626,0.00176646,0,0.124849
Methane,probe-dense,150,10,0.787137,2.17429,liquid-like,0,23414,58.5039,-12227.5,-2.11328,1.15037,2.0994,22.5818,0.000180737,0,0.184681,1.76357,2.0994,20.0376,-0.0018593,0,0.163873
Methane,probe-dense,190.6,4.6,1.00019,1.00017,supercritical,1,8504.79,4165.35,-7453.18,-0.404939,-2.67162,-26.6834,264.42,-0.0263392,0,3.54774,-2.46621,-26.6834,263.249,-0.0270777,0,3.53204
Methane,probe-dense,200,6,1.04952,1.30457,supercritical,1,10213.1,307.897,-7443.33,-0.462764,-5.43429,-22.8866,226.405,-0.0294865,0,3.04172,-5.20134,-22.8866,224.879,-0.0304046,0,3.02121
Methane,probe-dense,200,10,1.04952,2.17429,supercritical,0,16592.5,85.0852,-8856.25,-0.807679,-5.07387,4.94729,196.078,-0.0165297,0,2.214,-4.69193,4.94729,193.533,-0.0180598,0,2.18528
Methane,probe-dense,250,10,1.3119,2.17429,supercritical,0,7007.87,66.8741,-4274.94,-0.323801,-0.0638288,-4.55989,-67.5758,-0.0288791,0,-1.58074,0.114561,-4.55989,-70.12,-0.0301031,0,-1.64026
Methane,probe-dense,300,10,1.57427,2.17429,supercritical,0,4685.93,48.1647,-1537.54,-0.159535,0.831749,-0.168544,-117.999,-0.0206641,0,-7.67454,0.953109,-0.168544,-120.543,-0.0216841,0,-7.84002
Ethane,isobar,102.369,0.1,0.335281,0.0205246,liquid-like,0,21230.9,68.5004,-25895.7,-8.6146,-1.97059,-8.63009,479.2,0.171791,0,1.8505,-1.18876,-8.63009,479.162,0.171747,0,1.85035
Ethane,isobar,114.37,0.1,0.374587,0.0205246,liquid-like,0,20792.6,68.3925,-25075.1,-6.48298,-1.29,-7.92455,411.708,0.116783,0,1.6419,-0.513733,-7.92455,411.67,0.116743,0,1.64175
Ethane,isobar,126.37,0.1,0.413892,0.0205246,liquid-like,0,20350.8,68.7857,-24252.3,-4.7945,-0.673888,-7.53085,348.168,0.07876,0,1.43561,0.0953136,-7.53085,348.13,0.0787238,0,1.43545
Ethane,isobar,138.371,0.1,0.453198,0.0205246,liquid-like,0,19903.5,69.3974,-23423.3,-3.43018,-0.127086,-7.08956,287.481,0.0524727,0,1.22733,0.633417,-7.08956,287.443,0.0524396,0,1.22717
Ethane,isobar,150.372,0.1,0.492503,0.0205246,liquid-like,0,19448.6,70.1568,-22586,-2.3098,0.342475,-6.49189,230.509,0.0344783,0,1.02058,1.09249,-6.49189,230.471,0.0344479,0,1.02042
Ethane,isobar,162.373,0.1,0.531808,0.0205246,liquid-like,0,18983.5,71.0749,-21738.8,-1.37734,0.724574,-5.71846,178.666,0.0223749,0,0.821879,1.46213,-5.71846,178.628,0.0223468,0,0.821704
Ethane,isobar,174.374,0.1,0.571114,0.0205246,liquid-like,0,18505.3,72.1958,-20879.3,-0.592549,1.00622,-4.77477,133.465,0.014424,0,0.639223,1.72911,-4.77477,133.427,0.0143978,0,0.639041
Ethane,isobar,183.825,0.1,0.602069,0.0205246,liquid-like,0,18117,73.2613,-20192.1,-0.0587772,1.1464,-3.91493,103.554,0.0102287,0,0.512844,1.85599,-3.91493,103.516,0.0102038,0,0.512655
Ethane,isobar,184.825,0.1,0.605345,0.0205246,vapour-like,0,67.2931,43.0716,-5408.35,-0.0320784,-0.332539,-2.53277,39.9694,0.00268947,0,0.739031,-0.329998,-2.53277,39.9314,0.00266473,0,0.738328
Ethane,isobar,186.374,0.1,0.610419,0.0205246,vapour-like,0,66.6729,43.1423,-5341.56,-0.0312503,-0.306722,-2.45872,38.3027,0.00247776,0,0.71707,-0.304203,-2.45872,38.2647,0.00245323,0,0.716358
Ethane,isobar,198.375,0.1,0.649725,0.0205246,vapour-like,0,62.2641,43.7255,-4820.37,-0.0257417,-0.15228,-1.85576,27.028,0.00120773,0,0.560704,-0.14992,-1.85576,26.99,0.00118468,0,0.559916
Ethane,isobar,210.376,0.1,0.68903,0.0205246,vapour-like,0,58.4458,44.4116,-4291.66,-0.0215039,-0.0579979,-1.29792,18.7607,0.000421285,0,0.437144,-0.0557784,-1.29792,18.7227,0.00039955,0,0.436258
Ethane,isobar,222.377,0.1,0.728335,0.0205246,vapour-like,0,55.0975,45.2484,-3753.81,-0.0181763,-0.00124408,-0.902331,12.9171,-6.38669e-05,0,0.344106,0.00085057,-0.902331,12.879,-8.44285e-05,0,0.343093
Ethane,isobar,234.378,0.1,0.767641,0.0205246,vapour-like,0,52.1312,46.2191,-3205.09,-0.0155139,0.0327431,-0.638181,8.74175,-0.000361645,0,0.272746,0.0347263,-0.638181,8.70374,-0.000381154,0,0.27156
Ethane,isobar,246.378,0.1,0.806946,0.0205246,vapour-like,0,49.481,47.2992,-2644.04,-0.0133501,0.0527688,-0.46012,5.69441,-0.000540765,0,0.215368,0.0546519,-0.46012,5.65639,-0.000559324,0,0.21393
Ethane,isobar,258.379,0.1,0.846251,0.0205246,vapour-like,0,47.0964,48.4698,-2069.47,-0.0115683,0.0640603,-0.337064,3.42659,-0.000643345,0,0.165578,0.0658531,-0.337064,3.38857,-0.000661041,0,0.163741
Ethane,isobar,270.38,0.1,0.885557,0.0205246,vapour-like,0,44.9378,49.7164,-1480.38,-0.0100847,0.0697937,-0.249866,1.71312,-0.000695898,0,0.115722,0.0715045,-0.249866,1.6751,-0.00071281,0,0.113154
Ethane,isobar,282.381,0.1,0.924862,0.0205246,vapour-like,0,42.9733,51.0274,-875.936,-0.00883748,0.0719525,-0.186734,0.404392,-0.000715545,0,0.0404392,0.0735886,-0.186734,0.366374,-0.000731738,0,0.0366374
Ethane,isobar,294.382,0.1,0.964168,0.0205246,vapour-like,0,41.1772,52.3927,-255.424,-0.00778023,0.0718068,-0.140213,-0.602203,-0.000713569,0,-0.0602203,0.0733745,-0.140213,-0.64022,-0.000729102,0,-0.064022
Ethane,isobar,306.382,0.1,1.00347,0.0205246,vapour-like,0,39.5281,53.8035,381.755,-0.00687728,0.0701866,-0.105443,-1.3791,-0.00069753,0,-0.13791,0.0716915,-0.105443,-1.41711,-0.000712454,0,-0.141711
Ethane,isobar,318.383,0.1,1.04278,0.0205246,vapour-like,0,38.0083,55.2517,1036.1,-0.00610098,0.067643,-0.0791585,-1.97875,-0.000672552,0,-0.190981,0.06909,-0.0791585,-2.01677,-0.000686913,0,-0.194651
Ethane,isobar,330.384,0.1,1.08208,0.0205246,vapour-like,0,36.6028,56.7299,1708,-0.00542953,0.064546,-0.0591064,-2.43997,-0.000642134,0,-0.142855,0.0659394,-0.0591064,-2.47799,-0.000655974,0,-0.145081
Ethane,isobar,342.385,0.1,1.12139,0.0205246,vapour-like,0,35.2991,58.2314,2397.8,-0.0048456,0.0611455,-0.0436986,-2.79201,-0.000608678,0,-0.11644,0.0624892,-0.0436986,-2.83002,-0.000622032,0,-0.118026
Ethane,isobar,354.386,0.1,1.16069,0.0205246,vapour-like,0,34.0862,59.7499,3105.72,-0.00433524,0.0576107,-0.0317923,-3.05724,-0.000573828,0,-0.0984391,0.0589081,-0.0317923,-3.09526,-0.000586731,0,-0.0996632
Ethane,isobar,366.386,0.1,1.2,0.0205246,vapour-like,0,32.9548,61.28,3831.94,-0.00388713,0.0540556,-0.0225525,-3.25303,-0.000538709,0,-0.0848924,0.0553098,-0.0225525,-3.29104,-0.000551189,0,-0.0858845
Ethane,isobar,102.369,0.5,0.335281,0.102623,liquid-like,0,21236.2,68.4887,-25880.2,-10.2019,-1.97993,-8.64131,480.705,0.172237,0,1.85743,-1.19805,-8.64131,480.515,0.172014,0,1.85669
Ethane,isobar,114.37,0.5,0.374587,0.102623,liquid-like,0,20798.6,68.3763,-25059.7,-8.07219,-1.29881,-7.93702,413.131,0.117048,0,1.64859,-0.522453,-7.93702,412.941,0.116849,0,1.64783
Ethane,isobar,126.37,0.5,0.413892,0.102623,liquid-like,0,20357.6,68.7646,-24237.1,-6.38523,-0.681759,-7.54614,349.494,0.0788877,0,1.44198,0.0875785,-7.54614,349.304,0.0787067,0,1.4412
Ethane,isobar,138.371,0.5,0.453198,0.102623,liquid-like,0,19911.2,69.3704,-23408.4,-5.02215,-0.133513,-7.1088,288.686,0.0524955,0,1.23326,0.627186,-7.1088,288.496,0.0523303,0,1.23245
Ethane,isobar,150.372,0.5,0.492503,0.102623,liquid-like,0,19457.2,70.1219,-22571.5,-3.90279,0.338155,-6.5163,231.558,0.0344226,0,1.02589,1.08845,-6.5163,231.368,0.0342705,0,1.02504
Ethane,isobar,162.373,0.5,0.531808,0.102623,liquid-like,0,18993.4,71.0296,-21724.7,-2.97117,0.723263,-5.7497,179.51,0.0222628,0,0.826291,1.46119,-5.7497,179.32,0.022122,0,0.825417
Ethane,isobar,174.374,0.5,0.571114,0.102623,liquid-like,0,18516.8,72.1363,-20865.9,-2.18708,1.00917,-4.81525,134.036,0.0142753,0,0.642367,1.73255,-4.81525,133.846,0.0141442,0,0.641456
Ethane,isobar,186.374,0.5,0.610419,0.102623,liquid-like,0,18023.5,73.5023,-19992.3,-1.52093,1.17944,-3.7186,96.6566,0.00916762,0,0.483469,1.8858,-3.7186,96.4666,0.00904495,0,0.482518
Ethane,isobar,198.375,0.5,0.649725,0.102623,liquid-like,0,17508.9,75.2061,-19100.4,-0.950508,1.21186,-2.45236,69.0246,0.00595765,0,0.361378,1.89836,-2.45236,68.8346,0.0058424,0,0.360383
Ethane,isobar,210.376,0.5,0.68903,0.102623,liquid-like,0,16966.3,77.359,-18185.5,-0.458888,1.07516,-0.986023,53.1547,0.00387735,0,0.292292,1.73844,-0.986023,52.9646,0.00376868,0,0.291247
Ethane,isobar,219.935,0.5,0.720338,0.102623,liquid-like,0,16508.1,79.5092,-17436.1,-0.114859,0.815037,0.369707,50.746,0.00260734,0,0.29104,1.45696,0.369707,50.5559,0.00250339,0,0.28995
Ethane,isobar,220.935,0.5,0.723613,0.102623,vapour-like,0,303.547,51.7671,-4299.5,-0.0971835,-0.405586,-7.7585,103.016,0.00152679,0,2.39601,-0.394138,-7.7585,102.826,0.00142331,0,2.39158
Ethane,isobar,222.377,0.5,0.728335,0.102623,vapour-like,0,300.777,51.5416,-4225.02,-0.0951432,-0.345551,-7.23508,97.4373,0.00117312,0,2.3062,-0.334194,-7.23508,97.2472,0.00107031,0,2.3017
Ethane,isobar,234.378,0.5,0.767641,0.102623,vapour-like,0,280.119,50.752,-3612.63,-0.0803455,0.000450924,-4.54566,62.4319,-0.00101041,0,1.72816,0.0111015,-4.54566,62.2418,-0.00110796,0,1.72289
Ethane,isobar,246.378,0.5,0.806946,0.102623,vapour-like,0,262.754,50.8299,-3003.62,-0.0686093,0.18573,-3.10109,39.4961,-0.00227088,0,1.31495,0.195758,-3.10109,39.306,-0.00236367,0,1.30862
Ethane,isobar,258.379,0.5,0.846251,0.102623,vapour-like,0,247.808,51.312,-2391.05,-0.0591141,0.285473,-2.16357,23.5667,-0.00297812,0,0.985623,0.294949,-2.16357,23.3766,-0.0030666,0,0.977673
Ethane,isobar,270.38,0.5,0.885557,0.102623,vapour-like,0,234.731,52.0595,-1771,-0.0513118,0.335596,-1.52902,12.2483,-0.00334338,0,0.691606,0.344581,-1.52902,12.0582,-0.00342794,0,0.680873
Ethane,isobar,282.381,0.5,0.924862,0.102623,vapour-like,0,223.145,52.9978,-1140.77,-0.0448178,0.356342,-1.09296,4.07436,-0.00349469,0,0.357158,0.364886,-1.09296,3.88427,-0.00357565,0,0.340495
Ethane,isobar,294.382,0.5,0.964168,0.102623,vapour-like,0,212.778,54.0779,-498.399,-0.0393542,0.359615,-0.788965,-1.9096,-0.00351155,0,-0.19096,0.367763,-0.788965,-2.09969,-0.00358922,0,-0.209969
Ethane,isobar,306.382,0.5,1.00347,0.102623,vapour-like,0,203.426,55.2649,157.608,-0.0347152,0.352551,-0.573577,-6.33676,-0.00344429,0,-0.633676,0.36034,-0.573577,-6.52685,-0.0035189,0,-0.652685
Ethane,isobar,318.383,0.5,1.04278,0.102623,vapour-like,0,194.933,56.5337,828.373,-0.0307449,0.339485,-0.418403,-9.63405,-0.00332525,0,-0.963405,0.346947,-0.418403,-9.82414,-0.00339705,0,-0.982414
Ethane,isobar,330.384,0.5,1.08208,0.102623,vapour-like,0,187.175,57.8653,1514.76,-0.0273232,0.323092,-0.304845,-12.0949,-0.00317555,0,-0.798471,0.330254,-0.304845,-12.285,-0.00324475,0,-0.81102
Ethane,isobar,342.385,0.5,1.12139,0.102623,vapour-like,0,180.054,59.245,2217.42,-0.0243562,0.305035,-0.220587,-13.9254,-0.0030091,0,-0.627998,0.311923,-0.220587,-14.1155,-0.00307587,0,-0.63657
Ethane,isobar,354.386,0.5,1.16069,0.102623,vapour-like,0,173.488,60.661,2936.88,-0.0217692,0.286361,-0.15734,-15.2733,-0.0028351,0,-0.520053,0.292995,-0.15734,-15.4634,-0.00289961,0,-0.526525
Ethane,isobar,366.386,0.5,1.2,0.102623,vapour-like,0,167.412,62.1036,3673.49,-0.0195024,0.267722,-0.10942,-16.2471,-0.00265966,0,-0.442279,0.274121,-0.10942,-16.4372,-0.00272205,0,-0.447454
Ethane,isobar,102.369,1,0.335281,0.205246,liquid-like,0,21242.9,68.4743,-25860.8,-10.8674,-1.99162,-8.65523,482.589,0.172798,0,1.8661,-1.20968,-8.65523,482.209,0.172351,0,1.86463
Ethane,isobar,114.37,1,0.374587,0.205246,liquid-like,0,20806.1,68.3563,-25040.5,-8.74006,-1.30985,-7.95248,414.913,0.117383,0,1.65697,-0.533385,-7.95248,414.533,0.116983,0,1.65545
Ethane,isobar,126.37,1,0.413892,0.205246,liquid-like,0,20366,68.7385,-24218.2,-7.05501,-0.691652,-7.56507,351.158,0.0790493,0,1.44998,0.0778532,-7.56507,350.777,0.0786874,0,1.44841
Ethane,isobar,138.371,1,0.453198,0.205246,liquid-like,0,19920.7,69.3369,-23389.8,-5.69348,-0.141637,-7.13257,290.2,0.0525256,0,1.24071,0.619304,-7.13257,289.819,0.0521951,0,1.23908
Ethane,isobar,150.372,1,0.492503,0.205246,liquid-like,0,19468,70.0789,-22553.4,-4.57539,0.332614,-6.54641,232.878,0.0343539,0,1.03256,1.08324,-6.54641,232.498,0.0340498,0,1.03088
Ethane,isobar,162.373,1,0.531808,0.205246,liquid-like,0,19005.8,70.9738,-21707.2,-3.64483,0.721403,-5.78812,180.578,0.022123,0,0.831878,1.45979,-5.78812,180.197,0.0218414,0,0.830127
Ethane,isobar,174.374,1,0.571114,0.205246,liquid-like,0,18531,72.0631,-20849.2,-2.86161,1.01251,-4.86489,134.769,0.014089,0,0.646399,1.7365,-4.86489,134.389,0.0138268,0,0.644575
Ethane,isobar,186.374,1,0.610419,0.205246,liquid-like,0,18040.1,73.405,-19976.6,-2.19618,1.19015,-3.78387,96.9352,0.0089581,0,0.485244,1.89732,-3.78387,96.555,0.00871277,0,0.483341
Ethane,isobar,198.375,1,0.649725,0.205246,liquid-like,0,17528.4,75.0742,-19086,-1.62635,1.23315,-2.54035,68.6688,0.00574867,0,0.359786,1.92071,-2.54035,68.2886,0.00551817,0,0.357794
Ethane,isobar,210.376,1,0.68903,0.205246,liquid-like,0,16989.7,77.175,-18173,-1.1352,1.11196,-1.10869,51.88,0.00369523,0,0.285479,1.77664,-1.10869,51.4998,0.00347788,0,0.283387
Ethane,isobar,222.377,1,0.728335,0.205246,liquid-like,0,16415.3,79.8701,-17231.3,-0.709655,0.783217,0.571415,49.1643,0.00217657,0,0.285319,1.42111,0.571415,48.7842,0.00197096,0,0.283113
Ethane,isobar,234.378,1,0.767641,0.205246,liquid-like,0,15792,83.4491,-16252.4,-0.339539,0.179062,2.62508,64.4993,0.0006547,0,0.396859,0.785228,2.62508,64.1191,0.000459612,0,0.39452
Ethane,isobar,240.598,1,0.788014,0.205246,liquid-like,0,15442.9,85.8265,-15726.2,-0.166813,-0.277786,3.91593,81.6397,-0.000305476,0,0.519131,0.309494,3.91593,81.2595,-0.000495521,0,0.516714
Ethane,isobar,241.598,1,0.791289,0.205246,vapour-like,0,597.59,59.7499,-3822.47,-0.152378,-0.169267,-10.4015,136.676,-0.00216802,0,3.5756,-0.14662,-10.4015,136.296,-0.00235728,0,3.56565
Ethane,isobar,246.378,1,0.806946,0.205246,vapour-like,0,577.52,58.3026,-3540.59,-0.142638,0.0826965,-8.31014,110.502,-0.00335738,0,3.12101,0.104693,-8.31014,110.122,-0.00354297,0,3.11027
Ethane,isobar,258.379,1,0.846251,0.205246,vapour-like,0,534.889,56.6383,-2852.72,-0.121856,0.452892,-5.36205,64.6052,-0.00531044,0,2.26469,0.473416,-5.36205,64.225,-0.00548741,0,2.25136
Ethane,isobar,270.38,1,0.885557,0.205246,vapour-like,0,500.052,56.1534,-2176.68,-0.10511,0.626762,-3.67314,34.4768,-0.00631866,0,1.58392,0.646015,-3.67314,34.0966,-0.00648778,0,1.56645
Ethane,isobar,282.381,1,0.924862,0.205246,vapour-like,0,470.657,56.2563,-1502.63,-0.091371,0.700647,-2.55282,13.7383,-0.00676542,0,0.914282,0.718795,-2.55282,13.3581,-0.00692734,0,0.888982
Ethane,isobar,294.382,1,0.964168,0.205246,vapour-like,0,445.303,56.7389,-824.926,-0.0799373,0.719965,-1.7876,-0.803562,-0.00687214,0,-0.0803562,0.737142,-1.7876,-1.18374,-0.00702747,0,-0.118374
Ethane,isobar,306.382,1,1.00347,0.205246,vapour-like,0,423.077,57.486,-139.752,-0.0703101,0.70927,-1.25996,-11.1299,-0.00677312,0,-1.11299,0.725585,-1.25996,-11.5101,-0.00692236,0,-1.15101
Ethane,isobar,318.383,1,1.04278,0.205246,vapour-like,0,403.345,58.4221,555.584,-0.0621243,0.682385,-0.892211,-18.5336,-0.00655135,0,-1.85336,0.697932,-0.892211,-18.9137,-0.00669497,0,-1.89137
Ethane,isobar,330.384,1,1.08208,0.205246,vapour-like,0,385.653,59.4958,1263.02,-0.0551057,0.647226,-0.632358,-23.8715,-0.00625887,0,-1.89004,0.66208,-0.632358,-24.2517,-0.00639727,0,-1.92014
Ethane,isobar,342.385,1,1.12139,0.205246,vapour-like,0,369.658,60.671,1983.98,-0.0490445,0.608362,-0.445985,-27.7203,-0.00592866,0,-1.3972,0.622589,-0.445985,-28.1005,-0.00606221,0,-1.41637
Ethane,isobar,354.386,1,1.16069,0.205246,vapour-like,0,355.1,61.9213,2719.52,-0.0437772,0.568445,-0.310365,-30.4744,-0.00558178,0,-1.12058,0.582101,-0.310365,-30.8546,-0.00571081,0,-1.13456
Ethane,isobar,366.386,1,1.2,0.205246,vapour-like,0,341.771,63.2275,3470.42,-0.0391741,0.529005,-0.210393,-32.4096,-0.00523172,0,-0.933882,0.542138,-0.210393,-32.7898,-0.00535652,0,-0.944837
Ethane,isobar,102.369,2,0.335281,0.410492,liquid-like,0,21256.2,68.4458,-25821.9,-11.5052,-2.01505,-8.68277,486.367,0.173928,0,1.88354,-1.233,-8.68277,485.607,0.173035,0,1.8806
Ethane,isobar,114.37,2,0.374587,0.410492,liquid-like,0,20821,68.3167,-25002.1,-9.38268,-1.33203,-7.98299,418.49,0.118059,0,1.67382,-0.555355,-7.98299,417.73,0.117259,0,1.67078
Ethane,isobar,126.37,2,0.413892,0.410492,liquid-like,0,20382.8,68.6872,-24180.3,-7.70144,-0.711614,-7.60233,354.5,0.0793794,0,1.46607,0.0582193,-7.60233,353.74,0.0786557,0,1.46292
Ethane,isobar,138.371,2,0.453198,0.410492,liquid-like,0,19939.6,69.2712,-23352.6,-6.34301,-0.158174,-7.17926,293.248,0.0525911,0,1.25574,0.603243,-7.17926,292.487,0.0519302,0,1.25248
Ethane,isobar,150.372,2,0.492503,0.410492,liquid-like,0,19489.5,69.9945,-22517.1,-5.22747,0.321074,-6.60533,235.548,0.0342201,0,1.04609,1.07236,-6.60533,234.788,0.033612,0,1.04271
Ethane,isobar,162.373,2,0.531808,0.410492,liquid-like,0,19030.2,70.8647,-21672.1,-4.29902,0.71697,-5.863,182.756,0.0218449,0,0.843281,1.45625,-5.863,181.996,0.0212817,0,0.839772
Ethane,isobar,174.374,2,0.571114,0.410492,liquid-like,0,18559.1,71.9207,-20815.5,-3.51757,1.01809,-4.96111,136.299,0.0137152,0,0.654795,1.74327,-4.96111,135.539,0.0131907,0,0.651142
Ethane,isobar,186.374,2,0.610419,0.410492,liquid-like,0,18072.8,73.2165,-19944.9,-2.85359,1.20984,-3.90955,97.5914,0.00853429,0,0.489305,1.91858,-3.90955,96.831,0.00804362,0,0.485492
Ethane,isobar,198.375,2,0.649725,0.410492,liquid-like,0,17566.9,74.8201,-19057,-2.28495,1.27295,-2.70832,68.1152,0.00532103,0,0.357429,1.96257,-2.70832,67.3549,0.00486004,0,0.35344
Ethane,isobar,210.376,2,0.68903,0.410492,liquid-like,0,17035.7,76.8233,-18147.5,-1.79474,1.18098,-1.34014,49.5944,0.00331421,0,0.273285,1.8484,-1.34014,48.834,0.00287952,0,0.269095
Ethane,isobar,222.377,2,0.728335,0.410492,liquid-like,0,16471.6,79.365,-17211,-1.36991,0.896102,0.239096,44.2872,0.00190248,0,0.25732,1.53763,0.239096,43.5269,0.00149124,0,0.252902
Ethane,isobar,234.378,2,0.767641,0.410492,liquid-like,0,15862.9,82.6819,-16239.6,-1.00026,0.361057,2.1198,55.5075,0.000566949,0,0.341805,0.972182,2.1198,54.7472,0.000176772,0,0.337122
Ethane,isobar,246.378,2,0.806946,0.410492,liquid-like,0,15191.2,87.2355,-15221.6,-0.677831,-0.517752,4.48845,88.7113,-0.00117439,0,0.5828,0.0571156,4.48845,87.9509,-0.00154556,0,0.577804
Ethane,isobar,258.379,2,0.846251,0.410492,liquid-like,0,14423.3,94.0976,-14136.7,-0.396439,-1.91349,7.78895,154.331,-0.00384093,0,1.0917,-1.38309,7.78895,153.57,-0.00419486,0,1.08632
Ethane,isobar,265.509,2,0.869602,0.410492,liquid-like,0,13894.4,100.387,-13444.9,-0.246783,-3.131,10.6735,217.699,-0.00613722,0,1.61919,-2.63278,10.6735,216.939,-0.00648165,0,1.61353
Ethane,isobar,266.509,2,0.872877,0.410492,vapour-like,0,1241.42,78.4883,-3521.82,-0.235116,0.415158,-14.289,170.058,-0.00975289,0,4.8287,0.462768,-14.289,169.298,-0.010096,0,4.80711
Ethane,isobar,270.38,2,0.885557,0.410492,vapour-like,0,1193.88,74.3747,-3226.48,-0.223056,0.767726,-11.4505,132.291,-0.0107247,0,4.10017,0.813835,-11.4505,131.531,-0.0110629,0,4.07661
Ethane,isobar,282.381,2,0.924862,0.410492,vapour-like,0,1079.6,67.9208,-2378.74,-0.191211,1.27584,-6.79076,57.4583,-0.0124566,0,2.41549,1.31795,-6.79076,56.698,-0.0127804,0,2.38353
Ethane,isobar,294.382,2,0.964168,0.410492,vapour-like,0,994.79,65.1667,-1582.28,-0.165637,1.41979,-4.43019,13.5349,-0.0130485,0,0.855406,1.4587,-4.43019,12.7746,-0.0133592,0,0.807352
Ethane,isobar,306.382,2,1.00347,0.410492,vapour-like,0,927.362,63.9422,-808.656,-0.14462,1.42521,-2.96303,-14.672,-0.0130266,0,-1.4672,1.46149,-2.96303,-15.4323,-0.0133251,0,-1.54323
Ethane,isobar,318.383,2,1.04278,0.410492,vapour-like,0,871.525,63.5633,-44.2226,-0.127061,1.37058,-1.99754,-33.3869,-0.0126636,0,-3.33869,1.40464,-1.99754,-34.1472,-0.0129508,0,-3.41472
Ethane,isobar,330.384,2,1.08208,0.410492,vapour-like,0,824.002,63.7118,719.057,-0.112203,1.29037,-1.34925,-45.9979,-0.0121144,0,-4.59979,1.32252,-1.34925,-46.7583,-0.0123912,0,-4.67583
Ethane,isobar,342.385,2,1.12139,0.410492,vapour-like,0,782.746,64.2095,1486.35,-0.0995016,1.2011,-0.907517,-54.5478,-0.01147,0,-3.66992,1.23159,-0.907517,-55.3082,-0.0117371,0,-3.72107
Ethane,isobar,354.386,2,1.16069,0.410492,vapour-like,0,746.391,64.9472,2261.14,-0.0885515,1.1109,-0.601942,-60.3222,-0.0107849,0,-2.66777,1.13992,-0.601942,-61.0826,-0.0110429,0,-2.7014
Ethane,isobar,366.386,2,1.2,0.410492,vapour-like,0,713.976,65.8542,3045.86,-0.0790433,1.02373,-0.387259,-64.1531,-0.0100917,0,-2.10624,1.05144,-0.387259,-64.9135,-0.0103413,0,-2.1312
Ethane,isobar,102.369,5,0.335281,1.02623,liquid-like,0,21295.7,68.3633,-25705.4,-12.2559,-2.08571,-8.76302,497.774,0.177396,0,1.93646,-1.30332,-8.76302,495.874,0.175163,0,1.92907
Ethane,isobar,114.37,5,0.374587,1.02623,liquid-like,0,20865.3,68.2025,-24886.7,-10.1476,-1.39933,-8.07132,429.315,0.120155,0,1.72508,-0.622055,-8.07132,427.414,0.118156,0,1.71744
Ethane,isobar,126.37,5,0.413892,1.02623,liquid-like,0,20432.5,68.5398,-24066.5,-8.47783,-0.772822,-7.70963,364.65,0.0804255,0,1.51518,-0.00205334,-7.70963,362.749,0.0786164,0,1.50728
Ethane,isobar,138.371,5,0.453198,1.02623,liquid-like,0,19995.5,69.0832,-23240.8,-7.12871,-0.209943,-7.3128,302.556,0.0528317,0,1.30183,0.552829,-7.3128,300.655,0.0511795,0,1.29365
Ethane,isobar,150.372,5,0.492503,1.02623,liquid-like,0,19552.6,69.7546,-22407.9,-6.02084,0.283052,-6.77248,243.786,0.0338496,0,1.08795,1.03622,-6.77248,241.885,0.0323292,0,1.07947
Ethane,isobar,162.373,5,0.531808,1.02623,liquid-like,0,19102,70.5568,-21566.1,-5.09877,0.698395,-6.07321,189.617,0.0210253,0,0.879238,1.44021,-6.07321,187.716,0.0196173,0,0.870423
Ethane,isobar,174.374,5,0.571114,1.02623,liquid-like,0,18641.3,71.5223,-20713.7,-4.32261,1.02669,-5.22772,141.366,0.0125884,0,0.682474,1.75522,-5.22772,139.465,0.0112773,0,0.673298
Ethane,isobar,186.374,5,0.610419,1.02623,liquid-like,0,18167.8,72.6952,-19848.6,-3.66304,1.25631,-4.25221,100.282,0.00723152,0,0.505232,1.96945,-4.25221,98.3807,0.00600484,0,0.495655
Ethane,isobar,198.375,5,0.649725,1.02623,liquid-like,0,17677.9,74.1275,-18967.9,-3.09803,1.37251,-3.15683,67.5849,0.00397148,0,0.356312,2.06789,-3.15683,65.6841,0.00281901,0,0.346291
Ethane,isobar,210.376,5,0.68903,1.02623,liquid-like,0,17167.3,75.8836,-18068.1,-2.61075,1.35606,-1.94158,44.5766,0.00205461,0,0.246714,2.031,-1.94158,42.6757,0.000967886,0,0.236193
Ethane,isobar,222.377,5,0.728335,1.02623,liquid-like,0,16630.3,78.0518,-17144.9,-2.18817,1.18113,-0.593176,32.794,0.000889322,0,0.191275,1.83255,-0.593176,30.8931,-0.00013876,0,0.180188
Ethane,isobar,234.378,5,0.767641,1.02623,liquid-like,0,16059,80.7666,-16192.6,-1.82011,0.811873,0.919112,34.2391,-4.76622e-06,0,0.211449,1.43619,0.919112,32.3382,-0.000980207,0,0.19971
Ethane,isobar,246.378,5,0.806946,1.02623,liquid-like,0,15442.3,84.2558,-15203.3,-1.49853,0.196621,2.65205,51.7486,-0.0010382,0,0.340377,0.789492,2.65205,49.8477,-0.00196612,0,0.327874
Ethane,isobar,258.379,5,0.846251,1.02623,liquid-like,0,14762.2,88.9472,-14165.6,-1.21707,-0.74341,4.70883,89.6936,-0.0025904,0,0.633181,-0.187408,4.70883,87.7928,-0.00347523,0,0.619762
Ethane,isobar,270.38,5,0.885557,1.02623,liquid-like,0,13988,95.764,-13060.1,-0.970815,-2.13902,7.29449,155.579,-0.00505613,0,1.19125,-1.62708,7.29449,153.678,-0.00590169,0,1.1767
Ethane,isobar,282.381,5,0.924862,1.02623,liquid-like,0,13056.9,107.195,-11849.3,-0.756118,-4.24154,10.8836,264.612,-0.00892529,0,2.23315,-3.7842,10.8836,262.711,-0.00973491,0,2.2171
Ethane,isobar,294.382,5,0.964168,1.02623,liquid-like,1,11794.4,134.01,-10431.5,-0.570929,-7.68749,16.7428,457.978,-0.0149938,0,4.39033,-7.3038,16.7428,456.077,-0.0157704,0,4.37211
Ethane,isobar,306.382,5,1.00347,1.02623,supercritical,1,7859.5,2161.4,-7460.73,-0.418232,-13.9833,-26.4389,928.6,-0.0255073,0,12.4465,-13.7616,-26.4389,926.699,-0.0262535,0,12.421
Ethane,isobar,318.383,5,1.04278,1.02623,supercritical,1,3269.94,130.506,-2809.48,-0.348507,2.70178,-6.15372,-15.6023,-0.02685,0,-0.555344,2.83307,-6.15372,-17.5032,-0.0275681,0,-0.623003
Ethane,isobar,330.384,5,1.08208,1.02623,supercritical,1,2760.04,98.1068,-1479.23,-0.299976,2.63303,-3.75103,-80.4289,-0.0261393,0,-5.43723,2.74367,-3.75103,-82.3298,-0.0268313,0,-5.56574
Ethane,isobar,342.385,5,1.12139,1.02623,supercritical,0,2459.42,86.8191,-378.807,-0.261474,2.42493,-2.35862,-113.624,-0.0248832,0,-11.3624,2.52311,-2.35862,-115.525,-0.0255509,0,-11.5525
Ethane,isobar,354.386,5,1.16069,1.02623,supercritical,0,2247.14,81.4511,627.298,-0.229768,2.20109,-1.45425,-132.538,-0.0234101,0,-13.2538,2.2904,-1.45425,-134.439,-0.0240552,0,-13.4439
Ethane,isobar,366.386,5,1.2,1.02623,supercritical,0,2083.98,78.6548,1586.21,-0.203096,1.98866,-0.856037,-143.436,-0.0218712,0,-9.04267,2.07113,-0.856037,-145.337,-0.0224952,0,-9.1625
Ethane,isobar,102.369,10,0.335281,2.05246,liquid-like,0,21360.2,68.2349,-25510.9,-12.6736,-2.2045,-8.88929,517.025,0.183434,0,2.02668,-1.42164,-8.88929,513.224,0.178967,0,2.01178
Ethane,isobar,114.37,10,0.374587,2.05246,liquid-like,0,20937.4,68.0257,-24694.1,-10.5892,-1.51368,-8.20888,447.658,0.123873,0,1.81281,-0.735515,-8.20888,443.856,0.119875,0,1.79742
Ethane,isobar,126.37,10,0.413892,2.05246,liquid-like,0,20513,68.3135,-23876.3,-8.93853,-0.87869,-7.87516,381.951,0.0823602,0,1.59971,-0.106515,-7.87516,378.15,0.0787419,0,1.58379
Ethane,isobar,138.371,10,0.453198,2.05246,liquid-like,0,20085.8,68.7976,-23053.7,-7.605,-0.302517,-7.5164,318.575,0.0533876,0,1.38188,0.462299,-7.5164,314.773,0.0500832,0,1.36539
Ethane,isobar,150.372,10,0.492503,2.05246,liquid-like,0,19654.2,69.3942,-22224.6,-6.50999,0.209809,-7.02352,258.199,0.0333464,0,1.16177,0.965806,-7.02352,254.397,0.0303056,0,1.14467
Ethane,isobar,162.373,10,0.531808,2.05246,liquid-like,0,19216.7,70.1004,-21387.7,-5.59861,0.65228,-6.38312,202.004,0.0197261,0,0.944489,1.39789,-6.38312,198.203,0.0169101,0,0.926714
Ethane,isobar,174.374,10,0.571114,2.05246,liquid-like,0,18771.7,70.9411,-20541.5,-4.83141,1.01795,-5.61192,151.178,0.0107191,0,0.735964,1.75149,-5.61192,147.376,0.00809687,0,0.717456
Ethane,isobar,186.374,10,0.610419,2.05246,liquid-like,0,18316.9,71.9495,-19684.3,-4.17932,1.29867,-4.73226,106.781,0.00499517,0,0.542468,2.01831,-4.73226,102.979,0.00254181,0,0.523155
Ethane,isobar,198.375,10,0.649725,2.05246,liquid-like,0,17850,73.1611,-18813.8,-3.62053,1.48468,-3.7635,69.7563,0.00156023,0,0.370772,2.18844,-3.7635,65.9546,-0.000744708,0,0.350565
Ethane,isobar,210.376,10,0.68903,2.05246,liquid-like,0,17368.1,74.6143,-17927.4,-3.13837,1.56408,-2.71961,40.9851,-0.000338947,0,0.228618,2.24978,-2.71961,37.1834,-0.0025124,0,0.207411
Ethane,isobar,222.377,10,0.728335,2.05246,liquid-like,0,16867.5,76.3534,-17021.8,-2.71988,1.5222,-1.60916,21.3566,-0.00128109,0,0.125466,2.18745,-1.60916,17.5549,-0.00333725,0,0.103132
Ethane,isobar,234.378,10,0.767641,2.05246,liquid-like,0,16343.8,78.4361,-16093.4,-2.35493,1.34083,-0.436658,11.8372,-0.00171808,0,0.0735531,1.983,-0.436658,8.03545,-0.00366896,0,0.0499302
Ethane,isobar,246.378,10,0.806946,2.05246,liquid-like,0,15791.4,80.9428,-15137.5,-2.03543,0.997358,0.794999,13.535,-0.00200983,0,0.0894134,1.61347,0.794999,9.73324,-0.00386568,0,0.0642988
Ethane,isobar,258.379,10,0.846251,2.05246,liquid-like,0,15202.5,83.9942,-14148.5,-1.75496,0.463787,2.08011,27.7528,-0.00245001,0,0.196154,1.05053,2.08011,23.951,-0.00421967,0,0.169284
Ethane,isobar,270.38,10,0.885557,2.05246,liquid-like,0,14566.7,87.7794,-13118.6,-1.50835,-0.293827,3.40192,56.0126,-0.00328505,0,0.426971,0.259767,3.40192,52.2109,-0.00497617,0,0.397991
Ethane,isobar,282.381,10,0.924862,2.05246,liquid-like,0,13868.7,92.6065,-12037.5,-1.29147,-1.31469,4.71293,99.9905,-0.00472731,0,0.83066,-0.798524,4.71293,96.1887,-0.00634655,0,0.799078
Ethane,isobar,294.382,10,0.964168,2.05246,liquid-like,0,13085.6,99.0069,-10889.7,-1.10104,-2.63719,5.87113,161.083,-0.00696104,0,1.47923,-2.16331,5.87113,157.281,-0.00851427,0,1.44431
Ethane,isobar,306.382,10,1.00347,2.05246,supercritical,0,12181.5,107.978,-9650.98,-0.934581,-4.26927,6.41349,238.308,-0.0101302,0,2.46926,-3.84297,6.41349,234.506,-0.0116225,0,2.42987
Ethane,isobar,318.383,10,1.04278,2.05246,supercritical,0,11098.1,121.321,-8280.55,-0.790409,-6.06283,5.03699,319.932,-0.0142633,0,3.86366,-5.68904,5.03699,316.13,-0.0156994,0,3.81775
Ethane,isobar,330.384,10,1.08208,2.05246,supercritical,0,9759.06,139.891,-6716.88,-0.667705,-7.35514,-0.187571,362.643,-0.0190292,0,5.39899,-7.0356,-0.187571,358.841,-0.0204132,0,5.34239
Ethane,isobar,342.385,10,1.12139,2.05246,supercritical,0,8193.06,153.548,-4939.16,-0.566318,-6.77543,-7.66621,289.202,-0.0233455,0,5.8553,-6.50394,-7.66621,285.401,-0.024681,0,5.77833
Ethane,isobar,354.386,10,1.16069,2.05246,supercritical,0,6752.28,143.133,-3136.54,-0.485114,-4.43283,-9.26036,125.774,-0.0258402,0,4.00994,-4.19781,-9.26036,121.972,-0.0271305,0,3.88873
Ethane,isobar,366.386,10,1.2,2.05246,supercritical,0,5718.58,123.991,-1536.09,-0.420312,-2.39462,-6.87097,-5.10641,-0.026465,0,-0.332429,-2.18707,-6.87097,-8.90814,-0.027713,0,-0.579923
Ethane,sat-liquid,90.4,1.15177e-06,0.296081,2.36397e-07,liquid-like,0,21666.6,69.928,-26726,-2.39937e-06,-2.71355,-10.6179,556.922,0.252254,0,2.08382,-1.92764,-10.6179,556.922,0.252254,0,2.08382
Ethane,sat-vapour,90.4,1.15177e-06,0.296081,2.36397e-07,vapour-like,0,0.00153237,35.1258,-8842.92,-3.61305e-06,-7.38083e-05,-0.00090643,0.00682483,1.78767e-06,0,7.71785e-05,-7.37501e-05,-0.00090643,0.00682439,1.78709e-06,0,7.71736e-05
Ethane,sat-liquid,120,0.000352302,0.393028,7.23085e-05,liquid-like,0,20584.3,68.5438,-24693.4,-0.000424476,-0.990621,-7.72837,381.202,0.0971561,0,1.54374,-0.217499,-7.72837,381.202,0.097156,0,1.54374
Ethane,sat-vapour,120,0.000352302,0.393028,7.23085e-05,vapour-like,0,0.353256,36.9925,-7778.62,-0.000424482,-0.0147229,-0.235412,0.920687,0.00013408,0,0.0118361,-0.0147094,-0.235412,0.920553,0.000133945,0,0.0118344
Ethane,sat-liquid,150,0.009638,0.491285,0.00197816,liquid-like,0,19460.8,70.1389,-22615.4,-0.00572612,0.330154,-6.50754,231.969,0.0349494,0,1.02571,1.08047,-6.50754,231.965,0.0349465,0,1.0257
Ethane,sat-vapour,150,0.009638,0.491285,0.00197816,vapour-like,0,7.77321,39.4493,-6666.56,-0.00572612,-0.11428,-1.52676,9.54638,0.00104363,0,0.143198,-0.113986,-1.52676,9.54272,0.00104069,0,0.143143
Ethane,sat-liquid,184.55,0.101223,0.604444,0.0207757,liquid-like,0,18086.8,73.3507,-20138.9,-0.0326342,1.15389,-3.84484,101.493,0.00996472,0,0.503963,1.86239,-3.84484,101.454,0.00993964,0,0.503772
Ethane,sat-vapour,184.55,0.101223,0.604444,0.0207757,vapour-like,0,68.2594,43.0872,-5422.22,-0.0326342,-0.34286,-2.58249,40.85,0.00276849,0,0.753382,-0.340283,-2.58249,40.8115,0.00274341,0,0.752672
Ethane,sat-liquid,220,0.492046,0.720551,0.100991,liquid-like,0,16504.4,79.5295,-17431.1,-0.0968746,0.811834,0.382348,50.8038,0.00260125,0,0.291455,1.45357,0.382348,50.6167,0.00249899,0,0.290382
Ethane,sat-vapour,220,0.492046,0.720551,0.100991,vapour-like,0,299.888,51.7183,-4336.89,-0.0968746,-0.430007,-7.89626,104.262,0.0017062,0,2.40408,-0.418703,-7.89626,104.075,0.00160393,0,2.39977
Ethane,sat-liquid,250,1.30084,0.818808,0.266993,liquid-like,0,14900.5,90.0242,-14900.1,-0.181213,-1.11385,6.03096,117.583,-0.00208057,0,0.789139,-0.556799,6.03096,117.088,-0.00231849,0,0.78582
Ethane,sat-vapour,250,1.30084,0.818808,0.266993,vapour-like,0,784.559,64.9555,-3703.88,-0.181213,-0.0326705,-11.9244,153.172,-0.00436553,0,4.13544,-0.00285431,-11.9244,152.677,-0.00460345,0,4.12209
Ethane,sat-liquid,280,2.80674,0.917065,0.576072,liquid-like,0,12728.3,119.894,-11925.1,-0.291321,-6.1835,17.9916,386.178,-0.0117023,0,3.23837,-5.75566,17.9916,385.111,-0.0121606,0,3.22943
Ethane,sat-vapour,280,2.80674,0.917065,0.576072,vapour-like,0,1874.83,105.906,-3642.6,-0.291321,0.708894,-18.5199,198.143,-0.015046,0,5.43959,0.781236,-18.5199,197.076,-0.0155043,0,5.4103
Ethane,sat-liquid,295,3.9184,0.966193,0.804236,liquid-like,1,11006.5,190.612,-10018.2,-0.357117,-11.5717,34.2452,712.313,-0.0194458,0,7.11015,-11.2433,34.2452,710.823,-0.0200531,0,7.09528
Ethane,sat-vapour,295,3.9184,0.966193,0.804236,vapour-like,1,3070.23,216.647,-4199.64,-0.357117,0.650025,-25.7177,245.937,-0.0212835,0,5.85614,0.768409,-25.7177,244.447,-0.0218908,0,5.82067
Ethane,probe-dense,200,10,0.655046,2.05246,liquid-like,0,17785.7,73.3428,-18694.8,-3.55109,1.50196,-3.62632,65.3585,0.00122759,0,0.349608,2.20341,-3.62632,61.5568,-0.00105862,0,0.329273
Ethane,probe-dense,300,10,0.982569,2.05246,liquid-like,0,12680.3,102.798,-10323,-1.02024,-3.36543,6.25445,195.519,-0.00832217,0,1.89401,-2.91316,6.25445,191.718,-0.00984631,0,1.85718
Ethane,probe-dense,305.4,4.9,1.00026,1.00571,supercritical,1,8385.77,1409.51,-7844.63,-0.413055,-16.189,10.7891,1046.85,-0.0251186,0,13.3448,-15.9645,10.7891,1044.99,-0.0258522,0,13.3211
Ethane,probe-dense,320,6,1.04807,1.23148,supercritical,1,5262.9,284.216,-4547.32,-0.428948,-0.509084,-13.9076,120.946,-0.0286141,0,2.65971,-0.31064,-13.9076,118.665,-0.0294715,0,2.60955
Ethane,probe-dense,320,10,1.04807,2.05246,supercritical,0,10934.1,123.558,-8082.6,-0.772634,-6.29067,4.59096,329.472,-0.0148831,0,4.07631,-5.92422,4.59096,325.67,-0.016312,0,4.02928
Ethane,probe-dense,400,10,1.31009,2.05246,supercritical,0,4197.73,96.3683,2070.47,-0.293398,-0.148552,-2.04118,-154.624,-0.0238314,0,-7.46807,0.010814,-2.04118,-158.426,-0.0249745,0,-7.65168
CarbonDioxide,isobar,223.043,0.1,0.733383,0.0135551,vapour-like,0,54.638,34.4491,-2736.04,-0.0130035,-0.0473954,-1.53361,17.3495,0.000453487,0,0.634108,-0.048617,-1.53361,17.3719,0.000465555,0,0.634926
CarbonDioxide,isobar,229.493,0.1,0.754593,0.0135551,vapour-like,0,53.0376,34.6603,-2513.16,-0.0118147,-0.0226185,-1.2831,14.22,0.000214705,0,0.565823,-0.0238049,-1.2831,14.2424,0.000226434,0,0.566713
CarbonDioxide,isobar,235.944,0.1,0.775803,0.0135551,vapour-like,0,51.5324,34.8888,-2288.85,-0.0107688,-0.00354974,-1.0773,11.5805,3.02332e-05,0,0.505951,-0.0047029,-1.0773,11.6028,4.1641e-05,0,0.506928
CarbonDioxide,isobar,242.394,0.1,0.797013,0.0135551,vapour-like,0,50.1137,35.1306,-2063.03,-0.00984423,0.0110441,-0.907258,9.3459,-0.000111418,0,0.453018,0.00992237,-0.907258,9.36828,-0.000100314,0,0.454103
CarbonDioxide,isobar,248.845,0.1,0.818223,0.0135551,vapour-like,0,48.7738,35.3824,-1835.61,-0.00902323,0.0221155,-0.766034,7.44831,-0.000219195,0,0.405767,0.0210236,-0.766034,7.47069,-0.000208378,0,0.406986
CarbonDioxide,isobar,255.295,0.1,0.839432,0.0135551,vapour-like,0,47.5061,35.6418,-1606.54,-0.00829117,0.0304057,-0.648179,5.83274,-0.000300107,0,0.363061,0.0293419,-0.648179,5.85512,-0.000289564,0,0.364454
CarbonDioxide,isobar,261.746,0.1,0.860642,0.0135551,vapour-like,0,46.3045,35.9068,-1375.78,-0.00763591,0.0364948,-0.549392,4.45443,-0.000359677,0,0.323774,0.0354578,-0.549392,4.47681,-0.000349393,0,0.325401
CarbonDioxide,isobar,268.196,0.1,0.881852,0.0135551,vapour-like,0,45.1638,36.1756,-1143.3,-0.00704727,0.04084,-0.466249,3.2767,-0.000402277,0,0.2866,0.0398285,-0.466249,3.29908,-0.000392241,0,0.288557
CarbonDioxide,isobar,274.647,0.1,0.903062,0.0135551,vapour-like,0,44.0794,36.4469,-909.076,-0.00651672,0.043803,-0.396002,2.26928,-0.000431385,0,0.226928,0.0428157,-0.396002,2.29166,-0.000421585,0,0.229166
CarbonDioxide,isobar,281.097,0.1,0.924272,0.0135551,vapour-like,0,43.047,36.7197,-673.095,-0.00603704,0.0456712,-0.336451,1.40706,-0.000449776,0,0.140706,0.044707,-0.336451,1.42944,-0.000440201,0,0.142944
CarbonDioxide,isobar,287.548,0.1,0.945482,0.0135551,vapour-like,0,42.0628,36.9931,-435.353,-0.00560206,0.0466742,-0.285844,0.669026,-0.000459672,0,0.0669026,0.045732,-0.285844,0.691405,-0.000450311,0,0.0691405
CarbonDioxide,isobar,293.998,0.1,0.966692,0.0135551,vapour-like,0,41.1235,37.2663,-195.846,-0.00520654,0.0469954,-0.242744,0.0374582,-0.000462857,0,0.00374582,0.0460742,-0.242744,0.0598373,-0.000453702,0,0.00598373
CarbonDioxide,isobar,300.449,0.1,0.987901,0.0135551,vapour-like,0,40.2259,37.5387,45.4197,-0.00484597,0.0467819,-0.205909,-0.502566,-0.000460768,0,-0.0502566,0.0458809,-0.205909,-0.480187,-0.000451809,0,-0.0480187
CarbonDioxide,isobar,306.899,0.1,1.00911,0.0135551,vapour-like,0,39.3674,37.8099,288.439,-0.00451647,0.0461522,-0.17429,-0.963535,-0.00045456,0,-0.0963535,0.0452704,-0.17429,-0.941156,-0.00044579,0,-0.0941156
CarbonDioxide,isobar,313.35,0.1,1.03032,0.0135551,vapour-like,0,38.5452,38.0793,533.203,-0.00421465,0.0452016,-0.147072,-1.35595,-0.000445171,0,-0.135595,0.0443382,-0.147072,-1.33358,-0.000436581,0,-0.133358
CarbonDioxide,isobar,319.8,0.1,1.05153,0.0135551,vapour-like,0,37.7572,38.3468,779.698,-0.0039376,0.044007,-0.123631,-1.68884,-0.000433356,0,-0.168884,0.0431613,-0.123631,-1.66646,-0.000424939,0,-0.166646
CarbonDioxide,isobar,326.251,0.1,1.07274,0.0135551,vapour-like,0,37.0012,38.612,1027.91,-0.00368276,0.0426307,-0.103443,-1.97,-0.000419728,0,-0.191651,0.041802,-0.103443,-1.94762,-0.000411478,0,-0.189474
CarbonDioxide,isobar,332.701,0.1,1.09395,0.0135551,vapour-like,0,36.2752,38.8748,1277.83,-0.00344789,0.0411228,-0.0860358,-2.20621,-0.000404782,0,-0.172653,0.0403103,-0.0860358,-2.18383,-0.000396692,0,-0.170902
CarbonDioxide,isobar,339.152,0.1,1.11516,0.0135551,vapour-like,0,35.5775,39.1349,1529.43,-0.00323103,0.0395235,-0.070995,-2.40328,-0.000388918,0,-0.157136,0.0387267,-0.070995,-2.3809,-0.000380982,0,-0.155672
CarbonDioxide,isobar,345.602,0.1,1.13637,0.0135551,vapour-like,0,34.9065,39.3923,1782.7,-0.00303044,0.0378652,-0.057975,-2.56619,-0.000372456,0,-0.143949,0.0370834,-0.057975,-2.54381,-0.000364668,0,-0.142694
CarbonDioxide,isobar,352.053,0.1,1.15758,0.0135551,vapour-like,0,34.2605,39.6469,2037.63,-0.00284459,0.036174,-0.0466905,-2.69924,-0.000355656,0,-0.13247,0.0354067,-0.0466905,-2.67686,-0.00034801,0,-0.131372
CarbonDioxide,isobar,358.503,0.1,1.17879,0.0135551,vapour-like,0,33.6382,39.8985,2294.18,-0.00267213,0.0344706,-0.0369034,-2.80616,-0.000338724,0,-0.122317,0.0337172,-0.0369034,-2.78378,-0.000331216,0,-0.121341
CarbonDioxide,isobar,364.954,0.1,1.2,0.0135551,vapour-like,0,33.0383,40.1472,2552.35,-0.00251184,0.0327715,-0.0284117,-2.8902,-0.000321825,0,-0.113237,0.0320317,-0.0284117,-2.86783,-0.00031445,0,-0.11236
CarbonDioxide,isobar,223.043,0.5,0.733383,0.0677755,vapour-like,0,289.647,39.1493,-3087.75,-0.0667625,-0.369781,-8.15763,97.8459,0.00275011,0,3.16884,-0.376214,-8.15763,97.9578,0.00281045,0,3.17246
CarbonDioxide,isobar,229.493,0.5,0.754593,0.0677755,vapour-like,0,279.459,38.7186,-2836.68,-0.0604598,-0.201865,-6.78481,79.1331,0.00141221,0,2.78964,-0.208093,-6.78481,79.245,0.00147086,0,2.79358
CarbonDioxide,isobar,235.944,0.5,0.775803,0.0677755,vapour-like,0,270.121,38.4173,-2587.96,-0.0549559,-0.0769549,-5.64399,63.7215,0.000391354,0,2.46222,-0.0829903,-5.64399,63.8334,0.000448393,0,2.46655
CarbonDioxide,isobar,242.394,0.5,0.797013,0.0677755,vapour-like,0,261.51,38.2242,-2340.83,-0.0501203,0.0158057,-4.71025,50.9647,-0.000384594,0,2.17721,0.00995183,-4.71025,51.0766,-0.000329073,0,2.18199
CarbonDioxide,isobar,248.845,0.5,0.818223,0.0677755,vapour-like,0,253.529,38.1168,-2094.65,-0.0458483,0.0844083,-3.94614,40.3402,-0.000970305,0,1.92587,0.0787253,-3.94614,40.4521,-0.000916223,0,1.93121
CarbonDioxide,isobar,255.295,0.5,0.839432,0.0677755,vapour-like,0,246.097,38.076,-1848.94,-0.0420557,0.13471,-3.31755,31.441,-0.00140747,0,1.70049,0.129188,-3.31755,31.5529,-0.00135475,0,1.70654
CarbonDioxide,isobar,261.746,0.5,0.860642,0.0677755,vapour-like,0,239.152,38.0874,-1603.32,-0.0386733,0.171041,-2.79709,23.9513,-0.00172813,0,1.49386,0.165671,-2.79709,24.0632,-0.00167671,0,1.50084
CarbonDioxide,isobar,268.196,0.5,0.881852,0.0677755,vapour-like,0,232.639,38.14,-1357.48,-0.0356446,0.196638,-2.36345,17.6242,-0.00195716,0,1.2983,0.191412,-2.36345,17.7361,-0.00190698,0,1.30654
CarbonDioxide,isobar,274.647,0.5,0.903062,0.0677755,vapour-like,0,226.513,38.2253,-1111.2,-0.0329222,0.213953,-2.00006,12.2641,-0.002114,0,1.10368,0.208862,-2.00006,12.376,-0.002065,0,1.11375
CarbonDioxide,isobar,281.097,0.5,0.924272,0.0677755,vapour-like,0,220.738,38.3369,-864.28,-0.0304668,0.224859,-1.69403,7.71421,-0.00221392,0,0.771421,0.219897,-1.69403,7.82611,-0.00216604,0,0.782611
CarbonDioxide,isobar,287.548,0.5,0.945482,0.0677755,vapour-like,0,215.279,38.4695,-616.57,-0.0282449,0.230802,-1.43536,3.84738,-0.00226903,0,0.384738,0.225962,-1.43536,3.95928,-0.00222223,0,0.395928
CarbonDioxide,isobar,293.998,0.5,0.966692,0.0677755,vapour-like,0,210.108,38.6193,-367.947,-0.0262285,0.232907,-1.21608,0.558937,-0.00228894,0,0.0558937,0.228183,-1.21608,0.670833,-0.00224317,0,0.0670833
CarbonDioxide,isobar,300.449,0.5,0.987901,0.0677755,vapour-like,0,205.202,38.7828,-118.312,-0.0243934,0.232051,-1.02938,-2.23749,-0.00228132,0,-0.223749,0.227438,-1.02938,-2.12559,-0.00223653,0,-0.212559
CarbonDioxide,isobar,306.899,0.5,1.00911,0.0677755,vapour-like,0,200.537,38.9573,132.415,-0.0227189,0.228927,-0.869605,-4.61286,-0.00225229,0,-0.461286,0.224419,-0.869605,-4.50096,-0.00220844,0,-0.450096
CarbonDioxide,isobar,313.35,0.5,1.03032,0.0677755,vapour-like,0,196.096,39.1405,384.296,-0.0211873,0.224079,-0.732403,-6.62593,-0.00220678,0,-0.662593,0.219671,-0.732403,-6.51403,-0.00216383,0,-0.651403
CarbonDioxide,isobar,319.8,0.5,1.05153,0.0677755,vapour-like,0,191.861,39.3308,637.383,-0.0197831,0.217942,-0.614526,-8.32648,-0.00214874,0,-0.832648,0.21363,-0.614526,-8.21459,-0.00210666,0,-0.821459
CarbonDioxide,isobar,326.251,0.5,1.07274,0.0677755,vapour-like,0,187.816,39.5267,891.716,-0.0184929,0.210859,-0.513248,-9.75728,-0.00208138,0,-0.975728,0.206638,-0.513248,-9.64538,-0.00204013,0,-0.964538
CarbonDioxide,isobar,332.701,0.5,1.09395,0.0677755,vapour-like,0,183.949,39.7272,1147.33,-0.017305,0.203103,-0.426112,-10.955,-0.00200726,0,-0.954825,0.19897,-0.426112,-10.8431,-0.00196681,0,-0.945072
CarbonDioxide,isobar,339.152,0.5,1.11516,0.0677755,vapour-like,0,180.246,39.931,1404.24,-0.0162093,0.194891,-0.350972,-11.9508,-0.00192842,0,-0.851045,0.190842,-0.350972,-11.8389,-0.00188874,0,-0.843077
CarbonDioxide,isobar,345.602,0.5,1.13637,0.0677755,vapour-like,0,176.698,40.1374,1662.48,-0.0151966,0.186394,-0.286039,-12.7712,-0.00184652,0,-0.768198,0.182425,-0.286039,-12.6593,-0.00180758,0,-0.761467
CarbonDioxide,isobar,352.053,0.5,1.15758,0.0677755,vapour-like,0,173.294,40.3455,1922.06,-0.0142591,0.177748,-0.229849,-13.4389,-0.00176289,0,-0.699193,0.173856,-0.229849,-13.327,-0.00172466,0,-0.693371
CarbonDioxide,isobar,358.503,0.5,1.17879,0.0677755,vapour-like,0,170.024,40.5548,2182.99,-0.0133898,0.169061,-0.181187,-13.9736,-0.00167858,0,-0.640114,0.165243,-0.181187,-13.8617,-0.00164104,0,-0.634988
CarbonDioxide,isobar,364.954,0.5,1.2,0.0677755,vapour-like,0,166.881,40.7647,2445.26,-0.0125823,0.160416,-0.139024,-14.3921,-0.00159443,0,-0.588573,0.156669,-0.139024,-14.2802,-0.00155756,0,-0.583997
CarbonDioxide,isobar,223.043,1,0.733383,0.135551,liquid-like,0,26260.4,86.6212,-18218.9,-0.47194,1.59733,-7.26865,157.767,-0.00173442,0,0.865951,0.994316,-7.26865,157.991,-0.00161374,0,0.867179
CarbonDioxide,isobar,229.493,1,0.754593,0.135551,liquid-like,0,25698,87.7346,-17656.7,-0.238623,1.36746,-5.40146,122.103,-0.00384392,0,0.691534,0.77995,-5.40146,122.326,-0.00372663,0,0.692802
CarbonDioxide,isobar,232.528,1,0.764573,0.135551,liquid-like,0,25424.2,88.3891,-17389.5,-0.13507,1.22306,-4.47138,108.902,-0.0046323,0,0.626254,0.643418,-4.47138,109.126,-0.00451655,0,0.627541
CarbonDioxide,isobar,233.528,1,0.767861,0.135551,vapour-like,0,588.915,45.3093,-3123.3,-0.117465,-0.526776,-13.2915,163.484,0.0024154,0,5.23434,-0.539815,-13.2915,163.708,0.00253066,0,5.24151
CarbonDioxide,isobar,235.944,1,0.775803,0.135551,vapour-like,0,579.567,44.7736,-3014.52,-0.113199,-0.395835,-12.3982,149.513,0.00159071,0,4.95978,-0.408701,-12.3982,149.737,0.00170479,0,4.9672
CarbonDioxide,isobar,242.394,1,0.797013,0.135551,vapour-like,0,556.569,43.5584,-2729.79,-0.102837,-0.119489,-10.2339,117.367,-0.000213373,0,4.29947,-0.131913,-10.2339,117.591,-0.000102331,0,4.30767
CarbonDioxide,isobar,248.845,1,0.818223,0.135551,vapour-like,0,535.972,42.6412,-2451.92,-0.0937698,0.0753004,-8.44631,91.4902,-0.00155203,0,3.73136,0.0632892,-8.44631,91.714,-0.00144386,0,3.74049
CarbonDioxide,isobar,255.295,1,0.839432,0.135551,vapour-like,0,517.329,41.9635,-2179.16,-0.085782,0.212306,-6.9987,70.491,-0.00253778,0,3.23477,0.200681,-6.9987,70.7148,-0.00243235,0,3.24504
CarbonDioxide,isobar,261.746,1,0.860642,0.135551,vapour-like,0,500.31,41.4684,-1910.16,-0.0787035,0.307933,-5.82675,53.2923,-0.0032539,0,2.78994,0.296668,-5.82675,53.516,-0.00315106,0,2.80165
CarbonDioxide,isobar,268.196,1,0.881852,0.135551,vapour-like,0,484.664,41.112,-1643.88,-0.0723981,0.373539,-4.87236,39.0883,-0.00376253,0,2.37781,0.362613,-4.87236,39.3121,-0.00366217,0,2.39142
CarbonDioxide,isobar,274.647,1,0.903062,0.135551,vapour-like,0,470.197,40.8616,-1379.55,-0.0667554,0.417101,-4.08855,27.277,-0.0041106,0,1.97725,0.406491,-4.08855,27.5008,-0.0040126,0,1.99347
CarbonDioxide,isobar,281.097,1,0.924272,0.135551,vapour-like,0,456.753,40.6934,-1116.55,-0.061685,0.444314,-3.43934,17.4036,-0.004334,0,1.5587,0.434002,-3.43934,17.6274,-0.00423824,0,1.57874
CarbonDioxide,isobar,287.548,1,0.945482,0.135551,vapour-like,0,444.208,40.59,-854.42,-0.0571117,0.459321,-2.89796,9.11851,-0.0044604,0,0.911851,0.449289,-2.89796,9.3423,-0.0043668,0,0.93423
CarbonDioxide,isobar,293.998,1,0.966692,0.135551,vapour-like,0,432.458,40.5385,-592.785,-0.0529728,0.465181,-2.444,2.14729,-0.0045114,0,0.214729,0.455414,-2.444,2.37108,-0.00441985,0,0.237108
CarbonDioxide,isobar,300.449,1,0.987901,0.135551,vapour-like,0,421.418,40.5286,-331.343,-0.0492152,0.464182,-2.06087,-3.7277,-0.00450389,0,-0.37277,0.454664,-2.06087,-3.50391,-0.0044143,0,-0.350391
CarbonDioxide,isobar,306.899,1,1.00911,0.135551,vapour-like,0,411.015,40.5521,-69.8529,-0.045794,0.458056,-1.73516,-8.67949,-0.00445122,0,-0.867949,0.448774,-1.73516,-8.4557,-0.00436352,0,-0.84557
CarbonDioxide,isobar,313.35,1,1.03032,0.135551,vapour-like,0,401.187,40.6031,191.88,-0.0426706,0.448126,-1.45695,-12.8473,-0.004364,0,-1.28473,0.439068,-1.45695,-12.6235,-0.00427811,0,-1.26235
CarbonDioxide,isobar,319.8,1,1.05153,0.135551,vapour-like,0,391.882,40.6769,454.018,-0.039812,0.435414,-1.21902,-16.3465,-0.00425067,0,-1.63465,0.426569,-1.21902,-16.1227,-0.00416651,0,-1.61227
CarbonDioxide,isobar,326.251,1,1.07274,0.135551,vapour-like,0,383.052,40.7697,716.694,-0.0371896,0.42071,-1.01544,-19.2742,-0.00411797,0,-1.92742,0.412067,-1.01544,-19.0504,-0.00403547,0,-1.90504
CarbonDioxide,isobar,332.701,1,1.09395,0.135551,vapour-like,0,374.659,40.8785,980.023,-0.0347785,0.404627,-0.840941,-21.7124,-0.00397127,0,-2.17124,0.396175,-0.840941,-21.4886,-0.00389037,0,-2.14886
CarbonDioxide,isobar,339.152,1,1.11516,0.135551,vapour-like,0,366.666,41.0004,1244.1,-0.0325572,0.387638,-0.69093,-23.73,-0.00381485,0,-1.90741,0.379369,-0.69093,-23.5062,-0.00373549,0,-1.88942
CarbonDioxide,isobar,345.602,1,1.13637,0.135551,vapour-like,0,359.042,41.1331,1508.99,-0.0305067,0.370113,-0.561634,-25.3847,-0.00365214,0,-1.68223,0.362019,-0.561634,-25.1609,-0.00357426,0,-1.6674
CarbonDioxide,isobar,352.053,1,1.15758,0.135551,vapour-like,0,351.759,41.275,1774.78,-0.0286104,0.352339,-0.449999,-26.7254,-0.00348587,0,-1.50585,0.344412,-0.449999,-26.5016,-0.00340941,0,-1.49324
CarbonDioxide,isobar,358.503,1,1.17879,0.135551,vapour-like,0,344.793,41.4243,2041.5,-0.0268536,0.334538,-0.353512,-27.7938,-0.00331818,0,-1.36144,0.32677,-0.353512,-27.57,-0.00324311,0,-1.35048
CarbonDioxide,isobar,364.954,1,1.2,0.135551,vapour-like,0,338.122,41.5799,2309.21,-0.0252234,0.31688,-0.27007,-28.6257,-0.00315081,0,-1.23963,0.309266,-0.27007,-28.4019,-0.00307706,0,-1.22994
CarbonDioxide,isobar,223.043,2,0.733383,0.271102,liquid-like,0,26313.3,86.2754,-18208.2,-1.14457,1.66396,-7.51158,155.395,-0.00206349,0,0.853433,1.05895,-7.51158,155.843,-0.00182214,0,0.855891
CarbonDioxide,isobar,229.493,2,0.754593,0.271102,liquid-like,0,25758,87.3016,-17648.6,-0.911401,1.45458,-5.70293,118.373,-0.0041273,0,0.670723,0.864698,-5.70293,118.821,-0.00389273,0,0.673259
CarbonDioxide,isobar,235.944,2,0.775803,0.271102,liquid-like,0,25176.8,88.6908,-17081.2,-0.695923,1.14341,-3.75796,91.4718,-0.00561851,0,0.535512,0.570287,-3.75796,91.9194,-0.00539035,0,0.538132
CarbonDioxide,isobar,242.394,2,0.797013,0.271102,liquid-like,0,24563.6,90.554,-16503.4,-0.496691,0.709636,-1.62298,75.839,-0.00673957,0,0.459537,0.155165,-1.62298,76.2866,-0.00651749,0,0.462249
CarbonDioxide,isobar,248.845,2,0.818223,0.271102,liquid-like,0,23909.8,93.0709,-15911.5,-0.312446,0.123957,0.785555,73.2307,-0.00768215,0,0.460236,-0.409592,0.785555,73.6782,-0.00746582,0,0.463049
CarbonDioxide,isobar,253.147,2,0.832371,0.271102,liquid-like,0,23445.1,95.2571,-15506.6,-0.197339,-0.371666,2.61169,80.0522,-0.00830578,0,0.516247,-0.889745,2.61169,80.4998,-0.00809313,0,0.519134
CarbonDioxide,isobar,254.147,2,0.835659,0.271102,vapour-like,0,1188.73,56.7861,-3049.07,-0.182984,-0.186491,-17.8797,206.49,-0.00305998,0,6.77225,-0.212988,-17.8797,206.938,-0.00284816,0,6.78692
CarbonDioxide,isobar,255.295,2,0.839432,0.271102,vapour-like,0,1177.31,56.022,-2984.33,-0.179903,-0.0863224,-17.1359,195.159,-0.00348713,0,6.53944,-0.112617,-17.1359,195.606,-0.00327626,0,6.55443
CarbonDioxide,isobar,261.746,2,0.860642,0.271102,vapour-like,0,1119.44,52.5715,-2634.79,-0.163958,0.336987,-13.5827,141.697,-0.00542979,0,5.37795,0.311772,-13.5827,142.145,-0.00522412,0,5.39494
CarbonDioxide,isobar,268.196,2,0.881852,0.271102,vapour-like,0,1069.98,50.1642,-2303.88,-0.150011,0.596426,-10.9033,101.355,-0.00676469,0,4.39933,0.5722,-10.9033,101.803,-0.00656397,0,4.41876
CarbonDioxide,isobar,274.647,2,0.903062,0.271102,vapour-like,0,1026.75,48.4318,-1986.17,-0.137704,0.755311,-8.85729,70.0865,-0.00766212,0,3.52872,0.731991,-8.85729,70.5341,-0.00746611,0,3.55125
CarbonDioxide,isobar,281.097,2,0.924272,0.271102,vapour-like,0,988.361,47.151,-1678.1,-0.126768,0.849726,-7.26335,45.3414,-0.00823833,0,2.70195,0.827235,-7.26335,45.789,-0.00804682,0,2.72863
CarbonDioxide,isobar,287.548,2,0.945482,0.271102,vapour-like,0,953.835,46.1855,-1377.2,-0.116994,0.901427,-5.99876,25.4533,-0.00857538,0,1.84819,0.879699,-5.99876,25.9009,-0.00838817,0,1.88069
CarbonDioxide,isobar,293.998,2,0.966692,0.271102,vapour-like,0,922.485,45.4487,-1081.76,-0.108215,0.924157,-4.9802,9.28358,-0.00873277,0,0.858188,0.903134,-4.9802,9.73116,-0.00854967,0,0.899563
CarbonDioxide,isobar,300.449,2,0.987901,0.271102,vapour-like,0,893.794,44.8818,-790.505,-0.100296,0.926926,-4.14762,-3.97268,-0.00875457,0,-0.397268,0.906556,-4.14762,-3.5251,-0.0085754,0,-0.35251
CarbonDioxide,isobar,306.899,2,1.00911,0.271102,vapour-like,0,867.366,44.4439,-502.467,-0.093124,0.91583,-3.45698,-14.8965,-0.00867401,0,-1.48965,0.896065,-3.45698,-14.4489,-0.0084986,0,-1.44489
CarbonDioxide,isobar,313.35,2,1.03032,0.271102,vapour-like,0,842.888,44.1064,-216.918,-0.0866077,0.895103,-2.87795,-23.9184,-0.0085165,0,-2.39184,0.875904,-2.87795,-23.4708,-0.0083447,0,-2.34708
CarbonDioxide,isobar,319.8,2,1.05153,0.271102,vapour-like,0,820.108,43.8497,66.7244,-0.0806682,0.867757,-2.39014,-31.3707,-0.00830172,0,-3.13707,0.849087,-2.39014,-30.9231,-0.00813339,0,-3.09231
CarbonDioxide,isobar,326.251,2,1.07274,0.271102,vapour-like,0,798.823,43.6588,348.93,-0.0752392,0.835961,-1.97807,-37.5186,-0.00804498,0,-3.75186,0.817787,-1.97807,-37.0711,-0.00787997,0,-3.70711
CarbonDioxide,isobar,332.701,2,1.09395,0.271102,vapour-like,0,778.863,43.5217,630.083,-0.0702638,0.80129,-1.6286,-42.5758,-0.00775823,0,-4.25758,0.783582,-1.6286,-42.1282,-0.00759643,0,-4.21282
CarbonDioxide,isobar,339.152,2,1.11516,0.271102,vapour-like,0,760.087,43.4289,910.5,-0.0656931,0.764901,-1.33072,-46.7142,-0.00745085,0,-4.67142,0.747632,-1.33072,-46.2666,-0.00729213,0,-4.62666
CarbonDioxide,isobar,345.602,2,1.13637,0.271102,vapour-like,0,742.374,43.3727,1190.44,-0.0614846,0.727643,-1.07569,-50.0734,-0.00713019,0,-4.20629,0.710789,-1.07569,-49.6258,-0.00697442,0,-4.1687
CarbonDioxide,isobar,352.053,2,1.15758,0.271102,vapour-like,0,725.621,43.3472,1470.12,-0.0576017,0.690147,-0.856677,-52.7679,-0.00680201,0,-3.58936,0.673686,-0.856677,-52.3203,-0.0066491,0,-3.55892
CarbonDioxide,isobar,358.503,2,1.17879,0.271102,vapour-like,0,709.741,43.3476,1749.72,-0.054012,0.652878,-0.668249,-54.8932,-0.00647087,0,-3.13726,0.636789,-0.668249,-54.4456,-0.00632071,0,-3.11168
CarbonDioxide,isobar,364.954,2,1.2,0.271102,vapour-like,0,694.656,43.3699,2029.39,-0.0506874,0.616178,-0.505942,-56.5295,-0.00614031,0,-2.78554,0.600443,-0.505942,-56.0819,-0.0059928,0,-2.76348
CarbonDioxide,isobar,223.043,5,0.733383,0.677755,liquid-like,0,26466.5,85.3228,-18174.2,-1.99957,1.84369,-8.17004,149.51,-0.00312103,0,0.822647,1.23304,-8.17004,150.629,-0.00251765,0,0.828803
CarbonDioxide,isobar,229.493,5,0.754593,0.677755,liquid-like,0,25930.6,86.1238,-17621.4,-1.76686,1.68821,-6.50698,108.914,-0.00506991,0,0.618075,1.09167,-6.50698,110.033,-0.00448349,0,0.624425
CarbonDioxide,isobar,235.944,5,0.775803,0.677755,liquid-like,0,25373.1,87.209,-17062.6,-1.55171,1.4471,-4.75727,77.401,-0.00639432,0,0.453631,0.866063,-4.75727,78.52,-0.00582393,0,0.460189
CarbonDioxide,isobar,242.394,5,0.797013,0.677755,liquid-like,0,24789.5,88.6467,-16495.6,-1.35266,1.10612,-2.89164,55.6686,-0.00728552,0,0.337476,0.542175,-2.89164,56.7876,-0.00673031,0,0.344259
CarbonDioxide,isobar,248.845,5,0.818223,0.677755,liquid-like,0,24173.9,90.5391,-15917.9,-1.16843,0.646436,-0.867359,44.7428,-0.00791856,0,0.281084,0.101396,-0.867359,45.8617,-0.00737774,0,0.288113
CarbonDioxide,isobar,255.295,5,0.839432,0.677755,liquid-like,0,23518.1,93.0451,-15326.2,-0.997907,0.0422662,1.38254,46.1639,-0.00845901,0,0.301208,-0.481733,1.38254,47.2828,-0.00793186,0,0.308509
CarbonDioxide,isobar,261.746,5,0.860642,0.677755,liquid-like,0,22810.4,96.4293,-14715.7,-0.840132,-0.743489,3.96613,62.3321,-0.00907136,0,0.423576,-1.24387,3.96613,63.4511,-0.00855719,0,0.43118
CarbonDioxide,isobar,268.196,5,0.881852,0.677755,liquid-like,0,22033,101.186,-14079.3,-0.694303,-1.76813,7.05955,97.1607,-0.00993065,0,0.690097,-2.24164,7.05955,98.2797,-0.00942885,0,0.698045
CarbonDioxide,isobar,274.647,5,0.903062,0.677755,liquid-like,0,21155.9,108.356,-13405.2,-0.559784,-3.12845,10.9912,157.534,-0.0112418,0,1.17517,-3.57071,10.9912,158.653,-0.0107518,0,1.18352
CarbonDioxide,isobar,281.097,5,0.924272,0.677755,liquid-like,0,20119.6,120.622,-12670.8,-0.436151,-5.01336,16.5246,257.546,-0.01328,0,2.0326,-5.41787,16.5246,258.665,-0.0128012,0,2.04143
CarbonDioxide,isobar,286.934,5,0.943464,0.677755,liquid-like,0,18921.4,144.352,-11907.9,-0.333603,-7.56961,24.9165,413.133,-0.0161274,0,3.46941,-7.92996,24.9165,414.252,-0.0156584,0,3.47881
CarbonDioxide,isobar,287.934,5,0.946752,0.677755,vapour-like,0,3518.94,131.149,-3855.24,-0.322697,0.847029,-24.6914,240.66,-0.0173872,0,6.24242,0.767002,-24.6914,241.779,-0.0169198,0,6.27144
CarbonDioxide,isobar,293.998,5,0.966692,0.677755,vapour-like,0,3155,94.2328,-3193.01,-0.294764,1.85659,-15.5303,110.937,-0.0188322,0,3.47435,1.78339,-15.5303,112.056,-0.0183745,0,3.5094
CarbonDioxide,isobar,300.449,5,0.987901,0.677755,vapour-like,0,2902.47,78.5451,-2641.71,-0.269505,2.13504,-11.145,38.265,-0.0194624,0,1.44849,2.06732,-11.145,39.384,-0.0190144,0,1.49085
CarbonDioxide,isobar,306.899,5,1.00911,0.677755,vapour-like,0,2714.58,69.9866,-2164.98,-0.247582,2.17979,-8.5211,-8.29069,-0.0195772,0,-0.382945,2.1164,-8.5211,-7.17173,-0.0191387,0,-0.33126
CarbonDioxide,isobar,313.35,5,1.03032,0.677755,vapour-like,0,2564.57,64.5421,-1732.26,-0.228265,2.13529,-6.71111,-41.0898,-0.0193718,0,-2.37203,2.07545,-6.71111,-39.9709,-0.0189423,0,-2.30744
CarbonDioxide,isobar,319.8,5,1.05153,0.677755,vapour-like,0,2439.73,60.7684,-1328.78,-0.21107,2.05189,-5.362,-65.3519,-0.0189558,0,-4.91819,1.99506,-5.362,-64.233,-0.018535,0,-4.83398
CarbonDioxide,isobar,326.251,5,1.07274,0.677755,vapour-like,0,2332.89,58.0099,-946.124,-0.195645,1.95118,-4.31369,-83.8006,-0.0183987,0,-8.38006,1.89694,-4.31369,-82.6816,-0.0179862,0,-8.26816
CarbonDioxide,isobar,332.701,5,1.09395,0.677755,vapour-like,0,2239.62,55.9192,-578.967,-0.181726,1.84357,-3.4769,-98.0572,-0.0177469,0,-9.80572,1.79161,-3.4769,-96.9383,-0.0173424,0,-9.69383
CarbonDioxide,isobar,339.152,5,1.11516,0.677755,vapour-like,0,2156.96,54.2915,-223.718,-0.169104,1.73443,-2.79369,-109.162,-0.0170331,0,-10.9162,1.68449,-2.79369,-108.043,-0.0166363,0,-10.8043
CarbonDioxide,isobar,345.602,5,1.13637,0.677755,vapour-like,0,2082.81,52.9981,122.164,-0.157609,1.62666,-2.22537,-117.818,-0.0162808,0,-11.7818,1.57854,-2.22537,-116.699,-0.0158914,0,-11.6699
CarbonDioxide,isobar,352.053,5,1.15758,0.677755,vapour-like,0,2015.66,51.9551,460.548,-0.147104,1.52185,-1.74638,-124.518,-0.0155073,0,-12.4518,1.47538,-1.74638,-123.399,-0.0151251,0,-12.3399
CarbonDioxide,isobar,358.503,5,1.17879,0.677755,vapour-like,0,1954.37,51.1048,792.852,-0.137473,1.42086,-1.33932,-129.628,-0.0147255,0,-12.9628,1.37589,-1.33932,-128.509,-0.0143501,0,-12.8509
CarbonDioxide,isobar,364.954,5,1.2,0.677755,vapour-like,0,1898.05,50.4064,1120.18,-0.128617,1.32414,-0.991611,-133.43,-0.013945,0,-11.9115,1.28055,-0.991611,-132.311,-0.0135763,0,-11.8116
CarbonDioxide,isobar,223.043,10,0.733383,1.35551,liquid-like,0,26705.5,83.9692,-18111.7,-2.59131,2.08746,-9.08292,143.065,-0.00508011,0,0.789903,1.46838,-9.08292,145.303,-0.00387335,0,0.802259
CarbonDioxide,isobar,229.493,10,0.754593,1.35551,liquid-like,0,26197.3,84.485,-17568.5,-2.35948,2.00263,-7.59236,97.7628,-0.00689725,0,0.556466,1.39627,-7.59236,100.001,-0.00572441,0,0.569205
CarbonDioxide,isobar,235.944,10,0.775803,1.35551,liquid-like,0,25672.8,85.2009,-17021.3,-2.14501,1.85062,-6.06301,60.3901,-0.00802189,0,0.35479,1.25809,-6.06301,62.628,-0.00688111,0,0.367938
CarbonDioxide,isobar,242.394,10,0.797013,1.35551,liquid-like,0,25129.1,86.1487,-16468.8,-1.94642,1.62328,-4.48418,31.2352,-0.0086345,0,0.189663,1.04581,-4.48418,33.4731,-0.00752408,0,0.203251
CarbonDioxide,isobar,248.845,10,0.818223,1.35551,liquid-like,0,24562.8,87.3716,-15909.3,-1.76243,1.31066,-2.84146,10.7192,-0.00889488,0,0.0673768,0.749586,-2.84146,12.9571,-0.00781324,0,0.0814434
CarbonDioxide,isobar,255.295,10,0.839432,1.35551,liquid-like,0,23969.4,88.9304,-15340.9,-1.59187,0.900352,-1.11521,-0.55672,-0.00894676,0,-0.00362899,0.357175,-1.11521,1.68119,-0.00789246,0,0.0109589
CarbonDioxide,isobar,261.746,10,0.860642,1.35551,liquid-like,0,23343.4,90.9126,-14761.1,-1.43376,0.3766,0.720006,-1.74243,-0.00892231,0,-0.0118041,-0.147002,0.720006,0.495487,-0.00789398,0,0.0033567
CarbonDioxide,isobar,268.196,10,0.881852,1.35551,liquid-like,0,22677.4,93.4526,-14166.9,-1.28721,-0.281076,2.69456,8.3531,-0.00894649,0,0.0589623,-0.783187,2.69456,10.591,-0.0079429,0,0.0747591
CarbonDioxide,isobar,274.647,10,0.903062,1.35551,liquid-like,0,21961.3,96.7616,-13553.9,-1.15147,-1.09975,4.84641,31.402,-0.00914184,0,0.231683,-1.57815,4.84641,33.6399,-0.00816182,0,0.248195
CarbonDioxide,isobar,281.097,10,0.924272,1.35551,liquid-like,0,21180.3,101.188,-12916.2,-1.0259,-2.11594,7.22518,69.8155,-0.00963406,0,0.540529,-2.56799,7.22518,72.0534,-0.00867653,0,0.557855
CarbonDioxide,isobar,287.548,10,0.945482,1.35551,liquid-like,0,20311.8,107.4,-12244.7,-0.90999,-3.37992,9.84026,127.094,-0.0105595,0,1.03796,-3.80242,9.84026,129.332,-0.00962348,0,1.05623
CarbonDioxide,isobar,293.998,10,0.966692,1.35551,liquid-like,1,19317.2,116.913,-11523.6,-0.803368,-4.95855,12.4661,207.776,-0.012073,0,1.80304,-5.34744,12.4661,210.014,-0.0111575,0,1.82246
CarbonDioxide,isobar,300.449,10,0.987901,1.35551,liquid-like,1,18122.4,133.076,-10722.3,-0.705883,-6.93079,14.627,316.978,-0.0143504,0,2.95624,-7.28076,14.627,319.216,-0.0134545,0,2.97711
CarbonDioxide,isobar,306.899,10,1.00911,1.35551,supercritical,1,16568,165.128,-9774.49,-0.617759,-9.35861,14.815,460.126,-0.0175911,0,4.70742,-9.66221,14.815,462.364,-0.0167141,0,4.73032
CarbonDioxide,isobar,313.35,10,1.03032,1.35551,supercritical,1,14187.2,253.371,-8476.19,-0.540121,-11.4492,2.26588,589.144,-0.0218916,0,6.95058,-11.6974,2.26588,591.382,-0.0210327,0,6.97698
CarbonDioxide,isobar,319.8,10,1.05153,1.35551,supercritical,1,10299.9,339.164,-6399.47,-0.476696,-6.65444,-20.7801,324.016,-0.0258124,0,5.06317,-6.85485,-20.7801,326.254,-0.0249708,0,5.09814
CarbonDioxide,isobar,326.251,10,1.07274,1.35551,supercritical,1,7805.23,197.382,-4705.27,-0.42899,-1.39424,-12.5294,32.3368,-0.0269479,0,0.687246,-1.56379,-12.5294,34.5747,-0.0261229,0,0.734808
CarbonDioxide,isobar,332.701,10,1.09395,1.35551,supercritical,1,6647.21,136.102,-3658.84,-0.390838,0.159692,-7.99305,-73.5502,-0.0267512,0,-2.01021,0.0106796,-7.99305,-71.3123,-0.0259422,0,-1.94904
CarbonDioxide,isobar,339.152,10,1.11516,1.35551,supercritical,0,5949.64,108.224,-2880.77,-0.35858,0.712094,-5.67528,-126.195,-0.0260483,0,-4.38058,0.577224,-5.67528,-123.957,-0.0252547,0,-4.3029
CarbonDioxide,isobar,345.602,10,1.13637,1.35551,supercritical,0,5461.54,92.7832,-2236.71,-0.330529,0.929501,-4.28762,-158.069,-0.0251004,0,-7.06704,0.805148,-4.28762,-155.831,-0.0243216,0,-6.96698
CarbonDioxide,isobar,352.053,10,1.15758,1.35551,supercritical,0,5090.32,83.0474,-1671.75,-0.30573,1.00711,-3.33239,-179.504,-0.0240203,0,-10.7375,0.891018,-3.33239,-177.266,-0.0232558,0,-10.6036
CarbonDioxide,isobar,358.503,10,1.17879,1.35551,supercritical,0,4792.96,76.3636,-1158.84,-0.283563,1.01708,-2.60179,-194.677,-0.0228679,0,-16.7993,0.907747,-2.60179,-192.439,-0.0221171,0,-16.6062
CarbonDioxide,isobar,364.954,10,1.2,1.35551,supercritical,0,4546.26,71.5021,-682.703,-0.263586,0.991243,-2.0063,-205.62,-0.0216794,0,-20.562,0.887581,-2.0063,-203.382,-0.0209419,0,-20.3382
CarbonDioxide,sat-liquid,216.6,0.518145,0.7122,0.070235,liquid-like,0,26776.6,85.9611,-18780.2,-0.0768203,1.71038,-8.91905,203.721,0.00131779,0,1.08476,1.09423,-8.91905,203.837,0.00138218,0,1.08538
CarbonDioxide,sat-vapour,216.6,0.518145,0.7122,0.070235,vapour-like,0,312.782,39.9945,-3360.62,-0.0768203,-0.628106,-10.0723,125.749,0.00469944,0,3.74184,-0.635018,-10.0723,125.865,0.00476383,0,3.74529
CarbonDioxide,sat-liquid,230,0.89291,0.75626,0.121035,liquid-like,0,25646.2,87.8861,-17613.1,-0.109972,1.33522,-5.21464,120.165,-0.00395463,0,0.682248,0.74926,-5.21464,120.365,-0.00385014,0,0.683382
CarbonDioxide,sat-vapour,230,0.89291,0.75626,0.121035,vapour-like,0,528.775,44.244,-3176.55,-0.109972,-0.580978,-12.8243,159.17,0.00313433,0,5.01078,-0.592673,-12.8243,159.37,0.00323882,0,5.01707
CarbonDioxide,sat-liquid,250,1.78504,0.822022,0.241964,liquid-like,0,23766.8,93.831,-15802.6,-0.171587,-0.0445231,1.40149,76.8424,-0.00784767,0,0.486265,-0.573119,1.40149,77.2419,-0.00765549,0,0.488793
CarbonDioxide,sat-vapour,250,1.78504,0.822022,0.241964,vapour-like,0,1059.86,54.421,-3069.07,-0.171587,-0.310122,-17.3335,204.456,-0.00167563,0,6.66183,-0.333688,-17.3335,204.856,-0.00148344,0,6.67485
CarbonDioxide,sat-liquid,270,3.20335,0.887784,0.434217,liquid-like,0,21491.3,107.976,-13835.2,-0.247295,-2.94705,10.9798,164.473,-0.0111952,0,1.1888,-3.39797,10.9798,165.19,-0.0108758,0,1.19398
CarbonDioxide,sat-vapour,270,3.20335,0.887784,0.434217,vapour-like,0,2008.04,76.1677,-3266.56,-0.247295,0.208754,-22.1331,237.544,-0.00921387,0,7.272,0.163649,-22.1331,238.261,-0.00889453,0,7.29395
CarbonDioxide,sat-liquid,290,5.31773,0.953545,0.720823,liquid-like,0,18283.8,161.762,-11493.2,-0.337808,-8.91957,29.3159,498.173,-0.0174998,0,4.33451,-9.25774,29.3159,499.364,-0.0170062,0,4.34486
CarbonDioxide,sat-vapour,290,5.31773,0.953545,0.720823,vapour-like,0,3907.37,159.058,-4094.03,-0.337808,0.684882,-26.72,262.105,-0.0184084,0,6.40213,0.596315,-26.72,263.295,-0.0179148,0,6.43119
CarbonDioxide,sat-liquid,300,6.71308,0.986426,0.909964,liquid-like,1,15433.8,382.792,-9831.88,-0.390495,-14.85,49.0886,909.675,-0.0223454,0,9.2523,-15.0997,49.0886,911.178,-0.0217431,0,9.26758
CarbonDioxide,sat-vapour,300,6.71308,0.986426,0.909964,vapour-like,1,6102.81,524.64,-5267.95,-0.390495,-0.240803,-31.7582,319.942,-0.0228377,0,6.07337,-0.376537,-31.7582,321.445,-0.0222354,0,6.10189
CarbonDioxide,probe-dense,280,8,0.920664,1.08441,liquid-like,0,20970.7,105.322,-12957.1,-0.864043,-2.79548,9.2221,116.092,-0.0104998,0,0.895969,-3.2369,9.2221,117.882,-0.00973082,0,0.909786
CarbonDioxide,probe-dense,280,10,0.920664,1.35551,liquid-like,0,21318.5,100.334,-13026.7,-1.04656,-1.9272,6.80261,62.0624,-0.00952371,0,0.476424,-2.38394,6.80261,64.3003,-0.00856243,0,0.493604
CarbonDioxide,probe-dense,300,8,0.986426,1.08441,liquid-like,1,17113.6,173.047,-10422.5,-0.534488,-9.75211,22.5683,516.588,-0.0181645,0,4.95648,-10.063,22.5683,518.378,-0.0174468,0,4.97365
CarbonDioxide,probe-dense,304.5,7.4,1.00122,1.00308,supercritical,1,8056.48,1650.48,-6258.63,-0.413798,-1.17937,-19.8529,329.907,-0.0245246,0,5.27124,-1.35512,-19.8529,331.563,-0.0238705,0,5.2977
CarbonDioxide,probe-dense,310,8,1.01931,1.08441,supercritical,1,7446.34,421.896,-5494.22,-0.417955,0.339378,-12.8055,140.005,-0.0259871,0,2.54822,0.171882,-12.8055,141.795,-0.0252925,0,2.58081
CarbonDioxide,probe-dense,310,10,1.01931,1.35551,supercritical,1,15582.3,195.669,-9219.3,-0.578989,-10.5831,11.5429,534.867,-0.0195424,0,5.8016,-10.861,11.5429,537.105,-0.0186741,0,5.82588
CarbonDioxide,probe-dense,320,8,1.05219,1.08441,supercritical,1,5269.48,126.528,-3470.34,-0.358172,2.11193,-7.06703,-53.4414,-0.0261907,0,-1.53995,1.98912,-7.06703,-51.6511,-0.0255178,0,-1.48836
CarbonDioxide,probe-dense,320,10,1.05219,1.35551,supercritical,1,10185.8,335.244,-6332.1,-0.475009,-6.39701,-20.757,310.022,-0.0258868,0,4.89603,-6.59631,-20.757,312.259,-0.0250457,0,4.93137
CarbonDioxide,probe-dense,350,10,1.15083,1.35551,supercritical,0,5198.94,85.7294,-1844.93,-0.313312,0.992001,-3.60547,-173.499,-0.0243741,0,-9.40408,0.873473,-3.60547,-171.261,-0.0236051,0,-9.28278
CarbonDioxide,probe-dense,400,10,1.31523,1.35551,supercritical,0,3670.26,58.6536,1554.65,-0.181939,0.665566,0.0144699,-225.729,-0.0153422,0,-14.5196,0.5824,0.0144699,-223.491,-0.0146693,0,-14.3756
Hydrogen,isobar,13.957,0.1,0.421098,0.0771392,liquid-like,0,38237.2,14.1318,-8031.82,-2.604,31.8484,79.4542,-99.5932,-0.175361,0,-1.23998,8.36525,79.4542,-99.1633,-0.171657,0,-1.23463
Hydrogen,isobar,15.0794,0.1,0.454963,0.0771392,liquid-like,0,37773.6,14.8226,-8015.6,-2.01349,30.7943,74.6528,-87.0594,-0.115404,0,-1.08612,7.88363,74.6528,-86.6296,-0.111976,0,-1.08076
Hydrogen,isobar,16.2019,0.1,0.488828,0.0771392,liquid-like,0,37282.8,15.6967,-7998.48,-1.5011,29.6902,68.749,-74.7907,-0.0706206,0,-0.935061,7.37405,68.749,-74.3609,-0.0674297,0,-0.929687
Hydrogen,isobar,17.3243,0.1,0.522694,0.0771392,liquid-like,0,36759.9,16.6517,-7980.33,-1.05236,28.5344,63.2043,-62.8303,-0.0374728,0,-0.787315,6.83644,63.2043,-62.4005,-0.0344887,0,-0.781929
Hydrogen,isobar,18.4468,0.1,0.556559,0.0771392,liquid-like,0,36200.7,17.6829,-7961.07,-0.656259,27.3182,58.2028,-51.1512,-0.0133554,0,-0.642517,6.26563,58.2028,-50.7214,-0.0105529,0,-0.637118
Hydrogen,isobar,19.5692,0.1,0.590424,0.0771392,liquid-like,0,35600.3,18.8145,-7940.6,-0.304294,26.0283,53.6857,-39.7107,0.0036702,0,-0.500097,5.65282,53.6857,-39.2808,0.00631198,0,-0.494683
Hydrogen,isobar,19.8244,0.1,0.598123,0.0771392,liquid-like,0,35457.5,19.0893,-7935.76,-0.229714,25.723,52.7199,-37.138,0.0067104,0,-0.467983,5.50644,52.7199,-36.7081,0.00931819,0,-0.462566
Hydrogen,isobar,20.8244,0.1,0.628294,0.0771392,vapour-like,0,633.074,23.8856,-7009.1,-0.0835307,-0.166714,-4.75385,4.93693,0.000245479,0,0.0704361,-0.437192,-4.75385,5.36677,0.00272803,0,0.0765687
Hydrogen,isobar,21.8141,0.1,0.658155,0.0771392,vapour-like,0,597.507,23.3635,-6985.73,-0.0741811,0.0113686,-3.58927,3.97084,-0.000917161,0,0.0568421,-0.244863,-3.58927,4.40067,0.00145276,0,0.0629952
Hydrogen,isobar,22.9365,0.1,0.69202,0.0771392,vapour-like,0,562.333,22.941,-6959.75,-0.0652865,0.147801,-2.72181,3.15904,-0.00187547,0,0.0453901,-0.0940406,-2.72181,3.58888,0.000378474,0,0.0515662
Hydrogen,isobar,24.059,0.1,0.725886,0.0771392,vapour-like,0,531.513,22.633,-6934.19,-0.0578172,0.240363,-2.15242,2.54062,-0.00257071,0,0.0366391,0.0113233,-2.15242,2.97046,-0.000421925,0,0.0428379
Hydrogen,isobar,25.1814,0.1,0.759751,0.0771392,vapour-like,0,504.207,22.3991,-6908.92,-0.0514779,0.304528,-1.76493,2.04859,-0.00308094,0,0.0296514,0.0869515,-1.76493,2.47843,-0.00102793,0,0.0358729
Hydrogen,isobar,26.3039,0.1,0.793616,0.0771392,vapour-like,0,479.795,22.215,-6883.88,-0.04605,0.349502,-1.49003,1.64295,-0.0034565,0,0.0238666,0.142252,-1.49003,2.07279,-0.0014911,0,0.0301107
Hydrogen,isobar,27.4263,0.1,0.827481,0.0771392,vapour-like,0,457.808,22.0657,-6859.04,-0.0413674,0.381033,-1.28625,1.29915,-0.00373139,0,0.0189407,0.183138,-1.28625,1.72899,-0.00184643,0,0.0252075
Hydrogen,isobar,28.5488,0.1,0.861347,0.0771392,vapour-like,0,437.877,21.9417,-6834.34,-0.0373014,0.402869,-1.12858,1.00171,-0.0039295,0,0.0146571,0.21349,-1.12858,1.43155,-0.00211865,0,0.0209465
Hydrogen,isobar,29.6712,0.1,0.895212,0.0771392,vapour-like,0,419.711,21.8366,-6809.77,-0.0337501,0.417552,-1.00181,0.740526,-0.00406817,0,0.0108745,0.235963,-1.00181,1.17036,-0.00232581,0,0.0171865
Hydrogen,isobar,30.7937,0.1,0.929077,0.0771392,vapour-like,0,403.072,21.7461,-6785.31,-0.0306322,0.426866,-0.896549,0.508731,-0.00416034,0,0.00749753,0.252431,-0.896549,0.938569,-0.00248149,0,0.0138324
Hydrogen,isobar,31.9161,0.1,0.962943,0.0771392,vapour-like,0,387.768,21.6674,-6760.95,-0.0278819,0.432098,-0.806897,0.301486,-0.00421589,0,0.00445922,0.264258,-0.806897,0.731324,-0.00259609,0,0.0108169
Hydrogen,isobar,33.0385,0.1,0.996808,0.0771392,vapour-like,0,373.635,21.5982,-6736.67,-0.0254453,0.4342,-0.729066,0.115219,-0.00424249,0,0.00171032,0.272461,-0.729066,0.545057,-0.00267772,0,0.0080909
Hydrogen,isobar,34.161,0.1,1.03067,0.0771392,vapour-like,0,360.54,21.5369,-6712.46,-0.0232779,0.43389,-0.660548,-0.052814,-0.00424616,0,-0.000786805,0.277811,-0.660548,0.377024,-0.00273281,0,0.00561678
Hydrogen,isobar,35.2834,0.1,1.06454,0.0771392,vapour-like,0,348.367,21.4824,-6688.32,-0.0213429,0.431716,-0.599628,-0.204799,-0.00423168,0,-0.00306204,0.280905,-0.599628,0.225039,-0.00276647,0,0.00336466
Hydrogen,isobar,36.4059,0.1,1.0984,0.0771392,vapour-like,0,337.02,21.4336,-6664.23,-0.0196093,0.428105,-0.545083,-0.342535,-0.00420288,0,-0.0051399,0.28221,-0.545083,0.0873032,-0.00278284,0,0.00131003
Hydrogen,isobar,37.5283,0.1,1.13227,0.0771392,vapour-like,0,326.413,21.3899,-6640.2,-0.0180512,0.42339,-0.496007,-0.467539,-0.00416282,0,-0.00704103,0.282094,-0.496007,-0.0377001,-0.00278525,0,-0.000567756
Hydrogen,isobar,38.6508,0.1,1.16613,0.0771392,vapour-like,0,316.475,21.3507,-6616.21,-0.0166464,0.417835,-0.451697,-0.581112,-0.00411399,0,-0.00878315,0.28085,-0.451697,-0.151274,-0.00277643,0,-0.00228641
Hydrogen,isobar,39.7732,0.1,1.2,0.0771392,vapour-like,0,307.142,21.3154,-6592.27,-0.0153764,0.411647,-0.411593,-0.684391,-0.00405839,0,-0.0103817,0.278713,-0.411593,-0.254553,-0.00275858,0,-0.00386138
Hydrogen,isobar,13.957,0.5,0.421098,0.385696,liquid-like,0,38401.4,14.0403,-8022.89,-4.12349,31.6365,79.6818,-102.505,-0.197034,0,-1.27766,8.13948,79.6818,-100.356,-0.178514,0,-1.25087
Hydrogen,isobar,15.0794,0.5,0.454963,0.385696,liquid-like,0,37949.5,14.6956,-8006.8,-3.53867,30.6035,75.0442,-90.0142,-0.135196,0,-1.12422,7.66609,75.0442,-87.865,-0.118054,0,-1.09738
Hydrogen,isobar,16.2019,0.5,0.488828,0.385696,liquid-like,0,37472.2,15.534,-7989.84,-3.0311,29.5253,69.1958,-77.7895,-0.088768,0,-0.973606,7.16735,69.1958,-75.6404,-0.0728138,0,-0.946707
Hydrogen,isobar,17.3243,0.5,0.522694,0.385696,liquid-like,0,36965.3,16.4486,-7971.9,-2.58646,28.4011,63.6488,-65.8834,-0.0541658,0,-0.826445,6.64383,63.6488,-63.7342,-0.0392453,0,-0.799486
Hydrogen,isobar,18.4468,0.5,0.556559,0.385696,liquid-like,0,36424.9,17.4301,-7952.89,-2.19388,27.2241,58.6136,-54.2769,-0.0287445,0,-0.68248,6.09148,58.6136,-52.1277,-0.0147318,0,-0.655456
Hydrogen,isobar,19.5692,0.5,0.590424,0.385696,liquid-like,0,35847.2,18.4964,-7932.74,-1.84492,25.9836,54.0399,-42.9368,-0.0105326,0,-0.541261,5.50319,54.0399,-40.7876,0.00267634,0,-0.514168
Hydrogen,isobar,20.6917,0.5,0.62429,0.385696,liquid-like,0,35227.2,19.6756,-7911.33,-1.53296,24.6652,49.8703,-31.8242,0.00195902,0,-0.402261,4.86923,49.8703,-29.675,0.0144514,0,-0.375095
Hydrogen,isobar,21.8141,0.5,0.658155,0.385696,liquid-like,0,34558.7,21.0047,-7888.51,-1.25273,23.2498,46.0786,-20.8909,0.00986759,0,-0.264827,4.17676,46.0786,-18.7417,0.0217172,0,-0.237583
Hydrogen,isobar,22.9365,0.5,0.69202,0.385696,liquid-like,0,33832.9,22.5376,-7864.1,-0.999995,21.712,42.6669,-10.0703,0.0140676,0,-0.128054,3.40853,42.6669,-7.92113,0.0253373,0,-0.100725
Hydrogen,isobar,24.059,0.5,0.725886,0.385696,liquid-like,0,33037.4,24.3598,-7837.81,-0.771327,20.0164,39.6624,0.736183,0.0152316,0,0.00939271,2.54022,39.6624,2.88537,0.0259756,0,0.0368135
Hydrogen,isobar,25.1814,0.5,0.759751,0.385696,liquid-like,0,32153.5,26.6191,-7809.25,-0.563944,18.1096,37.1307,11.6842,0.0138712,0,0.14962,1.53524,37.1307,13.8334,0.0241362,0,0.177141
Hydrogen,isobar,26.3039,0.5,0.793616,0.385696,liquid-like,0,31151.2,29.6004,-7777.79,-0.375604,15.9043,35.2224,23.0416,0.0103597,0,0.296249,0.333049,35.2224,25.1908,0.0201867,0,0.323881
Hydrogen,isobar,26.7428,0.5,0.806858,0.385696,liquid-like,0,30716.8,31.079,-7764.48,-0.306743,14.9299,34.7154,27.6929,0.00845814,0,0.356661,-0.212391,34.7154,29.842,0.0181239,0,0.384341
Hydrogen,isobar,27.7428,0.5,0.837029,0.385696,vapour-like,0,2892.7,35.5982,-6978.61,-0.219119,1.48878,-13.1936,13.0075,-0.0163447,0,0.186392,0.224042,-13.1936,15.1567,-0.0070274,0,0.217189
Hydrogen,isobar,28.5488,0.5,0.861347,0.385696,vapour-like,0,2720.8,32.8305,-6951.11,-0.201383,1.8685,-10.301,9.79775,-0.0177315,0,0.140952,0.669169,-10.301,11.9469,-0.00867719,0,0.171871
Hydrogen,isobar,29.6712,0.5,0.895212,0.385696,vapour-like,0,2526.52,30.3242,-6915.77,-0.180105,2.15005,-7.69318,6.64877,-0.0190297,0,0.0961393,1.02928,-7.69318,8.79796,-0.0103179,0,0.127216
Hydrogen,isobar,30.7937,0.5,0.929077,0.385696,vapour-like,0,2367.66,28.6629,-6882.72,-0.161974,2.28361,-6.02151,4.3989,-0.0198395,0,0.0639122,1.22986,-6.02151,6.54809,-0.0114453,0,0.0951381
Hydrogen,isobar,31.9161,0.5,0.962943,0.385696,vapour-like,0,2233.54,27.4792,-6851.25,-0.14634,2.34008,-4.88622,2.69181,-0.020323,0,0.0392893,1.34435,-4.88622,4.841,-0.012224,0,0.0706586
Hydrogen,isobar,33.0385,0.5,0.996808,0.385696,vapour-like,0,2117.81,26.5912,-6820.93,-0.132735,2.3535,-4.07748,1.33854,-0.0205789,0,0.0196241,1.40864,-4.07748,3.48773,-0.012755,0,0.0511329
Hydrogen,isobar,34.161,0.5,1.03067,0.385696,vapour-like,0,2016.29,25.8993,-6791.48,-0.120806,2.34172,-3.47694,0.230088,-0.0206714,0,0.00338789,1.44196,-3.47694,2.37928,-0.0131046,0,0.0350333
Hydrogen,isobar,35.2834,0.5,1.06454,0.385696,vapour-like,0,1926.13,25.3439,-6762.73,-0.110281,2.31477,-3.0145,-0.700534,-0.0206442,0,-0.0103587,1.45535,-3.0145,1.44866,-0.0133181,0,0.0214212
Hydrogen,isobar,36.4059,0.5,1.0984,0.385696,vapour-like,0,1845.24,24.8876,-6734.55,-0.100944,2.27855,-2.64697,-1.49662,-0.0205281,0,-0.0222231,1.45552,-2.64697,0.652567,-0.0134279,0,0.00968984
Hydrogen,isobar,37.5283,0.5,1.13227,0.385696,vapour-like,0,1772.07,24.5056,-6706.84,-0.092621,2.23671,-2.3469,-2.18743,-0.0203456,0,-0.0326149,1.4467,-2.3469,-0.0382352,-0.0134578,0,-0.000570092
Hydrogen,isobar,38.6508,0.5,1.16613,0.385696,vapour-like,0,1705.43,24.1811,-6679.52,-0.0851706,2.19156,-2.09632,-2.79346,-0.0201135,0,-0.0418214,1.43171,-2.09632,-0.644272,-0.0134257,0,-0.00964549
Hydrogen,isobar,39.7732,0.5,1.2,0.385696,vapour-like,0,1644.38,23.902,-6652.54,-0.0784756,2.1446,-1.88316,-3.32965,-0.0198444,0,-0.0500508,1.41243,-1.88316,-1.18046,-0.0133454,0,-0.0177445
Hydrogen,isobar,13.957,1,0.421098,0.771392,liquid-like,0,38600.4,13.9345,-8011.73,-4.70472,31.3774,79.9448,-106.11,-0.223845,0,-1.32444,7.86491,79.9448,-101.812,-0.186805,0,-1.27079
Hydrogen,isobar,15.0794,1,0.454963,0.771392,liquid-like,0,38162,14.5492,-7995.77,-4.12702,30.3697,75.5038,-93.6695,-0.159679,0,-1.17149,7.40168,75.5038,-89.3711,-0.125395,0,-1.11773
Hydrogen,isobar,16.2019,1,0.488828,0.771392,liquid-like,0,37700.3,15.3478,-7979,-3.6255,29.322,69.7231,-81.495,-0.111218,0,-1.02137,6.916,69.7231,-77.1966,-0.0793094,0,-0.967497
Hydrogen,isobar,17.3243,1,0.522694,0.771392,liquid-like,0,37211.3,16.2185,-7961.29,-3.18602,28.2345,64.1749,-69.6493,-0.0748198,0,-0.874849,6.40907,64.1749,-65.3509,-0.0449787,0,-0.820858
Hydrogen,isobar,18.4468,1,0.556559,0.771392,liquid-like,0,36692,17.1471,-7942.57,-2.79786,27.1024,59.1023,-58.1225,-0.047792,0,-0.731784,5.87796,59.1023,-53.8241,-0.0197667,0,-0.677665
Hydrogen,isobar,19.5692,1,0.590424,0.771392,liquid-like,0,36139.2,18.146,-7922.77,-2.45269,25.9173,54.467,-46.8902,-0.0281233,0,-0.591841,5.31724,54.467,-42.5918,-0.00170542,0,-0.537587
Hydrogen,isobar,20.6917,1,0.62429,0.771392,liquid-like,0,35549.2,19.2356,-7901.8,-2.14398,24.6685,50.2121,-35.9253,-0.0142907,0,-0.454647,4.71956,50.2121,-31.627,0.010694,0,-0.40025
Hydrogen,isobar,21.8141,1,0.658155,0.771392,liquid-like,0,34917.3,20.4418,-7879.55,-1.86652,23.3423,46.3043,-25.1959,-0.0051273,0,-0.319764,4.07563,46.3043,-20.8975,0.0185719,0,-0.265212
Hydrogen,isobar,22.9365,1,0.69202,0.771392,liquid-like,0,34237.2,21.7999,-7855.86,-1.61611,21.9215,42.7297,-14.6606,0.000269876,0,-0.18662,3.37367,42.7297,-10.3622,0.0228093,0,-0.131905
Hydrogen,isobar,24.059,1,0.725886,0.771392,liquid-like,0,33500.5,23.3615,-7830.54,-1.38935,20.3837,39.4863,-4.26247,0.00260296,0,-0.054434,2.59829,39.4863,0.0359088,0.0240908,0,0.000458575
Hydrogen,isobar,25.1814,1,0.759751,0.771392,liquid-like,0,32695.2,25.2087,-7803.31,-1.18345,18.6983,36.581,6.08001,0.00241813,0,0.0779158,1.72852,36.581,10.3784,0.0229482,0,0.133
Hydrogen,isobar,26.3039,1,0.793616,0.771392,liquid-like,0,31803.7,27.4798,-7773.79,-0.996141,16.8215,34.0339,16.4885,0.00013635,0,0.212104,0.734234,34.0339,20.7869,0.0197904,0,0.267397
Hydrogen,isobar,27.4263,1,0.827481,0.771392,liquid-like,0,30798.6,30.431,-7741.37,-0.825575,14.686,31.893,27.157,-0.00392713,0,0.350804,-0.431164,31.893,31.4554,0.0149225,0,0.406329
Hydrogen,isobar,28.5488,1,0.861347,0.771392,liquid-like,0,29632.6,34.6022,-7705.03,-0.670304,12.1765,30.2771,38.4287,-0.00955566,0,0.498748,-1.8477,30.2771,42.7271,0.00855289,0,0.554535
Hydrogen,isobar,29.6712,1,0.895212,0.771392,liquid-like,0,28211.9,41.4035,-7662.74,-0.529283,9.06084,29.5394,51.027,-0.0166452,0,0.665911,-3.67805,29.5394,55.3254,0.000778286,0,0.722005
Hydrogen,isobar,30.7937,1,0.929077,0.771392,liquid-like,0,26287.8,56.4795,-7609.24,-0.402053,4.6861,31.3951,67.1272,-0.0252869,0,0.88218,-6.38737,31.3951,71.4256,-0.00849848,0,0.938669
Hydrogen,isobar,30.8925,1,0.93206,0.771392,liquid-like,0,26072.8,58.8947,-7603.54,-0.39152,4.17844,31.9381,68.9314,-0.0261371,0,0.906569,-6.71315,31.9381,73.2297,-0.00940236,0,0.963101
Hydrogen,isobar,31.8925,1,0.962231,0.771392,vapour-like,0,6351.61,70.6308,-7039.92,-0.321286,4.77338,-18.6048,17.499,-0.0376285,0,0.248568,1.8597,-18.6048,21.7974,-0.0214185,0,0.309625
Hydrogen,isobar,31.9161,1,0.962943,0.771392,vapour-like,0,6327.53,69.8004,-7038.27,-0.320457,4.80485,-18.3506,17.193,-0.0376768,0,0.244279,1.90018,-18.3506,21.4914,-0.0214788,0,0.30535
Hydrogen,isobar,33.0385,1,0.996808,0.771392,vapour-like,0,5498.81,48.829,-6974.03,-0.285286,5.41503,-11.3216,7.91006,-0.0392079,0,0.113422,2.85237,-11.3216,12.2084,-0.0235602,0,0.175056
Hydrogen,isobar,34.161,1,1.03067,0.771392,vapour-like,0,4977.6,40.7149,-6924.31,-0.256325,5.42253,-8.18085,3.11829,-0.0398465,0,0.045034,3.09709,-8.18085,7.41668,-0.024713,0,0.107111
Hydrogen,isobar,35.2834,1,1.06454,0.771392,vapour-like,0,4594.3,36.2853,-6881.31,-0.231753,5.29047,-6.35704,0.0155095,-0.0400132,0,0.000225386,3.14577,-6.35704,4.31389,-0.0253611,0,0.06269
Hydrogen,isobar,36.4059,1,1.0984,0.771392,vapour-like,0,4291.11,33.4654,-6842.27,-0.210542,5.11976,-5.17142,-2.22307,-0.0398928,0,-0.0324902,3.12034,-5.17142,2.07532,-0.0256924,0,0.0303308
Hydrogen,isobar,37.5283,1,1.13227,0.771392,vapour-like,0,4040.76,31.5019,-6805.86,-0.192015,4.94196,-4.34454,-3.94828,-0.0395854,0,-0.0580129,3.06341,-4.34454,0.350105,-0.0258097,0,0.00514417
Hydrogen,isobar,38.6508,1,1.16613,0.771392,vapour-like,0,3828.08,30.051,-6771.36,-0.175689,4.76831,-3.73672,-5.33846,-0.0391517,0,-0.0788388,2.9928,-3.73672,-1.04008,-0.0257761,0,-0.0153599
Hydrogen,isobar,39.7732,1,1.2,0.771392,vapour-like,0,3643.65,28.9324,-6738.28,-0.1612,4.60282,-3.27046,-6.4947,-0.0386312,0,-0.0963851,2.91676,-3.27046,-2.19632,-0.025633,0,-0.0325946
Hydrogen,isobar,13.957,2,0.421098,1.54278,liquid-like,0,38979.9,13.7466,-7989.4,-5.17573,30.8767,80.4141,-113.208,-0.276576,0,-1.41698,7.33888,80.4141,-104.611,-0.202494,0,-1.30938
Hydrogen,isobar,15.0794,2,0.454963,1.54278,liquid-like,0,38565.2,14.2912,-7973.69,-4.61228,29.9162,76.3415,-100.856,-0.207828,0,-1.26486,6.89528,76.3415,-92.2591,-0.139261,0,-1.15704
Hydrogen,isobar,16.2019,2,0.488828,1.54278,liquid-like,0,38130.4,15.0224,-7957.25,-4.12287,28.9242,70.6928,-88.7677,-0.155373,0,-1.11556,6.43404,70.6928,-80.1709,-0.0915563,0,-1.00752
Hydrogen,isobar,17.3243,2,0.522694,1.54278,liquid-like,0,37672.4,15.8216,-7939.94,-3.69376,27.9022,65.1495,-77.0228,-0.115454,0,-0.970068,5.95718,65.1495,-68.4261,-0.0557722,0,-0.861795
Hydrogen,isobar,18.4468,2,0.556559,1.54278,liquid-like,0,37188.8,16.6668,-7921.72,-3.31452,26.848,60.0172,-65.6251,-0.0852864,0,-0.82842,5.46337,60.0172,-57.0283,-0.0292357,0,-0.719899
Hydrogen,isobar,19.5692,2,0.590424,1.54278,liquid-like,0,36677.5,17.563,-7902.51,-2.97705,25.7568,55.284,-54.5631,-0.0627822,0,-0.690452,4.94941,55.284,-45.9663,-0.00994644,0,-0.581667
Hydrogen,isobar,20.6917,2,0.62429,1.54278,liquid-like,0,36136.4,18.5216,-7882.27,-2.67498,24.6222,50.8997,-43.8241,-0.0463563,0,-0.555983,4.41104,50.8997,-35.2273,0.00361323,0,-0.446919
Hydrogen,isobar,21.8141,2,0.658155,1.54278,liquid-like,0,35562.4,19.5562,-7860.9,-2.40324,23.437,46.8278,-33.3949,-0.0347885,0,-0.424823,3.84315,46.8278,-24.7982,0.0126099,0,-0.315462
Hydrogen,isobar,22.9365,2,0.69202,1.54278,liquid-like,0,34952.3,20.6835,-7838.33,-2.15772,22.1926,43.0442,-23.2604,-0.0271286,0,-0.296752,3.23984,43.0442,-14.6636,0.0179503,0,-0.187076
Hydrogen,isobar,24.059,2,0.725886,1.54278,liquid-like,0,34301.4,21.9255,-7814.43,-1.93508,20.8792,39.5289,-13.4017,-0.0226301,0,-0.171499,2.5943,39.5289,-4.80492,0.0203457,0,-0.0614878
Hydrogen,isobar,25.1814,2,0.759751,1.54278,liquid-like,0,33604.2,23.3133,-7789.05,-1.73258,19.4851,36.2594,-3.79577,-0.020702,0,-0.0487321,1.89856,36.2594,4.801,0.0203582,0,0.0616377
Hydrogen,isobar,26.3039,2,0.793616,1.54278,liquid-like,0,32853.1,24.892,-7762.02,-1.54794,17.9967,33.2062,5.58466,-0.0208738,0,0.0719485,1.14331,33.2062,14.1814,0.0184343,0,0.182703
Hydrogen,isobar,27.4263,2,0.827481,1.54278,liquid-like,0,32037.7,26.7297,-7733.08,-1.37927,16.3976,30.3273,14.7703,-0.0227689,0,0.191002,0.317546,30.3273,23.3671,0.0149304,0,0.302171
Hydrogen,isobar,28.5488,2,0.861347,1.54278,liquid-like,0,31144,28.9332,-7701.88,-1.22502,14.6682,27.5597,23.7927,-0.0260849,0,0.308921,-0.591537,27.5597,32.3895,0.0101322,0,0.42054
Hydrogen,isobar,29.6712,2,0.895212,1.54278,liquid-like,0,30151.3,31.6787,-7667.93,-1.08391,12.7853,24.7999,32.6767,-0.0305771,0,0.426147,-1.59829,24.7999,41.2734,0.00426989,0,0.538261
Hydrogen,isobar,30.7937,2,0.929077,1.54278,liquid-like,0,29028.2,35.2788,-7630.45,-0.954894,10.7237,21.8595,41.42,-0.0360449,0,0.542825,-2.71649,21.8595,50.0167,-0.0024681,0,0.655489
Hydrogen,isobar,31.9161,2,0.962943,1.54278,liquid-like,0,27723.2,40.3427,-7588.19,-0.837205,8.46365,18.3559,49.9313,-0.0423157,0,0.658013,-3.95076,18.3559,58.528,-0.00991968,0,0.771304
Hydrogen,isobar,33.0385,2,0.996808,1.54278,liquid-like,0,26143.2,48.221,-7538.85,-0.730351,6.02452,13.4199,57.8219,-0.0492182,0,0.766986,-5.26281,13.4199,66.4187,-0.0179229,0,0.881018
Hydrogen,isobar,34.161,2,1.03067,1.54278,supercritical,0,24098.1,62.4135,-7477.65,-0.634262,3.61779,4.95668,63.601,-0.0565128,0,0.850548,-6.42558,4.95668,72.1978,-0.0262457,0,0.965515
Hydrogen,isobar,35.2834,2,1.06454,1.54278,supercritical,0,21158,91.9642,-7393.03,-0.549666,2.36579,-10.4415,61.3793,-0.0636437,0,0.830232,-6.35249,-10.4415,69.9761,-0.0343395,0,0.946515
Hydrogen,isobar,36.4059,2,1.0984,1.54278,supercritical,0,16938.5,124.083,-7268.21,-0.47877,5.18899,-21.9618,38.7318,-0.0691046,0,0.532893,-2.29393,-21.9618,47.3286,-0.0407038,0,0.651172
Hydrogen,isobar,37.5283,2,1.13227,1.54278,supercritical,0,13274.3,100.299,-7138.81,-0.422922,8.8077,-16.567,12.9162,-0.0715617,0,0.180929,2.4474,-16.567,21.5129,-0.0440104,0,0.301352
Hydrogen,isobar,38.6508,2,1.16613,1.54278,supercritical,0,11139,72.6491,-7043.1,-0.378657,9.80601,-10.8845,-0.124156,-0.0720876,0,-0.00176281,4.32132,-10.8845,8.47261,-0.0453365,0,0.120297
Hydrogen,isobar,39.7732,2,1.2,1.54278,supercritical,0,9827.2,57.3757,-6970.99,-0.342118,9.75105,-7.7557,-6.77768,-0.0717594,0,-0.0972269,4.88842,-7.7557,1.81909,-0.0457631,0,0.0260951
Hydrogen,isobar,13.957,5,0.421098,3.85696,liquid-like,0,39997.5,13.3167,-7922.52,-5.43754,29.4934,81.5307,-133.643,-0.428279,0,-1.68688,5.91373,81.5307,-112.151,-0.243075,0,-1.4156
Hydrogen,isobar,15.0794,5,0.454963,3.85696,liquid-like,0,39636,13.7084,-7907.38,-4.91682,28.6506,78.3983,-121.49,-0.346359,0,-1.53641,5.52198,78.3983,-99.9976,-0.174941,0,-1.26461
Hydrogen,isobar,16.2019,5,0.488828,3.85696,liquid-like,0,39260.6,14.2994,-7891.67,-4.46386,27.7917,73.131,-109.581,-0.282454,0,-1.38857,5.12149,73.131,-88.0893,-0.122912,0,-1.11623
Hydrogen,isobar,17.3243,5,0.522694,3.85696,liquid-like,0,38869.2,14.9581,-7875.26,-4.06609,26.9202,67.6562,-98.0308,-0.232481,0,-1.2448,4.71518,67.6562,-76.5389,-0.0832753,0,-0.971891
Hydrogen,isobar,18.4468,5,0.556559,3.85696,liquid-like,0,38460.8,15.6499,-7858.08,-3.71396,26.0369,62.438,-86.8667,-0.193392,0,-1.10544,4.30383,62.438,-65.3748,-0.0532651,0,-0.831944
Hydrogen,isobar,19.5692,5,0.590424,3.85696,liquid-like,0,38034.3,16.3691,-7840.12,-3.40006,25.1412,57.5404,-76.0964,-0.162892,0,-0.970603,3.88714,57.5404,-54.6045,-0.0308031,0,-0.696475
Hydrogen,isobar,20.6917,5,0.62429,3.85696,liquid-like,0,37589.1,17.1167,-7821.33,-3.11857,24.2322,52.9457,-65.7239,-0.13923,0,-0.840316,3.46434,52.9457,-44.232,-0.0143059,0,-0.56553
Hydrogen,isobar,21.8141,5,0.658155,3.85696,liquid-like,0,37124.3,17.8948,-7801.68,-2.86481,23.3085,48.6305,-55.7535,-0.121047,0,-0.714634,3.0345,48.6305,-34.2616,-0.00255122,0,-0.439156
Hydrogen,isobar,22.9365,5,0.69202,3.85696,liquid-like,0,36639.2,18.7054,-7781.14,-2.63501,22.369,44.5765,-46.1896,-0.107282,0,-0.59361,2.59673,44.5765,-24.6977,0.00541545,0,-0.317404
Hydrogen,isobar,24.059,5,0.725886,3.85696,liquid-like,0,36132.8,19.5505,-7759.68,-2.42607,21.4126,40.7668,-37.0367,-0.0970919,0,-0.477296,2.15025,40.7668,-15.5447,0.0103475,0,-0.200327
Hydrogen,isobar,25.1814,5,0.759751,3.85696,liquid-like,0,35603.9,20.4329,-7737.24,-2.23546,20.4387,37.1832,-28.2993,-0.0898053,0,-0.365754,1.69457,37.1832,-6.80734,0.0128451,0,-0.0879815
Hydrogen,isobar,26.3039,5,0.793616,3.85696,liquid-like,0,35051.3,21.356,-7713.79,-2.06103,19.4472,33.8042,-19.9831,-0.0848797,0,-0.259057,1.22951,33.8042,1.50882,0.0133904,0,0.0195601
Hydrogen,isobar,27.4263,5,0.827481,3.85696,liquid-like,0,34473.6,22.3245,-7689.28,-1.90099,18.4383,30.6046,-12.0961,-0.0818745,0,-0.157311,0.75545,30.6046,9.39581,0.0123738,0,0.122194
Hydrogen,isobar,28.5488,5,0.861347,3.85696,liquid-like,0,33869.1,23.3445,-7663.66,-1.75384,17.4135,27.5559,-4.65001,-0.0804286,0,-0.0606761,0.273432,27.5559,16.8419,0.0101142,0,0.219763
Hydrogen,isobar,29.6712,5,0.895212,3.85696,liquid-like,0,33235.9,24.423,-7636.85,-1.61828,16.3752,24.6267,2.33781,-0.0802432,0,0.0306123,-0.214557,24.6267,23.8297,0.00687434,0,0.312036
Hydrogen,isobar,30.7937,5,0.929077,3.85696,liquid-like,0,32571.8,25.5686,-7608.8,-1.49321,15.3274,21.7835,8.84213,-0.0810692,0,0.116209,-0.705301,21.7835,30.334,0.00287287,0,0.39867
Hydrogen,isobar,31.9161,5,0.962943,3.85696,liquid-like,0,31874.6,26.7906,-7579.43,-1.37766,14.2759,18.9914,14.8274,-0.082696,0,0.195628,-1.19398,18.9914,36.3194,-0.00170602,0,0.479184
Hydrogen,isobar,33.0385,5,0.996808,3.85696,liquid-like,0,31141.6,28.0987,-7548.63,-1.27084,13.2292,16.2157,20.2453,-0.0849434,0,0.268199,-1.67375,16.2157,41.7373,-0.00670492,0,0.552912
Hydrogen,isobar,34.161,5,1.03067,3.85696,supercritical,0,30370.1,29.5021,-7516.31,-1.17201,12.1987,13.4242,25.0319,-0.0876546,0,0.333035,-2.1352,13.4242,46.5239,-0.0119869,0,0.618972
Hydrogen,isobar,35.2834,5,1.06454,3.85696,supercritical,0,29557.4,31.0072,-7482.36,-1.08057,11.1993,10.5907,29.1059,-0.0906909,0,0.388993,-2.56593,10.5907,50.5978,-0.0174304,0,0.676228
Hydrogen,isobar,36.4059,5,1.0984,3.85696,supercritical,0,28701.3,32.6151,-7446.67,-0.995974,10.25,7.70011,32.3679,-0.093927,0,0.434663,-2.95013,7.70011,53.8598,-0.0229251,0,0.723274
Hydrogen,isobar,37.5283,5,1.13227,3.85696,supercritical,0,27799.9,34.3167,-7409.11,-0.917749,9.37376,4.75587,34.7036,-0.0972475,0,0.468391,-3.26862,4.75587,56.1955,-0.0283693,0,0.758465
Hydrogen,isobar,38.6508,5,1.16613,3.85696,supercritical,0,26853,36.0865,-7369.6,-0.845481,8.59655,1.78744,35.9912,-0.100545,0,0.488373,-3.49951,1.78744,57.4831,-0.0336673,0,0.780003
Hydrogen,isobar,39.7732,5,1.2,3.85696,supercritical,0,25862.6,37.876,-7328.09,-0.778799,7.94561,-1.14319,36.1172,-0.10372,0,0.49286,-3.62001,-1.14319,57.6091,-0.0387296,0,0.786141
Hydrogen,isobar,13.957,10,0.421098,7.71392,liquid-like,0,41405.4,12.8518,-7811.97,-5.07262,27.4944,82.8968,-165.188,-0.662751,0,-2.11455,3.91507,82.8968,-122.204,-0.292344,0,-1.56432
Hydrogen,isobar,15.0794,10,0.454963,7.71392,liquid-like,0,41100.8,13.0929,-7797.44,-4.62263,26.79,80.899,-153.234,-0.560532,0,-1.96518,3.5869,80.899,-110.25,-0.217697,0,-1.41392
Hydrogen,isobar,16.2019,10,0.488828,7.71392,liquid-like,0,40787.4,13.5462,-7782.5,-4.23021,26.0804,76.2276,-141.484,-0.479044,0,-1.81797,3.25622,76.2276,-98.4998,-0.159959,0,-1.26566
Hydrogen,isobar,17.3243,10,0.522694,7.71392,liquid-like,0,40463.9,14.0747,-7767.01,-3.88474,25.3693,70.9921,-130.077,-0.413692,0,-1.67474,2.92587,70.9921,-87.0935,-0.115281,0,-1.12133
Hydrogen,isobar,18.4468,10,0.556559,7.71392,liquid-like,0,40129.5,14.6354,-7750.9,-3.57812,24.6587,65.8185,-119.062,-0.361036,0,-1.53611,2.59754,65.8185,-76.0781,-0.0807824,0,-0.98154
Hydrogen,isobar,19.5692,10,0.590424,7.71392,liquid-like,0,39783.8,15.2159,-7734.15,-3.30409,23.95,60.8619,-108.457,-0.318467,0,-1.40232,2.27216,60.8619,-65.4737,-0.054288,0,-0.846553
Hydrogen,isobar,20.6917,10,0.62429,7.71392,liquid-like,0,39426.4,15.8125,-7716.73,-3.05771,23.2437,56.1522,-98.2763,-0.283984,0,-1.27355,1.95028,56.1522,-55.2924,-0.0341366,0,-0.716526
Hydrogen,isobar,21.8141,10,0.658155,7.71392,liquid-like,0,39057.2,16.4231,-7698.64,-2.83501,22.5404,51.6926,-88.528,-0.256034,0,-1.14992,1.63219,51.6926,-45.5441,-0.0190421,0,-0.591586
Hydrogen,isobar,22.9365,10,0.69202,7.71392,liquid-like,0,38676.2,17.0459,-7679.86,-2.63278,21.8405,47.4818,-79.2206,-0.233392,0,-1.03154,1.3181,47.4818,-36.2367,-0.00799803,0,-0.471841
Hydrogen,isobar,24.059,10,0.725886,7.71392,liquid-like,0,38283.2,17.6788,-7660.37,-2.44839,21.1442,43.5166,-70.3603,-0.215087,0,-0.918497,1.00822,43.5166,-27.3764,-0.000208607,0,-0.357377
Hydrogen,isobar,25.1814,10,0.759751,7.71392,liquid-like,0,37878.2,18.3198,-7640.17,-2.27966,20.452,39.7909,-61.9513,-0.20034,0,-0.810863,0.702753,39.7909,-18.9675,0.0049608,0,-0.24826
Hydrogen,isobar,26.3039,10,0.793616,7.71392,liquid-like,0,37461.2,18.9672,-7619.24,-2.12477,19.7643,36.2954,-53.9965,-0.18852,0,-0.708686,0.40201,36.2954,-11.0127,0.0080202,0,-0.144538
Hydrogen,isobar,27.4263,10,0.827481,7.71392,liquid-like,0,37032.3,19.6193,-7597.59,-1.98217,19.0819,33.0177,-46.4974,-0.179114,0,-0.612002,0.106408,33.0177,-3.51355,0.00938216,0,-0.0462455
Hydrogen,isobar,28.5488,10,0.861347,7.71392,liquid-like,0,36591.5,20.275,-7575.2,-1.85055,18.4057,29.9432,-39.4547,-0.171703,0,-0.52084,-0.183492,29.9432,3.52916,0.00938252,0,0.0465884
Hydrogen,isobar,29.6712,10,0.895212,7.71392,liquid-like,0,36138.7,20.9334,-7552.07,-1.72881,17.7366,27.0559,-32.8689,-0.165939,0,-0.43523,-0.466958,27.0559,10.115,0.0082961,0,0.133936
Hydrogen,isobar,30.7937,10,0.929077,7.71392,liquid-like,0,35674,21.5937,-7528.21,-1.61596,17.0761,24.3396,-26.7405,-0.161535,0,-0.355204,-0.743073,24.3396,16.2433,0.00634894,0,0.215766
Hydrogen,isobar,31.9161,10,0.962943,7.71392,liquid-like,0,35197.6,22.2552,-7503.6,-1.51117,16.4256,21.7783,-21.0706,-0.158252,0,-0.280806,-1.01072,21.7783,21.9133,0.00372786,0,0.292037
Hydrogen,isobar,33.0385,10,0.996808,7.71392,liquid-like,0,34709.4,22.9175,-7478.25,-1.41372,15.787,19.3565,-15.8606,-0.155889,0,-0.21209,-1.26858,19.3565,27.1232,0.000587915,0,0.362695
Hydrogen,isobar,34.161,10,1.03067,7.71392,supercritical,0,34209.6,23.5797,-7452.15,-1.32295,15.1625,17.0606,-11.1131,-0.154277,0,-0.149126,-1.51511,17.0606,31.8708,-0.00294167,0,0.427672
Hydrogen,isobar,35.2834,10,1.06454,7.71392,supercritical,0,33698.3,24.2411,-7425.31,-1.23831,14.5542,14.8782,-6.83094,-0.153274,0,-0.0919953,-1.74862,14.8782,36.1529,-0.00675277,0,0.486887
Hydrogen,isobar,36.4059,10,1.0984,7.71392,supercritical,0,33175.8,24.9004,-7397.73,-1.1593,13.9647,12.7989,-3.01789,-0.152758,0,-0.0407948,-1.9672,12.7989,39.966,-0.0107546,0,0.540246
Hydrogen,isobar,37.5283,10,1.13227,7.71392,supercritical,0,32642.4,25.556,-7369.41,-1.08547,13.3967,10.8146,0.322133,-0.152627,0,0.00437122,-2.16883,10.8146,43.306,-0.0148708,0,0.587645
Hydrogen,isobar,38.6508,10,1.16613,7.71392,supercritical,0,32098.4,26.2058,-7340.36,-1.01642,12.853,8.91925,3.18528,-0.152793,0,0.043394,-2.35139,8.91925,46.1691,-0.0190369,0,0.628976
Hydrogen,isobar,39.7732,10,1.2,7.71392,supercritical,0,31544.5,26.8473,-7310.59,-0.951804,12.3362,7.10899,5.56835,-0.15318,0,0.0761683,-2.51276,7.10899,48.5522,-0.0231985,0,0.664135
Hydrogen,sat-liquid,14,0.00754141,0.422395,0.00581738,liquid-like,0,38181.2,14.174,-8033.27,-0.0157545,31.8584,79.2807,-98.4334,-0.16771,0,-1.22532,8.40032,79.2807,-98.401,-0.167432,0,-1.22492
Hydrogen,sat-vapour,14,0.00754141,0.422395,0.00581738,vapour-like,0,65.8382,21.3071,-7118.37,-0.0157545,-0.172935,-1.18959,1.04964,0.00158265,0,0.0147455,-0.201129,-1.18959,1.08205,0.00186113,0,0.0152008
Hydrogen,sat-liquid,17,0.0317592,0.512908,0.0244988,liquid-like,0,36879.6,16.4028,-7987.13,-0.0422817,28.8986,64.671,-65.7343,-0.0430902,0,-0.823003,7.02899,64.671,-65.5978,-0.0421244,0,-0.821293
Hydrogen,sat-vapour,17,0.0317592,0.512908,0.0244988,vapour-like,0,234.914,22.2703,-7066.32,-0.0422817,-0.287242,-2.9729,2.627,0.00219533,0,0.0371763,-0.387537,-2.9729,2.76351,0.00316114,0,0.0391082
Hydrogen,sat-liquid,20.369,0.101328,0.614555,0.0781635,liquid-like,0,35145.1,19.7002,-7925.18,-0.0896551,25.0543,50.7316,-31.6877,0.0122506,0,-0.399836,5.18347,50.7316,-31.2522,0.0148224,0,-0.394341
Hydrogen,sat-vapour,20.369,0.101328,0.614555,0.0781635,vapour-like,0,660.855,24.2643,-7020.63,-0.0896551,-0.28562,-5.59491,5.60415,0.000951999,0,0.079824,-0.567263,-5.59491,6.03969,0.00352376,0,0.0860278
Hydrogen,sat-liquid,24,0.258073,0.724106,0.199075,liquid-like,0,32838.9,24.8333,-7842.53,-0.15821,19.8971,39.9642,2.71236,0.021369,0,0.0345853,2.54282,39.9642,3.82166,0.0269281,0,0.0487299
Hydrogen,sat-vapour,24,0.258073,0.724106,0.199075,vapour-like,0,1565.67,28.7735,-6993.35,-0.15821,0.124814,-10.1095,10.3694,-0.00481476,0,0.148275,-0.545335,-10.1095,11.4787,0.000744311,0,0.164138
Hydrogen,sat-liquid,28,0.57359,0.84479,0.442463,liquid-like,0,29435.9,36.2389,-7722.48,-0.249911,11.931,33.8209,40.7081,0.00031924,0,0.527138,-1.95451,33.8209,43.1736,0.0109097,0,0.559064
Hydrogen,sat-vapour,28,0.57359,0.84479,0.442463,vapour-like,0,3496.69,41.939,-7003.32,-0.249911,1.46396,-17.2588,17.0597,-0.0184094,0,0.243595,-0.0601378,-17.2588,19.5252,-0.00781898,0,0.278799
Hydrogen,sat-liquid,31,0.94165,0.935303,0.726381,liquid-like,0,25488,68.0531,-7592.4,-0.328899,2.53627,37.1744,75.0902,-0.0268178,0,0.989018,-7.81898,37.1744,79.1378,-0.0111142,0,1.04233
Hydrogen,sat-vapour,31,0.94165,0.935303,0.726381,vapour-like,0,6403.85,84.8061,-7065.58,-0.328899,3.28244,-25.5116,24.9986,-0.0339669,0,0.353808,0.427312,-25.5116,29.0461,-0.0182633,0,0.411094
Hydrogen,probe-dense,300,10,9.05132,7.71392,supercritical,0,3782.69,29.3269,148.901,0.05911,2.40913,0.218176,-103.73,-0.0278141,0,-10.373,0.731825,0.218176,-60.7463,-0.0105816,0,-6.07463
Hydrogen,probe-dense,623,6,18.7966,4.62835,supercritical,0,1136.58,29.4031,9583.69,0.0191558,0.463377,0.12991,-51.3592,-0.00489534,0,-0.535902,-0.0272977,0.12991,-25.5689,8.3571e-05,0,-0.266796
Hydrogen,probe-dense,650,9,19.6112,6.94253,supercritical,0,1620.78,29.4507,10427.5,0.0275293,0.60915,0.175965,-73.7856,-0.00660158,0,-0.707606,-0.0911308,0.175965,-35.1001,0.000556556,0,-0.336611
Hydrogen,probe-dense,663,9.1,20.0034,7.01967,supercritical,0,1607.04,29.4651,10812.1,0.0272877,0.590596,0.17527,-73.8733,-0.0064014,0,-0.683246,-0.103532,0.17527,-34.758,0.000694363,0,-0.321473
Hydrogen,probe-dense,700,10,21.1197,7.71392,supercritical,0,1670.88,29.516,11918.3,0.0283766,0.571494,0.182393,-78.6138,-0.00623073,0,-0.659607,-0.149738,0.182393,-35.63,0.00115466,0,-0.298953
