epoch_ms,online_tick,tick_ms,engine_ms
1790186677020,1,27.9300,0.5799
1790186677058,2,0.7340,0.0315
1790186677101,3,13.7865,0.0264
1790186677143,4,5.8189,0.0321
1790186677192,5,5.5598,0.0305
1790186677242,6,4.7161,0.0281
1790186677293,7,5.9991,0.0309
1790186677343,8,5.1325,0.0368
1790186677387,9,0.6272,0.0265
1790186677443,10,6.1598,0.0312
1790186677488,11,0.6085,0.0246
1790186677538,12,0.5196,0.0187
1790186677587,13,0.3425,0.0110
1790186677638,14,0.2949,0.0095
1790186677688,15,0.2993,0.0097
1790186677738,16,0.5841,0.0250
1790186677787,17,0.7151,0.0280
1790186677838,18,0.4559,0.0197
1790186677888,19,0.3969,0.0153
1790186677937,20,0.8257,0.0099
1790186677988,21,0.3232,0.0100
1790186678037,22,0.3291,0.0093
1790186678088,23,0.3454,0.0095
1790186678137,24,0.2803,0.0085
1790186678187,25,0.3487,0.0275
1790186678238,26,0.3098,0.0095
1790186678288,27,0.2924,0.0083
1790186678338,28,0.5334,0.0206
1790186678387,29,0.4137,0.0123
1790186678438,30,0.4817,0.0185
1790186678487,31,0.5923,0.0264
1790186678537,32,0.5093,0.0227
1790186678588,33,0.4512,0.0215
1790186678637,34,0.3936,0.0127
1790186678687,35,0.4252,0.0120
1790186678737,36,0.2391,0.0115
1790186678787,37,0.2249,0.0091
1790186678837,38,0.2199,0.0097
1790186678888,39,0.2036,0.0090
1790186678937,40,0.2633,0.0112
1790186678988,41,0.2192,0.0092
1790186679037,42,0.2193,0.0092
1790186679087,43,0.6962,0.0097
1790186679137,44,0.2747,0.0091
1790186679188,45,0.2619,0.0133
1790186679238,46,0.5861,0.0439
1790186679288,47,0.3959,0.0385
1790186679338,48,0.4219,0.0248
1790186679388,49,0.2779,0.0129
1790186679438,50,0.3263,0.0200
1790186679487,51,0.2574,0.0136
1790186679538,52,0.2227,0.0121
1790186679588,53,0.2140,0.0116
1790186679637,54,0.1942,0.0110
1790186679688,55,0.2261,0.0111
1790186679738,56,0.2249,0.0109
1790186679787,57,0.2438,0.0109
1790186679838,58,0.3977,0.0210
1790186679887,59,0.2370,0.0111
1790186679938,60,0.2224,0.0114
1790186679987,61,0.1829,0.0093
1790186680038,62,0.1770,0.0093
1790186680087,63,0.1793,0.0107
1790186680138,64,0.4178,0.0201
1790186680187,65,0.2880,0.0098
1790186680238,66,0.1929,0.0095
1790186680287,67,0.1951,0.0094
1790186680338,68,0.2762,0.0161
1790186680388,69,0.2962,0.0131
1790186680437,70,0.2607,0.0127
1790186680488,71,0.2284,0.0124
1790186680538,72,0.2935,0.0152
1790186680587,73,0.2207,0.0105
1790186680637,74,0.1887,0.0097
1790186680687,75,0.1873,0.0101
1790186680738,76,0.1874,0.0225
1790186680787,77,0.2072,0.0123
1790186680837,78,0.4782,0.0268
1790186680887,79,0.3788,0.0237
1790186680937,80,0.3494,0.0112
1790186680987,81,0.2840,0.0098
1790186681038,82,0.2165,0.0107
1790186681088,83,0.2009,0.0153
1790186681138,84,0.3442,0.0102
1790186681187,85,0.4262,0.0419
1790186681237,86,0.4420,0.0201
1790186681287,87,0.3559,0.0151
1790186681338,88,0.1463,0.0136
1790186681388,89,0.2361,0.0186
1790186681437,90,0.1814,0.0114
1790186681488,91,0.4314,0.0296
1790186681538,92,0.2993,0.0230
1790186681587,93,0.3312,0.0292
1790186681637,94,0.3418,0.0272
1790186681688,95,0.2370,0.0171
1790186681738,96,0.1966,0.0145
1790186681787,97,0.2200,0.0168
1790186681838,98,0.2133,0.0173
1790186681887,99,0.1686,0.0123
1790186681937,100,0.1751,0.0116
1790186681988,101,0.1469,0.0103
1790186682038,102,0.3743,0.0096
1790186682088,103,0.1572,0.0099
1790186682138,104,0.1953,0.0177
1790186682187,105,0.1372,0.0095
1790186682238,106,0.1397,0.0093
1790186682287,107,0.1401,0.0092
1790186682337,108,0.1242,0.0094
1790186682388,109,0.2535,0.0216
1790186682438,110,0.1872,0.0125
1790186682677,111,8.6480,7.7215
1790186682682,112,5.2360,4.9144
1790186682683,113,0.2880,0.0211
1790186682683,114,0.2307,0.0146
1790186682687,115,0.2867,0.0220
1790186682738,116,0.6955,0.1529
1790186682793,117,1.4412,4.0984
1790186682849,118,1.0621,16.9181
1790186682888,119,0.3897,15.0554
1790186682938,120,0.4971,0.0305
1790186682987,121,0.4201,0.0276
1790186683037,122,0.3906,0.0277
1790186683087,123,0.3270,0.0271
1790186683140,124,2.0129,1.7561
1790186683187,125,0.9293,0.6988
1790186683238,126,0.4572,6.9005
1790186683287,127,0.3738,0.0262
1790186683337,128,0.8617,0.0250
1790186683388,129,0.4438,0.0161
1790186683438,130,0.4083,0.0176
1790186683487,131,0.2194,0.0185
1790186683537,132,0.3242,0.1704
1790186683588,133,0.1305,0.0113
1790186683637,134,0.1161,0.0096
1790186683687,135,0.1312,0.0095
1790186683738,136,0.2890,0.1924
1790186683788,137,0.1517,0.0103
1790186683837,138,0.1084,0.0076
1790186683888,139,0.0977,0.0075
1790186683937,140,0.3879,0.2645
1790186683987,141,0.5126,0.4029
1790186684037,142,0.3096,1.9529
1790186684087,143,0.3044,0.0259
1790186684138,144,0.3589,0.0233
1790186684188,145,0.4156,0.0196
1790186684238,146,0.3268,0.0151
1790186684288,147,0.2403,0.0127
1790186684337,148,0.3574,0.2203
1790186684387,149,0.1416,0.0097
1790186684438,150,0.3037,0.0140
1790186684487,151,0.2280,0.0184
1790186684538,152,0.2369,0.0123
1790186684587,153,0.1947,0.0115
1790186684638,154,0.1353,0.0099
1790186684687,155,0.1373,0.0095
1790186684737,156,0.3978,0.2833
1790186684787,157,0.1919,0.0258
1790186684838,158,0.1607,0.0405
1790186684887,159,0.1258,0.0084
1790186684937,160,0.2921,0.1546
1790186684987,161,0.1180,0.0076
1790186685037,162,0.1501,0.0081
1790186685088,163,0.1203,0.0079
1790186685137,164,0.2995,0.1282
1790186685187,165,0.1325,0.0137
1790186685238,166,0.1223,0.0071
1790186685287,167,0.1184,0.0072
1790186685338,168,0.1216,0.0073
1790186685388,169,0.1193,0.0071
1790186685438,170,0.2449,0.0153
1790186685488,171,0.2806,0.0128
1790186685537,172,0.3902,0.2018
1790186685588,173,0.6710,0.4677
1790186685638,174,0.3795,1.5461
1790186685688,175,0.4197,0.0274
1790186685737,176,0.6973,0.3442
1790186685788,177,0.3423,0.0422
1790186685838,178,0.4380,0.0279
1790186685887,179,0.2637,0.0184
1790186685937,180,0.2855,0.0389
1790186685988,181,0.2410,0.0878
1790186686038,182,0.1568,0.0089
1790186686089,183,0.1405,0.0080
1790186686137,184,0.1200,0.0065
1790186686188,185,0.1987,0.0073
1790186686238,186,0.3110,0.0168
1790186686287,187,0.1555,0.0113
1790186686337,188,0.3777,0.2668
1790186686388,189,0.1171,0.0075
1790186686437,190,0.1378,0.0077
1790186686488,191,0.2097,0.0135
1790186686538,192,0.3613,0.2142
1790186686587,193,0.2430,0.0153
1790186686637,194,0.2728,0.0192
1790186686688,195,0.1984,0.0142
1790186686737,196,0.1755,0.0127
1790186686787,197,0.1634,0.0102
1790186686838,198,0.1330,0.0090
1790186686888,199,0.1252,0.0093
1790186686937,200,0.3674,0.2218
1790186686987,201,0.2052,0.0080
1790186687037,202,0.1140,0.0073
1790186687088,203,0.3771,0.0071
1790186687140,204,3.3268,0.0066
1790186687187,205,0.4012,0.0070
1790186687239,206,2.1299,0.0196
1790186687287,207,0.7399,0.0182
1790186687339,208,2.1492,0.2653
1790186687388,209,0.6172,0.0127
1790186687437,210,0.2509,0.0117
1790186687488,211,0.2171,0.0147
1790186687537,212,0.3317,0.2003
1790186687588,213,0.1499,0.0176
1790186687638,214,0.1609,0.0091
1790186687687,215,0.1348,0.0081
1790186687737,216,0.3494,0.1806
1790186687787,217,0.1358,0.0091
1790186687837,218,0.3850,0.0189
1790186687887,219,0.2621,0.0168
1790186687937,220,0.1903,0.0115
1790186687987,221,0.1570,0.0111
1790186688037,222,0.1236,0.0092
1790186688088,223,0.1197,0.0085
1790186688137,224,0.4100,0.3071
1790186688187,225,0.1664,0.0076
1790186688237,226,0.1283,0.0075
1790186688288,227,0.1076,0.0065
1790186688338,228,0.1113,0.0068
1790186688387,229,0.1035,0.0060
1790186688438,230,0.1151,0.0058
1790186688487,231,0.2710,0.0174
1790186688537,232,0.3307,0.1788
1790186688587,233,0.2124,0.0103
1790186688637,234,0.1450,0.0096
1790186688688,235,0.1419,0.0092
1790186688738,236,0.2877,0.1718
1790186688788,237,0.5474,0.4194
1790186688837,238,0.2946,1.3464
1790186688888,239,0.2703,0.0193
1790186688937,240,0.6556,0.2720
1790186688987,241,0.3280,0.0188
1790186689037,242,0.2691,0.0196
1790186689087,243,0.2619,0.0196
1790186689137,244,0.2308,0.0160
1790186689187,245,0.2723,0.0196
1790186689238,246,0.2646,0.0195
1790186689287,247,0.2505,0.0171
1790186689337,248,0.6727,0.4990
1790186689387,249,0.1396,0.0093
1790186689438,250,0.1446,0.0084
1790186689487,251,0.1363,0.0095
1790186689537,252,0.1520,0.0094
1790186689587,253,0.1364,0.0083
1790186689637,254,0.1143,0.0075
1790186689688,255,0.1164,0.0074
1790186689737,256,0.3061,0.1739
1790186689787,257,0.1436,0.0071
1790186689838,258,0.1101,0.0072
1790186689887,259,0.1124,0.0061
1790186689938,260,0.2428,0.1349
1790186689987,261,0.1044,0.0066
1790186690037,262,0.1048,0.0058
1790186690088,263,0.0974,0.0056
1790186690137,264,0.2369,0.1251
1790186690187,265,0.1361,0.0063
1790186690237,266,0.1039,0.0056
1790186690287,267,0.0962,0.0053
1790186690338,268,0.0939,0.0053
1790186690387,269,0.0927,0.0054
1790186690437,270,0.1113,0.0055
1790186690487,271,0.1248,0.0075
1790186690538,272,0.3037,0.1703
1790186690589,273,0.1178,0.0065
1790186690637,274,0.1085,0.0065
1790186690688,275,0.1117,0.0078
1790186690737,276,0.3308,0.1923
1790186690788,277,0.1164,0.0171
1790186690838,278,0.1125,0.0063
1790186690887,279,0.1032,0.0068
1790186690938,280,0.1494,0.0066
1790186690988,281,0.1153,0.0066
1790186691037,282,0.0952,0.0057
1790186691087,283,0.1124,0.0055
1790186691137,284,0.0970,0.0058
1790186691188,285,0.0977,0.0053
1790186691237,286,0.1129,0.0054
1790186691288,287,0.0960,0.0053
1790186691337,288,0.2957,0.2070
1790186691388,289,0.0984,0.0052
1790186691437,290,0.1141,0.0056
1790186691488,291,0.1091,0.0067
1790186691537,292,0.3845,0.2683
1790186691588,293,0.1864,0.0093
1790186691638,294,0.1219,0.0067
1790186691687,295,0.1190,0.0079
1790186691737,296,0.1289,0.0075
1790186691787,297,0.1305,0.0064
1790186691837,298,0.1234,0.0071
1790186691887,299,0.1293,0.0069
1790186691938,300,0.2709,0.1384
1790186691988,301,0.1410,0.0066
1790186692037,302,0.1196,0.0057
1790186692088,303,0.2921,0.0062
1790186692138,304,0.1312,0.0088
1790186692187,305,0.1386,0.0084
1790186692237,306,0.1152,0.0073
1790186692288,307,0.1001,0.0068
1790186692337,308,0.2707,0.1803
1790186692388,309,0.1005,0.0072
1790186692438,310,0.1254,0.0061
1790186692488,311,0.0965,0.0064
1790186692537,312,0.2270,0.1420
1790186692587,313,0.1490,0.0108
1790186692638,314,0.1183,0.0078
1790186692687,315,0.1185,0.0084
1790186692737,316,0.2233,0.1338
1790186692788,317,0.1079,0.0187
1790186692838,318,0.1066,0.0100
1790186692888,319,0.1141,0.0062
1790186692937,320,0.1270,0.0063
1790186692988,321,0.0962,0.0062
1790186693038,322,0.1091,0.0057
1790186693087,323,0.0943,0.0057
1790186693137,324,0.2751,0.1950
1790186693187,325,0.1077,0.0109
1790186693238,326,0.0960,0.0053
1790186693288,327,0.0838,0.0054
1790186693337,328,0.0892,0.0055
1790186693387,329,0.0846,0.0054
1790186693438,330,0.1078,0.0055
1790186693488,331,0.1254,0.0075
1790186693537,332,0.2129,0.1323
1790186693588,333,0.1736,0.0121
1790186693637,334,0.1216,0.0080
1790186693688,335,0.1119,0.0074
1790186693738,336,0.2858,0.1596
1790186693788,337,0.5255,0.4320
1790186693837,338,0.2758,1.2261
1790186693887,339,0.2435,0.0204
1790186693937,340,0.5062,0.2548
1790186693988,341,0.2569,0.0280
1790186694037,342,0.3264,0.0220
1790186694088,343,0.2545,0.0217
1790186694138,344,0.2108,0.0169
1790186694188,345,0.2277,0.0185
1790186694238,346,0.2591,0.0218
1790186694288,347,0.2510,0.0215
1790186694338,348,0.5707,0.2302
1790186694387,349,0.2101,0.0163
1790186694437,350,0.1931,0.0138
1790186694489,351,0.1468,0.0120
1790186694537,352,0.1060,0.0091
1790186694589,353,0.1001,0.0086
1790186694638,354,0.1387,0.0109
1790186694687,355,0.1077,0.0081
1790186694738,356,0.3201,0.2251
1790186694788,357,0.1009,0.0074
1790186694838,358,0.1020,0.0067
1790186694888,359,0.0929,0.0065
1790186694937,360,0.2601,0.1273
1790186694987,361,0.0872,0.0061
1790186695038,362,0.1049,0.0067
1790186695087,363,0.0847,0.0059
1790186695137,364,0.1918,0.1098
1790186695187,365,0.0989,0.0058
1790186695237,366,0.1101,0.0062
1790186695287,367,0.0825,0.0053
1790186695337,368,0.0858,0.0056
1790186695388,369,0.0840,0.0054
1790186695437,370,0.0995,0.0056
1790186695488,371,0.2602,0.0178
1790186695538,372,0.2712,0.1506
1790186695587,373,0.1184,0.0151
1790186695638,374,0.1506,0.0104
1790186695688,375,0.1145,0.0086
1790186695737,376,0.2910,0.1961
1790186695788,377,0.1366,0.0180
1790186695838,378,0.1647,0.0098
1790186695888,379,0.1235,0.0089
1790186695938,380,0.1325,0.0076
1790186695987,381,0.1040,0.0069
1790186696038,382,0.1029,0.0071
1790186696087,383,0.1170,0.0072
1790186696138,384,0.1469,0.0074
1790186696188,385,0.1723,0.0068
1790186696237,386,0.1757,0.0070
1790186696287,387,0.0823,0.0065
1790186696338,388,0.3039,0.2291
1790186696387,389,0.0805,0.0058
1790186696437,390,0.1155,0.0066
1790186696488,391,0.1022,0.0080
1790186696537,392,0.2060,0.1242
1790186696587,393,0.0820,0.0061
1790186696637,394,0.1411,0.0104
1790186696687,395,0.1017,0.0074
1790186696738,396,0.0892,0.0072
1790186696787,397,0.0988,0.0094
1790186696837,398,0.0920,0.0075
1790186696887,399,0.1012,0.0077
1790186696937,400,0.3000,0.1483
1790186696988,401,0.1019,0.0072
1790186697037,402,0.1024,0.0078
1790186697087,403,0.0914,0.0073
1790186697137,404,0.2326,0.0064
1790186697188,405,0.0920,0.0059
1790186697237,406,0.1480,0.0126
1790186697288,407,0.1118,0.0089
1790186697337,408,0.2867,0.1621
1790186697388,409,0.2113,0.0210
1790186697438,410,0.2211,0.0168
1790186697487,411,0.1643,0.0159
1790186697538,412,0.2395,0.1287
1790186697588,413,0.1165,0.0108
1790186697637,414,0.1173,0.0096
1790186697687,415,0.1506,0.0118
1790186697738,416,0.2192,0.1196
1790186697788,417,0.0993,0.0079
1790186697838,418,0.1893,0.0144
1790186697887,419,0.2028,0.0153
1790186697938,420,0.2406,0.0203
1790186697987,421,0.1896,0.0171
1790186698037,422,0.1405,0.0133
1790186698087,423,0.1236,0.0113
1790186698137,424,0.2717,0.1737
1790186698187,425,0.1268,0.0088
1790186698238,426,0.1136,0.0087
1790186698287,427,0.0943,0.0074
1790186698337,428,0.0967,0.0070
1790186698387,429,0.0852,0.0068
1790186698437,430,0.0988,0.0073
1790186698487,431,0.1139,0.0097
1790186698538,432,0.2027,0.1169
1790186698587,433,0.0913,0.0069
1790186698638,434,0.0944,0.0066
1790186698688,435,0.1391,0.0107
1790186698737,436,0.2171,0.1277
1790186698788,437,0.5831,0.5000
1790186698837,438,0.2413,3.5653
1790186698888,439,0.2223,0.0230
1790186698937,440,0.4259,0.1939
1790186698988,441,0.2291,0.0223
1790186699037,442,0.3353,0.0249
1790186699088,443,0.2335,0.0234
1790186699137,444,0.2861,0.0223
1790186699187,445,0.1479,0.0161
1790186699237,446,0.1248,0.0138
1790186699288,447,0.1755,0.0180
1790186699338,448,0.3583,0.1663
1790186699388,449,0.2212,0.0217
1790186699437,450,0.2577,0.0222
1790186699487,451,0.2069,0.0207
1790186699537,452,0.1371,0.0132
1790186699588,453,0.1336,0.0118
1790186699638,454,0.1043,0.0109
1790186699687,455,0.1403,0.0113
1790186699737,456,0.2427,0.1519
1790186699788,457,0.0922,0.0088
1790186699838,458,0.1437,0.0109
1790186699887,459,0.1164,0.0107
1790186699938,460,0.2446,0.1192
1790186699987,461,0.0973,0.0089
1790186700038,462,0.2408,0.0219
1790186700088,463,0.2108,0.0202
1790186700138,464,0.2369,0.1218
1790186700188,465,0.1178,0.0103
1790186700238,466,0.1014,0.0084
1790186700288,467,0.1082,0.0090
1790186700337,468,0.1168,0.0092
1790186700387,469,0.0897,0.0080
1790186700437,470,0.1341,0.0119
1790186700487,471,0.1211,0.0105
1790186700538,472,0.2230,0.1350
1790186700587,473,0.0910,0.0082
1790186700638,474,0.0966,0.0073
1790186700688,475,0.0938,0.0073
1790186700737,476,0.2357,0.1516
1790186700787,477,0.1153,0.0389
1790186700837,478,0.0902,0.0069
1790186700888,479,0.1571,0.0150
1790186700938,480,0.1318,0.0095
1790186700987,481,0.0993,0.0083
1790186701038,482,0.0965,0.0083
1790186701087,483,0.1031,0.0082
1790186701138,484,0.0888,0.0067
1790186701188,485,0.0878,0.0061
1790186701238,486,0.0840,0.0066
1790186701287,487,0.0786,0.0063
1790186701337,488,0.2324,0.1603
1790186701387,489,0.1464,0.0104
1790186701438,490,0.0988,0.0056
1790186701488,491,0.1544,0.0173
1790186701537,492,0.2591,0.1491
1790186701587,493,0.0929,0.0071
1790186701637,494,0.1094,0.0072
1790186701687,495,0.1265,0.0069
1790186701738,496,0.1475,0.0104
1790186701787,497,0.0932,0.0077
1790186701838,498,0.0849,0.0069
1790186701887,499,0.0898,0.0082
1790186701938,500,0.2711,0.1620
1790186701988,501,0.0928,0.0076
1790186702038,502,0.0996,0.0073
1790186702087,503,0.0948,0.0081
1790186702137,504,0.1589,0.0135
1790186702187,505,0.3059,0.0107
1790186702237,506,0.1036,0.0092
1790186702288,507,0.0961,0.0082
1790186702338,508,0.3074,0.1883
1790186702388,509,0.0864,0.0073
1790186702437,510,0.1831,0.0145
1790186702488,511,0.2132,0.0210
1790186702537,512,0.3525,0.1690
1790186702588,513,0.2109,0.0605
1790186702637,514,0.1442,0.0070
1790186702687,515,0.1773,0.0093
1790186702738,516,0.2802,0.1478
1790186702787,517,0.0995,0.0060
1790186702838,518,0.1073,0.0060
1790186702887,519,0.0917,0.0057
1790186702937,520,0.1377,0.0063
1790186702988,521,0.0922,0.0053
1790186703037,522,0.0915,0.0057
1790186703088,523,0.1078,0.0056
1790186703138,524,0.2776,0.1774
1790186703187,525,0.1650,0.0092
1790186703238,526,0.1793,0.0098
1790186703287,527,0.1583,0.0100
1790186703338,528,0.1573,0.0091
1790186703387,529,0.1239,0.0077
1790186703438,530,0.1327,0.0075
1790186703488,531,0.1107,0.0072
1790186703537,532,0.2119,0.1211
1790186703587,533,0.1178,0.0070
1790186703637,534,0.1152,0.0064
1790186703687,535,0.1496,0.0076
1790186703739,536,0.3086,0.1370
1790186703787,537,0.6072,0.4443
1790186703837,538,0.2091,1.4466
1790186703887,539,0.2739,0.0118
1790186703937,540,0.5023,0.2236
1790186703988,541,0.2209,0.0118
1790186704037,542,0.2107,0.0119
1790186704087,543,0.2062,0.0128
1790186704137,544,0.2093,0.0121
1790186704188,545,0.2066,0.0114
1790186704237,546,0.1746,0.0105
1790186704287,547,0.1622,0.0107
1790186704337,548,0.3443,0.1626
1790186704388,549,0.1940,0.0112
1790186704437,550,0.1616,0.0091
1790186704488,551,0.1409,0.0081
1790186704538,552,0.1052,0.0077
1790186704587,553,0.0997,0.0069
1790186704638,554,0.0921,0.0064
1790186704687,555,0.1008,0.0050
1790186704738,556,0.2425,0.1671
1790186704787,557,0.1274,0.0063
1790186704838,558,0.1167,0.0079
1790186704888,559,0.0822,0.0054
1790186704937,560,0.2651,0.1445
1790186704987,561,0.0816,0.0052
1790186705037,562,0.0864,0.0044
1790186705087,563,0.0853,0.0044
1790186705137,564,0.1942,0.1151
1790186705187,565,0.0768,0.0035
1790186705238,566,0.1119,0.0033
1790186705287,567,0.1128,0.0035
1790186705338,568,0.0834,0.0038
1790186705387,569,0.0757,0.0037
1790186705438,570,0.0902,0.0036
1790186705488,571,0.0805,0.0039
1790186705538,572,0.2210,0.1479
1790186705587,573,0.0863,0.0040
1790186705637,574,0.0872,0.0034
1790186705687,575,0.0828,0.0033
1790186705737,576,0.2456,0.1716
1790186705787,577,0.1836,0.0386
1790186705838,578,0.1119,0.0052
1790186705888,579,0.0946,0.0051
1790186705937,580,0.1161,0.0052
1790186705988,581,0.1587,0.0079
1790186706037,582,0.1027,0.0068
1790186706088,583,0.1052,0.0068
1790186706137,584,0.0976,0.0064
1790186706187,585,0.0966,0.0054
1790186706238,586,0.0864,0.0059
1790186706288,587,0.0814,0.0049
1790186706338,588,0.2745,0.1918
1790186706387,589,0.0802,0.0043
1790186706437,590,0.1025,0.0035
1790186706488,591,0.0908,0.0043
1790186706537,592,0.2103,0.1286
1790186706587,593,0.0821,0.0041
1790186706637,594,0.0871,0.0044
1790186706687,595,0.0842,0.0039
1790186706738,596,0.0747,0.0041
1790186706787,597,0.1283,0.0059
1790186706837,598,0.1248,0.0058
1790186706887,599,0.1961,0.0076
1790186706938,600,0.2336,0.1195
1790186706988,601,1.7332,0.0059
1790186707038,602,0.1053,0.0048
1790186707087,603,0.0973,0.0049
1790186707137,604,0.1317,0.0053
1790186707188,605,0.2786,0.0043
1790186707237,606,0.0830,0.0042
1790186707287,607,0.0779,0.0040
1790186707338,608,0.2208,0.1474
1790186707387,609,0.0843,0.0036
1790186707437,610,0.1854,0.0086
1790186707487,611,0.1993,0.0129
1790186707538,612,0.2784,0.1308
1790186707587,613,0.1268,0.0084
1790186707637,614,0.1261,0.0076
1790186707688,615,0.1192,0.0071
1790186707738,616,0.2275,0.1212
1790186707787,617,0.1302,0.0073
1790186707837,618,0.1388,0.0071
1790186707888,619,0.0957,0.0057
1790186707938,620,0.1229,0.0064
1790186707988,621,0.2163,0.0117
1790186708038,622,0.1956,0.0120
1790186708088,623,0.1393,0.0089
1790186708137,624,0.3274,0.1988
1790186708188,625,0.1213,0.0077
1790186708237,626,0.1190,0.0071
1790186708288,627,0.6680,0.5255
1790186708367,628,0.7158,0.1439
1790186708397,629,0.8380,0.0233
1790186708439,630,2.9324,0.0217
1790186708492,631,0.6975,0.1347
1790186708553,632,0.8691,0.4861
1790186708590,633,1.4480,0.0218
1790186708645,634,0.3826,0.0322
1790186708691,635,0.3238,0.0202
1790186708769,636,0.8593,0.3400
1790186708792,637,0.3353,0.0335
1790186708847,638,0.8376,0.2110
1790186708901,639,6.3745,0.0245
1790186708941,640,0.4894,0.0244
1790186708987,641,0.8144,0.0583
1790186709037,642,0.3327,0.0229
1790186709091,643,0.2895,0.0243
1790186709138,644,0.3227,0.0220
1790186709187,645,0.3284,0.0212
1790186709238,646,0.3088,0.0230
1790186709287,647,0.3217,0.0233
1790186709337,648,0.2889,0.0192
1790186709387,649,0.3236,0.0230
1790186709437,650,0.4089,0.0235
1790186709487,651,0.3462,0.4243
1790186709538,652,0.3278,0.3491
1790186709587,653,0.2516,1.6759
1790186709638,654,0.2381,0.1485
1790186709687,655,0.2189,2.1418
1790186709737,656,0.4578,0.2537
1790186709787,657,0.2149,0.0118
1790186709838,658,0.2747,0.0144
1790186709887,659,0.2485,0.0115
1790186709937,660,0.2412,0.0124
1790186709988,661,0.2149,0.0116
1790186710038,662,0.2655,0.0146
1790186710087,663,0.2286,0.0126
1790186710137,664,0.3366,0.1241
1790186710188,665,0.3057,0.7974
1790186710238,666,0.2113,0.7817
1790186710288,667,0.2260,0.0194
1790186710338,668,0.1986,0.0116
1790186710387,669,0.1649,0.0104
1790186710437,670,0.1247,0.0087
1790186710487,671,0.1592,0.0100
1790186710538,672,0.2298,0.1347
1790186710588,673,0.0972,0.0072
1790186710637,674,0.1059,0.0058
1790186710688,675,0.0964,0.0050
1790186710738,676,0.2724,0.1896
1790186710787,677,0.0782,0.0049
1790186710838,678,0.0851,0.0038
1790186710887,679,0.0731,0.0041
1790186710937,680,0.1765,0.0090
1790186710988,681,0.1166,0.0071
1790186711037,682,0.1122,0.0075
1790186711087,683,0.1091,0.0064
1790186711138,684,0.1652,0.0089
1790186711188,685,0.2040,0.0119
1790186711238,686,0.1857,0.0114
1790186711287,687,0.1300,0.0089
1790186711338,688,0.2590,0.1624
1790186711387,689,0.0972,0.0069
1790186711438,690,0.1165,0.0086
1790186711487,691,0.1240,0.0296
1790186711537,692,0.2167,0.1288
1790186711588,693,0.1019,0.0056
1790186711638,694,0.0914,0.0047
1790186711688,695,0.0963,0.0045
1790186711737,696,0.0892,0.0048
1790186711788,697,0.0770,0.0040
1790186711837,698,0.0854,0.0086
1790186711888,699,0.0878,0.0040
1790186711937,700,0.2308,0.1229
1790186711988,701,0.1311,0.0075
1790186712038,702,0.1054,0.0059
1790186712087,703,0.1163,0.0058
1790186712138,704,0.1058,0.0059
1790186712188,705,0.3714,0.0072
1790186712238,706,0.1416,0.0083
1790186712288,707,0.1019,0.0057
1790186712338,708,0.2432,0.1542
1790186712388,709,0.1062,0.0059
1790186712437,710,0.1157,0.0047
1790186712487,711,0.0960,0.0050
1790186712538,712,0.1985,0.1165
1790186712587,713,0.0957,0.0048
1790186712638,714,0.1074,0.0046
1790186712688,715,0.0901,0.0043
1790186712738,716,0.1854,0.1082
1790186712787,717,0.3982,0.3182
1790186712838,718,0.1932,0.4317
1790186712888,719,0.2706,0.0130
1790186712938,720,0.2255,0.0119
1790186712987,721,0.1901,0.0121
1790186713038,722,0.2116,0.0123
1790186713087,723,0.2354,0.0163
1790186713137,724,0.4164,0.2149
1790186713187,725,0.2291,0.0111
1790186713238,726,0.2072,0.0112
1790186713288,727,0.1720,0.0126
1790186713337,728,0.1602,0.0112
1790186713387,729,0.1485,0.0086
1790186713438,730,0.1555,0.0085
1790186713487,731,0.1282,0.0083
1790186713538,732,0.2313,0.1384
1790186713588,733,0.0985,0.0070
1790186713637,734,0.1003,0.0068
1790186713688,735,0.1156,0.0051
1790186713737,736,0.1984,0.1191
1790186713789,737,0.0838,0.0069
1790186713838,738,0.0846,0.0041
1790186713887,739,0.0727,0.0035
1790186713938,740,0.2142,0.1209
1790186713987,741,0.0781,0.0035
1790186714038,742,0.1229,0.0052
1790186714087,743,0.1094,0.0062
1790186714138,744,0.4084,0.3161
1790186714187,745,0.2839,0.0155
1790186714238,746,0.3478,0.0191
1790186714290,747,0.3045,0.0140
1790186714337,748,0.4877,0.1836
1790186714388,749,0.3271,0.0199
1790186714437,750,0.3828,0.0151
1790186714487,751,0.3617,0.0144
1790186714537,752,0.4261,0.0199
1790186714587,753,0.3297,0.0142
1790186714638,754,0.3739,0.0601
1790186714687,755,0.3786,0.0572
1790186714738,756,0.5111,0.2011
1790186714787,757,0.3737,0.0473
1790186714837,758,0.4037,0.0254
1790186714888,759,0.3292,0.0251
1790186714937,760,0.5171,0.2000
1790186714988,761,0.3296,0.0275
1790186715038,762,0.3506,0.0225
1790186715087,763,0.3221,0.0244
1790186715138,764,0.3181,0.7753
1790186715187,765,0.4014,0.1003
1790186715238,766,0.2886,1.1224
1790186715288,767,0.2221,0.0131
1790186715337,768,0.2280,0.0121
1790186715387,769,0.2371,0.0133
1790186715437,770,0.2377,0.0131
1790186715487,771,0.2314,0.0125
1790186715538,772,0.3837,0.1637
1790186715587,773,0.2259,0.0127
1790186715638,774,0.2494,0.0125
1790186715687,775,0.2390,0.0133
1790186715737,776,0.3844,0.1630
1790186715787,777,0.2204,0.0129
1790186715837,778,0.1910,1.2738
1790186715888,779,0.2023,0.0119
1790186715938,780,0.2378,0.0115
1790186715987,781,0.2076,0.0121
1790186716037,782,0.1939,0.0108
1790186716087,783,0.1974,0.0118
1790186716137,784,0.1971,0.0146
1790186716187,785,0.1532,0.0140
1790186716238,786,0.1292,0.0090
1790186716287,787,0.1194,0.0082
1790186716338,788,0.2572,0.1620
1790186716388,789,0.0915,0.0071
1790186716438,790,0.1624,0.0087
1790186716487,791,0.1981,0.0109
1790186716538,792,0.3264,0.1415
1790186716587,793,0.1547,0.0096
1790186716638,794,0.1285,0.0084
1790186716687,795,0.1190,0.0077
1790186716738,796,0.1612,0.0094
1790186716788,797,0.0922,0.0052
1790186716837,798,0.0898,0.0056
1790186716888,799,0.0817,0.0054
1790186716938,800,0.2878,0.1292
1790186716988,801,0.1018,0.0046
1790186717037,802,0.0872,0.0041
1790186717087,803,0.1377,0.0112
1790186717138,804,0.1003,0.0059
1790186717187,805,0.1139,0.0069
1790186717237,806,0.2237,0.0059
1790186717288,807,0.3161,0.2280
1790186717337,808,0.2107,0.4252
1790186717388,809,0.0899,0.0039
1790186717438,810,0.1020,0.0036
1790186717487,811,0.1065,0.0040
1790186717537,812,0.2695,0.1303
1790186717587,813,0.2035,0.0125
1790186717637,814,0.1723,0.0102
1790186717687,815,0.1367,0.0087
1790186717738,816,0.2326,0.1238
1790186717787,817,0.1091,0.0076
1790186717838,818,0.1129,0.0069
1790186717887,819,0.1044,0.0069
1790186717937,820,0.1243,0.0106
1790186717988,821,0.0959,0.0094
1790186718037,822,0.0853,0.0042
1790186718088,823,0.2044,0.0116
1790186718138,824,0.3711,0.1869
1790186718187,825,0.1670,0.0091
1790186718238,826,0.1570,0.0086
1790186718287,827,0.1217,0.0081
1790186718337,828,0.1166,0.0076
1790186718387,829,0.1147,0.0074
1790186718437,830,0.1204,0.0066
1790186718487,831,0.1239,0.0073
1790186718538,832,0.2398,0.1180
1790186718587,833,0.0972,0.0060
1790186718637,834,0.1035,0.0060
1790186718687,835,0.1117,0.0043
1790186718737,836,0.2220,0.1165
1790186718787,837,0.0821,0.0039
1790186718838,838,0.0866,0.0037
1790186718888,839,0.0775,0.0038
1790186718938,840,0.2219,0.1256
1790186718988,841,0.0754,0.0038
1790186719038,842,0.0833,0.0032
1790186719087,843,0.1462,0.0078
1790186719138,844,0.1082,0.0060
1790186719188,845,0.1458,0.0069
1790186719237,846,0.1277,0.0057
1790186719288,847,0.1174,0.0296
1790186719339,848,0.2428,0.1464
1790186719388,849,0.0882,0.0042
1790186719437,850,0.1131,0.0042
1790186719488,851,0.0903,0.0042
1790186719537,852,0.1033,0.0256
1790186719587,853,0.0826,0.0040
1790186719638,854,0.0817,0.0038
1790186719688,855,0.3470,0.2610
1790186719737,856,0.5836,0.2347
1790186719788,857,0.3519,0.0178
1790186719837,858,0.3534,0.0190
1790186719888,859,0.3300,0.0151
1790186719937,860,0.5407,0.1814
1790186719987,861,0.3318,0.0134
1790186720037,862,0.2875,0.0185
1790186720088,863,0.3373,0.0138
1790186720138,864,1.4723,0.1799
1790186720187,865,0.2977,0.0130
1790186720237,866,0.3480,0.0173
1790186720287,867,0.3178,0.0590
1790186720338,868,0.3330,0.0244
1790186720387,869,0.3384,0.0211
1790186720438,870,0.3706,0.0249
1790186720488,871,0.5062,0.1812
1790186720538,872,0.5117,0.7173
1790186720588,873,0.2512,0.3001
1790186720637,874,0.2432,1.0131
1790186720688,875,0.2406,0.0137
1790186720738,876,0.3926,0.1787
1790186720787,877,0.2990,0.0123
1790186720837,878,0.2301,0.0140
1790186720887,879,0.2153,0.0121
1790186720938,880,0.2556,0.0119
1790186720987,881,0.2202,0.0140
1790186721037,882,0.2217,0.0131
1790186721088,883,0.2287,0.0130
1790186721138,884,0.2200,0.0138
1790186721187,885,0.1868,1.0429
1790186721238,886,0.1824,0.0089
1790186721288,887,0.1559,0.0073
1790186721337,888,0.2962,0.1491
1790186721388,889,0.1062,0.0063
1790186721437,890,0.1273,0.0066
1790186721487,891,0.1226,0.0065
1790186721538,892,0.2294,0.1335
1790186721587,893,0.0971,0.0059
1790186721638,894,0.1031,0.0052
1790186721688,895,0.0951,0.0069
1790186721737,896,0.1108,0.0040
1790186721787,897,0.3080,0.2044
1790186721838,898,0.0853,0.2550
1790186721888,899,0.0743,0.0030
1790186721937,900,0.1899,0.0979
1790186721987,901,0.0728,0.0030
1790186722037,902,0.0768,0.0029
1790186722087,903,0.0726,0.0032
1790186722138,904,0.1301,0.0064
1790186722188,905,0.0935,0.0061
1790186722237,906,0.0873,0.0053
1790186722287,907,0.2174,0.0048
1790186722338,908,0.3042,0.2317
1790186722388,909,0.4787,0.0068
1790186722438,910,0.1212,0.0086
1790186722487,911,0.0951,0.0089
1790186722538,912,0.1809,0.1061
1790186722587,913,0.0858,0.0050
1790186722638,914,0.0916,0.0047
1790186722688,915,0.0971,0.0048
1790186722737,916,0.1762,0.0996
1790186722788,917,0.0796,0.0036
1790186722838,918,0.3319,0.0035
1790186722887,919,0.0808,0.0034
1790186722938,920,0.0969,0.0034
1790186722987,921,0.0763,0.0033
1790186723038,922,0.0732,0.0031
1790186723088,923,0.0824,0.0036
1790186723138,924,0.2267,0.1519
1790186723187,925,0.1182,0.0046
1790186723238,926,0.1113,0.0051
1790186723288,927,0.0841,0.0047
1790186723338,928,0.0810,0.0044
1790186723388,929,0.0916,0.0051
1790186723438,930,0.0953,0.0053
1790186723488,931,0.1363,0.0068
1790186723538,932,0.2021,0.1115
1790186723588,933,0.1190,0.0345
1790186723637,934,0.1600,0.0418
1790186723687,935,0.1260,0.0258
1790186723737,936,0.2045,0.1130
1790186723788,937,0.0834,0.0079
1790186723838,938,0.0900,0.0050
1790186723888,939,0.0772,0.0046
1790186723938,940,0.2240,0.1192
1790186723988,941,0.0792,0.0046
1790186724038,942,0.0840,0.0039
1790186724089,943,0.0744,0.0040
1790186724137,944,0.0748,0.0038
1790186724188,945,0.1276,0.0057
1790186724237,946,0.0904,0.0055
1790186724287,947,0.0970,0.0052
1790186724338,948,0.2083,0.1309
1790186724387,949,0.0883,0.0049
1790186724438,950,0.1080,0.0051
1790186724489,951,0.0864,0.0051
1790186724538,952,0.0904,0.0052
1790186724587,953,0.0778,0.0044
1790186724637,954,0.0758,0.0045
1790186724687,955,0.0862,0.0043
1790186724738,956,0.2378,0.1667
1790186724787,957,0.0747,0.0036
1790186724838,958,0.0969,0.0042
1790186724887,959,0.0844,0.0043
1790186724937,960,0.2759,0.1449
1790186724987,961,0.0753,0.0042
1790186725037,962,0.0813,0.0041
1790186725088,963,0.3701,0.2882
1790186725138,964,0.5681,0.2282
1790186725187,965,0.3298,0.0185
1790186725238,966,0.3409,0.0196
1790186725288,967,0.3204,0.0199
1790186725338,968,0.3030,0.0158
1790186725387,969,0.3404,0.0191
1790186725437,970,0.2886,0.0167
1790186725487,971,0.3449,0.0198
1790186725538,972,0.5410,0.2319
1790186725588,973,0.2528,0.0160
1790186725638,974,0.4132,0.0773
1790186725688,975,0.3140,0.0624
1790186725738,976,0.5551,0.2407
1790186725787,977,0.3155,0.0201
1790186725837,978,0.3442,0.0202
1790186725887,979,0.3315,0.0223
1790186725938,980,0.3726,0.6424
1790186725987,981,0.2438,0.2896
1790186726037,982,0.2466,0.8381
1790186726087,983,0.2231,0.0151
1790186726137,984,0.2176,0.0144
1790186726188,985,0.2360,0.0142
1790186726238,986,0.2139,0.0139
1790186726287,987,0.4388,0.2250
1790186726337,988,0.4737,0.2114
1790186726388,989,0.3647,0.0208
1790186726438,990,0.2536,0.8811
1790186726487,991,0.2314,0.0285
1790186726537,992,0.3404,0.1378
1790186726588,993,0.2137,0.3586
1790186726638,994,0.1846,0.7254
1790186726688,995,0.1424,0.0079
1790186726738,996,0.1253,0.0074
1790186726788,997,0.0948,0.0052
1790186726838,998,0.0899,0.0050
1790186726888,999,0.0855,0.0060
1790186726937,1000,0.2297,0.1298
1790186726988,1001,0.0823,0.0045
1790186727038,1002,0.0868,0.0043
1790186727088,1003,0.0761,0.0061
1790186727139,1004,0.0758,0.0040
1790186727187,1005,0.1347,0.0059
1790186727237,1006,0.1603,0.0107
1790186727288,1007,0.2444,0.0076
1790186727337,1008,0.2638,0.1529
1790186727388,1009,0.0991,0.0072
1790186727437,1010,0.1121,0.0065
1790186727487,1011,0.1210,0.0078
1790186727537,1012,0.2101,0.1235
1790186727588,1013,0.0905,0.0060
1790186727637,1014,0.1506,0.0095
1790186727687,1015,0.1948,0.0125
1790186727737,1016,0.2393,0.1106
1790186727788,1017,0.1091,0.0079
1790186727838,1018,0.1089,0.0082
1790186727887,1019,0.0983,0.0115
1790186727937,1020,0.1156,0.0068
1790186727988,1021,0.0864,0.0065
1790186728038,1022,0.0844,0.0056
1790186728087,1023,0.0873,0.0054
1790186728138,1024,0.2538,0.1629
1790186728188,1025,0.1928,0.0121
1790186728237,1026,0.1802,0.0107
1790186728288,1027,0.1621,0.0147
1790186728338,1028,0.1374,0.0099
1790186728387,1029,0.1126,0.0087
1790186728438,1030,0.1162,0.0080
1790186728488,1031,0.1371,0.0100
1790186728539,1032,0.2171,0.1155
1790186728588,1033,0.1035,0.0075
1790186728638,1034,0.1120,0.0071
1790186728687,1035,0.1038,0.0062
1790186728738,1036,0.1849,0.1024
1790186728788,1037,0.0862,0.0062
1790186728838,1038,0.0908,0.0056
1790186728887,1039,0.0822,0.0053
1790186728938,1040,0.2189,0.1196
1790186728988,1041,0.0782,0.0039
1790186729038,1042,0.0865,0.0038
1790186729087,1043,0.0764,0.0044
1790186729137,1044,0.0768,0.0039
1790186729187,1045,0.0827,0.0035
1790186729237,1046,0.0771,0.0037
1790186729287,1047,0.1235,0.0063
1790186729337,1048,0.2190,0.1291
1790186729388,1049,0.0909,0.0055
1790186729437,1050,0.1353,0.0060
1790186729488,1051,0.1238,0.0061
1790186729538,1052,0.1022,0.0055
1790186729587,1053,0.0940,0.0055
1790186729638,1054,0.0850,0.0051
1790186729687,1055,0.0972,0.0079
1790186729737,1056,0.2199,0.1420
1790186729787,1057,0.0801,0.0045
1790186729837,1058,0.0912,0.0044
1790186729887,1059,0.0763,0.0039
1790186729938,1060,0.1857,0.0932
1790186729988,1061,0.0734,0.0037
1790186730037,1062,0.0791,0.0035
1790186730087,1063,0.0729,0.0035
1790186730138,1064,0.1523,0.0840
1790186730188,1065,0.0835,0.0034
1790186730238,1066,0.0838,0.0033
1790186730288,1067,0.0750,0.0033
1790186730338,1068,0.1010,0.0043
1790186730388,1069,0.0965,0.0046
1790186730438,1070,0.1182,0.0058
1790186730488,1071,1.3129,1.2112
1790186730539,1072,0.5895,0.6747
1790186730587,1073,0.2960,0.1347
1790186730637,1074,0.2226,0.1392
1790186730688,1075,0.2206,0.0138
1790186730737,1076,0.3817,0.1797
1790186730788,1077,0.2152,0.0134
1790186730837,1078,0.2282,0.0129
1790186730888,1079,0.4384,0.2336
1790186730938,1080,0.2695,0.4565
1790186730988,1081,0.3724,0.0210
1790186731037,1082,0.3637,0.0619
1790186731087,1083,0.3014,1.6925
1790186731138,1084,0.3018,0.2407
1790186731187,1085,0.3057,0.0149
1790186731237,1086,0.2257,0.0143
1790186731287,1087,0.2036,0.1634
1790186731337,1088,0.3639,0.7757
1790186731387,1089,0.2168,0.0137
1790186731438,1090,0.2476,0.0144
1790186731488,1091,0.2166,0.0136
1790186731538,1092,0.3320,0.1247
1790186731588,1093,0.2155,0.0157
1790186731637,1094,0.2275,0.0147
1790186731687,1095,0.2258,0.0135
1790186731738,1096,0.1779,0.7556
1790186731788,1097,0.1288,0.0045
1790186731838,1098,0.1029,0.0038
1790186731888,1099,0.1053,0.0040
1790186731938,1100,0.2288,0.1191
1790186731987,1101,0.0964,0.0041
1790186732038,1102,0.0956,0.0045
1790186732088,1103,0.0832,0.0039
1790186732138,1104,0.0778,0.0036
1790186732187,1105,0.0888,0.0039
1790186732239,1106,0.1326,0.0066
1790186732287,1107,0.1198,0.0075
1790186732338,1108,0.4447,0.1818
1790186732388,1109,0.1118,0.0072
1790186732438,1110,0.1611,0.0078
1790186732487,1111,0.1011,0.0102
1790186732538,1112,0.1815,0.1001
1790186732589,1113,0.0947,0.0066
1790186732638,1114,0.0913,0.0057
1790186732687,1115,0.0843,0.0046
1790186732739,1116,0.1626,0.0895
1790186732787,1117,0.0727,0.0042
1790186732837,1118,0.0798,0.0038
1790186732888,1119,0.0716,0.0065
1790186732938,1120,0.0949,0.0036
1790186732988,1121,0.0762,0.0040
1790186733038,1122,0.0786,0.0066
1790186733088,1123,0.0772,0.0061
1790186733139,1124,0.2148,0.1442
1790186733187,1125,0.0816,0.0034
1790186733237,1126,0.1017,0.0033
1790186733287,1127,0.0736,0.0035
1790186733337,1128,0.0766,0.0033
1790186733388,1129,0.0791,0.0033
1790186733438,1130,0.1024,0.0037
1790186733487,1131,0.0919,0.0044
1790186733537,1132,0.1953,0.1076
1790186733587,1133,0.0875,0.0039
1790186733637,1134,0.0973,0.0041
1790186733688,1135,0.0836,0.0037
1790186733737,1136,0.1784,0.1057
1790186733788,1137,0.0748,0.0039
1790186733838,1138,0.0808,0.0035
1790186733887,1139,0.0728,0.0034
1790186733938,1140,0.2049,0.1135
1790186733987,1141,0.0734,0.0032
1790186734038,1142,0.0834,0.0033
1790186734088,1143,0.0723,0.0032
1790186734138,1144,0.0751,0.0032
1790186734188,1145,0.0775,0.0033
1790186734237,1146,0.0715,0.0032
1790186734287,1147,0.0728,0.0035
1790186734337,1148,0.1889,0.1134
1790186734388,1149,0.1147,0.0055
1790186734437,1150,0.1287,0.0059
1790186734487,1151,0.1648,0.0084
1790186734537,1152,0.0976,0.0047
1790186734587,1153,0.0801,0.0048
1790186734637,1154,0.0904,0.0050
1790186734688,1155,0.1012,0.0044
1790186734737,1156,0.2056,0.1311
1790186734787,1157,0.0772,0.0041
1790186734838,1158,0.0853,0.0037
1790186734888,1159,0.0733,0.0036
1790186734937,1160,0.1708,0.0797
1790186734988,1161,0.0726,0.0034
1790186735038,1162,0.0798,0.0039
1790186735087,1163,0.0727,0.0034
1790186735138,1164,0.1546,0.0857
1790186735188,1165,0.0786,0.0033
1790186735237,1166,0.0791,0.0032
1790186735288,1167,0.0796,0.0053
1790186735337,1168,0.0799,0.0033
1790186735388,1169,0.1223,0.0068
1790186735438,1170,0.1002,0.0053
1790186735488,1171,0.1001,0.0059
1790186735538,1172,0.4894,0.4025
1790186735588,1173,0.2395,0.0150
1790186735637,1174,0.3657,0.0243
1790186735687,1175,0.2490,0.0203
1790186735738,1176,0.5041,0.2240
1790186735788,1177,0.4490,0.1658
1790186735838,1178,0.3641,0.9737
1790186735888,1179,0.3356,0.0215
1790186735938,1180,0.3760,0.0247
1790186735987,1181,0.3519,0.0281
1790186736038,1182,0.3306,0.0227
1790186736088,1183,0.3689,0.0234
1790186736137,1184,0.3343,0.0178
1790186736187,1185,0.3780,0.0566
1790186736238,1186,0.3192,0.0198
1790186736287,1187,0.3179,0.0212
1790186736338,1188,0.4874,0.1867
1790186736387,1189,0.3393,0.0232
1790186736438,1190,0.3736,0.0241
1790186736488,1191,0.3567,0.0231
1790186736537,1192,0.3459,2.3725
1790186736587,1193,0.3509,1.3906
1790186736638,1194,0.3453,1.5169
1790186736687,1195,0.2568,1.3953
1790186736738,1196,0.2223,0.6589
1790186736788,1197,0.2181,0.0143
1790186736838,1198,0.2881,0.0159
1790186736888,1199,0.2221,0.0152
1790186736938,1200,0.3856,0.1624
1790186736987,1201,0.2274,0.0148
1790186737038,1202,0.2601,0.0139
1790186737087,1203,0.1774,0.9198
1790186737138,1204,0.1249,0.0066
1790186737188,1205,0.1114,0.0069
1790186737238,1206,0.0983,0.0066
1790186737288,1207,0.0919,0.0059
1790186737338,1208,0.4153,0.1080
1790186737387,1209,0.0991,0.0048
1790186737437,1210,0.1341,0.0055
1790186737488,1211,0.1330,0.0074
1790186737537,1212,0.2156,0.1039
1790186737587,1213,0.0926,0.0056
1790186737638,1214,0.0916,0.0054
1790186737687,1215,0.1030,0.0065
1790186737737,1216,0.2866,0.1209
1790186737787,1217,0.1930,0.0189
1790186737837,1218,0.1751,0.0113
1790186737888,1219,0.1070,0.0086
1790186737937,1220,0.1207,0.0069
1790186737987,1221,0.0922,0.0066
1790186738037,1222,0.0877,0.0063
1790186738087,1223,0.0836,0.0055
1790186738137,1224,0.2516,0.1792
1790186738188,1225,0.0857,0.0045
1790186738238,1226,0.2177,0.0119
1790186738287,1227,0.2251,0.0129
1790186738338,1228,0.1488,0.0101
1790186738387,1229,0.1013,0.0086
1790186738437,1230,0.1434,0.0096
1790186738487,1231,0.1081,0.0132
1790186738537,1232,0.2755,0.1541
1790186738587,1233,0.1030,0.0092
1790186738638,1234,0.1131,0.0072
1790186738687,1235,0.1076,0.0071
1790186738738,1236,0.1835,0.0965
1790186738787,1237,0.0988,0.0059
1790186738837,1238,0.1001,0.0062
1790186738888,1239,0.0874,0.0048
1790186738938,1240,0.2014,0.1034
1790186738987,1241,0.0792,0.0046
1790186739037,1242,0.0824,0.0039
1790186739087,1243,0.0770,0.0036
1790186739139,1244,0.0860,0.0037
1790186739188,1245,0.0799,0.0034
1790186739238,1246,0.0748,0.0035
1790186739288,1247,0.0728,0.0035
1790186739338,1248,0.2170,0.1356
1790186739387,1249,0.0724,0.0033
1790186739437,1250,0.1226,0.0058
1790186739487,1251,0.0875,0.0046
1790186739538,1252,0.1082,0.0058
1790186739587,1253,0.0874,0.0053
1790186739638,1254,0.0824,0.0053
1790186739688,1255,0.0906,0.0047
1790186739738,1256,0.2085,0.1214
1790186739787,1257,0.0824,0.0050
1790186739838,1258,0.0884,0.0045
1790186739887,1259,0.0788,0.0045
1790186739937,1260,0.2433,0.1456
1790186739989,1261,0.1598,0.0089
1790186740037,1262,0.1878,0.0119
1790186740088,1263,0.1737,0.0113
1790186740138,1264,0.3385,0.2187
1790186740188,1265,0.1190,0.0076
1790186740237,1266,0.1113,0.0070
1790186740288,1267,0.0941,0.0064
1790186740337,1268,0.0900,0.0064
1790186740387,1269,0.0815,0.0045
1790186740438,1270,0.0892,0.0046
1790186740488,1271,0.1241,0.0104
1790186740537,1272,0.2576,0.1335
1790186740587,1273,0.1095,0.0068
1790186740639,1274,0.0998,0.0067
1790186740688,1275,0.1079,0.0058
1790186740737,1276,0.2042,0.1190
1790186740787,1277,0.1024,0.0056
1790186740838,1278,0.0932,0.0052
1790186740888,1279,0.0823,0.0065
1790186740937,1280,0.2949,0.0168
1790186740987,1281,0.3243,0.1332
1790186741038,1282,0.2939,0.0995
1790186741087,1283,0.4340,0.1403
1790186741137,1284,0.3622,0.4083
1790186741187,1285,0.5449,0.1382
1790186741237,1286,0.2934,0.0205
1790186741287,1287,0.3085,0.0279
1790186741337,1288,0.4841,0.1785
1790186741387,1289,0.3525,0.0241
1790186741437,1290,0.4542,0.0230
1790186741487,1291,0.3320,0.0220
1790186741537,1292,0.4830,0.1800
1790186741587,1293,0.3326,0.0184
1790186741637,1294,0.3423,0.1577
1790186741687,1295,0.2609,0.5947
1790186741737,1296,0.3393,0.1633
1790186741788,1297,0.3941,0.6005
1790186741838,1298,0.3656,0.0263
1790186741888,1299,0.3150,0.0201
1790186741937,1300,0.3545,0.0191
1790186741987,1301,0.3162,0.0206
1790186742038,1302,0.3426,0.8776
1790186742087,1303,0.3535,0.4009
1790186742137,1304,0.3603,1.1421
1790186742187,1305,0.3484,0.0225
1790186742238,1306,0.3424,0.0205
1790186742288,1307,0.3767,0.0240
1790186742337,1308,0.4807,0.1759
1790186742389,1309,1.3474,0.9204
1790186742438,1310,0.6853,0.3932
1790186742487,1311,0.2956,0.4748
1790186742539,1312,0.4179,0.4967
1790186742587,1313,0.2328,0.0158
1790186742638,1314,0.2439,0.0154
1790186742688,1315,0.2345,0.3971
1790186742738,1316,0.3330,0.1130
1790186742788,1317,0.2281,0.0143
1790186742838,1318,0.2339,0.0134
1790186742887,1319,0.2436,0.0191
1790186742938,1320,0.2561,0.0166
1790186742988,1321,0.2413,0.0204
1790186743037,1322,0.2420,0.0172
1790186743088,1323,0.2975,0.0189
1790186743137,1324,0.3679,0.1600
1790186743187,1325,0.2099,0.7339
1790186743237,1326,0.2112,0.5789
1790186743288,1327,0.1887,0.0120
1790186743338,1328,0.1687,0.0120
1790186743388,1329,0.1527,0.3416
1790186743437,1330,0.1229,0.0086
1790186743487,1331,0.1052,0.0077
1790186743538,1332,0.2197,0.0906
1790186743588,1333,0.1279,0.0116
1790186743637,1334,0.1277,0.0106
1790186743687,1335,0.1183,0.0102
1790186743737,1336,0.1863,0.0954
1790186743788,1337,0.1056,0.0071
1790186743838,1338,0.1017,0.0067
1790186743887,1339,0.0822,0.0058
1790186743937,1340,0.1990,0.1052
1790186743988,1341,0.0782,0.0067
1790186744038,1342,0.0798,0.0072
1790186744087,1343,0.0722,0.0057
1790186744138,1344,0.0757,0.0039
1790186744187,1345,0.0703,0.0037
1790186744237,1346,0.0668,0.0037
1790186744288,1347,0.1386,0.0084
1790186744337,1348,0.2353,0.1167
1790186744387,1349,0.0898,0.0056
1790186744438,1350,0.0990,0.0058
1790186744487,1351,0.0791,0.0050
1790186744538,1352,0.1358,0.0084
1790186744588,1353,0.0967,0.0062
1790186744638,1354,0.0984,0.0071
1790186744687,1355,0.0990,0.0070
1790186744737,1356,0.2297,0.1419
1790186744788,1357,0.1142,0.0069
1790186744837,1358,0.0944,0.0057
1790186744887,1359,0.0950,0.0062
1790186744937,1360,0.1968,0.1000
1790186744987,1361,0.0821,0.0047
1790186745037,1362,0.0845,0.0043
1790186745088,1363,0.0797,0.0043
1790186745137,1364,0.1471,0.0742
1790186745188,1365,0.0822,0.0042
1790186745238,1366,0.0975,0.0045
1790186745288,1367,0.1264,0.0075
1790186745337,1368,0.1029,0.0063
1790186745388,1369,0.0864,0.0058
1790186745438,1370,0.0880,0.0048
1790186745487,1371,0.0795,0.0042
1790186745537,1372,0.1841,0.0954
1790186745588,1373,0.1209,0.0075
1790186745637,1374,0.1181,0.0070
1790186745688,1375,0.0913,0.0055
1790186745738,1376,0.1906,0.1115
1790186745788,1377,0.0821,0.0058
1790186745838,1378,0.1166,0.0084
1790186745887,1379,0.0804,0.0047
1790186745937,1380,0.0964,0.0049
1790186745987,1381,0.0762,0.0043
1790186746038,1382,0.0744,0.0037
1790186746088,1383,0.1567,0.0083
1790186746137,1384,0.1751,0.0899
1790186746187,1385,0.1671,0.0098
1790186746238,1386,0.3625,0.0925
1790186746287,1387,0.2017,0.0121
1790186746338,1388,0.3147,0.1245
1790186746388,1389,0.2132,0.0134
1790186746437,1390,0.2318,0.0120
1790186746488,1391,0.2935,0.0973
1790186746537,1392,0.3267,0.1205
1790186746588,1393,0.3441,0.1357
1790186746637,1394,0.3373,0.0181
1790186746688,1395,0.3137,0.5979
1790186746738,1396,0.2430,0.0150
1790186746788,1397,0.7783,0.5467
1790186746838,1398,0.3514,0.1301
1790186746888,1399,0.4289,0.1322
1790186746937,1400,0.6198,0.2891
1790186746987,1401,0.4196,0.1267
1790186747038,1402,0.3415,0.0323
1790186747088,1403,0.3061,0.0187
1790186747137,1404,0.3381,0.0536
1790186747188,1405,0.3309,0.0283
1790186747238,1406,0.2952,0.0176
1790186747288,1407,0.3372,0.0195
1790186747338,1408,0.5068,0.6275
1790186747388,1409,0.4828,0.0183
1790186747438,1410,0.3477,0.0704
1790186747488,1411,0.3132,0.1193
1790186747538,1412,0.3584,0.0770
1790186747630,1413,2.1584,0.0401
1790186747644,1414,7.4394,2.9762
1790186747762,1415,71.1928,62.3526
1790186747765,1416,2.1500,0.5436
1790186747798,1417,3.3580,0.0390
1790186747865,1418,17.9188,5.6813
1790186747936,1419,30.3712,7.4961
1790186748004,1420,3.3265,0.0995
1790186748004,1421,0.6098,0.0230
1790186748078,1422,3.7835,4.7740
1790186748096,1423,5.6370,0.0451
1790186748157,1424,6.5782,2.0436
1790186748200,1425,2.4981,0.1688
1790186748241,1426,1.3181,0.0878
1790186748325,1427,35.2570,0.0736
1790186748370,1428,30.4911,1.4410
1790186748409,1429,10.9170,0.0438
1790186748504,1430,31.4372,0.1172
1790186748505,1431,0.7147,0.0613
1790186748751,1432,163.1552,4.0255
1790186748753,1433,1.3221,0.0510
1790186748755,1434,2.0723,0.1164
1790186748756,1435,0.4733,0.0236
1790186748759,1436,3.0608,2.1085
1790186748877,1437,89.0563,2.3433
1790186748878,1438,0.9544,0.0492
1790186748916,1439,17.3907,10.9256
1790186748981,1440,39.4110,6.5341
1790186748994,1441,2.5848,1.2582
1790186749039,1442,2.1635,0.0559
1790186749097,1443,9.0151,0.0391
1790186749138,1444,1.3665,0.0392
1790186749189,1445,1.0946,0.0623
1790186749240,1446,1.5753,0.0769
1790186749291,1447,1.8138,0.0583
1790186749340,1448,2.1029,2.3361
1790186749390,1449,3.2548,0.0433
1790186749439,1450,2.1344,0.0739
1790186749490,1451,2.5472,0.0470
1790186749540,1452,2.6945,0.0499
1790186749588,1453,1.0053,0.1800
1790186749638,1454,0.8647,0.0868
1790186749688,1455,0.8313,1.7436
1790186749738,1456,1.3634,0.6917
1790186749787,1457,0.5787,1.7385
1790186749837,1458,0.7453,0.0407
1790186749887,1459,0.6864,0.0327
1790186749939,1460,1.7545,1.3178
1790186749988,1461,0.9070,0.0555
1790186750037,1462,0.5823,0.0216
1790186750087,1463,0.6091,0.0277
1790186750137,1464,0.8177,0.4110
1790186750188,1465,0.3815,0.0157
1790186750238,1466,0.3526,0.0140
1790186750288,1467,0.3257,0.0241
1790186750337,1468,0.3496,0.0186
1790186750388,1469,0.4095,0.0198
1790186750437,1470,0.4911,0.0254
1790186750487,1471,0.3972,0.0198
1790186750538,1472,0.9860,0.5927
1790186750588,1473,0.3890,0.0114
1790186750637,1474,0.3015,0.0104
1790186750688,1475,0.1820,0.0088
1790186750738,1476,0.7064,0.4944
1790186750787,1477,0.3320,0.0354
1790186750837,1478,0.3711,0.0238
1790186750887,1479,0.2085,0.0309
1790186750937,1480,0.1792,0.0124
1790186750987,1481,0.1748,0.0113
1790186751037,1482,0.1477,0.0085
1790186751087,1483,0.1847,0.0148
1790186751138,1484,0.5132,0.3435
1790186751188,1485,0.3499,0.0183
1790186751237,1486,0.5737,0.3057
1790186751287,1487,0.4121,0.0247
1790186751338,1488,1.0984,0.6972
1790186751388,1489,0.3820,0.0223
1790186751438,1490,0.4269,0.0200
1790186751487,1491,0.4593,0.0273
1790186751537,1492,0.8495,0.5111
1790186751588,1493,0.2928,0.0202
1790186751637,1494,0.4288,0.0222
1790186751688,1495,0.3317,0.0220
1790186751738,1496,0.5181,0.0285
1790186751787,1497,0.5949,1.2902
1790186751838,1498,0.2879,0.1254
1790186751887,1499,0.3255,1.3881
1790186751938,1500,0.5816,0.3169
1790186751987,1501,0.2865,0.0168
1790186752037,1502,0.2606,0.0143
1790186752088,1503,0.2453,0.0173
1790186752137,1504,0.6769,0.4303
1790186752187,1505,0.3889,0.0405
1790186752238,1506,0.3432,0.0213
1790186752288,1507,0.4025,0.0328
1790186752338,1508,0.7726,0.4141
1790186752387,1509,0.6216,0.0292
1790186752437,1510,0.7843,0.0216
1790186752488,1511,0.3090,1.1226
1790186752539,1512,0.9873,0.5876
1790186752588,1513,0.4313,0.0209
1790186752637,1514,0.3517,0.0283
1790186752687,1515,0.3244,0.0211
1790186752738,1516,0.5514,0.1974
1790186752787,1517,0.3739,0.0232
1790186752837,1518,0.4332,0.2100
1790186752888,1519,0.2288,1.3872
1790186752937,1520,0.2617,0.0106
1790186752988,1521,0.1659,0.0073
1790186753037,1522,0.1274,0.0070
1790186753087,1523,0.1780,0.0113
1790186753138,1524,0.4560,0.3398
1790186753188,1525,0.1230,0.0076
1790186753237,1526,0.3578,0.2282
1790186753287,1527,0.2473,0.0623
1790186753337,1528,0.2185,0.0174
1790186753387,1529,0.4594,0.2557
1790186753437,1530,0.5521,0.2827
1790186753488,1531,0.3709,0.0196
1790186753538,1532,0.4750,0.1918
1790186753588,1533,0.3075,0.0206
1790186753637,1534,0.3201,0.0228
1790186753688,1535,0.4056,0.0249
1790186753737,1536,0.8049,1.1712
1790186753788,1537,0.7103,0.2503
1790186753837,1538,0.3316,0.0222
1790186753888,1539,0.2401,0.7849
1790186753937,1540,0.5839,0.2440
1790186753988,1541,0.2858,0.0123
1790186754037,1542,0.2733,0.0115
1790186754088,1543,0.2448,0.5044
1790186754138,1544,0.6588,0.4170
1790186754187,1545,0.2729,0.6841
1790186754237,1546,0.8154,0.5563
1790186754287,1547,0.3707,0.7566
1790186754337,1548,0.7266,0.8615
1790186754387,1549,0.4186,0.1706
1790186754437,1550,0.3126,0.5074
1790186754487,1551,0.2753,0.0131
1790186754537,1552,0.2636,0.7314
1790186754587,1553,0.2833,0.0145
1790186754638,1554,0.3899,0.0126
1790186754687,1555,0.2914,0.0152
1790186754738,1556,0.5514,0.3018
1790186754787,1557,0.3103,0.0136
1790186754838,1558,0.3095,0.0121
1790186754887,1559,0.2915,0.0157
1790186754938,1560,0.7457,0.2574
1790186754988,1561,0.2397,0.8914
1790186755038,1562,0.2912,0.0215
1790186755087,1563,0.2171,0.6993
1790186755138,1564,0.3627,0.1561
1790186755187,1565,0.2335,0.0105
1790186755239,1566,0.2189,0.4463
1790186755287,1567,0.1291,0.0070
1790186755337,1568,0.1426,0.0073
1790186755387,1569,0.1201,0.0083
1790186755438,1570,0.1240,0.0079
1790186755488,1571,0.1493,0.0056
1790186755537,1572,0.3316,0.2145
1790186755588,1573,0.1200,0.0053
1790186755637,1574,0.1349,0.0054
1790186755687,1575,0.1993,0.0120
1790186755737,1576,0.4926,0.2772
1790186755788,1577,0.1793,0.0117
1790186755837,1578,0.1676,0.0069
1790186755888,1579,0.1730,0.0085
1790186755938,1580,0.1726,0.0076
1790186755987,1581,0.1246,0.0072
1790186756037,1582,0.1137,0.0073
1790186756088,1583,0.1294,0.0257
1790186756138,1584,0.1575,0.0150
1790186756188,1585,0.1307,0.0067
1790186756238,1586,0.3114,0.1983
1790186756288,1587,0.2365,0.0111
1790186756337,1588,0.6235,0.4092
1790186756387,1589,0.2513,0.0171
1790186756438,1590,0.2877,0.0126
1790186756488,1591,0.2390,0.0116
1790186756538,1592,0.4402,0.1978
1790186756588,1593,0.2499,0.0125
1790186756638,1594,0.2987,0.0120
1790186756688,1595,0.2580,0.0128
1790186756737,1596,0.2189,0.6959
1790186756788,1597,0.2499,0.0120
1790186756837,1598,0.2017,0.5388
1790186756887,1599,0.1656,0.0126
1790186756938,1600,0.4643,0.2467
1790186756987,1601,0.2269,0.0104
1790186757038,1602,0.2481,0.0110
1790186757087,1603,0.2293,0.0103
1790186757139,1604,0.2342,0.0119
1790186757187,1605,0.2546,0.0109
1790186757237,1606,0.2445,0.0110
1790186757287,1607,0.2130,0.0096
1790186757338,1608,0.6273,0.4316
1790186757388,1609,0.2976,0.0181
1790186757438,1610,0.7984,0.0161
1790186757487,1611,0.2776,0.0141
1790186757537,1612,0.4497,0.1884
1790186757588,1613,0.2640,0.5406
1790186757638,1614,0.3984,0.0135
1790186757688,1615,0.2872,0.0138
1790186757737,1616,0.4399,0.1852
1790186757787,1617,0.3513,0.0142
1790186757838,1618,0.3799,0.0144
1790186757888,1619,0.2494,0.0119
1790186757938,1620,0.2927,0.0119
1790186757987,1621,0.2583,0.0124
1790186758037,1622,0.2435,0.9461
1790186758087,1623,0.1836,0.0051
1790186758137,1624,0.3572,0.2367
1790186758188,1625,0.2640,0.1086
1790186758238,1626,0.2698,0.0091
1790186758288,1627,0.2881,0.0089
1790186758338,1628,0.3475,0.1692
1790186758387,1629,0.2558,0.0118
1790186758438,1630,0.2528,0.0118
1790186758487,1631,0.2462,0.0119
1790186758538,1632,0.5257,0.2618
1790186758588,1633,0.2923,0.0115
1790186758637,1634,0.3181,0.0137
1790186758688,1635,0.2643,0.4421
1790186758737,1636,0.3977,0.1706
1790186758788,1637,0.4881,0.2752
1790186758837,1638,0.2577,0.5051
1790186758887,1639,0.2346,0.0118
1790186758937,1640,0.4908,0.2299
1790186758988,1641,0.3852,0.1706
1790186759039,1642,0.3927,0.0170
1790186759088,1643,0.2708,0.0126
1790186759137,1644,0.3158,0.0122
1790186759188,1645,0.2384,0.5807
1790186759237,1646,0.2478,0.0289
1790186759287,1647,0.6295,0.3986
1790186759338,1648,0.4063,0.2180
1790186759388,1649,0.1980,0.0095
1790186759438,1650,0.5623,0.3012
1790186759488,1651,0.2492,0.0132
1790186759537,1652,0.7369,0.4956
1790186759588,1653,0.2722,0.0130
1790186759637,1654,0.2654,0.0138
1790186759688,1655,0.8311,0.4545
1790186759737,1656,0.5961,0.3583
1790186759787,1657,0.2808,0.0134
1790186759838,1658,0.2960,0.0137
1790186759888,1659,0.3352,0.0131
1790186759937,1660,0.5200,0.2013
1790186759988,1661,0.2776,0.5930
1790186760037,1662,0.3569,0.0306
1790186760087,1663,0.2515,0.0126
1790186760137,1664,0.4432,0.1796
1790186760189,1665,0.3378,0.0172
1790186760238,1666,0.3030,0.0131
1790186760288,1667,0.2654,0.0143
1790186760337,1668,0.2746,0.0175
1790186760387,1669,0.2631,0.0149
1790186760437,1670,0.2868,0.0137
1790186760488,1671,0.4030,0.1296
1790186760538,1672,0.2628,0.7066
1790186760588,1673,0.2160,0.6909
1790186760638,1674,0.2015,0.0072
1790186760687,1675,0.2192,0.0079
1790186760738,1676,0.3670,0.5109
1790186760787,1677,0.1261,0.0075
1790186760837,1678,0.1301,0.0059
1790186760887,1679,0.1140,0.0053
1790186760937,1680,0.1920,0.0078
1790186760988,1681,0.2036,0.0125
1790186761037,1682,0.2014,0.0091
1790186761088,1683,0.1700,0.0083
1790186761138,1684,0.1557,0.0072
1790186761187,1685,0.1414,0.0072
1790186761238,1686,0.1454,0.0074
1790186761288,1687,0.1113,0.0064
1790186761337,1688,0.3015,0.2004
1790186761387,1689,0.1447,0.0053
1790186761438,1690,0.1968,0.0083
1790186761488,1691,0.1186,0.0049
1790186761538,1692,0.2760,0.1743
1790186761588,1693,0.0952,0.0052
1790186761638,1694,0.1476,0.0054
1790186761688,1695,0.1061,0.0068
1790186761737,1696,0.0955,0.0044
1790186761787,1697,0.0913,0.0041
1790186761838,1698,0.0859,0.0033
1790186761887,1699,0.0893,0.0038
1790186761937,1700,0.2985,0.1489
1790186761987,1701,0.2753,0.0107
1790186762037,1702,0.2344,0.0097
1790186762087,1703,0.2090,0.0099
1790186762138,1704,0.1581,0.0086
1790186762187,1705,0.1708,0.0089
1790186762237,1706,0.1597,0.0081
1790186762288,1707,0.1206,0.0076
1790186762337,1708,0.3117,0.2001
1790186762388,1709,0.1486,0.0074
1790186762437,1710,0.1447,0.0062
1790186762488,1711,0.3928,0.0059
1790186762537,1712,0.3373,0.1529
1790186762588,1713,0.1375,0.0063
1790186762637,1714,0.1571,0.0051
1790186762687,1715,0.1121,0.0048
1790186762737,1716,0.1740,0.0046
1790186762788,1717,0.1233,0.0042
1790186762838,1718,0.1015,0.0041
1790186762888,1719,0.0952,0.0037
1790186762937,1720,0.1294,0.0037
1790186762987,1721,0.0973,0.0036
1790186763037,1722,0.2560,0.0116
1790186763087,1723,0.2115,0.0096
1790186763138,1724,0.3244,0.1680
1790186763187,1725,0.1371,0.0077
1790186763237,1726,0.2046,0.0078
1790186763288,1727,0.1271,0.0069
1790186763338,1728,0.1264,0.0072
1790186763387,1729,0.1559,0.0080
1790186763438,1730,0.1453,0.0066
1790186763488,1731,0.2167,0.0091
1790186763538,1732,0.2049,0.0118
1790186763588,1733,0.1886,0.0077
1790186763638,1734,0.1321,0.0068
1790186763688,1735,0.1183,0.0061
1790186763738,1736,0.1134,0.0049
1790186763787,1737,0.1052,0.0081
1790186763837,1738,0.1247,0.0047
1790186763888,1739,0.2313,0.0064
1790186763938,1740,0.3456,0.1640
1790186763988,1741,0.1100,0.0045
1790186764039,1742,0.2620,0.0117
1790186764087,1743,0.2501,0.0102
1790186764138,1744,0.2138,0.0104
1790186764188,1745,0.1907,0.0086
1790186764238,1746,0.1645,0.0076
1790186764287,1747,0.1791,0.0087
1790186764338,1748,0.1448,0.0069
1790186764387,1749,0.2177,0.0087
1790186764438,1750,0.3750,0.1950
1790186764488,1751,0.2143,0.2882
1790186764537,1752,0.2115,0.0108
1790186764588,1753,0.1994,0.0099
1790186764637,1754,0.2062,0.0101
1790186764687,1755,0.2293,0.0100
1790186764737,1756,0.3485,0.1672
1790186764788,1757,0.1823,0.0102
1790186764837,1758,0.2091,0.0095
1790186764888,1759,0.1915,0.0107
1790186764937,1760,0.1988,0.0098
1790186764988,1761,0.3180,0.1538
1790186765038,1762,0.4141,0.4408
1790186765087,1763,0.3225,0.3032
1790186765137,1764,0.3556,0.0131
1790186765187,1765,0.4127,0.1331
1790186765237,1766,0.2998,0.2311
1790186765287,1767,0.2696,0.5112
1790186765338,1768,0.2578,0.0118
1790186765388,1769,0.2725,0.0133
1790186765437,1770,0.3149,0.0138
1790186765487,1771,0.2809,0.0122
1790186765537,1772,0.4677,0.1918
1790186765587,1773,0.2831,0.0141
1790186765637,1774,0.3186,0.0152
1790186765687,1775,0.6814,0.4402
1790186765738,1776,0.4421,0.1872
1790186765787,1777,0.8826,0.5579
1790186765838,1778,0.3774,0.0166
1790186765887,1779,0.2986,0.7753
1790186765937,1780,0.2786,0.1160
1790186765988,1781,0.2679,0.5975
1790186766038,1782,0.2260,0.0117
1790186766088,1783,0.2419,0.4197
1790186766138,1784,0.2280,0.0117
1790186766187,1785,0.2574,0.0119
1790186766238,1786,0.2215,0.0674
1790186766287,1787,0.2173,0.4054
1790186766337,1788,0.3587,0.6109
1790186766388,1789,0.1392,0.0049
1790186766437,1790,0.1857,0.0086
1790186766487,1791,0.1329,0.0040
1790186766538,1792,0.4386,0.2434
1790186766587,1793,0.2337,0.0086
1790186766638,1794,0.2512,0.0098
1790186766688,1795,1.0869,0.0103
1790186766737,1796,0.1924,0.0103
1790186766788,1797,0.1822,0.0103
1790186766837,1798,0.1808,0.0093
1790186766888,1799,0.1475,0.0086
1790186766937,1800,0.2239,0.0097
1790186766988,1801,0.3563,0.1929
1790186767038,1802,0.2461,0.0275
1790186767088,1803,0.3399,0.0135
1790186767138,1804,0.2575,0.0119
1790186767187,1805,0.2564,0.4065
1790186767238,1806,0.2349,0.0110
1790186767288,1807,0.2271,0.0131
1790186767337,1808,0.4862,0.2544
1790186767388,1809,0.2203,0.0124
1790186767438,1810,0.3640,0.0138
1790186767487,1811,0.2301,0.0152
1790186767538,1812,0.5643,0.0146
1790186767588,1813,0.2560,0.0118
1790186767638,1814,0.3653,0.1465
1790186767688,1815,0.1894,0.6969
1790186767738,1816,0.3052,0.1195
1790186767788,1817,0.2951,0.1230
1790186767838,1818,0.2308,0.0110
1790186767888,1819,0.2046,0.0112
1790186767938,1820,0.2792,0.0116
1790186767988,1821,0.2324,0.0119
1790186768038,1822,0.2080,0.0111
1790186768087,1823,0.2039,0.0126
1790186768138,1824,0.5185,0.8476
1790186768187,1825,0.2269,0.0115
1790186768238,1826,0.3598,0.1266
1790186768287,1827,0.2024,0.4472
1790186768337,1828,0.2037,0.0110
1790186768388,1829,0.2106,0.0118
1790186768437,1830,0.2235,0.0109
1790186768487,1831,0.1976,0.0115
1790186768537,1832,0.3330,0.1320
1790186768587,1833,0.2248,0.0116
1790186768638,1834,0.2255,0.0111
1790186768687,1835,0.2473,0.0131
1790186768738,1836,0.3856,0.6189
1790186768788,1837,0.1935,0.3498
1790186768838,1838,0.1263,0.0070
1790186768888,1839,0.0969,0.0064
1790186768938,1840,0.2888,0.1794
1790186768988,1841,0.1911,0.0143
1790186769038,1842,0.2876,0.0139
1790186769088,1843,0.1740,0.0099
1790186769137,1844,0.2169,0.0101
1790186769188,1845,0.2237,0.0111
1790186769238,1846,0.2172,0.0112
1790186769288,1847,0.1767,0.0096
1790186769337,1848,0.3394,0.1806
1790186769387,1849,0.1559,0.0084
1790186769437,1850,0.2272,0.0109
1790186769488,1851,0.1351,0.0084
1790186769538,1852,0.1227,0.0082
1790186769587,1853,0.1189,0.0077
1790186769638,1854,0.1096,0.0106
1790186769687,1855,0.1073,0.0067
1790186769737,1856,0.4029,0.2943
1790186769788,1857,0.2035,0.0127
1790186769837,1858,0.1831,0.0100
1790186769887,1859,0.1724,0.0103
1790186769938,1860,0.4508,0.1785
1790186769988,1861,0.2104,0.0141
1790186770037,1862,0.1932,0.0101
1790186770088,1863,0.1819,0.0103
1790186770137,1864,0.2865,0.1274
1790186770187,1865,0.1777,0.0096
1790186770238,1866,0.1773,0.0130
1790186770287,1867,0.1982,0.0107
1790186770338,1868,0.3322,0.1631
1790186770388,1869,0.2300,0.0236
1790186770437,1870,0.4503,0.2247
1790186770489,1871,0.3087,0.0166
1790186770538,1872,0.6393,0.3316
1790186770588,1873,0.3150,0.0194
1790186770637,1874,0.3096,0.0159
1790186770688,1875,0.2918,0.0137
1790186770737,1876,0.4278,0.6389
1790186770788,1877,0.2270,0.0132
1790186770838,1878,0.2662,0.0134
1790186770887,1879,0.2301,0.0160
1790186770937,1880,0.2648,0.0138
1790186770987,1881,0.2322,0.0130
1790186771037,1882,0.2233,0.0130
1790186771087,1883,0.2236,0.0131
1790186771137,1884,0.2223,0.0136
1790186771187,1885,0.2441,0.0121
1790186771239,1886,0.2722,0.0132
1790186771287,1887,0.2431,0.0149
1790186771337,1888,0.4286,0.2171
1790186771388,1889,0.2031,0.5787
1790186771438,1890,0.2542,0.0137
1790186771488,1891,0.1997,0.0912
1790186771537,1892,0.3499,0.6142
1790186771588,1893,0.1803,0.3354
1790186771638,1894,0.1210,0.0060
1790186771687,1895,0.1192,0.0069
1790186771737,1896,0.0952,0.0085
1790186771787,1897,0.0914,0.0052
1790186771837,1898,0.0853,0.0055
1790186771887,1899,0.0829,0.0052
1790186771937,1900,0.2600,0.1543
1790186771988,1901,0.0933,0.0041
1790186772037,1902,0.0877,0.0038
1790186772087,1903,0.0823,0.0042
1790186772137,1904,0.0786,0.0038
1790186772187,1905,0.1127,0.0055
1790186772237,1906,0.1028,0.0045
1790186772287,1907,0.1160,0.0051
1790186772337,1908,0.2569,0.1675
1790186772388,1909,0.1878,0.0108
1790186772438,1910,0.2119,0.0133
1790186772488,1911,0.1992,0.0098
1790186772537,1912,0.3117,0.1708
1790186772587,1913,0.5399,0.0100
1790186772638,1914,0.1366,0.0077
1790186772687,1915,0.1253,0.0079
1790186772737,1916,0.0923,0.0063
1790186772789,1917,0.0895,0.0057
1790186772837,1918,0.0886,0.0061
1790186772887,1919,0.0832,0.0047
1790186772937,1920,0.1276,0.0048
1790186772988,1921,0.0945,0.0041
1790186773038,1922,0.0893,0.0042
1790186773087,1923,0.0884,0.0042
1790186773137,1924,0.2494,0.1722
1790186773188,1925,0.1428,0.0033
1790186773237,1926,0.0899,0.0037
1790186773288,1927,0.1209,0.0048
1790186773337,1928,0.1010,0.0047
1790186773387,1929,0.1947,0.0103
1790186773437,1930,0.1985,0.0104
1790186773487,1931,0.1762,0.0096
1790186773538,1932,0.1446,0.0086
1790186773588,1933,0.2181,0.0082
1790186773637,1934,0.1012,0.0068
1790186773687,1935,0.1009,0.0061
1790186773738,1936,0.0947,0.0056
1790186773788,1937,0.0883,0.0055
1790186773838,1938,0.0869,0.0051
1790186773887,1939,0.0838,0.0040
1790186773937,1940,0.2703,0.1676
1790186773987,1941,0.1148,0.0088
1790186774038,1942,0.1217,0.0033
1790186774087,1943,0.0861,0.0035
1790186774137,1944,0.0942,0.0033
1790186774188,1945,0.0871,0.0035
1790186774238,1946,0.0780,0.0036
1790186774288,1947,0.1108,0.0050
1790186774337,1948,0.0963,0.0044
1790186774387,1949,0.0901,0.0048
1790186774438,1950,0.2343,0.0124
1790186774488,1951,0.1881,0.0115
1790186774538,1952,0.1656,0.0102
1790186774587,1953,0.1211,0.0079
1790186774638,1954,0.1255,0.0079
1790186774687,1955,0.1106,0.0074
1790186774737,1956,0.3154,0.2125
1790186774787,1957,0.1038,0.0064
1790186774837,1958,0.1053,0.0053
1790186774888,1959,0.0879,0.0042
1790186774937,1960,0.1044,0.0035
1790186774988,1961,0.0904,0.0040
1790186775038,1962,0.0812,0.0033
1790186775088,1963,0.0903,0.0033
1790186775138,1964,0.0839,0.0035
1790186775187,1965,0.3329,0.1604
1790186775237,1966,0.2248,0.2286
1790186775288,1967,0.2024,0.0106
1790186775337,1968,0.1972,0.0104
1790186775387,1969,0.1674,0.0099
1790186775437,1970,0.2070,0.0111
1790186775488,1971,0.1840,0.0103
1790186775537,1972,0.2865,0.1093
1790186775588,1973,0.1726,0.0103
1790186775637,1974,0.1988,0.0105
1790186775687,1975,0.1829,0.0115
1790186775737,1976,0.2709,0.1167
1790186775787,1977,0.1686,0.0100
1790186775837,1978,0.4707,0.2970
1790186775887,1979,0.2404,0.2577
1790186775937,1980,0.2343,0.0265
1790186775988,1981,0.6344,0.4440
1790186776037,1982,0.5131,0.6045
1790186776087,1983,0.2279,0.2458
1790186776138,1984,0.2303,0.4508
1790186776187,1985,0.3169,0.0147
1790186776237,1986,0.2383,0.0185
1790186776288,1987,0.2417,0.0136
1790186776338,1988,0.4168,0.2146
1790186776387,1989,0.2478,0.0134
1790186776438,1990,0.2562,0.0168
1790186776487,1991,0.2812,0.0151
1790186776538,1992,0.4271,0.1806
1790186776588,1993,0.2625,0.0132
1790186776637,1994,0.2291,0.0135
1790186776688,1995,0.2478,0.0129
1790186776737,1996,0.2352,0.0147
1790186776788,1997,0.2243,0.0123
1790186776837,1998,0.2270,0.1238
1790186776887,1999,0.2134,0.5087
1790186776938,2000,0.2274,0.0127
1790186776988,2001,0.2145,0.0115
1790186777037,2002,0.3726,0.7547
1790186777087,2003,0.1430,0.0064
1790186777138,2004,0.1168,0.0049
1790186777187,2005,0.1641,0.0113
1790186777238,2006,0.1187,0.0061
1790186777287,2007,0.0926,0.0064
1790186777338,2008,0.4293,0.2081
1790186777388,2009,0.1607,0.0085
1790186777437,2010,0.1332,0.0075
1790186777487,2011,0.1559,0.0090
1790186777538,2012,0.1873,0.0106
1790186777588,2013,0.4574,0.0106
1790186777638,2014,0.1568,0.0093
1790186777687,2015,0.1198,0.0075
1790186777738,2016,0.1133,0.0073
1790186777788,2017,0.1172,0.0059
1790186777837,2018,0.1111,0.0093
1790186777888,2019,0.1055,0.0061
1790186777937,2020,0.1057,0.0048
1790186777987,2021,0.0876,0.0063
1790186778037,2022,0.0731,0.0058
1790186778088,2023,0.0745,0.0036
1790186778137,2024,0.2000,0.1227
1790186778188,2025,0.0931,0.0036
1790186778237,2026,0.0909,0.0037
1790186778287,2027,0.0835,0.0032
1790186778337,2028,0.1076,0.0041
1790186778388,2029,0.0945,0.0044
1790186778437,2030,0.1400,0.0044
1790186778488,2031,0.1096,0.0050
1790186778538,2032,0.1456,0.0069
1790186778588,2033,0.1774,0.0101
1790186778637,2034,0.1823,0.0100
1790186778688,2035,0.1929,0.0112
1790186778737,2036,0.1586,0.0095
1790186778787,2037,0.1238,0.0078
1790186778837,2038,0.1856,0.0093
1790186778888,2039,0.1027,0.0065
1790186778938,2040,0.2659,0.1519
1790186778987,2041,0.1201,0.0064
1790186779038,2042,0.1010,0.0049
1790186779087,2043,0.1922,0.0100
1790186779138,2044,1.1050,0.0101
1790186779188,2045,0.2070,0.0102
1790186779238,2046,0.1973,0.0109
1790186779288,2047,0.1954,0.0107
1790186779339,2048,0.1322,0.0096
1790186779387,2049,0.1227,0.0083
1790186779438,2050,0.1095,0.0068
1790186779487,2051,0.0960,0.0055
1790186779538,2052,0.2123,0.0121
1790186779588,2053,0.1652,0.0088
1790186779637,2054,0.2135,0.0119
1790186779688,2055,0.1761,0.0106
1790186779737,2056,0.2929,0.1639
1790186779788,2057,0.1158,0.0074
1790186779837,2058,0.1148,0.0061
1790186779887,2059,0.1099,0.0064
1790186779938,2060,0.1079,0.0052
1790186779987,2061,0.1025,0.0053
1790186780038,2062,0.0990,0.0058
1790186780089,2063,0.1053,0.0050
1790186780137,2064,0.1391,0.0049
1790186780188,2065,0.1141,0.0061
1790186780238,2066,0.0930,0.0046
1790186780287,2067,0.0875,0.0042
1790186780338,2068,0.0863,0.0037
1790186780388,2069,0.1427,0.0064
1790186780437,2070,0.0979,0.0052
1790186780488,2071,0.0842,0.0055
1790186780537,2072,0.4410,0.1996
1790186780587,2073,0.3063,0.1207
1790186780638,2074,0.2132,0.1675
1790186780687,2075,0.1912,0.0108
1790186780738,2076,0.3312,0.1441
1790186780787,2077,0.1948,0.0106
1790186780838,2078,0.2184,0.0111
1790186780887,2079,0.1945,0.0105
1790186780938,2080,0.2081,0.0107
1790186780988,2081,0.1860,0.0108
1790186781037,2082,0.1998,0.0104
1790186781089,2083,0.1783,0.0107
1790186781138,2084,0.1770,0.0104
1790186781188,2085,0.1831,0.0101
1790186781237,2086,0.1656,0.0093
1790186781288,2087,0.1603,0.0099
1790186781338,2088,0.3993,0.2468
1790186781389,2089,1.0610,0.2105
1790186781437,2090,0.2352,0.0120
1790186781487,2091,0.3858,0.2004
1790186781538,2092,0.8308,0.8894
1790186781588,2093,0.3128,0.0158
1790186781638,2094,0.2420,0.0138
1790186781687,2095,0.2338,0.0127
1790186781738,2096,1.1125,0.0127
1790186781788,2097,0.2515,0.0141
1790186781838,2098,0.2266,0.0130
1790186781887,2099,0.3191,0.0135
1790186781937,2100,0.2989,0.0132
1790186781987,2101,0.2291,0.0121
1790186782038,2102,0.2308,0.0147
1790186782088,2103,0.2502,0.0120
1790186782137,2104,0.3059,0.0131
1790186782187,2105,0.2391,0.0135
1790186782238,2106,0.2660,0.0139
1790186782288,2107,0.3179,0.0115
1790186782338,2108,0.4558,0.1943
1790186782387,2109,0.1995,0.6051
1790186782437,2110,0.2215,0.0128
1790186782487,2111,0.2120,0.0126
1790186782538,2112,0.2054,0.5605
1790186782588,2113,0.4360,0.0100
1790186782637,2114,0.1382,0.0057
1790186782688,2115,0.1298,0.0056
1790186782738,2116,0.1048,0.0052
1790186782788,2117,0.1640,0.0089
1790186782837,2118,0.1189,0.0060
1790186782887,2119,0.1010,0.0054
1790186782938,2120,0.1913,0.0057
1790186782987,2121,0.1612,0.0077
1790186783037,2122,0.0796,0.0041
1790186783088,2123,0.0818,0.0045
1790186783138,2124,0.2561,0.1861
1790186783188,2125,0.0980,0.0036
1790186783237,2126,0.0899,0.0036
1790186783287,2127,0.1450,0.0059
1790186783338,2128,0.0801,0.0060
1790186783388,2129,0.0786,0.0029
1790186783438,2130,0.1819,0.0086
1790186783488,2131,0.1388,0.0198
1790186783538,2132,0.1592,0.0233
1790186783588,2133,0.2142,0.0321
1790186783638,2134,0.3208,0.0116
1790186783687,2135,0.2886,0.0111
1790186783738,2136,0.1901,0.0114
1790186783787,2137,0.2880,0.0118
1790186783837,2138,0.1841,0.0097
1790186783887,2139,0.1241,0.0156
1790186783938,2140,0.3362,0.1714
1790186783987,2141,0.1087,0.0073
1790186784038,2142,0.0957,0.0065
1790186784088,2143,0.0908,0.0060
1790186784138,2144,0.0967,0.0058
1790186784187,2145,0.1024,0.0058
1790186784238,2146,0.2476,0.1573
1790186784288,2147,0.3091,0.1431
1790186784337,2148,0.1976,0.0121
1790186784388,2149,0.1996,0.0118
1790186784438,2150,0.1971,0.0133
1790186784487,2151,0.2695,0.0128
1790186784537,2152,0.1995,0.0125
1790186784587,2153,0.2014,0.0110
1790186784638,2154,0.2062,0.0132
1790186784688,2155,0.1986,0.0121
1790186784737,2156,0.3589,0.6932
1790186784788,2157,0.1809,0.5503
1790186784837,2158,0.1904,0.0109
1790186784887,2159,0.1501,0.0095
1790186784938,2160,0.1157,0.0066
1790186784987,2161,0.1015,0.0067
1790186785037,2162,0.1018,0.0067
1790186785087,2163,0.1044,0.0064
1790186785137,2164,0.1979,0.1060
1790186785188,2165,0.1922,0.0111
1790186785238,2166,0.1706,0.0105
1790186785288,2167,0.1829,0.0110
1790186785337,2168,0.1839,0.0107
1790186785388,2169,0.1714,0.0095
1790186785438,2170,0.1691,0.0108
1790186785487,2171,0.1824,0.0109
1790186785537,2172,0.3171,0.1412
1790186785587,2173,0.1872,0.0117
1790186785638,2174,0.3882,0.2030
1790186785687,2175,0.2376,0.0135
1790186785737,2176,0.4425,0.1750
1790186785787,2177,0.4402,0.4878
1790186785838,2178,0.2433,0.0181
1790186785887,2179,0.1897,0.0121
1790186785937,2180,0.2225,0.0122
1790186785988,2181,0.3219,0.1325
1790186786037,2182,0.2633,0.0197
1790186786088,2183,0.3481,0.1552
1790186786138,2184,0.2247,0.4785
1790186786187,2185,0.2138,0.0127
1790186786238,2186,0.5790,0.3859
1790186786288,2187,0.2412,0.0193
1790186786337,2188,0.3995,0.4398
1790186786388,2189,0.1836,0.7469
1790186786438,2190,0.2149,0.0112
1790186786487,2191,0.1832,0.0119
1790186786538,2192,0.3796,0.2084
1790186786588,2193,0.1907,0.0117
1790186786637,2194,0.1898,0.3902
1790186786687,2195,0.2699,0.1117
1790186786737,2196,0.3159,0.1408
1790186786788,2197,0.1683,0.4056
1790186786838,2198,0.3175,0.1475
1790186786887,2199,0.1967,0.0139
1790186786938,2200,0.2943,0.7177
1790186786987,2201,0.3253,0.1649
1790186787038,2202,0.2354,0.0153
1790186787088,2203,0.1735,0.5556
1790186787138,2204,0.1845,0.0126
1790186787187,2205,0.1642,0.4295
1790186787237,2206,0.1807,0.0103
1790186787287,2207,0.1688,0.0106
1790186787337,2208,0.3422,0.1968
1790186787387,2209,0.1308,0.3110
1790186787438,2210,0.1152,0.0066
1790186787487,2211,0.1442,0.0088
1790186787537,2212,0.2183,0.1168
1790186787587,2213,0.1294,0.0079
1790186787637,2214,0.3973,0.0110
1790186787687,2215,0.1128,0.0068
1790186787737,2216,0.1959,0.1054
1790186787788,2217,0.0857,0.0064
1790186787838,2218,0.0939,0.0059
1790186787888,2219,0.0761,0.0046
1790186787937,2220,0.1818,0.0103
1790186787987,2221,0.1432,0.0111
1790186788039,2222,0.1629,0.0093
1790186788088,2223,0.1073,0.0089
1790186788137,2224,0.3100,0.2279
1790186788188,2225,0.0938,0.0056
1790186788237,2226,0.0911,0.0079
1790186788288,2227,0.0708,0.0048
1790186788337,2228,0.0719,0.0046
1790186788387,2229,0.0665,0.0037
1790186788438,2230,0.1032,0.0293
1790186788487,2231,0.1157,0.0225
1790186788538,2232,0.2132,0.1257
1790186788587,2233,0.1330,0.0072
1790186788637,2234,0.0991,0.0058
1790186788688,2235,0.1454,0.0098
1790186788738,2236,0.2834,0.1354
1790186788788,2237,0.1731,0.0108
1790186788837,2238,0.1556,0.0117
1790186788888,2239,0.1007,0.0067
1790186788938,2240,0.3225,0.1778
1790186788988,2241,0.1836,0.0141
1790186789038,2242,0.1431,0.0087
1790186789088,2243,0.1134,0.0081
1790186789138,2244,0.0984,0.0067
1790186789187,2245,0.1851,0.0116
1790186789237,2246,0.1852,0.0119
1790186789287,2247,0.2081,0.0120
1790186789337,2248,0.3247,0.1622
1790186789387,2249,0.1216,0.0084
1790186789437,2250,0.1150,0.0072
1790186789487,2251,0.0986,0.0073
1790186789537,2252,0.1170,0.0076
1790186789588,2253,0.0978,0.0069
1790186789637,2254,0.1547,0.0101
1790186789687,2255,0.1981,0.0105
1790186789737,2256,0.2726,0.1764
1790186789787,2257,0.0891,0.0067
1790186789838,2258,0.1028,0.0069
1790186789887,2259,0.1097,0.0061
1790186789938,2260,0.2621,0.1425
1790186789987,2261,0.1766,0.0104
1790186790038,2262,0.1873,0.0111
1790186790087,2263,0.1185,0.0085
1790186790137,2264,0.1983,0.1030
1790186790188,2265,0.1064,0.0075
1790186790238,2266,0.1182,0.0077
1790186790287,2267,0.0974,0.0070
1790186790338,2268,0.0928,0.0061
1790186790387,2269,0.0855,0.0049
1790186790437,2270,0.0988,0.0050
1790186790488,2271,0.1058,0.0052
1790186790538,2272,0.2507,0.1429
1790186790587,2273,0.1970,0.1039
1790186790637,2274,0.1911,0.0116
1790186790687,2275,0.1512,0.2880
1790186790737,2276,0.2253,0.1163
1790186790788,2277,0.0918,0.0060
1790186790837,2278,0.0900,0.0055
1790186790887,2279,0.0781,0.0054
1790186790937,2280,0.0922,0.0061
1790186790987,2281,0.0722,0.0048
1790186791037,2282,0.1518,0.0102
1790186791087,2283,0.1484,0.0101
1790186791138,2284,0.0976,0.0077
1790186791187,2285,0.0937,0.0069
1790186791238,2286,0.0868,0.0069
1790186791287,2287,0.0918,0.0057
1790186791339,2288,0.1895,0.1136
1790186791387,2289,0.1710,0.0995
1790186791438,2290,0.2034,0.0132
1790186791488,2291,0.1495,0.4035
1790186791538,2292,0.3367,0.2016
1790186791588,2293,0.2799,0.0148
1790186791638,2294,0.1565,0.5048
1790186791688,2295,0.1041,0.0047
1790186791737,2296,0.1231,0.0076
1790186791787,2297,0.0919,0.0062
1790186791838,2298,0.0981,0.0061
1790186791888,2299,0.0761,0.0057
1790186791937,2300,0.0828,0.0051
1790186791987,2301,0.0746,0.0044
1790186792037,2302,0.0693,0.0043
1790186792088,2303,0.1556,0.0104
1790186792138,2304,0.1290,0.0082
1790186792187,2305,0.1001,0.0070
1790186792238,2306,0.0906,0.0072
1790186792288,2307,0.0930,0.0071
1790186792337,2308,0.1734,0.0989
1790186792387,2309,0.0848,0.0063
1790186792437,2310,0.0881,0.0052
1790186792488,2311,0.1118,0.0064
1790186792537,2312,0.1184,0.0079
1790186792587,2313,0.1702,0.0145
1790186792637,2314,0.1597,0.0127
1790186792688,2315,0.3481,0.0088
1790186792737,2316,0.1976,0.0123
1790186792787,2317,0.1057,0.0080
1790186792837,2318,0.0973,0.0078
1790186792888,2319,0.0921,0.0073
1790186792939,2320,0.1128,0.0065
1790186792988,2321,0.0850,0.0066
1790186793037,2322,0.0812,0.0053
1790186793088,2323,0.1424,0.0089
1790186793138,2324,0.2514,0.1107
1790186793188,2325,0.1083,0.0076
1790186793238,2326,0.1015,0.0072
1790186793287,2327,0.0916,0.0070
1790186793337,2328,0.0900,0.0065
1790186793387,2329,0.0807,0.0071
1790186793437,2330,0.0787,0.0044
1790186793488,2331,0.0864,0.0044
1790186793537,2332,0.0731,0.0060
1790186793589,2333,0.1526,0.0096
1790186793637,2334,0.1623,0.0101
1790186793687,2335,0.1053,0.0079
1790186793738,2336,0.1021,0.0081
1790186793788,2337,0.0968,0.0077
1790186793838,2338,0.1456,0.0084
1790186793887,2339,0.0868,0.0057
1790186793938,2340,0.1956,0.1026
1790186793987,2341,0.0850,0.0062
1790186794037,2342,0.0853,0.0044
1790186794087,2343,0.0728,0.0045
1790186794137,2344,0.1679,0.0111
1790186794187,2345,0.1431,0.0089
1790186794238,2346,0.1649,0.0095
1790186794287,2347,0.0937,0.0066
1790186794337,2348,0.0904,0.0071
1790186794387,2349,0.0846,0.0067
1790186794438,2350,0.0867,0.0057
1790186794488,2351,0.0774,0.0051
1790186794538,2352,0.0813,0.0043
1790186794588,2353,0.1080,0.0061
1790186794637,2354,0.1194,0.0076
1790186794687,2355,0.1015,0.0067
1790186794738,2356,0.1985,0.1133
1790186794787,2357,0.1026,0.0060
1790186794838,2358,0.0999,0.0064
1790186794888,2359,0.0815,0.0056
1790186794938,2360,0.0894,0.0043
1790186794987,2361,0.0751,0.0045
1790186795037,2362,0.0758,0.0042
1790186795088,2363,0.0697,0.0040
1790186795138,2364,0.1805,0.1044
1790186795187,2365,0.1666,0.0114
1790186795237,2366,0.1408,0.3834
1790186795288,2367,0.0911,0.0070
1790186795337,2368,0.0853,0.0068
1790186795388,2369,0.0830,0.0065
1790186795438,2370,0.0855,0.0053
1790186795487,2371,0.0811,0.0048
1790186795538,2372,0.1662,0.0970
1790186795587,2373,0.0885,0.0050
1790186795637,2374,0.1186,0.0060
1790186795688,2375,0.1195,0.0072
1790186795737,2376,0.2158,0.1308
1790186795788,2377,0.1049,0.0068
1790186795838,2378,0.1003,0.0050
1790186795888,2379,0.0778,0.0048
1790186795938,2380,0.1900,0.1074
1790186795987,2381,0.1705,0.0127
1790186796038,2382,0.1437,0.3914
1790186796087,2383,0.1939,0.0957
1790186796138,2384,0.1645,0.0131
1790186796188,2385,0.1632,0.4734
1790186796238,2386,0.1490,0.0089
1790186796288,2387,0.1821,0.0744
1790186796338,2388,0.2040,0.1232
1790186796388,2389,0.0773,0.0058
1790186796437,2390,0.0909,0.0065
1790186796487,2391,0.0754,0.0055
1790186796537,2392,0.1679,0.0994
1790186796588,2393,0.0698,0.0043
1790186796638,2394,0.1173,0.0064
1790186796687,2395,0.1222,0.0072
1790186796737,2396,0.0797,0.0057
1790186796788,2397,0.1167,0.0080
1790186796837,2398,0.0823,0.0059
1790186796887,2399,0.0788,0.0059
1790186796938,2400,0.0900,0.0052
1790186796988,2401,0.0790,0.0053
1790186797038,2402,0.0672,0.0040
1790186797088,2403,0.0701,0.0042
1790186797138,2404,0.0901,0.0060
1790186797188,2405,0.0737,0.0035
1790186797237,2406,0.1773,0.0109
1790186797288,2407,0.1737,0.0096
1790186797337,2408,0.2200,0.1160
1790186797387,2409,0.0935,0.0062
1790186797437,2410,0.0924,0.0064
1790186797488,2411,0.0910,0.0057
1790186797539,2412,0.0880,0.0050
1790186797587,2413,0.0736,0.0051
1790186797638,2414,0.1612,0.0113
1790186797687,2415,0.1651,0.0113
1790186797738,2416,0.3005,0.0082
1790186797787,2417,0.0921,0.0081
1790186797837,2418,0.0927,0.0083
1790186797887,2419,0.1361,0.0084
1790186797937,2420,0.2072,0.0148
1790186797987,2421,0.2064,0.0137
1790186798038,2422,0.1878,0.0118
1790186798087,2423,0.1854,0.0157
1790186798137,2424,0.3065,0.1372
1790186798188,2425,0.2068,0.0130
1790186798237,2426,0.1972,0.0125
1790186798288,2427,0.1793,0.0136
1790186798338,2428,0.1746,0.0110
1790186798388,2429,0.1433,0.0105
1790186798437,2430,0.1492,0.0102
1790186798487,2431,0.1175,0.0088
1790186798537,2432,0.0936,0.0075
1790186798588,2433,0.0834,0.0064
1790186798638,2434,0.1107,0.0074
1790186798688,2435,0.1550,0.0095
1790186798738,2436,0.0929,0.0073
1790186798788,2437,0.0859,0.0074
1790186798838,2438,0.1559,0.0113
1790186798887,2439,0.1597,0.0112
1790186798938,2440,0.2687,0.1271
1790186798988,2441,0.1065,0.0075
1790186799037,2442,0.0875,0.0052
1790186799087,2443,0.0732,0.0049
1790186799137,2444,0.0760,0.0050
1790186799187,2445,0.0844,0.0049
1790186799238,2446,0.0702,0.0041
1790186799287,2447,0.1832,0.0129
1790186799338,2448,0.1698,0.0117
1790186799387,2449,0.1730,0.0115
1790186799438,2450,0.1721,0.0115
1790186799487,2451,0.1034,0.0089
1790186799537,2452,0.0862,0.0076
1790186799587,2453,0.0831,0.0073
1790186799637,2454,0.0846,0.0062
1790186799687,2455,0.1575,0.0094
1790186799738,2456,0.2368,0.1098
1790186799788,2457,0.1096,0.0070
1790186799838,2458,0.1164,0.0076
1790186799887,2459,0.1338,0.0082
1790186799938,2460,0.1172,0.0072
1790186799987,2461,0.0914,0.0065
1790186800038,2462,0.0821,0.0059
1790186800088,2463,0.0765,0.0056
1790186800137,2464,0.0960,0.0062
1790186800188,2465,0.1629,0.0103
1790186800237,2466,0.1457,0.0102
1790186800287,2467,0.1364,0.0093
1790186800338,2468,0.1644,0.0116
1790186800388,2469,0.1624,0.0114
1790186800437,2470,0.0981,0.0078
1790186800487,2471,0.0952,0.0076
1790186800537,2472,0.1964,0.1098
1790186800587,2473,0.0871,0.0075
1790186800637,2474,0.0907,0.0064
1790186800688,2475,0.1057,0.0072
1790186800737,2476,0.2387,0.1185
1790186800788,2477,0.1091,0.0074
1790186800838,2478,0.1089,0.0075
1790186800887,2479,0.0849,0.0066
1790186800938,2480,0.0921,0.0055
1790186800988,2481,0.0759,0.0052
1790186801037,2482,0.0758,0.0054
1790186801087,2483,0.0739,0.0050
1790186801138,2484,0.0702,0.0046
1790186801187,2485,0.0736,0.0048
1790186801238,2486,0.0704,0.0045
1790186801288,2487,0.0723,0.0035
1790186801337,2488,0.0831,0.0039
1790186801387,2489,0.1581,0.0106
1790186801437,2490,0.1972,0.0144
1790186801487,2491,0.1841,0.0121
1790186801538,2492,0.1319,0.0092
1790186801587,2493,0.1585,0.0108
1790186801638,2494,0.1433,0.0101
1790186801688,2495,0.1348,0.0100
1790186801738,2496,0.1563,0.0105
1790186801788,2497,0.1529,0.0152
1790186801838,2498,0.1360,0.0095
1790186801888,2499,0.1423,0.0096
1790186801937,2500,0.1064,0.0078
1790186801987,2501,0.0926,0.0079
1790186802038,2502,0.1100,0.0072
1790186802087,2503,0.0892,0.0069
1790186802138,2504,0.1094,0.0078
1790186802187,2505,0.1731,0.0117
1790186802238,2506,0.1794,0.0132
1790186802288,2507,0.1759,0.0121
1790186802337,2508,0.1742,0.0119
1790186802387,2509,0.1744,0.0120
1790186802437,2510,0.1716,0.0116
1790186802487,2511,0.1553,0.0113
1790186802537,2512,0.1005,0.0076
1790186802587,2513,0.1380,0.0096
1790186802637,2514,0.1006,0.0078
1790186802688,2515,0.1034,0.0074
1790186802737,2516,0.1719,0.0123
1790186802788,2517,0.3538,0.0092
1790186802837,2518,0.1066,0.0080
1790186802888,2519,0.1238,0.0086
1790186802937,2520,0.1186,0.0076
1790186802987,2521,0.0915,0.0073
1790186803038,2522,0.0950,0.0066
1790186803088,2523,0.0846,0.0064
1790186803138,2524,0.0781,0.0053
1790186803188,2525,0.0789,0.0049
1790186803237,2526,0.0740,0.0044
1790186803288,2527,0.0784,0.0048
1790186803338,2528,0.0900,0.0052
1790186803387,2529,0.0686,0.0039
1790186803437,2530,0.1010,0.0056
1790186803488,2531,0.1528,0.0106
1790186803537,2532,0.1092,0.0078
1790186803587,2533,0.0967,0.0075
1790186803638,2534,0.1000,0.0075
1790186803688,2535,0.0869,0.0068
1790186803737,2536,0.1422,0.0095
1790186803787,2537,0.1150,0.0079
1790186803838,2538,0.1080,0.0076
1790186803887,2539,0.1199,0.0078
1790186803938,2540,0.0978,0.0066
1790186803988,2541,0.0865,0.0071
1790186804038,2542,0.0796,0.0060
1790186804088,2543,0.0855,0.0059
1790186804138,2544,0.0867,0.0051
1790186804188,2545,0.1514,0.0775
1790186804237,2546,0.1274,0.0072
1790186804287,2547,0.1077,0.2609
1790186804337,2548,0.0874,0.0050
1790186804388,2549,0.0818,0.0045
1790186804437,2550,0.0799,0.0043
1790186804487,2551,0.1599,0.0105
1790186804538,2552,0.1365,0.0091
1790186804588,2553,0.1078,0.0075
1790186804637,2554,0.0982,0.0073
1790186804687,2555,0.0946,0.0064
1790186804737,2556,0.1235,0.0081
1790186804788,2557,0.1022,0.0073
1790186804837,2558,0.0969,0.0067
1790186804887,2559,0.1044,0.0068
1790186804937,2560,0.1211,0.0083
1790186804988,2561,0.3758,0.2997
1790186805038,2562,0.1875,0.0118
1790186805087,2563,0.1845,0.3443
1790186805138,2564,0.3075,0.2195
1790186805187,2565,0.1723,0.0120
1790186805237,2566,0.1446,0.3630
1790186805288,2567,0.0906,0.0040
1790186805337,2568,0.0848,0.0037
1790186805387,2569,0.0683,0.0034
1790186805437,2570,0.1210,0.0036
1790186805488,2571,0.0626,0.0039
1790186805538,2572,0.2464,0.1113
1790186805588,2573,0.1001,0.0076
1790186805638,2574,0.1114,0.0077
1790186805687,2575,0.0798,0.0068
1790186805738,2576,0.1739,0.0877
1790186805788,2577,0.1094,0.0077
1790186805837,2578,0.0884,0.0068
1790186805888,2579,0.0675,0.0050
1790186805937,2580,0.1336,0.0055
1790186805988,2581,0.0752,0.0052
1790186806037,2582,0.0692,0.0041
1790186806087,2583,0.0633,0.0039
1790186806137,2584,0.0761,0.0041
1790186806187,2585,0.0679,0.0066
1790186806238,2586,0.0674,0.0034
1790186806287,2587,0.0584,0.0033
1790186806338,2588,0.1557,0.0822
1790186806388,2589,0.0665,0.0031
1790186806438,2590,0.1069,0.0037
1790186806487,2591,0.1660,0.0109
1790186806537,2592,0.2546,0.1199
1790186806587,2593,0.1477,0.0117
1790186806637,2594,0.1189,0.0084
1790186806687,2595,0.0889,0.0077
1790186806738,2596,0.0910,0.0075
1790186806787,2597,0.1332,0.0099
1790186806837,2598,0.1200,0.0086
1790186806888,2599,0.0875,0.0075
1790186806937,2600,0.1290,0.0079
1790186806988,2601,0.0852,0.0092
1790186807037,2602,0.0854,0.0056
1790186807088,2603,0.1391,0.0082
1790186807138,2604,0.0800,0.0070
1790186807187,2605,0.1251,0.0083
1790186807237,2606,0.1563,0.0094
1790186807288,2607,0.1014,0.0078
1790186807338,2608,0.1946,0.0920
1790186807387,2609,0.0865,0.0064
1790186807438,2610,0.0817,0.0053
1790186807487,2611,0.0689,0.0056
1790186807537,2612,0.0843,0.0053
1790186807587,2613,0.1606,0.0117
1790186807637,2614,0.1437,0.0099
1790186807688,2615,0.1010,0.0082
1790186807738,2616,0.0981,0.0078
1790186807788,2617,0.2033,0.0139
1790186807837,2618,0.4017,0.0093
1790186807887,2619,0.1045,0.0094
1790186807937,2620,0.1333,0.0088
1790186807987,2621,0.0846,0.0075
1790186808037,2622,0.0946,0.0060
1790186808087,2623,0.0867,0.0073
1790186808138,2624,0.1828,0.1039
1790186808187,2625,0.0726,0.0051
1790186808238,2626,0.0852,0.0052
1790186808288,2627,0.0644,0.0045
1790186808337,2628,0.0733,0.0048
1790186808387,2629,0.1612,0.0135
1790186808438,2630,0.1687,0.0113
1790186808487,2631,0.1515,0.0121
1790186808538,2632,0.1253,0.0093
1790186808587,2633,0.0885,0.0083
1790186808637,2634,0.1532,0.0111
1790186808688,2635,0.1303,0.0099
1790186808737,2636,0.0984,0.0079
1790186808787,2637,0.1167,0.0095
1790186808837,2638,0.1873,0.0115
1790186808888,2639,0.0927,0.0085
1790186808938,2640,0.2598,0.0959
1790186808988,2641,0.1628,0.0116
1790186809037,2642,0.1004,0.0079
1790186809087,2643,0.0827,0.0074
1790186809137,2644,0.0945,0.0067
1790186809188,2645,0.0795,0.0056
1790186809237,2646,0.0814,0.0055
1790186809288,2647,0.0675,0.0058
1790186809338,2648,0.0837,0.0043
1790186809387,2649,0.1171,0.0082
1790186809437,2650,0.1764,0.0129
1790186809488,2651,0.1629,0.0129
1790186809537,2652,0.1641,0.0116
1790186809587,2653,0.0917,0.0083
1790186809638,2654,0.1574,0.0105
1790186809688,2655,0.1356,0.0106
1790186809737,2656,0.2031,0.0883
1790186809787,2657,0.1068,0.0087
1790186809837,2658,0.1326,0.0088
1790186809888,2659,0.0897,0.0079
1790186809938,2660,0.0945,0.0060
1790186809987,2661,0.0948,0.0071
1790186810037,2662,0.0874,0.0058
1790186810087,2663,0.0684,0.0052
1790186810138,2664,0.0773,0.0045
1790186810187,2665,0.0677,0.0047
1790186810237,2666,0.0795,0.0049
1790186810287,2667,0.0628,0.0034
1790186810337,2668,0.0712,0.0035
1790186810387,2669,0.0611,0.0034
1790186810437,2670,0.0769,0.0033
1790186810488,2671,0.0609,0.0036
1790186810537,2672,0.0704,0.0032
1790186810588,2673,0.0735,0.0037
1790186810637,2674,0.0906,0.0038
1790186810688,2675,0.1433,0.0111
1790186810738,2676,0.1511,0.0103
1790186810788,2677,0.0929,0.0081
1790186810837,2678,0.1413,0.0094
1790186810888,2679,0.0905,0.0080
1790186810937,2680,0.1192,0.0077
1790186810988,2681,0.0871,0.0082
1790186811037,2682,0.0886,0.0069
1790186811088,2683,0.0724,0.0060
1790186811138,2684,0.0868,0.0058
1790186811188,2685,0.0710,0.0056
1790186811237,2686,0.0888,0.0044
1790186811288,2687,0.0610,0.0040
1790186811338,2688,0.0708,0.0038
1790186811387,2689,0.0608,0.0037
1790186811438,2690,0.0719,0.0038
1790186811487,2691,0.0579,0.0033
1790186811537,2692,0.0854,0.0034
1790186811587,2693,0.0578,0.0035
1790186811638,2694,0.0793,0.0041
1790186811689,2695,0.0606,0.0038
1790186811738,2696,0.1573,0.0106
1790186811787,2697,0.1161,0.0086
1790186811837,2698,0.2009,0.0114
1790186811888,2699,0.0934,0.0082
1790186811937,2700,0.1033,0.0075
1790186811988,2701,0.0706,0.0060
1790186812038,2702,0.1065,0.0071
1790186812087,2703,0.0714,0.0063
1790186812138,2704,0.0801,0.0052
1790186812188,2705,0.0690,0.0056
1790186812238,2706,0.0774,0.0052
1790186812287,2707,0.0627,0.0044
1790186812338,2708,0.0730,0.0046
1790186812388,2709,0.0739,0.0045
1790186812438,2710,0.1368,0.0044
1790186812487,2711,0.0601,0.0038
1790186812538,2712,0.0996,0.0058
1790186812588,2713,0.1353,0.0094
1790186812638,2714,0.1260,0.0084
1790186812688,2715,0.0819,0.0067
1790186812738,2716,0.0876,0.0060
1790186812787,2717,0.1296,0.0106
1790186812838,2718,0.3789,0.0104
1790186812888,2719,0.1491,0.0116
1790186812937,2720,0.1367,0.0090
1790186812987,2721,0.0815,0.0071
1790186813038,2722,0.1147,0.0076
1790186813088,2723,0.0780,0.0059
1790186813137,2724,0.0858,0.0060
1790186813187,2725,0.0736,0.0062
1790186813237,2726,0.0786,0.0049
1790186813288,2727,0.0666,0.0049
1790186813337,2728,0.0800,0.0052
1790186813388,2729,0.0753,0.0046
1790186813437,2730,0.0716,0.0046
1790186813488,2731,0.0670,0.0041
1790186813538,2732,0.0589,0.0041
1790186813588,2733,0.0857,0.0049
1790186813637,2734,0.0635,0.0044
1790186813687,2735,0.1245,0.0069
1790186813738,2736,0.0714,0.0058
1790186813788,2737,0.1438,0.0094
1790186813838,2738,0.1458,0.0116
1790186813887,2739,0.1408,0.0093
1790186813937,2740,0.1016,0.0078
1790186813987,2741,0.0938,0.0072
1790186814038,2742,0.0879,0.0071
1790186814088,2743,0.0855,0.0066
1790186814138,2744,0.1222,0.0079
1790186814187,2745,0.0828,0.0055
1790186814239,2746,0.1138,0.0075
1790186814287,2747,0.0802,0.0055
1790186814338,2748,0.0637,0.0047
1790186814387,2749,0.0684,0.0040
1790186814437,2750,0.0734,0.0044
1790186814488,2751,0.0712,0.0037
1790186814538,2752,0.0724,0.0035
1790186814587,2753,0.0968,0.0035
1790186814637,2754,0.0685,0.0035
1790186814687,2755,0.0848,0.0036
1790186814737,2756,0.0598,0.0033
1790186814788,2757,0.0681,0.0040
1790186814837,2758,0.1489,0.0114
1790186814887,2759,0.1643,0.0107
1790186814938,2760,0.1132,0.0091
1790186814987,2761,0.1061,0.0076
1790186815037,2762,0.0835,0.0097
1790186815088,2763,0.0937,0.0068
1790186815137,2764,0.0714,0.0064
1790186815187,2765,0.1245,0.0454
1790186815237,2766,0.0652,0.0047
1790186815288,2767,0.0845,0.0048
1790186815338,2768,0.0611,0.0037
1790186815388,2769,0.0747,0.0036
1790186815437,2770,0.0816,0.0047
1790186815487,2771,0.0794,0.0041
1790186815537,2772,0.0621,0.0042
1790186815587,2773,0.0889,0.0050
1790186815638,2774,0.0775,0.0047
1790186815687,2775,0.0813,0.0042
1790186815738,2776,0.0606,0.0041
1790186815788,2777,0.0715,0.0039
1790186815838,2778,0.0710,0.0046
1790186815887,2779,0.1683,0.0116
1790186815938,2780,0.1469,0.0101
1790186815988,2781,0.1131,0.0082
1790186816038,2782,0.0821,0.0076
1790186816087,2783,0.1187,0.0079
1790186816137,2784,0.0824,0.0069
1790186816187,2785,0.0917,0.0060
1790186816238,2786,0.0783,0.0059
1790186816287,2787,0.0941,0.0066
1790186816338,2788,0.0687,0.0058
1790186816388,2789,0.0755,0.0045
1790186816438,2790,0.0682,0.0041
1790186816488,2791,0.0730,0.0041
1790186816537,2792,0.0606,0.0041
1790186816587,2793,0.0864,0.0042
1790186816638,2794,0.0711,0.0044
1790186816688,2795,0.0965,0.0045
1790186816737,2796,0.0594,0.0042
1790186816788,2797,0.0694,0.0040
1790186816838,2798,0.0621,0.0041
1790186816887,2799,0.1553,0.0110
1790186816938,2800,0.1586,0.0115
1790186816987,2801,0.1158,0.0086
1790186817038,2802,0.0828,0.0076
1790186817088,2803,0.1152,0.0085
1790186817137,2804,0.0803,0.0065
1790186817188,2805,0.0916,0.0063
1790186817237,2806,0.0745,0.0056
1790186817288,2807,0.1089,0.0071
1790186817338,2808,0.0814,0.0066
1790186817388,2809,0.0816,0.0050
1790186817437,2810,0.0705,0.0045
1790186817487,2811,0.0805,0.0045
1790186817537,2812,0.0627,0.0043
1790186817587,2813,0.0959,0.0051
1790186817637,2814,0.0645,0.0046
1790186817688,2815,0.0752,0.0043
1790186817737,2816,0.0601,0.0040
1790186817788,2817,0.0689,0.0039
1790186817838,2818,0.0683,0.0103
1790186817887,2819,0.3410,0.0051
1790186817937,2820,0.1624,0.0117
1790186817988,2821,0.1496,0.0108
1790186818037,2822,0.0848,0.0075
1790186818087,2823,0.0899,0.0068
1790186818137,2824,0.0958,0.0075
1790186818188,2825,0.1060,0.0066
1790186818237,2826,0.0698,0.0061
1790186818288,2827,0.0778,0.0057
1790186818337,2828,0.0650,0.0057
1790186818388,2829,0.0690,0.0040
1790186818438,2830,0.0649,0.0038
1790186818487,2831,0.0803,0.0037
1790186818537,2832,0.0593,0.0037
1790186818588,2833,0.0858,0.0041
1790186818638,2834,0.0615,0.0039
1790186818687,2835,0.0744,0.0040
1790186818737,2836,0.0599,0.0039
1790186818788,2837,0.0773,0.0032
1790186818838,2838,0.0581,0.0032
1790186818887,2839,0.1159,0.0070
1790186818938,2840,0.1520,0.0089
1790186818988,2841,0.1754,0.0114
1790186819037,2842,0.1473,0.0115
1790186819087,2843,0.1304,0.0088
1790186819139,2844,0.1626,0.0114
1790186819188,2845,0.1252,0.0078
1790186819238,2846,0.0776,0.0074
1790186819288,2847,0.0852,0.0067
1790186819338,2848,0.1223,0.0091
1790186819387,2849,0.0835,0.0053
1790186819437,2850,0.0670,0.0043
1790186819488,2851,0.0741,0.0044
1790186819538,2852,0.1615,0.0124
1790186819588,2853,0.2154,0.0139
1790186819638,2854,0.1460,0.0120
1790186819687,2855,0.1189,0.0082
1790186819737,2856,0.1257,0.0097
1790186819787,2857,0.1016,0.0076
1790186819837,2858,0.0726,0.0070
1790186819888,2859,0.1084,0.0077
1790186819938,2860,0.0922,0.0066
1790186819987,2861,0.1791,0.0116
1790186820037,2862,0.1513,0.0120
1790186820087,2863,0.1383,0.0096
1790186820139,2864,0.1124,0.0090
1790186820187,2865,0.1145,0.0080
1790186820238,2866,0.0784,0.0075
1790186820288,2867,0.0954,0.0074
1790186820338,2868,0.0736,0.0065
1790186820388,2869,0.0774,0.0051
1790186820438,2870,0.0665,0.0047
1790186820487,2871,0.0746,0.0041
1790186820537,2872,0.0716,0.0048
1790186820587,2873,0.0916,0.0041
1790186820638,2874,0.0613,0.0040
1790186820687,2875,0.3126,0.2420
1790186820738,2876,0.4393,0.2971
1790186820788,2877,0.1689,0.0119
1790186820837,2878,0.1706,0.0127
1790186820888,2879,0.1649,0.0134
1790186820938,2880,0.1758,0.0130
1790186820988,2881,0.1750,0.0118
1790186821037,2882,0.1701,0.0134
1790186821088,2883,0.1756,0.0142
1790186821138,2884,0.1749,0.0121
1790186821188,2885,0.1585,0.4011
1790186821237,2886,0.1434,0.3441
1790186821287,2887,0.1285,0.0044
1790186821338,2888,0.0931,0.0041
1790186821388,2889,0.0746,0.0038
1790186821438,2890,0.0995,0.0036
1790186821487,2891,0.0683,0.0036
1790186821538,2892,0.0821,0.0037
1790186821587,2893,0.0760,0.0037
1790186821638,2894,0.0687,0.0032
1790186821688,2895,0.0708,0.0030
1790186821738,2896,0.1344,0.0733
1790186821787,2897,0.1266,0.0077
1790186821837,2898,0.1144,0.0077
1790186821887,2899,0.1532,0.0103
1790186821937,2900,0.1481,0.0097
1790186821988,2901,0.1492,0.0105
1790186822038,2902,0.1744,0.0123
1790186822087,2903,0.1751,0.0118
1790186822138,2904,0.1750,0.0119
1790186822187,2905,0.1697,0.0107
1790186822237,2906,0.2262,0.0889
1790186822287,2907,0.1589,0.0118
1790186822338,2908,0.8373,0.8805
1790186822388,2909,0.1837,0.3668
1790186822437,2910,0.2058,0.0119
1790186822488,2911,0.1806,0.0133
1790186822538,2912,0.1946,0.0144
1790186822588,2913,0.2974,0.1109
1790186822638,2914,0.2526,0.0175
1790186822688,2915,0.2141,0.0174
1790186822739,2916,0.8108,0.5779
1790186822787,2917,0.2785,0.0138
1790186822837,2918,0.2781,0.0162
1790186822888,2919,0.4619,0.0149
1790186822937,2920,0.2782,0.0176
1790186822988,2921,0.2511,0.0134
1790186823038,2922,0.7604,0.5975
1790186823087,2923,0.2180,0.8460
1790186823137,2924,0.4160,0.3358
1790186823188,2925,0.3527,0.7819
1790186823238,2926,0.2380,0.0162
1790186823288,2927,0.1751,0.4676
1790186823338,2928,0.2351,0.4486
1790186823388,2929,0.1680,0.0093
1790186823437,2930,0.1715,0.0103
1790186823488,2931,0.1724,0.0109
1790186823538,2932,0.2988,0.1357
1790186823587,2933,0.1786,0.0270
1790186823637,2934,0.1891,0.3117
1790186823688,2935,0.1619,0.0080
1790186823738,2936,0.2766,0.1328
1790186823787,2937,0.1677,0.0094
1790186823837,2938,0.1648,0.0098
1790186823888,2939,0.1507,0.0093
1790186823938,2940,0.3055,0.1419
1790186823987,2941,0.1399,0.2939
1790186824039,2942,0.1380,0.0074
1790186824087,2943,0.1049,0.0071
1790186824137,2944,0.0945,0.0065
1790186824187,2945,0.1705,0.0098
1790186824237,2946,0.1580,0.0123
1790186824287,2947,0.1357,0.0087
1790186824338,2948,0.2487,0.1566
1790186824387,2949,0.0941,0.0069
1790186824438,2950,0.0967,0.0053
1790186824487,2951,0.0802,0.0061
1790186824537,2952,0.1382,0.0076
1790186824587,2953,0.0989,0.0074
1790186824637,2954,0.0869,0.0054
1790186824688,2955,0.0826,0.0055
1790186824738,2956,0.2359,0.1633
1790186824787,2957,0.0753,0.0048
1790186824838,2958,0.0816,0.0040
1790186824888,2959,0.0686,0.0036
1790186824937,2960,0.2135,0.1180
1790186824988,2961,0.1004,0.0043
1790186825038,2962,0.1154,0.0131
1790186825087,2963,0.1263,0.0144
1790186825138,2964,0.1986,0.1246
1790186825187,2965,0.0877,0.0154
1790186825237,2966,0.1717,0.0106
1790186825288,2967,0.1427,0.0091
1790186825337,2968,0.1048,0.0099
1790186825387,2969,0.1009,0.0075
1790186825437,2970,0.0969,0.0065
1790186825487,2971,0.0955,0.0057
1790186825538,2972,0.2240,0.1392
1790186825587,2973,0.1050,0.0064
1790186825637,2974,0.1042,0.0058
1790186825688,2975,0.0885,0.0058
1790186825738,2976,0.2626,0.1843
1790186825787,2977,0.0831,0.0048
1790186825838,2978,0.2280,0.0132
1790186825888,2979,0.1615,0.0105
1790186825937,2980,0.2008,0.0102
1790186825987,2981,0.1108,0.0082
1790186826037,2982,0.1218,0.0081
1790186826088,2983,0.1251,0.0076
1790186826137,2984,0.1165,0.0074
1790186826188,2985,0.1031,0.0071
1790186826238,2986,0.1774,0.0110
1790186826288,2987,0.1581,0.0104
1790186826337,2988,0.2776,0.1809
1790186826387,2989,0.0990,0.0062
1790186826438,2990,0.0998,0.0055
1790186826487,2991,0.1020,0.0056
1790186826538,2992,0.1933,0.1123
1790186826587,2993,0.0968,0.0061
1790186826637,2994,0.0955,0.0053
1790186826688,2995,0.0794,0.0050
1790186826737,2996,0.0775,0.0050
1790186826787,2997,0.0749,0.0044
1790186826837,2998,0.0787,0.0046
1790186826888,2999,0.0800,0.0046
1790186826937,3000,0.2225,0.0996
1790186826987,3001,0.1516,0.0093
1790186827038,3002,0.1486,0.0073
1790186827087,3003,0.1156,0.0072
1790186827137,3004,0.0857,0.0064
1790186827188,3005,0.1102,0.0064
1790186827237,3006,0.0784,0.0056
1790186827287,3007,0.1667,0.0105
1790186827338,3008,0.2764,0.1370
1790186827387,3009,0.1140,0.0081
1790186827438,3010,0.1118,0.0071
1790186827488,3011,0.0958,0.0073
1790186827538,3012,0.1980,0.1102
1790186827588,3013,0.1028,0.0075
1790186827638,3014,0.1035,0.0068
1790186827687,3015,0.1207,0.0057
1790186827737,3016,0.0832,0.0056
1790186827787,3017,0.0822,0.0051
1790186827838,3018,0.0762,0.0048
1790186827888,3019,0.2573,0.0049
1790186827937,3020,0.1560,0.0084
1790186827987,3021,0.0923,0.0058
1790186828037,3022,0.1199,0.0066
1790186828087,3023,0.0960,0.0063
1790186828137,3024,0.2797,0.1393
1790186828187,3025,0.1275,0.0077
1790186828237,3026,0.0994,0.0063
1790186828288,3027,0.1364,0.0092
1790186828338,3028,0.1554,0.0098
1790186828387,3029,0.1097,0.0077
1790186828437,3030,0.1220,0.0077
1790186828488,3031,0.0935,0.0068
1790186828537,3032,0.0902,0.0061
1790186828587,3033,0.1000,0.0071
1790186828638,3034,0.0911,0.0062
1790186828688,3035,0.0916,0.0060
1790186828738,3036,0.0882,0.0050
1790186828788,3037,0.1752,0.0109
1790186828837,3038,0.1720,0.0110
1790186828888,3039,0.1112,0.0078
1790186828938,3040,0.1286,0.0077
1790186828989,3041,0.1619,0.0104
1790186829037,3042,0.1212,0.0086
1790186829087,3043,0.1709,0.0117
1790186829137,3044,0.1867,0.0124
1790186829188,3045,0.1560,0.0096
1790186829237,3046,0.1024,0.0084
1790186829287,3047,0.1040,0.0087
1790186829337,3048,0.1610,0.0102
1790186829388,3049,0.1260,0.0089
1790186829437,3050,0.1042,0.0072
1790186829487,3051,0.1127,0.0073
1790186829537,3052,0.1292,0.0333
1790186829588,3053,0.1952,0.0964
1790186829637,3054,0.2018,0.0198
1790186829688,3055,0.2016,0.0123
1790186829737,3056,0.1799,0.0117
1790186829788,3057,0.1323,0.0099
1790186829837,3058,0.1115,0.0090
1790186829888,3059,0.1032,0.0086
1790186829938,3060,0.1095,0.0072
1790186829987,3061,0.1465,0.0090
1790186830037,3062,0.1082,0.0078
1790186830088,3063,0.1006,0.0068
1790186830138,3064,0.1100,0.0069
1790186830188,3065,0.1106,0.0187
1790186830237,3066,0.1013,0.0069
1790186830287,3067,0.0872,0.0066
1790186830337,3068,0.1139,0.0067
1790186830387,3069,0.1789,0.0104
1790186830438,3070,0.1517,0.0094
1790186830487,3071,0.1098,0.0083
1790186830538,3072,0.1120,0.0119
1790186830587,3073,0.1147,0.0084
1790186830638,3074,0.1224,0.0082
1790186830688,3075,0.1662,0.0093
1790186830737,3076,0.0919,0.0062
1790186830787,3077,0.0819,0.0059
1790186830838,3078,0.0807,0.0052
1790186830887,3079,0.0766,0.0055
1790186830937,3080,0.1041,0.0058
1790186830987,3081,0.1226,0.0069
1790186831038,3082,0.0985,0.0062
1790186831087,3083,0.0939,0.0052
1790186831138,3084,0.0858,0.0074
1790186831187,3085,0.1022,0.0104
1790186831238,3086,0.1126,0.0068
1790186831288,3087,0.0936,0.0066
1790186831338,3088,0.1152,0.0064
1790186831388,3089,0.1687,0.0103
1790186831437,3090,0.1810,0.0115
1790186831488,3091,0.1422,0.0100
1790186831537,3092,0.1184,0.0090
1790186831588,3093,0.1330,0.0099
1790186831638,3094,0.1192,0.0086
1790186831688,3095,0.1048,0.0086
1790186831738,3096,0.0963,0.0072
1790186831788,3097,0.0864,0.0069
1790186831839,3098,0.0878,0.0062
1790186831888,3099,0.0834,0.0057
1790186831938,3100,0.1720,0.0076
1790186831988,3101,0.1360,0.0079
1790186832037,3102,0.0937,0.0065
1790186832087,3103,0.1093,0.0071
1790186832138,3104,0.0819,0.0057
1790186832187,3105,0.1672,0.0148
1790186832238,3106,0.1258,0.0086
1790186832287,3107,0.1063,0.0081
1790186832337,3108,0.1217,0.0098
1790186832388,3109,0.0985,0.0076
1790186832438,3110,0.1722,0.0104
1790186832487,3111,0.1534,0.0094
1790186832537,3112,0.1257,0.0088
1790186832588,3113,0.1011,0.0077
1790186832638,3114,0.1646,0.0144
1790186832687,3115,0.1721,0.0106
1790186832738,3116,0.1157,0.0088
1790186832789,3117,0.1010,0.0079
1790186832838,3118,0.1877,0.0123
1790186832888,3119,0.1914,0.0126
1790186832937,3120,0.3958,0.0119
1790186832988,3121,0.1853,0.0144
1790186833038,3122,0.2579,0.0941
1790186833087,3123,0.2492,0.0111
1790186833138,3124,0.1688,0.0107
1790186833187,3125,0.1703,0.0115
1790186833238,3126,0.1421,0.0093
1790186833287,3127,0.1158,0.0086
1790186833338,3128,0.1016,0.0082
1790186833387,3129,0.1218,0.0084
1790186833437,3130,0.1224,0.0194
1790186833488,3131,0.1717,0.0101
1790186833537,3132,0.1360,0.0126
1790186833588,3133,0.1119,0.0122
1790186833637,3134,0.1283,0.0091
1790186833687,3135,0.1307,0.0093
1790186833738,3136,0.1090,0.0082
1790186833788,3137,0.0968,0.0071
1790186833837,3138,0.0945,0.0076
1790186833888,3139,0.0887,0.0070
1790186833938,3140,0.1109,0.0064
1790186833988,3141,0.1678,0.0106
1790186834037,3142,0.1088,0.0086
1790186834087,3143,0.1005,0.0079
1790186834138,3144,0.0885,0.0054
1790186834187,3145,0.1250,0.0068
1790186834238,3146,0.1204,0.0063
1790186834288,3147,0.0909,0.0053
1790186834337,3148,0.0972,0.0064
1790186834387,3149,0.1090,0.0067
1790186834438,3150,0.1091,0.0060
1790186834487,3151,0.1527,0.0088
1790186834538,3152,0.1656,0.0107
1790186834587,3153,0.1759,0.0106
1790186834637,3154,0.1188,0.0087
1790186834687,3155,0.1112,0.0080
1790186834738,3156,0.1168,0.0076
1790186834788,3157,0.0945,0.0069
1790186834837,3158,0.0862,0.0065
1790186834887,3159,0.0832,0.0058
1790186834938,3160,0.1017,0.0049
1790186834987,3161,0.1467,0.0080
1790186835037,3162,0.1030,0.0069
1790186835088,3163,0.0949,0.0062
1790186835137,3164,0.0881,0.0046
1790186835187,3165,0.0833,0.0042
1790186835238,3166,0.1054,0.0056
1790186835287,3167,0.1732,0.0065
1790186835337,3168,0.0833,0.0051
1790186835387,3169,0.1315,0.0079
1790186835437,3170,0.1733,0.0109
1790186835488,3171,0.1615,0.0111
1790186835538,3172,0.1752,0.0121
1790186835587,3173,0.1555,0.0104
1790186835638,3174,0.1379,0.0093
1790186835687,3175,0.1343,0.0081
1790186835738,3176,0.0953,0.0080
1790186835787,3177,0.1006,0.0077
1790186835838,3178,0.0939,0.0075
1790186835887,3179,0.0831,0.0064
1790186835938,3180,0.1051,0.0058
1790186835988,3181,0.1330,0.0086
1790186836038,3182,0.0980,0.0072
1790186836089,3183,0.0925,0.0066
1790186836138,3184,0.0871,0.0063
1790186836188,3185,0.0928,0.0058
1790186836237,3186,0.0918,0.0054
1790186836287,3187,0.0935,0.0063
1790186836337,3188,0.0839,0.0053
1790186836388,3189,0.0847,0.0053
1790186836437,3190,0.1426,0.0079
1790186836488,3191,0.1045,0.0063
1790186836538,3192,0.0925,0.0066
1790186836587,3193,0.1765,0.0105
1790186836637,3194,0.1728,0.0113
1790186836688,3195,0.1066,0.0088
1790186836738,3196,0.0954,0.0085
1790186836788,3197,0.0901,0.0076
1790186836837,3198,0.0876,0.0072
1790186836887,3199,0.0830,0.0057
1790186836938,3200,0.1005,0.0056
1790186836987,3201,0.0969,0.0062
1790186837037,3202,0.0896,0.0055
1790186837087,3203,0.0831,0.0061
1790186837137,3204,0.0806,0.0051
1790186837187,3205,0.0830,0.0041
1790186837237,3206,0.0871,0.0042
1790186837287,3207,0.0908,0.0046
1790186837337,3208,0.0774,0.0034
1790186837387,3209,0.0722,0.0034
1790186837437,3210,0.1255,0.0068
1790186837488,3211,0.0943,0.0058
1790186837537,3212,0.0861,0.0057
1790186837588,3213,0.1674,0.0112
1790186837637,3214,0.1852,0.0120
1790186837687,3215,0.1306,0.0194
1790186837737,3216,0.1008,0.0093
1790186837788,3217,0.0975,0.0080
1790186837838,3218,0.0948,0.0073
1790186837888,3219,0.0884,0.0068
1790186837937,3220,0.0968,0.0057
1790186837987,3221,0.2743,0.0061
1790186838038,3222,0.1191,0.0063
1790186838088,3223,0.1001,0.0064
1790186838138,3224,0.0941,0.0050
1790186838187,3225,0.1174,0.0088
1790186838238,3226,0.1144,0.0038
1790186838288,3227,0.1262,0.0049
1790186838337,3228,0.1569,0.0051
1790186838388,3229,0.0810,0.0044
1790186838437,3230,0.0948,0.0049
1790186838488,3231,0.1217,0.0070
1790186838538,3232,0.0940,0.0064
1790186838587,3233,0.0877,0.0057
1790186838638,3234,0.2440,0.0146
1790186838687,3235,0.1526,0.0098
1790186838738,3236,0.1177,0.0085
1790186838788,3237,0.0983,0.0082
1790186838837,3238,0.0948,0.0074
1790186838887,3239,0.0886,0.0066
1790186838937,3240,0.1012,0.0058
1790186838988,3241,0.0885,0.0058
1790186839038,3242,0.1083,0.0069
1790186839087,3243,0.0904,0.0064
1790186839137,3244,0.0918,0.0058
1790186839187,3245,0.2060,0.0192
1790186839237,3246,0.1986,0.0123
1790186839287,3247,0.1821,0.0118
1790186839338,3248,0.1383,0.0096
1790186839387,3249,0.1042,0.0082
1790186839437,3250,0.1193,0.0082
1790186839488,3251,0.1722,0.0095
1790186839538,3252,0.1224,0.0079
1790186839588,3253,0.0973,0.0076
1790186839638,3254,0.1166,0.0079
1790186839687,3255,0.1914,0.0112
1790186839737,3256,0.1993,0.0119
1790186839787,3257,0.1917,0.0123
1790186839837,3258,0.1743,0.0111
1790186839888,3259,0.1337,0.0090
1790186839937,3260,0.1217,0.0082
1790186839987,3261,0.1057,0.0082
1790186840038,3262,0.1206,0.0086
1790186840087,3263,0.1032,0.0078
1790186840137,3264,0.1362,0.0086
1790186840187,3265,0.1236,0.0073
1790186840238,3266,0.1061,0.0068
1790186840287,3267,0.0855,0.0068
1790186840338,3268,0.1034,0.0070
1790186840388,3269,0.0876,0.0060
1790186840437,3270,0.0893,0.0061
1790186840487,3271,0.1323,0.0086
1790186840538,3272,0.0991,0.0067
1790186840587,3273,0.1012,0.0074
1790186840638,3274,0.1063,0.0075
1790186840688,3275,0.1711,0.0105
1790186840738,3276,0.1610,0.0094
1790186840788,3277,0.1244,0.0081
1790186840837,3278,0.1011,0.0070
1790186840887,3279,0.0936,0.0065
1790186840938,3280,0.1012,0.0060
1790186840988,3281,0.0910,0.0061
1790186841038,3282,0.1159,0.0069
1790186841087,3283,0.0940,0.0062
1790186841138,3284,0.1245,0.0074
1790186841187,3285,0.1278,0.0125
1790186841238,3286,0.1060,0.0059
1790186841288,3287,0.0847,0.0053
1790186841337,3288,0.1068,0.0062
1790186841388,3289,0.0839,0.0046
1790186841437,3290,0.0855,0.0043
1790186841487,3291,0.0839,0.0043
1790186841538,3292,0.1236,0.0070
1790186841587,3293,0.0968,0.0065
1790186841637,3294,0.0994,0.0064
1790186841687,3295,0.0964,0.0058
1790186841737,3296,0.1734,0.0100
1790186841787,3297,0.1889,0.0115
1790186841837,3298,0.1184,0.0086
1790186841888,3299,0.0992,0.0080
1790186841937,3300,0.1099,0.0081
1790186841987,3301,0.0956,0.0075
1790186842038,3302,0.1159,0.0079
1790186842088,3303,0.0937,0.0073
1790186842138,3304,0.0932,0.0072
1790186842188,3305,0.0916,0.0058
1790186842238,3306,0.0897,0.0061
1790186842289,3307,0.0873,0.0051
1790186842338,3308,0.0873,0.0052
1790186842388,3309,0.1428,0.0077
1790186842438,3310,0.0824,0.0048
1790186842487,3311,0.0806,0.0042
1790186842537,3312,0.1243,0.0082
1790186842587,3313,0.1045,0.0071
1790186842638,3314,0.1100,0.0078
1790186842687,3315,0.0995,0.0068
1790186842738,3316,0.0942,0.0064
1790186842787,3317,0.1728,0.0107
1790186842837,3318,0.1796,0.0474
1790186842887,3319,0.1388,0.0219
1790186842938,3320,0.1273,0.0099
1790186842987,3321,0.1031,0.0077
1790186843037,3322,0.2998,0.0082
1790186843087,3323,0.1005,0.0073
1790186843138,3324,0.1573,0.0089
1790186843188,3325,0.0994,0.0114
1790186843237,3326,0.0946,0.0067
1790186843288,3327,0.0813,0.0054
1790186843337,3328,0.0929,0.0048
1790186843387,3329,0.2179,0.0089
1790186843437,3330,0.1338,0.0081
1790186843488,3331,0.1103,0.0074
1790186843538,3332,0.1346,0.0089
1790186843588,3333,0.1055,0.0081
1790186843638,3334,0.1220,0.0082
1790186843688,3335,0.1217,0.0079
1790186843738,3336,0.0962,0.0065
1790186843787,3337,0.0852,0.0065
1790186843837,3338,0.1600,0.0091
1790186843888,3339,0.1285,0.0084
1790186843938,3340,0.1209,0.0076
1790186843987,3341,0.1000,0.0076
1790186844038,3342,0.0965,0.0069
1790186844087,3343,0.1143,0.0075
1790186844137,3344,0.1013,0.0067
1790186844188,3345,0.1649,0.0093
1790186844237,3346,0.0925,0.0048
1790186844287,3347,0.0783,0.0042
1790186844338,3348,0.0774,0.0041
1790186844387,3349,0.0894,0.0041
1790186844437,3350,0.0856,0.0044
1790186844487,3351,0.0815,0.0038
1790186844538,3352,0.0776,0.0035
1790186844587,3353,0.1259,0.0071
1790186844637,3354,0.1329,0.0076
1790186844688,3355,0.1038,0.0064
1790186844738,3356,0.0946,0.0064
1790186844787,3357,0.0823,0.0062
1790186844838,3358,0.1604,0.0100
1790186844888,3359,0.1477,0.0088
1790186844937,3360,0.1558,0.0091
1790186844988,3361,0.1188,0.0081
1790186845038,3362,0.1017,0.0075
1790186845087,3363,0.1281,0.0086
1790186845137,3364,0.1037,0.0078
1790186845188,3365,0.0882,0.0054
1790186845238,3366,0.0833,0.0050
1790186845288,3367,0.0814,0.0045
1790186845337,3368,0.0756,0.0040
1790186845387,3369,0.0772,0.0039
1790186845437,3370,0.1016,0.0048
1790186845487,3371,0.0874,0.0045
1790186845537,3372,0.0785,0.0042
1790186845587,3373,0.1269,0.0072
1790186845639,3374,0.1277,0.0078
1790186845688,3375,0.1015,0.0069
1790186845738,3376,0.1062,0.0066
1790186845787,3377,0.0929,0.0065
1790186845837,3378,0.0881,0.0057
1790186845887,3379,0.1680,0.0106
1790186845937,3380,0.1536,0.0086
1790186845987,3381,0.1148,0.0085
1790186846037,3382,0.1061,0.0079
1790186846087,3383,0.1254,0.0079
1790186846137,3384,0.0964,0.0073
1790186846188,3385,0.0923,0.0065
1790186846238,3386,0.0877,0.0066
1790186846288,3387,0.0825,0.0057
1790186846337,3388,0.0799,0.0052
1790186846387,3389,0.0807,0.0046
1790186846438,3390,0.1064,0.0054
1790186846488,3391,0.0845,0.0047
1790186846537,3392,0.0754,0.0048
1790186846588,3393,0.1203,0.0069
1790186846638,3394,0.1152,0.0079
1790186846688,3395,0.1008,0.0069
1790186846738,3396,0.0850,0.0062
1790186846787,3397,0.0837,0.0056
1790186846837,3398,0.0790,0.0050
1790186846887,3399,0.0827,0.0058
1790186846937,3400,0.1842,0.0091
1790186846988,3401,0.1371,0.0084
1790186847038,3402,0.1173,0.0078
1790186847087,3403,0.1221,0.0080
1790186847137,3404,0.1013,0.0075
1790186847188,3405,0.1015,0.0074
1790186847238,3406,0.0939,0.0071
1790186847288,3407,0.1141,0.0073
1790186847337,3408,0.1013,0.0064
1790186847387,3409,0.0822,0.0051
1790186847438,3410,0.1166,0.0060
1790186847488,3411,0.1033,0.0065
1790186847537,3412,0.0876,0.0055
1790186847588,3413,0.0879,0.0050
1790186847638,3414,0.1279,0.0068
1790186847687,3415,0.1094,0.0062
1790186847737,3416,0.0912,0.0061
1790186847788,3417,0.1432,0.0073
1790186847837,3418,0.0819,0.0053
1790186847888,3419,0.0747,0.0049
1790186847938,3420,0.1842,0.0101
1790186847988,3421,0.1671,0.0105
1790186848037,3422,0.3477,0.0092
1790186848087,3423,0.1164,0.0082
1790186848137,3424,0.1120,0.0080
1790186848187,3425,0.1027,0.0076
1790186848238,3426,0.0922,0.0065
1790186848287,3427,0.0981,0.0069
1790186848338,3428,0.0874,0.0053
1790186848388,3429,0.0865,0.0049
1790186848438,3430,0.0897,0.0049
1790186848487,3431,0.1104,0.0057
1790186848538,3432,0.0831,0.0048
1790186848588,3433,0.0814,0.0050
1790186848637,3434,0.1093,0.0065
1790186848687,3435,0.1211,0.0069
1790186848737,3436,0.0930,0.0061
1790186848788,3437,0.0976,0.0055
1790186848837,3438,0.0791,0.0056
1790186848888,3439,0.0785,0.0046
1790186848938,3440,0.1000,0.0084
1790186848988,3441,0.1680,0.0106
1790186849037,3442,0.1665,0.0098
1790186849087,3443,0.1028,0.0082
1790186849138,3444,0.1233,0.0086
1790186849188,3445,0.1054,0.0080
1790186849237,3446,0.0944,0.0068
1790186849287,3447,0.2255,0.0133
1790186849337,3448,0.1697,0.0108
1790186849388,3449,0.1043,0.0086
1790186849438,3450,0.1117,0.0079
1790186849488,3451,0.1321,0.0086
1790186849537,3452,0.1006,0.0078
1790186849587,3453,0.0954,0.0072
1790186849638,3454,0.1398,0.0091
1790186849688,3455,0.1391,0.0089
1790186849737,3456,0.1030,0.0076
1790186849788,3457,0.0972,0.0064
1790186849838,3458,0.2137,0.0130
1790186849887,3459,0.1872,0.0125
1790186849937,3460,0.1950,0.0118
1790186849988,3461,0.1786,0.0125
1790186850038,3462,0.1855,0.0109
1790186850088,3463,0.1412,0.0092
1790186850138,3464,0.1393,0.0096
1790186850188,3465,0.1236,0.0095
1790186850237,3466,0.0974,0.0080
1790186850287,3467,0.0900,0.0070
1790186850337,3468,0.0952,0.0060
1790186850388,3469,0.0823,0.0092
1790186850437,3470,0.1370,0.0079
1790186850487,3471,0.2004,0.0126
1790186850538,3472,0.1265,0.0090
1790186850588,3473,0.1199,0.0100
1790186850638,3474,0.1171,0.0089
1790186850688,3475,0.1352,0.0089
1790186850737,3476,0.1097,0.0079
1790186850788,3477,0.0982,0.0078
1790186850837,3478,0.0999,0.0072
1790186850887,3479,0.0878,0.0073
1790186850938,3480,0.1003,0.0066
1790186850988,3481,0.0849,0.0049
1790186851037,3482,0.1691,0.0104
1790186851088,3483,0.1534,0.0095
1790186851138,3484,0.1549,0.0089
1790186851188,3485,0.1509,0.0136
1790186851238,3486,0.1254,0.0080
1790186851287,3487,0.0983,0.0073
1790186851338,3488,0.0930,0.0061
1790186851388,3489,0.0858,0.0065
1790186851438,3490,0.0892,0.0061
1790186851487,3491,0.1027,0.0066
1790186851538,3492,0.0957,0.0051
1790186851588,3493,0.0828,0.0048
1790186851637,3494,0.0912,0.0052
1790186851687,3495,0.1370,0.0075
1790186851738,3496,0.1163,0.0071
1790186851788,3497,0.0898,0.0065
1790186851837,3498,0.0847,0.0053
1790186851888,3499,0.0993,0.0053
1790186851937,3500,0.1079,0.0049
1790186851988,3501,0.1046,0.0051
1790186852038,3502,0.0867,0.0047
1790186852088,3503,0.1935,0.0121
1790186852138,3504,0.1761,0.0115
1790186852188,3505,0.1174,0.0145
1790186852237,3506,0.1220,0.0092
1790186852287,3507,0.1026,0.0079
1790186852337,3508,0.0933,0.0071
1790186852388,3509,0.1570,0.0079
1790186852437,3510,0.0896,0.0056
1790186852487,3511,0.0815,0.0054
1790186852537,3512,0.1127,0.0071
1790186852587,3513,0.0867,0.0062
1790186852637,3514,0.0990,0.0070
1790186852687,3515,0.1723,0.0105
1790186852737,3516,0.1682,0.0100
1790186852787,3517,0.1111,0.0079
1790186852838,3518,0.1018,0.0079
1790186852887,3519,0.0938,0.0072
1790186852938,3520,0.1039,0.0069
1790186852987,3521,0.0901,0.0066
1790186853038,3522,0.2625,0.0064
1790186853087,3523,0.0864,0.0058
1790186853137,3524,0.1750,0.0104
1790186853187,3525,0.1747,0.0165
1790186853237,3526,0.1555,0.0102
1790186853287,3527,0.0980,0.0076
1790186853338,3528,0.0956,0.0063
1790186853387,3529,0.0824,0.0049
1790186853437,3530,0.0856,0.0046
1790186853487,3531,0.0822,0.0045
1790186853538,3532,0.1615,0.0096
1790186853587,3533,0.1029,0.0082
1790186853637,3534,0.1056,0.0084
1790186853689,3535,0.2008,0.0112
1790186853737,3536,0.1163,0.0078
1790186853788,3537,0.0994,0.0077
1790186853837,3538,0.0896,0.0069
1790186853888,3539,0.0862,0.0068
1790186853937,3540,0.0948,0.0061
1790186853987,3541,0.0829,0.0062
1790186854037,3542,0.0872,0.0061
1790186854088,3543,0.0818,0.0054
1790186854137,3544,0.1291,0.0070
1790186854188,3545,0.1713,0.0157
1790186854237,3546,0.1412,0.0089
1790186854288,3547,0.0933,0.0065
1790186854338,3548,0.0911,0.0067
1790186854387,3549,0.0908,0.0057
1790186854437,3550,0.0929,0.0051
1790186854488,3551,0.0829,0.0052
1790186854537,3552,0.0984,0.0058
1790186854587,3553,0.0852,0.0050
1790186854638,3554,0.0883,0.0046
1790186854688,3555,0.0969,0.0054
1790186854737,3556,0.1295,0.0059
1790186854788,3557,0.0865,0.0048
1790186854838,3558,0.0831,0.0047
1790186854887,3559,0.0762,0.0045
1790186854937,3560,0.0914,0.0037
1790186854987,3561,0.1021,0.0047
1790186855038,3562,0.0826,0.0039
1790186855087,3563,0.0782,0.0039
1790186855138,3564,0.0816,0.0099
1790186855188,3565,0.1772,0.0154
1790186855237,3566,0.1703,0.0106
1790186855287,3567,0.1161,0.0077
1790186855339,3568,0.0923,0.0072
1790186855388,3569,0.0880,0.0063
1790186855438,3570,0.0914,0.0061
1790186855488,3571,0.0852,0.0058
1790186855537,3572,0.0855,0.0053
1790186855587,3573,0.1074,0.0060
1790186855637,3574,0.0848,0.0053
1790186855688,3575,0.1170,0.0065
1790186855737,3576,0.1349,0.0071
1790186855787,3577,0.0927,0.0080
1790186855837,3578,0.1010,0.0063
1790186855888,3579,0.0795,0.0057
1790186855938,3580,0.0919,0.0048
1790186855987,3581,0.0797,0.0047
1790186856037,3582,0.0808,0.0045
1790186856088,3583,0.0904,0.0054
1790186856138,3584,0.0834,0.0066
1790186856188,3585,0.1360,0.0118
1790186856238,3586,0.1871,0.0114
1790186856288,3587,0.1129,0.0086
1790186856337,3588,0.1002,0.0079
1790186856388,3589,0.0897,0.0077
1790186856437,3590,0.0913,0.0062
1790186856488,3591,0.0878,0.0053
1790186856538,3592,0.0830,0.0051
1790186856587,3593,0.1026,0.0063
1790186856637,3594,0.0989,0.0064
1790186856688,3595,0.1005,0.0058
1790186856738,3596,0.1222,0.0067
1790186856787,3597,0.0889,0.0060
1790186856837,3598,0.0911,0.0064
1790186856888,3599,0.0827,0.0056
1790186856939,3600,0.1650,0.0079
1790186856987,3601,0.0855,0.0048
1790186857038,3602,0.0836,0.0049
1790186857087,3603,0.0781,0.0049
1790186857137,3604,0.0763,0.0040
1790186857187,3605,0.1277,0.0065
1790186857237,3606,0.2153,0.0100
1790186857288,3607,0.1611,0.0101
1790186857337,3608,0.1217,0.0080
1790186857388,3609,0.0935,0.0067
1790186857437,3610,0.0914,0.0054
1790186857487,3611,0.1805,0.0112
1790186857537,3612,0.2147,0.0129
1790186857587,3613,0.1903,0.0126
1790186857638,3614,0.1460,0.0103
1790186857687,3615,0.1296,0.0088
1790186857738,3616,0.1508,0.0099
1790186857787,3617,0.1251,0.0092
1790186857838,3618,0.1044,0.0078
1790186857887,3619,0.0929,0.0073
1790186857937,3620,0.1022,0.0062
1790186857988,3621,0.0899,0.0063
1790186858037,3622,0.0914,0.0060
1790186858087,3623,0.2824,0.0055
1790186858137,3624,0.0850,0.0045
1790186858187,3625,0.0998,0.0050
1790186858238,3626,0.0891,0.0047
1790186858287,3627,0.2804,0.1275
1790186858338,3628,0.2157,0.0363
1790186858388,3629,0.1449,0.3137
1790186858437,3630,0.0933,0.0077
1790186858488,3631,0.0706,0.0070
1790186858537,3632,0.0733,0.0068
1790186858587,3633,0.0769,0.0052
1790186858637,3634,0.1110,0.0078
1790186858688,3635,0.0998,0.0082
1790186858737,3636,0.0906,0.0078
1790186858787,3637,0.0880,0.0074
1790186858837,3638,0.1025,0.0070
1790186858887,3639,0.0818,0.0071
1790186858938,3640,0.0796,0.0055
1790186858987,3641,0.0680,0.0056
1790186859037,3642,0.0671,0.0056
1790186859087,3643,0.0636,0.0047
1790186859137,3644,0.3408,0.2811
1790186859187,3645,0.1748,0.0134
1790186859237,3646,0.3648,0.5819
1790186859288,3647,0.1841,0.0134
1790186859338,3648,0.1529,0.3599
1790186859388,3649,0.1417,0.0117
1790186859438,3650,0.1161,0.0092
1790186859488,3651,0.0862,0.0085
1790186859537,3652,0.0743,0.0067
1790186859588,3653,0.0731,0.0070
1790186859637,3654,0.1009,0.0083
1790186859687,3655,0.1049,0.0075
1790186859738,3656,0.1672,0.1011
1790186859787,3657,0.1164,0.0084
1790186859838,3658,0.0968,0.0069
1790186859888,3659,0.0707,0.0067
1790186859938,3660,0.1166,0.0086
1790186859988,3661,0.1520,0.0132
1790186860037,3662,0.1490,0.0128
1790186860087,3663,0.1182,0.0102
1790186860137,3664,0.1100,0.0084
1790186860188,3665,0.0807,0.0068
1790186860237,3666,0.0973,0.0085
1790186860289,3667,0.0934,0.0102
1790186860337,3668,0.0916,0.0077
1790186860388,3669,0.1269,0.0107
1790186860438,3670,0.1141,0.0092
1790186860489,3671,0.0993,0.0077
1790186860538,3672,0.1678,0.1022
1790186860587,3673,0.0820,0.0066
1790186860637,3674,0.1318,0.0098
1790186860687,3675,0.1036,0.0091
1790186860738,3676,0.2178,0.1130
1790186860787,3677,0.1255,0.0104
1790186860838,3678,0.1029,0.0085
1790186860887,3679,0.0777,0.0072
1790186860937,3680,0.0888,0.0074
1790186860987,3681,0.0753,0.0070
1790186861038,3682,0.1000,0.0075
1790186861087,3683,0.0686,0.0059
1790186861137,3684,0.0681,0.0082
1790186861188,3685,0.0640,0.0052
1790186861237,3686,0.1498,0.0125
1790186861287,3687,0.1125,0.0104
1790186861338,3688,0.1890,0.1107
1790186861387,3689,0.1401,0.0113
1790186861437,3690,0.1851,0.0134
1790186861487,3691,0.1569,0.0133
1790186861537,3692,0.2542,0.0925
1790186861587,3693,0.1586,0.0136
1790186861638,3694,0.1820,0.0128
1790186861688,3695,0.1287,0.0115
1790186861738,3696,0.1146,0.0104
1790186861788,3697,0.1585,0.0127
1790186861838,3698,0.0975,0.0095
1790186861887,3699,0.0785,0.0082
1790186861938,3700,0.0887,0.0077
1790186861987,3701,0.0971,0.0083
1790186862038,3702,0.0740,0.0077
1790186862087,3703,0.0758,0.0069
1790186862137,3704,0.0822,0.0058
1790186862187,3705,0.1171,0.0081
1790186862238,3706,0.1218,0.0107
1790186862287,3707,0.0983,0.0085
1790186862338,3708,0.1697,0.0862
1790186862388,3709,0.0700,0.0066
1790186862437,3710,0.1916,0.0134
1790186862487,3711,0.1505,0.0118
1790186862538,3712,0.0928,0.0106
1790186862588,3713,0.1027,0.0082
1790186862637,3714,0.0946,0.0090
1790186862687,3715,0.1022,0.0086
1790186862738,3716,0.1034,0.0083
1790186862787,3717,0.0846,0.0084
1790186862837,3718,0.1110,0.0070
1790186862888,3719,0.0719,0.0063
1790186862938,3720,0.1118,0.0078
1790186862988,3721,0.0913,0.0068
1790186863038,3722,0.0974,0.0066
1790186863087,3723,0.0882,0.0065
1790186863138,3724,0.3058,0.0862
1790186863187,3725,0.0830,0.0055
1790186863237,3726,0.1109,0.0080
1790186863288,3727,0.0686,0.0066
1790186863337,3728,0.0741,0.0067
1790186863388,3729,0.0775,0.0049
1790186863437,3730,0.0674,0.0049
1790186863488,3731,0.1392,0.0107
1790186863538,3732,0.1160,0.0087
1790186863587,3733,0.0893,0.0078
1790186863638,3734,0.0919,0.0079
1790186863688,3735,0.1273,0.0101
1790186863738,3736,0.0967,0.0079
1790186863788,3737,0.0846,0.0080
1790186863837,3738,0.1104,0.0089
1790186863888,3739,0.1045,0.0082
1790186863938,3740,0.1650,0.0850
1790186863987,3741,0.0926,0.0074
1790186864038,3742,0.0803,0.0070
1790186864087,3743,0.0677,0.0069
1790186864137,3744,0.0700,0.0062
1790186864187,3745,0.0652,0.0049
1790186864237,3746,0.0753,0.0060
1790186864287,3747,0.0678,0.0059
1790186864337,3748,0.0806,0.0056
1790186864387,3749,0.0605,0.0048
1790186864438,3750,0.0652,0.0044
1790186864487,3751,0.1181,0.0099
1790186864537,3752,0.1168,0.0086
1790186864587,3753,0.0896,0.0074
1790186864638,3754,0.0902,0.0072
1790186864688,3755,0.1097,0.0074
1790186864738,3756,0.0909,0.0075
1790186864787,3757,0.0752,0.0069
1790186864837,3758,0.0932,0.0073
1790186864887,3759,0.0872,0.0059
1790186864937,3760,0.0762,0.0054
1790186864987,3761,0.0637,0.0052
1790186865038,3762,0.0981,0.0059
1790186865087,3763,0.0637,0.0050
1790186865137,3764,0.0619,0.0051
1790186865187,3765,0.0619,0.0045
1790186865238,3766,0.0582,0.0041
1790186865287,3767,0.0936,0.0065
1790186865337,3768,0.0821,0.0056
1790186865388,3769,0.0769,0.0041
1790186865438,3770,0.0641,0.0038
1790186865487,3771,0.0586,0.0039
1790186865538,3772,0.1362,0.0112
1790186865587,3773,0.1209,0.0098
1790186865637,3774,0.1244,0.0090
1790186865687,3775,0.0950,0.0083
1790186865738,3776,0.1563,0.0107
1790186865788,3777,0.0773,0.0077
1790186865837,3778,0.1063,0.0093
1790186865889,3779,0.0781,0.0078
1790186865937,3780,0.0991,0.0072
1790186865987,3781,0.0684,0.0062
1790186866038,3782,0.0660,0.0064
1790186866088,3783,0.0795,0.0057
1790186866138,3784,0.1140,0.0079
1790186866187,3785,0.0628,0.0046
1790186866238,3786,0.0592,0.0044
1790186866287,3787,0.0995,0.0070
1790186866337,3788,0.1084,0.0064
1790186866388,3789,0.0611,0.0042
1790186866438,3790,0.0799,0.0041
1790186866487,3791,0.0588,0.0037
1790186866538,3792,0.0581,0.0038
1790186866588,3793,0.1420,0.0113
1790186866637,3794,0.1254,0.0101
1790186866688,3795,0.0857,0.0095
1790186866737,3796,0.0882,0.0092
1790186866787,3797,0.0964,0.0081
1790186866838,3798,0.0789,0.0079
1790186866888,3799,0.0979,0.0090
1790186866938,3800,0.0842,0.0075
1790186866987,3801,0.0713,0.0075
1790186867038,3802,0.0710,0.0071
1790186867088,3803,0.0684,0.0070
1790186867138,3804,0.0806,0.0056
1790186867188,3805,0.0660,0.0058
1790186867238,3806,0.0625,0.0057
1790186867288,3807,0.0978,0.0073
1790186867337,3808,0.0738,0.0064
1790186867388,3809,0.0647,0.0052
1790186867437,3810,0.0644,0.0043
1790186867488,3811,0.0731,0.0043
1790186867538,3812,0.0657,0.0040
1790186867587,3813,0.1307,0.0108
1790186867637,3814,0.1384,0.0117
1790186867687,3815,0.1117,0.0093
1790186867738,3816,0.1004,0.0103
1790186867788,3817,0.0941,0.0090
1790186867838,3818,0.1007,0.0083
1790186867887,3819,0.1013,0.0095
1790186867938,3820,0.0847,0.0077
1790186867988,3821,0.0699,0.0068
1790186868037,3822,0.0780,0.0063
1790186868087,3823,0.0734,0.0066
1790186868138,3824,0.0642,0.0060
1790186868187,3825,0.2141,0.0050
1790186868238,3826,0.0888,0.0304
1790186868288,3827,0.1461,0.0451
1790186868337,3828,0.1213,0.0296
1790186868387,3829,0.0650,0.0048
1790186868438,3830,0.0776,0.0049
1790186868488,3831,0.0649,0.0041
1790186868538,3832,0.0753,0.0039
1790186868588,3833,0.0683,0.0038
1790186868637,3834,0.1507,0.0112
1790186868688,3835,0.1293,0.0107
1790186868738,3836,0.0862,0.0072
1790186868788,3837,0.1129,0.0092
1790186868837,3838,0.0864,0.0077
1790186868888,3839,0.1084,0.0074
1790186868938,3840,0.0965,0.0071
1790186868989,3841,0.0711,0.0065
1790186869037,3842,0.0851,0.0230
1790186869087,3843,0.0707,0.0057
1790186869138,3844,0.0690,0.0047
1790186869188,3845,0.0764,0.0075
1790186869238,3846,0.0828,0.0051
1790186869288,3847,0.1381,0.0643
1790186869338,3848,0.0706,0.0052
1790186869388,3849,0.0607,0.0041
1790186869437,3850,0.1406,0.0082
1790186869487,3851,0.1378,0.0101
1790186869537,3852,0.1493,0.0098
1790186869587,3853,0.0763,0.0069
1790186869638,3854,0.0774,0.0069
1790186869687,3855,0.1368,0.0103
1790186869738,3856,0.1029,0.0080
1790186869788,3857,0.1199,0.0070
1790186869838,3858,0.0972,0.0069
1790186869888,3859,0.0778,0.0060
1790186869937,3860,0.1396,0.0069
1790186869987,3861,0.0756,0.0057
1790186870037,3862,0.1305,0.0094
1790186870087,3863,0.1596,0.0123
1790186870138,3864,0.1683,0.0127
1790186870187,3865,0.1298,0.0101
1790186870238,3866,0.0961,0.0070
1790186870287,3867,0.0975,0.0076
1790186870338,3868,0.0773,0.0069
1790186870387,3869,0.0790,0.0066
1790186870438,3870,0.0796,0.0068
1790186870488,3871,0.1703,0.0119
1790186870537,3872,0.1048,0.0090
1790186870587,3873,0.0847,0.0077
1790186870638,3874,0.0847,0.0076
1790186870687,3875,0.1326,0.0097
1790186870737,3876,0.1322,0.0094
1790186870787,3877,0.1280,0.0100
1790186870837,3878,0.1164,0.0076
1790186870887,3879,0.0753,0.0070
1790186870937,3880,0.1054,0.0074
1790186870988,3881,0.0747,0.0064
1790186871037,3882,0.0699,0.0057
1790186871088,3883,0.0690,0.0064
1790186871137,3884,0.0725,0.0057
1790186871187,3885,0.1285,0.0071
1790186871237,3886,0.1487,0.0114
1790186871287,3887,0.1307,0.0108
1790186871337,3888,0.1013,0.0082
1790186871388,3889,0.0804,0.0076
1790186871437,3890,0.0944,0.0084
1790186871487,3891,0.0854,0.0076
1790186871537,3892,0.1548,0.0104
1790186871587,3893,0.1015,0.0084
1790186871637,3894,0.0999,0.0088
1790186871688,3895,0.0872,0.0072
1790186871738,3896,0.1408,0.0110
1790186871788,3897,0.1111,0.0087
1790186871838,3898,0.1083,0.0086
1790186871888,3899,0.1025,0.0076
1790186871938,3900,0.1043,0.0075
1790186871988,3901,0.0728,0.0069
1790186872038,3902,0.0727,0.0061
1790186872088,3903,0.0701,0.0060
1790186872137,3904,0.0766,0.0056
1790186872187,3905,0.0733,0.0054
1790186872238,3906,0.1369,0.0081
1790186872287,3907,0.0610,0.0047
1790186872337,3908,0.0903,0.0065
1790186872387,3909,0.1042,0.0077
1790186872437,3910,0.0998,0.0070
1790186872487,3911,0.0921,0.0065
1790186872538,3912,0.0733,0.0047
1790186872587,3913,0.0775,0.0040
1790186872637,3914,0.0706,0.0049
1790186872688,3915,0.0650,0.0047
1790186872737,3916,0.0689,0.0043
1790186872788,3917,0.1493,0.0107
1790186872838,3918,0.1474,0.0107
1790186872888,3919,0.1096,0.0090
1790186872938,3920,0.1299,0.0069
1790186872987,3921,0.1191,0.0074
1790186873037,3922,0.0739,0.0070
1790186873088,3923,0.0713,0.0068
1790186873137,3924,0.0670,0.0053
1790186873187,3925,0.0703,0.0053
1790186873237,3926,0.1984,0.0057
1790186873288,3927,0.0948,0.0048
1790186873337,3928,0.1165,0.0081
1790186873387,3929,0.1156,0.0079
1790186873438,3930,0.0774,0.0064
1790186873488,3931,0.0692,0.0058
1790186873537,3932,0.0646,0.0051
1790186873587,3933,0.0711,0.0053
1790186873638,3934,0.0921,0.0057
1790186873688,3935,0.0655,0.0045
1790186873738,3936,0.1014,0.0046
1790186873788,3937,0.0906,0.0046
1790186873838,3938,0.1501,0.0111
1790186873887,3939,0.1178,0.0089
1790186873937,3940,0.0909,0.0074
1790186873988,3941,0.1390,0.0089
1790186874038,3942,0.1304,0.0091
1790186874088,3943,0.0764,0.0070
1790186874139,3944,0.0836,0.0064
1790186874187,3945,0.0780,0.0060
1790186874238,3946,0.0733,0.0060
1790186874288,3947,0.0671,0.0055
1790186874338,3948,0.1157,0.0062
1790186874388,3949,0.0778,0.0068
1790186874437,3950,0.0729,0.0059
1790186874487,3951,0.0658,0.0055
1790186874538,3952,0.0634,0.0046
1790186874587,3953,0.0620,0.0040
1790186874638,3954,0.0681,0.0046
1790186874687,3955,0.0779,0.0037
1790186874738,3956,0.0598,0.0037
1790186874788,3957,0.0581,0.0035
1790186874838,3958,0.1457,0.0106
1790186874887,3959,0.1453,0.0107
1790186874937,3960,0.0970,0.0078
1790186874988,3961,0.0923,0.0080
1790186875037,3962,0.0963,0.0073
1790186875087,3963,0.0772,0.0067
1790186875138,3964,0.0685,0.0056
1790186875187,3965,0.0982,0.0053
1790186875238,3966,0.0725,0.0056
1790186875287,3967,0.0732,0.0064
1790186875338,3968,0.0835,0.0068
1790186875387,3969,0.0919,0.0055
1790186875438,3970,0.0738,0.0056
1790186875488,3971,0.1235,0.0097
1790186875537,3972,0.0825,0.0072
1790186875588,3973,0.0762,0.0080
1790186875638,3974,0.0815,0.0066
1790186875688,3975,0.0746,0.0061
1790186875737,3976,0.0882,0.0052
1790186875787,3977,0.0642,0.0050
1790186875838,3978,0.0737,0.0053
1790186875888,3979,0.1488,0.0118
1790186875937,3980,0.1475,0.0077
1790186875987,3981,0.0839,0.0076
1790186876038,3982,0.0855,0.0074
1790186876087,3983,0.0876,0.0080
1790186876138,3984,0.0864,0.0060
1790186876188,3985,0.1196,0.0076
1790186876239,3986,0.0776,0.0057
1790186876287,3987,0.0928,0.0060
1790186876338,3988,0.0854,0.0064
1790186876387,3989,0.0734,0.0057
1790186876437,3990,0.0732,0.0050
1790186876488,3991,0.0779,0.0047
1790186876537,3992,0.0615,0.0049
1790186876587,3993,0.0597,0.0038
1790186876637,3994,0.0841,0.0044
1790186876688,3995,0.0612,0.0038
1790186876737,3996,0.0596,0.0038
1790186876788,3997,0.0586,0.0039
1790186876839,3998,0.0694,0.0034
1790186876888,3999,0.0815,0.0046
1790186876937,4000,0.1490,0.0100
1790186876987,4001,0.1003,0.0069
1790186877037,4002,0.1157,0.0071
1790186877087,4003,0.0884,0.0071
1790186877138,4004,0.0724,0.0066
1790186877188,4005,0.0710,0.0062
1790186877238,4006,0.0848,0.0062
1790186877288,4007,0.0978,0.0074
1790186877337,4008,0.0996,0.0075
1790186877387,4009,0.0991,0.0067
1790186877437,4010,0.0789,0.0066
1790186877487,4011,0.0684,0.0057
1790186877538,4012,0.0648,0.0053
1790186877588,4013,0.0616,0.0043
1790186877637,4014,0.0770,0.0055
1790186877688,4015,0.0663,0.0047
1790186877737,4016,0.0754,0.0047
1790186877788,4017,0.0673,0.0041
1790186877838,4018,0.0588,0.0037
1790186877888,4019,0.0820,0.0050
1790186877937,4020,0.1460,0.0096
1790186877987,4021,0.1325,0.0096
1790186878038,4022,0.1295,0.0098
1790186878087,4023,0.1665,0.0079
1790186878138,4024,0.0812,0.0068
1790186878188,4025,0.0767,0.0054
1790186878237,4026,0.1189,0.0078
1790186878288,4027,0.2404,0.0055
1790186878338,4028,0.0664,0.0050
1790186878387,4029,0.0805,0.0059
1790186878437,4030,0.0904,0.0057
1790186878488,4031,0.0643,0.0044
1790186878538,4032,0.0628,0.0043
1790186878588,4033,0.0583,0.0036
1790186878637,4034,0.0901,0.0040
1790186878689,4035,0.0627,0.0034
1790186878738,4036,0.0579,0.0033
1790186878787,4037,0.0576,0.0032
1790186878838,4038,0.0718,0.0034
1790186878887,4039,0.0627,0.0035
1790186878937,4040,0.1201,0.0072
1790186878988,4041,0.1534,0.0103
1790186879038,4042,0.1204,0.0082
1790186879087,4043,0.1069,0.0077
1790186879138,4044,0.0774,0.0064
1790186879188,4045,0.0890,0.0066
1790186879238,4046,0.0679,0.0060
1790186879288,4047,0.0661,0.0062
1790186879338,4048,0.0879,0.0063
1790186879387,4049,0.0935,0.0073
1790186879438,4050,0.0796,0.0064
1790186879487,4051,0.0631,0.0050
1790186879537,4052,0.1547,0.0098
1790186879587,4053,0.1370,0.0104
1790186879637,4054,0.1093,0.0085
1790186879687,4055,0.1014,0.0075
1790186879737,4056,0.0747,0.0068
1790186879788,4057,0.0716,0.0056
1790186879838,4058,0.0690,0.0060
1790186879888,4059,0.0775,0.0053
1790186879938,4060,0.1547,0.0085
1790186879987,4061,0.0773,0.0068
1790186880038,4062,0.1726,0.0111
1790186880088,4063,0.1444,0.0109
1790186880137,4064,0.1439,0.0107
1790186880187,4065,0.1666,0.0131
1790186880238,4066,0.1759,0.0113
1790186880287,4067,0.1353,0.0093
1790186880338,4068,0.0913,0.0076
1790186880388,4069,0.1013,0.0082
1790186880438,4070,0.1068,0.0076
1790186880487,4071,0.1013,0.0075
1790186880537,4072,0.0838,0.0071
1790186880588,4073,0.0696,0.0060
1790186880638,4074,0.0913,0.0060
1790186880687,4075,0.0722,0.0061
1790186880738,4076,0.0666,0.0059
1790186880788,4077,0.0834,0.0058
1790186880837,4078,0.0638,0.0052
1790186880887,4079,0.0615,0.0045
1790186880938,4080,0.0936,0.0052
1790186880987,4081,0.0857,0.0048
1790186881038,4082,0.1469,0.0110
1790186881087,4083,0.1469,0.0111
1790186881137,4084,0.1075,0.0078
1790186881188,4085,0.0804,0.0071
1790186881237,4086,0.0721,0.0066
1790186881287,4087,0.0733,0.0067
1790186881338,4088,0.0863,0.0058
1790186881387,4089,0.1071,0.0077
1790186881437,4090,0.0933,0.0073
1790186881487,4091,0.0912,0.0061
1790186881538,4092,0.0681,0.0054
1790186881587,4093,0.0648,0.0052
1790186881637,4094,0.0741,0.0056
1790186881688,4095,0.0842,0.0052
1790186881737,4096,0.0673,0.0055
1790186881787,4097,0.0611,0.0050
1790186881838,4098,0.0739,0.0044
1790186881887,4099,0.0576,0.0035
1790186881937,4100,0.0849,0.0044
1790186881988,4101,0.0650,0.0047
1790186882038,4102,0.0594,0.0040
1790186882088,4103,0.1482,0.0111
1790186882137,4104,0.1386,0.0084
1790186882188,4105,0.0883,0.0070
1790186882237,4106,0.0746,0.0070
1790186882288,4107,0.0690,0.0062
1790186882338,4108,0.0829,0.0052
1790186882388,4109,0.0896,0.0064
1790186882438,4110,0.0704,0.0059
1790186882488,4111,0.0880,0.0059
1790186882538,4112,0.0685,0.0053
1790186882588,4113,0.0657,0.0044
1790186882637,4114,0.0691,0.0048
1790186882687,4115,0.0803,0.0041
1790186882739,4116,0.0727,0.0050
1790186882787,4117,0.0595,0.0047
1790186882837,4118,0.0745,0.0193
1790186882888,4119,0.0755,0.0213
1790186882938,4120,0.0969,0.0186
1790186882988,4121,0.0650,0.0046
1790186883037,4122,0.0815,0.0042
1790186883087,4123,0.0931,0.0065
1790186883137,4124,0.1489,0.0113
1790186883187,4125,0.0968,0.0079
1790186883237,4126,0.1045,0.0075
1790186883288,4127,0.0795,0.0074
1790186883337,4128,0.2326,0.0067
1790186883388,4129,0.0955,0.0074
1790186883437,4130,0.0759,0.0059
1790186883487,4131,0.0767,0.0064
1790186883538,4132,0.0658,0.0051
1790186883587,4133,0.0837,0.0048
1790186883637,4134,0.0739,0.0055
1790186883687,4135,0.0659,0.0049
1790186883738,4136,0.0639,0.0043
1790186883788,4137,0.0747,0.0036
1790186883838,4138,0.1478,0.0099
1790186883888,4139,0.1905,0.0109
1790186883937,4140,0.1780,0.0358
1790186883987,4141,0.1644,0.0471
1790186884037,4142,0.1122,0.0263
1790186884088,4143,0.1185,0.0217
1790186884138,4144,0.1005,0.0058
1790186884188,4145,0.1492,0.0089
1790186884237,4146,0.0888,0.0060
1790186884287,4147,0.0949,0.0057
1790186884337,4148,0.0749,0.0058
1790186884388,4149,0.0700,0.0051
1790186884437,4150,0.0923,0.0059
1790186884487,4151,0.1131,0.0058
1790186884538,4152,0.0716,0.0053
1790186884588,4153,0.0654,0.0059
1790186884638,4154,0.0876,0.0054
1790186884688,4155,0.0637,0.0043
1790186884738,4156,0.0659,0.0044
1790186884788,4157,0.0589,0.0035
1790186884837,4158,0.0722,0.0035
1790186884887,4159,0.0576,0.0035
1790186884938,4160,0.0658,0.0031
1790186884988,4161,0.1469,0.0064
1790186885038,4162,0.0664,0.0039
1790186885088,4163,0.0644,0.0043
1790186885137,4164,0.0922,0.0065
1790186885187,4165,0.1354,0.0079
1790186885237,4166,0.1180,0.0078
1790186885288,4167,0.0962,0.0073
1790186885338,4168,0.0904,0.0060
1790186885388,4169,0.0708,0.0059
1790186885438,4170,0.1007,0.0068
1790186885488,4171,0.0811,0.0064
1790186885537,4172,0.1109,0.0055
1790186885588,4173,0.0737,0.0050
1790186885638,4174,0.0994,0.0055
1790186885688,4175,0.0796,0.0049
1790186885738,4176,0.0598,0.0039
1790186885788,4177,0.0597,0.0038
1790186885838,4178,0.0584,0.0034
1790186885888,4179,0.0702,0.0030
1790186885937,4180,0.0660,0.0027
1790186885987,4181,0.0771,0.0041
1790186886038,4182,0.0812,0.0036
1790186886087,4183,0.0604,0.0035
1790186886138,4184,0.1012,0.0064
1790186886188,4185,0.0794,0.0055
1790186886237,4186,0.1339,0.0096
1790186886287,4187,0.1110,0.0074
1790186886338,4188,0.0782,0.0061
1790186886388,4189,0.0854,0.0057
1790186886438,4190,0.0988,0.0068
1790186886487,4191,0.1037,0.0065
1790186886537,4192,0.0698,0.0059
1790186886589,4193,0.0843,0.0046
1790186886637,4194,0.0620,0.0047
1790186886687,4195,0.0682,0.0040
1790186886737,4196,0.0737,0.0035
1790186886787,4197,0.0593,0.0037
1790186886838,4198,0.0598,0.0030
1790186886887,4199,0.0563,0.0029
1790186886938,4200,0.0783,0.0026
1790186886987,4201,0.0655,0.0029
1790186887037,4202,0.0767,0.0039
1790186887087,4203,0.0672,0.0039
1790186887138,4204,0.1418,0.0078
1790186887188,4205,0.0793,0.0057
1790186887238,4206,0.0874,0.0065
1790186887287,4207,0.1475,0.0083
1790186887337,4208,0.1097,0.0065
1790186887388,4209,0.0711,0.0058
1790186887437,4210,0.1012,0.0070
1790186887487,4211,0.1017,0.0056
1790186887537,4212,0.0678,0.0052
1790186887587,4213,0.0674,0.0050
1790186887637,4214,0.0641,0.0047
1790186887687,4215,0.0869,0.0043
1790186887737,4216,0.0626,0.0038
1790186887788,4217,0.0627,0.0039
1790186887837,4218,0.0715,0.0033
1790186887887,4219,0.0660,0.0035
1790186887938,4220,0.0669,0.0029
1790186887988,4221,0.0594,0.0029
1790186888038,4222,0.0889,0.0040
1790186888088,4223,0.0612,0.0036
1790186888137,4224,0.0576,0.0034
1790186888187,4225,0.1035,0.0046
1790186888237,4226,0.0604,0.0035
1790186888288,4227,0.1472,0.0101
1790186888337,4228,0.1261,0.0085
1790186888387,4229,0.2953,0.0061
1790186888437,4230,0.1043,0.0061
1790186888487,4231,0.0983,0.0072
1790186888537,4232,0.1055,0.0060
1790186888588,4233,0.0686,0.0055
1790186888637,4234,0.0667,0.0049
1790186888687,4235,0.0750,0.0048
1790186888738,4236,0.0777,0.0045
1790186888788,4237,0.0619,0.0045
1790186888838,4238,0.0613,0.0038
1790186888887,4239,0.0694,0.0038
1790186888937,4240,0.0674,0.0029
1790186888987,4241,0.0673,0.0036
1790186889037,4242,0.0776,0.0041
1790186889087,4243,0.0938,0.0038
1790186889138,4244,0.0649,0.0030
1790186889187,4245,0.0878,0.0047
1790186889237,4246,0.0855,0.0041
1790186889287,4247,0.0657,0.0040
1790186889337,4248,0.2008,0.0090
1790186889388,4249,0.0914,0.0060
1790186889437,4250,0.1431,0.0074
1790186889488,4251,0.0926,0.0067
1790186889537,4252,0.0811,0.0064
1790186889587,4253,0.0949,0.0062
1790186889638,4254,0.1369,0.0092
1790186889688,4255,0.1397,0.0093
1790186889737,4256,0.0936,0.0074
1790186889787,4257,0.0956,0.0064
1790186889838,4258,0.0743,0.0058
1790186889888,4259,0.0783,0.0059
1790186889937,4260,0.0888,0.0048
1790186889988,4261,0.0656,0.0045
1790186890037,4262,0.0706,0.0047
1790186890088,4263,0.0683,0.0045
1790186890138,4264,0.0645,0.0043
1790186890188,4265,0.0915,0.0057
1790186890238,4266,0.1840,0.0127
1790186890288,4267,0.1707,0.0112
1790186890337,4268,0.1592,0.0115
1790186890388,4269,0.1489,0.0108
1790186890437,4270,0.0998,0.0073
1790186890488,4271,0.1601,0.0131
1790186890537,4272,0.1074,0.0077
1790186890587,4273,0.0787,0.0069
1790186890638,4274,0.0896,0.0053
1790186890688,4275,0.0825,0.0063
1790186890738,4276,0.0720,0.0063
1790186890787,4277,0.0685,0.0055
1790186890838,4278,0.0855,0.0050
1790186890887,4279,0.0927,0.0042
1790186890938,4280,0.0719,0.0037
1790186890988,4281,0.0821,0.0043
1790186891037,4282,0.0596,0.0038
1790186891087,4283,0.0829,0.0049
1790186891138,4284,0.0778,0.0048
1790186891187,4285,0.0794,0.0049
1790186891237,4286,0.0671,0.0043
1790186891288,4287,0.1016,0.0042
1790186891338,4288,0.0807,0.0039
1790186891387,4289,0.1409,0.0099
1790186891438,4290,0.1225,0.0080
1790186891487,4291,0.1684,0.0088
1790186891538,4292,0.1160,0.0082
1790186891587,4293,0.0907,0.0065
1790186891638,4294,0.0720,0.0059
1790186891688,4295,0.0982,0.0057
1790186891738,4296,0.0712,0.0057
1790186891787,4297,0.1457,0.0112
1790186891837,4298,0.1562,0.0113
1790186891888,4299,0.1774,0.0110
1790186891937,4300,0.1595,0.0108
1790186891988,4301,0.1416,0.0104
1790186892037,4302,0.1586,0.0100
1790186892087,4303,0.1471,0.0097
1790186892138,4304,0.1376,0.0093
1790186892187,4305,0.1080,0.0079
1790186892238,4306,0.1046,0.0077
1790186892287,4307,0.0886,0.0069
1790186892337,4308,0.0799,0.0058
1790186892388,4309,0.0872,0.0047
1790186892438,4310,0.1425,0.0091
1790186892488,4311,0.1333,0.0093
1790186892537,4312,0.1195,0.0077
1790186892588,4313,0.1387,0.0090
1790186892637,4314,0.0836,0.0064
1790186892688,4315,0.0916,0.0059
1790186892737,4316,0.0928,0.0055
1790186892789,4317,0.0755,0.0064
1790186892837,4318,0.0996,0.0066
1790186892888,4319,0.0989,0.0069
1790186892938,4320,0.1189,0.0063
1790186892987,4321,0.0814,0.0063
1790186893037,4322,0.0776,0.0055
1790186893087,4323,0.0914,0.0059
1790186893138,4324,0.3768,0.3012
1790186893188,4325,0.4790,0.3339
1790186893237,4326,0.1723,0.0117
1790186893287,4327,0.1674,0.0110
1790186893338,4328,0.1621,0.0110
1790186893387,4329,0.1638,0.0104
1790186893438,4330,0.3430,0.0106
1790186893487,4331,0.1638,0.0105
1790186893538,4332,0.1860,0.0114
1790186893588,4333,0.1585,0.0105
1790186893637,4334,0.4411,0.3594
1790186893688,4335,0.1376,0.2938
1790186893738,4336,0.1190,0.0055
1790186893788,4337,0.0805,0.0049
1790186893839,4338,0.0993,0.0059
1790186893888,4339,0.1083,0.0070
1790186893938,4340,0.0965,0.0063
1790186893988,4341,0.0920,0.0261
1790186894037,4342,0.0692,0.0047
1790186894087,4343,0.0806,0.0048
1790186894137,4344,0.1231,0.0078
1790186894188,4345,0.1034,0.0060
1790186894237,4346,0.0850,0.0062
1790186894288,4347,0.0895,0.0064
1790186894338,4348,0.1390,0.0768
1790186894388,4349,0.1172,0.0073
1790186894437,4350,0.1176,0.0080
1790186894488,4351,0.1508,0.0081
1790186894538,4352,0.1748,0.0102
1790186894587,4353,0.2089,0.0098
1790186894638,4354,0.1614,0.0091
1790186894688,4355,0.1536,0.0092
1790186894738,4356,0.1372,0.0093
1790186894787,4357,0.1373,0.0090
1790186894837,4358,0.1259,0.0085
1790186894887,4359,0.1166,0.0086
1790186894937,4360,0.1459,0.0088
1790186894987,4361,0.0958,0.2583
1790186895038,4362,0.3940,0.3005
1790186895088,4363,0.1662,0.0115
1790186895138,4364,0.5217,0.3686
1790186895187,4365,0.1720,0.0139
1790186895238,4366,0.1704,0.0113
1790186895287,4367,0.5520,0.3877
1790186895338,4368,0.2419,0.0131
1790186895387,4369,0.2510,0.0130
1790186895438,4370,0.2694,0.0134
1790186895488,4371,0.2856,0.0104
1790186895537,4372,0.2988,0.0243
1790186895587,4373,0.5866,0.3453
1790186895637,4374,0.2540,0.0139
1790186895688,4375,0.2516,0.0127
1790186895738,4376,0.2448,0.0800
1790186895787,4377,0.1754,0.4843
1790186895837,4378,0.1814,0.4869
1790186895888,4379,0.1646,0.3713
1790186895938,4380,0.2576,0.0933
1790186895988,4381,0.1573,0.0084
1790186896038,4382,0.1644,0.0097
1790186896087,4383,0.1635,0.0101
1790186896138,4384,0.2121,0.3479
1790186896188,4385,0.1556,0.0084
1790186896238,4386,0.1442,0.0080
1790186896287,4387,0.1514,0.0099
1790186896337,4388,0.2469,0.1085
1790186896387,4389,0.1421,0.0086
1790186896437,4390,0.1512,0.0140
1790186896487,4391,0.1599,0.0093
1790186896537,4392,0.1440,0.0084
1790186896588,4393,0.1171,0.3170
1790186896638,4394,0.1514,0.0091
1790186896688,4395,0.1509,0.0090
1790186896738,4396,0.0935,0.0070
1790186896788,4397,0.0870,0.0069
1790186896837,4398,0.0845,0.0063
1790186896889,4399,0.0810,0.0061
1790186896937,4400,0.2170,0.1361
1790186896987,4401,0.0741,0.0043
1790186897038,4402,0.0911,0.0062
1790186897088,4403,0.0732,0.0042
1790186897137,4404,0.0747,0.0060
1790186897188,4405,0.0902,0.0093
1790186897238,4406,0.0801,0.0042
1790186897287,4407,0.0721,0.0059
1790186897337,4408,0.1880,0.1120
1790186897388,4409,0.0947,0.0048
1790186897437,4410,0.0955,0.0038
1790186897487,4411,0.0787,0.0035
1790186897537,4412,0.1996,0.1117
1790186897588,4413,0.0744,0.0063
1790186897638,4414,0.1556,0.0086
1790186897687,4415,0.1717,0.0166
1790186897738,4416,0.2087,0.1137
1790186897787,4417,0.0917,0.0067
1790186897837,4418,0.0904,0.0064
1790186897887,4419,0.0795,0.0059
1790186897938,4420,0.0972,0.0076
1790186897988,4421,0.0773,0.0048
1790186898037,4422,0.0800,0.0046
1790186898087,4423,0.0832,0.0042
1790186898138,4424,0.2098,0.1372
1790186898187,4425,0.1072,0.0047
1790186898237,4426,0.0900,0.0042
1790186898288,4427,0.0786,0.0043
1790186898337,4428,0.1400,0.0092
1790186898388,4429,0.1417,0.0070
1790186898438,4430,0.2383,0.0041
1790186898487,4431,0.1492,0.0065
1790186898537,4432,0.1992,0.1022
1790186898589,4433,0.0874,0.0047
1790186898637,4434,0.0954,0.0044
1790186898688,4435,0.1764,0.0101
1790186898737,4436,0.2477,0.1194
1790186898787,4437,0.0999,0.0067
1790186898838,4438,0.0994,0.0063
1790186898888,4439,0.0888,0.0063
1790186898937,4440,0.1808,0.0839
1790186898987,4441,0.0832,0.0074
1790186899038,4442,0.0933,0.0051
1790186899088,4443,0.0814,0.0050
1790186899138,4444,0.0829,0.0049
1790186899187,4445,0.0978,0.0052
1790186899238,4446,0.1140,0.0067
1790186899287,4447,0.0798,0.0057
1790186899337,4448,0.2497,0.1546
1790186899387,4449,0.0762,0.0050
1790186899438,4450,0.0990,0.0047
1790186899488,4451,0.0878,0.0047
1790186899538,4452,0.1022,0.0051
1790186899588,4453,0.0840,0.0044
1790186899637,4454,0.0774,0.0041
1790186899688,4455,0.1772,0.0169
1790186899738,4456,0.3168,0.1413
1790186899787,4457,0.1720,0.0241
1790186899838,4458,0.1237,0.0186
1790186899888,4459,0.0952,0.0066
1790186899937,4460,0.2138,0.1192
1790186899988,4461,0.1579,0.0074
1790186900037,4462,0.0958,0.0056
1790186900088,4463,0.0794,0.0056
1790186900138,4464,0.2003,0.1014
1790186900188,4465,0.1488,0.0066
1790186900237,4466,0.0958,0.0046
1790186900287,4467,0.1454,0.0074
1790186900338,4468,0.1673,0.0099
1790186900388,4469,0.1752,0.0107
1790186900438,4470,0.1798,0.0152
1790186900488,4471,0.1635,0.0101
1790186900537,4472,0.1818,0.0093
1790186900587,4473,0.0966,0.0071
1790186900638,4474,0.0853,0.0065
1790186900688,4475,0.1036,0.0066
1790186900738,4476,0.2851,0.1289
1790186900787,4477,0.1518,0.0087
1790186900838,4478,0.1296,0.0073
1790186900887,4479,0.0991,0.0063
1790186900938,4480,0.1121,0.0056
1790186900988,4481,0.0866,0.0056
1790186901038,4482,0.0862,0.0052
1790186901088,4483,0.0837,0.0051
1790186901138,4484,0.0833,0.0043
1790186901188,4485,0.0860,0.0047
1790186901237,4486,0.0902,0.0047
1790186901287,4487,0.0851,0.0053
1790186901338,4488,0.0799,0.0042
1790186901388,4489,0.1126,0.0057
1790186901438,4490,0.0949,0.0049
1790186901488,4491,0.0837,0.0043
1790186901537,4492,0.1192,0.0047
1790186901588,4493,0.0864,0.0044
1790186901638,4494,0.0798,0.0040
1790186901687,4495,0.1075,0.0053
1790186901738,4496,0.0864,0.0049
1790186901787,4497,0.1715,0.0098
1790186901837,4498,0.1222,0.0085
1790186901888,4499,0.1075,0.0056
1790186901938,4500,0.1103,0.0113
1790186901988,4501,0.0890,0.0064
1790186902037,4502,0.0862,0.0056
1790186902087,4503,0.0946,0.0060
1790186902137,4504,0.0912,0.0059
1790186902187,4505,0.0889,0.0053
1790186902237,4506,0.0824,0.0046
1790186902288,4507,0.0831,0.0043
1790186902338,4508,0.0795,0.0045
1790186902387,4509,0.1036,0.0058
1790186902438,4510,0.0972,0.0048
1790186902488,4511,0.0855,0.0043
1790186902537,4512,0.1035,0.0054
1790186902587,4513,0.0831,0.0044
1790186902638,4514,0.0853,0.0045
1790186902688,4515,0.0982,0.0047
1790186902737,4516,0.0836,0.0049
1790186902787,4517,0.1450,0.0090
1790186902837,4518,0.1564,0.0090
1790186902887,4519,0.1128,0.0066
1790186902937,4520,0.1081,0.0063
1790186902987,4521,0.0922,0.0052
1790186903037,4522,0.0863,0.0056
1790186903088,4523,0.0847,0.0051
1790186903138,4524,0.0944,0.0056
1790186903188,4525,0.1844,0.0103
1790186903237,4526,0.1782,0.0101
1790186903287,4527,0.1216,0.0080
1790186903338,4528,0.1044,0.0074
1790186903387,4529,0.0976,0.0065
1790186903438,4530,0.1296,0.0080
1790186903487,4531,0.3664,0.0086
1790186903537,4532,0.1949,0.0402
1790186903587,4533,0.1912,0.0290
1790186903638,4534,0.1140,0.0072
1790186903688,4535,0.1719,0.0086
1790186903738,4536,0.1074,0.0068
1790186903787,4537,0.0977,0.0060
1790186903837,4538,0.1672,0.0105
1790186903887,4539,0.1687,0.0101
1790186903937,4540,0.1376,0.0077
1790186903987,4541,0.1086,0.0070
1790186904037,4542,0.1003,0.0061
1790186904087,4543,0.0951,0.0055
1790186904138,4544,0.0949,0.0061
1790186904187,4545,0.0999,0.0166
1790186904237,4546,0.0896,0.0049
1790186904287,4547,0.0881,0.0055
1790186904338,4548,0.1084,0.0055
1790186904387,4549,0.0873,0.0050
1790186904438,4550,0.1101,0.0056
1790186904488,4551,0.0889,0.0049
1790186904537,4552,0.1047,0.0046
1790186904588,4553,0.1715,0.0091
1790186904638,4554,0.1551,0.0088
1790186904688,4555,0.1431,0.0086
1790186904738,4556,0.1065,0.0068
1790186904787,4557,0.0979,0.0065
1790186904838,4558,0.1036,0.0068
1790186904887,4559,0.1580,0.0097
1790186904938,4560,0.1625,0.0078
1790186904988,4561,0.1254,0.0074
1790186905038,4562,0.0994,0.0059
1790186905089,4563,0.0914,0.0065
1790186905137,4564,0.0902,0.0129
1790186905188,4565,0.0869,0.0052
1790186905237,4566,0.0762,0.0051
1790186905287,4567,0.1115,0.0054
1790186905338,4568,0.1046,0.0057
1790186905388,4569,0.0876,0.0058
1790186905437,4570,0.1152,0.0054
1790186905488,4571,0.0918,0.0046
1790186905537,4572,0.1020,0.0052
1790186905588,4573,0.1429,0.0073
1790186905638,4574,0.1000,0.0057
1790186905688,4575,0.2003,0.0821
1790186905738,4576,0.0941,0.0061
1790186905788,4577,0.0839,0.0057
1790186905837,4578,0.0960,0.0061
1790186905887,4579,0.0908,0.0056
1790186905937,4580,0.1741,0.0083
1790186905987,4581,0.1265,0.0072
1790186906037,4582,0.1024,0.0070
1790186906087,4583,0.1015,0.0065
1790186906138,4584,0.0874,0.0056
1790186906188,4585,0.0846,0.0054
1790186906238,4586,0.0848,0.0053
1790186906288,4587,0.0847,0.0052
1790186906338,4588,0.0890,0.0050
1790186906387,4589,0.0882,0.0056
1790186906437,4590,0.0907,0.0048
1790186906487,4591,0.1104,0.0055
1790186906537,4592,0.0825,0.0051
1790186906587,4593,0.1468,0.0075
1790186906637,4594,0.1014,0.0066
1790186906687,4595,0.1008,0.0056
1790186906737,4596,0.0834,0.0048
1790186906787,4597,0.0816,0.0047
1790186906837,4598,0.0805,0.0042
1790186906887,4599,0.0925,0.0046
1790186906938,4600,0.1839,0.0083
1790186906987,4601,0.1562,0.0084
1790186907037,4602,0.1263,0.0071
1790186907088,4603,0.1039,0.0068
1790186907138,4604,0.0890,0.0061
1790186907188,4605,0.0956,0.0123
1790186907238,4606,0.0902,0.0060
1790186907287,4607,0.0926,0.0051
1790186907337,4608,0.1278,0.0094
1790186907388,4609,0.1062,0.0056
1790186907437,4610,0.0885,0.0046
1790186907487,4611,0.1095,0.0060
1790186907538,4612,0.0856,0.0045
1790186907588,4613,0.1021,0.0047
1790186907637,4614,0.0887,0.0044
1790186907688,4615,0.1084,0.0052
1790186907738,4616,0.0854,0.0043
1790186907788,4617,0.0923,0.0050
1790186907837,4618,0.0963,0.0044
1790186907887,4619,0.0838,0.0048
1790186907937,4620,0.1030,0.0046
1790186907987,4621,0.1709,0.0099
1790186908038,4622,0.1483,0.0089
1790186908087,4623,0.0971,0.0062
1790186908138,4624,0.1047,0.0060
1790186908188,4625,0.1064,0.0069
1790186908237,4626,0.1097,0.0063
1790186908287,4627,0.0994,0.0062
1790186908337,4628,0.0886,0.0055
1790186908387,4629,0.0857,0.0053
1790186908438,4630,0.0866,0.0048
1790186908488,4631,0.2663,0.0053
1790186908537,4632,0.0830,0.0051
1790186908587,4633,0.0784,0.0042
1790186908638,4634,0.1163,0.0060
1790186908688,4635,0.1211,0.0060
1790186908738,4636,0.0832,0.0054
1790186908787,4637,0.0749,0.0048
1790186908838,4638,0.0820,0.0049
1790186908887,4639,0.0801,0.0044
1790186908938,4640,0.1081,0.0048
1790186908987,4641,0.0783,0.0049
1790186909037,4642,0.1714,0.0091
1790186909088,4643,0.1092,0.0074
1790186909137,4644,0.0925,0.0065
1790186909187,4645,0.0916,0.0062
1790186909238,4646,0.0978,0.0061
1790186909287,4647,0.0875,0.0058
1790186909337,4648,0.0846,0.0048
1790186909387,4649,0.1286,0.0070
1790186909438,4650,0.0911,0.0060
1790186909487,4651,0.0827,0.0046
1790186909538,4652,0.1281,0.0060
1790186909588,4653,0.0868,0.0052
1790186909637,4654,0.1162,0.0062
1790186909688,4655,0.1165,0.0064
1790186909737,4656,0.0856,0.0049
1790186909787,4657,0.1065,0.0068
1790186909837,4658,0.1710,0.0094
1790186909887,4659,0.1227,0.0078
1790186909938,4660,0.1185,0.0061
1790186909988,4661,0.0897,0.0065
1790186910037,4662,0.1512,0.0091
1790186910087,4663,0.1539,0.0081
1790186910138,4664,0.1413,0.0075
1790186910187,4665,0.0984,0.0070
1790186910238,4666,0.0865,0.0057
1790186910288,4667,0.0906,0.0061
1790186910337,4668,0.0865,0.0055
1790186910387,4669,0.1620,0.0089
1790186910437,4670,0.2399,0.0118
1790186910487,4671,0.1657,0.0097
1790186910537,4672,0.1781,0.0107
1790186910588,4673,0.1733,0.0102
1790186910637,4674,0.1665,0.0104
1790186910688,4675,0.1577,0.0093
1790186910737,4676,0.1053,0.0072
1790186910788,4677,0.0907,0.0070
1790186910837,4678,0.0962,0.0059
1790186910887,4679,0.0892,0.0057
1790186910937,4680,0.0993,0.0048
1790186910989,4681,0.0925,0.0058
1790186911037,4682,0.0826,0.0049
1790186911088,4683,0.1665,0.0094
1790186911138,4684,0.1446,0.0084
1790186911189,4685,0.1035,0.0062
1790186911238,4686,0.0915,0.0064
1790186911287,4687,0.1024,0.0056
1790186911338,4688,0.0826,0.0053
1790186911387,4689,0.0815,0.0042
1790186911438,4690,0.1024,0.0103
1790186911487,4691,0.0916,0.0045
1790186911538,4692,0.0929,0.0042
1790186911588,4693,0.1025,0.0053
1790186911638,4694,0.1094,0.0055
1790186911688,4695,0.1254,0.0061
1790186911737,4696,0.0803,0.0046
1790186911787,4697,0.1031,0.0051
1790186911837,4698,0.0799,0.0038
1790186911887,4699,0.0748,0.0034
1790186911937,4700,0.0876,0.0037
1790186911988,4701,0.0808,0.0040
1790186912037,4702,0.0789,0.0040
1790186912087,4703,0.0747,0.0038
1790186912138,4704,0.1632,0.0095
1790186912189,4705,0.1285,0.0139
1790186912238,4706,0.1043,0.0058
1790186912287,4707,0.1081,0.0081
1790186912338,4708,0.0836,0.0051
1790186912387,4709,0.0828,0.0052
1790186912438,4710,0.0937,0.0054
1790186912487,4711,0.0870,0.0050
1790186912538,4712,0.0780,0.0040
1790186912588,4713,0.1208,0.0056
1790186912638,4714,0.1384,0.0070
1790186912688,4715,0.1382,0.0076
1790186912738,4716,0.0900,0.0054
1790186912788,4717,0.0824,0.0054
1790186912837,4718,0.0833,0.0052
1790186912887,4719,0.0902,0.0053
1790186912937,4720,0.1235,0.0053
1790186912987,4721,0.1505,0.0084
1790186913037,4722,0.1430,0.0086
1790186913088,4723,0.1412,0.0082
1790186913138,4724,0.1594,0.0094
1790186913188,4725,0.1586,0.0088
1790186913238,4726,0.1237,0.0072
1790186913288,4727,0.1052,0.0066
1790186913337,4728,0.0976,0.0064
1790186913387,4729,0.0922,0.0062
1790186913437,4730,0.0982,0.0062
1790186913487,4731,0.1136,0.0060
1790186913537,4732,0.2727,0.0046
1790186913588,4733,0.1386,0.0071
1790186913638,4734,0.1248,0.0059
1790186913687,4735,0.1488,0.0136
1790186913738,4736,0.1023,0.0054
1790186913788,4737,0.0857,0.0056
1790186913837,4738,0.0830,0.0053
1790186913887,4739,0.0777,0.0040
1790186913937,4740,0.0894,0.0043
1790186913988,4741,0.0774,0.0041
1790186914038,4742,0.0874,0.0043
1790186914088,4743,0.0764,0.0040
1790186914137,4744,0.0842,0.0040
1790186914188,4745,0.1751,0.0173
1790186914238,4746,0.1602,0.0084
1790186914288,4747,0.1016,0.0065
1790186914338,4748,0.1011,0.0071
1790186914388,4749,0.0857,0.0060
1790186914437,4750,0.0917,0.0059
1790186914488,4751,0.0901,0.0053
1790186914538,4752,0.0881,0.0052
1790186914587,4753,0.0808,0.0045
1790186914637,4754,0.1522,0.0082
1790186914687,4755,0.1542,0.0088
1790186914737,4756,0.1018,0.0070
1790186914788,4757,0.0824,0.0059
1790186914838,4758,0.0864,0.0059
1790186914887,4759,0.0828,0.0050
1790186914938,4760,0.0955,0.0040
1790186914988,4761,0.0759,0.0038
1790186915037,4762,0.0993,0.0048
1790186915087,4763,0.0812,0.0047
1790186915138,4764,0.0792,0.0048
1790186915187,4765,0.0783,0.0038
1790186915238,4766,0.1660,0.0087
1790186915287,4767,0.1292,0.0071
1790186915337,4768,0.0865,0.0067
1790186915388,4769,0.0902,0.0065
1790186915438,4770,0.0949,0.0060
1790186915488,4771,0.0844,0.0053
1790186915537,4772,0.0851,0.0048
1790186915587,4773,0.0819,0.0047
1790186915637,4774,0.1294,0.0063
1790186915687,4775,0.1451,0.0076
1790186915737,4776,0.0894,0.0054
1790186915787,4777,0.0772,0.0054
1790186915838,4778,0.1033,0.0051
1790186915888,4779,0.1122,0.0050
1790186915938,4780,0.1052,0.0042
1790186915988,4781,0.0856,0.0040
1790186916038,4782,0.0741,0.0036
1790186916088,4783,0.0810,0.0040
1790186916138,4784,0.0702,0.0036
1790186916188,4785,0.0819,0.0093
1790186916238,4786,0.0757,0.0044
1790186916288,4787,0.1584,0.0090
1790186916337,4788,0.1106,0.0071
1790186916388,4789,0.1515,0.0074
1790186916438,4790,0.0928,0.0106
1790186916487,4791,0.1010,0.0053
1790186916538,4792,0.0825,0.0054
1790186916589,4793,0.0847,0.0055
1790186916637,4794,0.1075,0.0060
1790186916687,4795,0.1653,0.0112
1790186916737,4796,0.0941,0.0065
1790186916787,4797,0.0882,0.0057
1790186916838,4798,0.0912,0.0054
1790186916887,4799,0.0826,0.0053
1790186916938,4800,0.0907,0.0045
1790186916988,4801,0.0779,0.0034
1790186917038,4802,0.0764,0.0041
1790186917088,4803,0.0905,0.0049
1790186917137,4804,0.0746,0.0043
1790186917187,4805,0.0751,0.0034
1790186917237,4806,0.0721,0.0040
1790186917288,4807,0.1616,0.0098
1790186917337,4808,0.2353,0.0084
1790186917387,4809,0.1472,0.0075
1790186917438,4810,0.1150,0.0128
1790186917487,4811,0.1048,0.0065
1790186917537,4812,0.0885,0.0066
1790186917588,4813,0.0847,0.0063
1790186917638,4814,0.1088,0.0060
1790186917687,4815,0.1602,0.0086
1790186917737,4816,0.0978,0.0061
1790186917787,4817,0.0868,0.0062
1790186917837,4818,0.0869,0.0050
1790186917887,4819,0.0796,0.0045
1790186917938,4820,0.0893,0.0039
1790186917988,4821,0.0751,0.0033
1790186918038,4822,0.0946,0.0046
1790186918088,4823,0.0788,0.0043
1790186918138,4824,0.0839,0.0044
1790186918188,4825,0.0826,0.0043
1790186918237,4826,0.0984,0.0043
1790186918287,4827,0.0732,0.0038
1790186918337,4828,0.1571,0.0085
1790186918387,4829,0.1344,0.0072
1790186918437,4830,0.1061,0.0057
1790186918487,4831,0.1362,0.0075
1790186918538,4832,0.3374,0.0071
1790186918587,4833,0.0981,0.0064
1790186918638,4834,0.0851,0.0060
1790186918688,4835,0.1745,0.0095
1790186918738,4836,0.1086,0.0066
1790186918788,4837,0.0862,0.0066
1790186918838,4838,0.0847,0.0058
1790186918887,4839,0.0815,0.0051
1790186918937,4840,0.0905,0.0043
1790186918987,4841,0.0800,0.0039
1790186919037,4842,0.0779,0.0040
1790186919087,4843,0.0709,0.0036
1790186919138,4844,0.0845,0.0042
1790186919187,4845,0.0789,0.0044
1790186919238,4846,0.0770,0.0040
1790186919287,4847,0.0737,0.0039
1790186919339,4848,0.1064,0.0049
1790186919387,4849,0.1496,0.0079
1790186919438,4850,0.1359,0.0074
1790186919487,4851,0.0930,0.0058
1790186919538,4852,0.0892,0.0061
1790186919588,4853,0.1298,0.0060
1790186919637,4854,0.0911,0.0051
1790186919688,4855,0.1982,0.0099
1790186919738,4856,0.1106,0.0068
1790186919788,4857,0.0993,0.0063
1790186919838,4858,0.0865,0.0062
1790186919887,4859,0.1434,0.0081
1790186919938,4860,0.1817,0.0101
1790186919987,4861,0.1246,0.0079
1790186920038,4862,0.1046,0.0070
1790186920088,4863,0.0974,0.0069
1790186920138,4864,0.1012,0.0072
1790186920188,4865,0.0972,0.0123
1790186920237,4866,0.0862,0.0064
1790186920288,4867,0.0852,0.0061
1790186920337,4868,0.0864,0.0053
1790186920387,4869,0.1628,0.0092
1790186920437,4870,0.1547,0.0143
1790186920487,4871,0.2070,0.0109
1790186920537,4872,0.1664,0.0093
1790186920588,4873,0.1302,0.0082
1790186920638,4874,0.1636,0.0100
1790186920688,4875,0.1820,0.0099
1790186920738,4876,0.1661,0.0095
1790186920787,4877,0.1057,0.0073
1790186920837,4878,0.1003,0.0071
1790186920888,4879,0.0897,0.0067
1790186920937,4880,0.1048,0.0058
1790186920988,4881,0.0888,0.0049
1790186921038,4882,0.1021,0.0047
1790186921088,4883,0.0789,0.0051
1790186921137,4884,0.0717,0.0042
1790186921187,4885,0.0901,0.0100
1790186921237,4886,0.0869,0.0044
1790186921287,4887,0.0949,0.0046
1790186921338,4888,0.0856,0.0040
1790186921388,4889,0.0795,0.0037
1790186921438,4890,0.1728,0.0142
1790186921487,4891,0.1936,0.0111
1790186921538,4892,0.1522,0.0092
1790186921588,4893,0.1557,0.0090
1790186921638,4894,0.1578,0.0095
1790186921688,4895,0.1730,0.0101
1790186921738,4896,0.1674,0.0101
1790186921787,4897,0.1487,0.0087
1790186921838,4898,0.1128,0.0069
1790186921888,4899,0.1000,0.0065
1790186921937,4900,0.1357,0.0071
1790186921988,4901,0.1015,0.0062
1790186922038,4902,0.0931,0.0061
1790186922087,4903,0.0865,0.0054
1790186922138,4904,0.1381,0.0070
1790186922188,4905,0.0894,0.0106
1790186922238,4906,0.0832,0.0050
1790186922288,4907,0.0889,0.0054
1790186922338,4908,0.0796,0.0046
1790186922388,4909,0.0782,0.0039
1790186922437,4910,0.1283,0.0115
1790186922487,4911,0.1428,0.0073
1790186922537,4912,0.1268,0.0068
1790186922588,4913,0.1473,0.0056
1790186922638,4914,0.1594,0.0079
1790186922687,4915,0.1606,0.0088
1790186922737,4916,0.1406,0.0084
1790186922788,4917,0.1004,0.0062
1790186922838,4918,0.0998,0.0062
1790186922888,4919,0.0877,0.0056
1790186922937,4920,0.0968,0.0055
1790186922987,4921,0.0854,0.0049
1790186923038,4922,0.0799,0.0043
1790186923088,4923,0.0731,0.0041
1790186923138,4924,0.0770,0.0039
1790186923187,4925,0.0756,0.0033
1790186923237,4926,0.1068,0.0041
1790186923288,4927,0.0856,0.0042
1790186923337,4928,0.0735,0.0038
1790186923388,4929,0.0734,0.0035
1790186923438,4930,0.0801,0.0033
1790186923489,4931,0.1623,0.0089
1790186923538,4932,0.1473,0.0086
1790186923588,4933,0.3377,0.0064
1790186923638,4934,0.1119,0.0062
1790186923687,4935,0.1175,0.0065
1790186923737,4936,0.1765,0.0103
1790186923787,4937,0.1270,0.0074
1790186923838,4938,0.1004,0.0068
1790186923887,4939,0.0975,0.0065
1790186923938,4940,0.0988,0.0047
1790186923988,4941,0.0908,0.0042
1790186924038,4942,0.0804,0.0048
1790186924088,4943,0.0804,0.0040
1790186924138,4944,0.0729,0.0036
1790186924187,4945,0.0763,0.0035
1790186924237,4946,0.0815,0.0041
1790186924288,4947,0.0760,0.0039
1790186924338,4948,0.0787,0.0037
1790186924387,4949,0.0717,0.0032
1790186924438,4950,0.0810,0.0035
1790186924488,4951,0.0871,0.0034
1790186924538,4952,0.1770,0.0104
1790186924588,4953,0.1427,0.0083
1790186924637,4954,0.1261,0.0077
1790186924688,4955,0.1454,0.0081
1790186924737,4956,0.1410,0.0080
1790186924787,4957,0.1422,0.0084
1790186924837,4958,0.0982,0.0070
1790186924887,4959,0.0896,0.0061
1790186924937,4960,0.1029,0.0055
1790186924987,4961,0.0867,0.0049
1790186925037,4962,0.0937,0.0050
1790186925088,4963,0.0775,0.0049
1790186925138,4964,0.0721,0.0044
1790186925188,4965,0.0798,0.0092
1790186925238,4966,0.0743,0.0037
1790186925288,4967,0.1498,0.0061
1790186925338,4968,0.0766,0.0037
1790186925388,4969,0.0766,0.0033
1790186925438,4970,0.0780,0.0074
1790186925488,4971,0.0759,0.0031
1790186925537,4972,0.0685,0.0032
1790186925587,4973,0.1720,0.0100
1790186925637,4974,0.1427,0.0086
1790186925688,4975,0.1394,0.0076
1790186925737,4976,0.1420,0.0080
1790186925787,4977,0.1419,0.0083
1790186925838,4978,0.1034,0.0066
1790186925887,4979,0.0882,0.0061
1790186925937,4980,0.1037,0.0050
1790186925987,4981,0.0845,0.0042
1790186926038,4982,0.0841,0.0044
1790186926088,4983,0.0763,0.0043
1790186926137,4984,0.0765,0.0035
1790186926187,4985,0.0791,0.0040
1790186926238,4986,0.0771,0.0031
1790186926288,4987,0.0960,0.0048
1790186926337,4988,0.0818,0.0043
1790186926387,4989,0.0749,0.0036
1790186926437,4990,0.0802,0.0037
1790186926488,4991,0.0944,0.0036
1790186926537,4992,0.0725,0.0037
1790186926588,4993,0.1318,0.0067
1790186926637,4994,0.1550,0.0084
1790186926688,4995,0.1597,0.0154
1790186926737,4996,0.1540,0.0084
1790186926788,4997,0.1610,0.0089
1790186926837,4998,0.1092,0.0071
1790186926887,4999,0.0939,0.0056
1790186926938,5000,0.1025,0.0050
1790186926988,5001,0.0832,0.0048
1790186927038,5002,0.0774,0.0038
1790186927087,5003,0.0713,0.0038
1790186927138,5004,0.0748,0.0034
1790186927188,5005,0.0759,0.0038
1790186927237,5006,0.0743,0.0030
1790186927287,5007,0.0750,0.0037
1790186927338,5008,0.0762,0.0040
1790186927387,5009,0.0730,0.0036
1790186927438,5010,0.0786,0.0035
1790186927487,5011,0.0726,0.0031
1790186927538,5012,0.0713,0.0035
1790186927587,5013,0.0729,0.0032
1790186927637,5014,0.1713,0.0095
1790186927687,5015,0.1816,0.0172
1790186927738,5016,0.1639,0.0101
1790186927787,5017,0.1140,0.0074
1790186927837,5018,0.1232,0.0076
1790186927889,5019,0.1125,0.0064
1790186927937,5020,0.1061,0.0059
1790186927988,5021,0.0880,0.0053
1790186928038,5022,0.0799,0.0045
1790186928088,5023,0.0802,0.0045
1790186928138,5024,0.0721,0.0036
1790186928187,5025,0.0926,0.0092
1790186928238,5026,0.0755,0.0033
1790186928288,5027,0.0817,0.0039
1790186928337,5028,0.0778,0.0032
1790186928387,5029,0.0746,0.0030
1790186928437,5030,0.0768,0.0068
1790186928489,5031,0.1049,0.0039
1790186928537,5032,0.0753,0.0031
1790186928587,5033,0.0744,0.0032
1790186928637,5034,0.2311,0.0030
1790186928688,5035,0.1778,0.0105
1790186928738,5036,0.1927,0.0106
1790186928787,5037,0.1267,0.0079
1790186928838,5038,0.1331,0.0077
1790186928888,5039,0.0984,0.0059
1790186928937,5040,0.1059,0.0058
1790186928987,5041,0.0894,0.0060
1790186929037,5042,0.0832,0.0060
1790186929087,5043,0.0806,0.0051
1790186929138,5044,0.0816,0.0042
1790186929188,5045,0.0813,0.0040
1790186929238,5046,0.0738,0.0038
1790186929287,5047,0.1426,0.0055
1790186929337,5048,0.0847,0.0044
1790186929388,5049,0.0960,0.0036
1790186929438,5050,0.0795,0.0033
1790186929487,5051,0.0748,0.0038
1790186929537,5052,0.0707,0.0033
1790186929587,5053,0.0845,0.0037
1790186929637,5054,0.0725,0.0038
1790186929688,5055,0.1666,0.0090
1790186929737,5056,0.1685,0.0096
1790186929787,5057,0.1322,0.0082
1790186929837,5058,0.1308,0.0081
1790186929887,5059,0.1080,0.0063
1790186929938,5060,0.1050,0.0059
1790186929987,5061,0.1656,0.0095
1790186930037,5062,0.1605,0.0090
1790186930087,5063,0.1066,0.0072
1790186930137,5064,0.1139,0.0062
1790186930188,5065,0.0978,0.0057
1790186930238,5066,0.0845,0.0056
1790186930288,5067,0.1051,0.0069
1790186930338,5068,0.1932,0.1113
1790186930388,5069,0.1443,0.0094
1790186930438,5070,0.1328,0.2273
1790186930487,5071,0.0776,0.0053
1790186930538,5072,0.0773,0.0058
1790186930587,5073,0.1448,0.0096
1790186930638,5074,0.0966,0.0072
1790186930688,5075,0.0955,0.0075
1790186930737,5076,0.1750,0.0124
1790186930787,5077,0.1415,0.0101
1790186930838,5078,0.1506,0.0091
1790186930888,5079,0.0704,0.0066
1790186930938,5080,0.0749,0.0062
1790186930988,5081,0.0778,0.0060
1790186931038,5082,0.0663,0.0058
1790186931087,5083,0.0727,0.0047
1790186931137,5084,0.0625,0.0046
1790186931188,5085,0.3302,0.2718
1790186931238,5086,0.1641,0.0105
1790186931287,5087,0.3527,0.5720
1790186931337,5088,0.2347,0.0862
1790186931388,5089,0.1267,0.3980
1790186931438,5090,0.0872,0.0037
1790186931488,5091,0.0776,0.0033
1790186931538,5092,0.1276,0.0669
1790186931587,5093,0.0646,0.0034
1790186931638,5094,0.0627,0.0028
1790186931687,5095,0.0681,0.0037
1790186931737,5096,0.0853,0.0041
1790186931788,5097,0.1345,0.0102
1790186931838,5098,0.1013,0.0084
1790186931888,5099,0.1004,0.0081
1790186931938,5100,0.1024,0.0063
1790186931988,5101,0.0641,0.0055
1790186932038,5102,0.0603,0.0050
1790186932087,5103,0.0599,0.0046
1790186932138,5104,0.0611,0.0047
1790186932187,5105,0.0627,0.0044
1790186932237,5106,0.0532,0.0036
1790186932288,5107,0.0783,0.0038
1790186932338,5108,0.1371,0.0835
1790186932387,5109,0.0795,0.0031
1790186932438,5110,0.0728,0.0044
1790186932488,5111,0.0550,0.0032
1790186932537,5112,0.0672,0.0042
1790186932588,5113,0.0702,0.0039
1790186932637,5114,0.0569,0.0038
1790186932688,5115,0.0675,0.0036
1790186932737,5116,0.0805,0.0036
1790186932787,5117,0.1136,0.0079
1790186932837,5118,0.1196,0.0080
1790186932888,5119,0.1280,0.0081
1790186932938,5120,0.1015,0.0075
1790186932987,5121,0.0883,0.0066
1790186933038,5122,0.0899,0.0068
1790186933087,5123,0.0924,0.0053
1790186933137,5124,0.1427,0.0838
1790186933187,5125,0.0791,0.0063
1790186933237,5126,0.0686,0.0041
1790186933287,5127,0.0612,0.0062
1790186933337,5128,0.0750,0.0043
1790186933388,5129,0.0578,0.0039
1790186933437,5130,0.0668,0.0042
1790186933487,5131,0.0620,0.0037
1790186933538,5132,0.0774,0.0037
1790186933588,5133,0.0557,0.0036
1790186933638,5134,0.2048,0.0031
1790186933688,5135,0.0876,0.0044
1790186933738,5136,0.0628,0.0041
1790186933788,5137,0.1481,0.0092
1790186933837,5138,0.1329,0.0094
1790186933888,5139,0.1504,0.0090
1790186933937,5140,0.1733,0.0928
1790186933987,5141,0.0877,0.0060
1790186934038,5142,0.0739,0.0059
1790186934089,5143,0.0643,0.0049
1790186934137,5144,0.0644,0.0043
1790186934188,5145,0.0736,0.0038
1790186934237,5146,0.0571,0.0034
1790186934288,5147,0.0582,0.0035
1790186934337,5148,0.0756,0.0033
1790186934387,5149,0.0555,0.0035
1790186934438,5150,0.1100,0.0053
1790186934488,5151,0.1196,0.0080
1790186934537,5152,0.1100,0.0063
1790186934588,5153,0.0680,0.0062
1790186934638,5154,0.0621,0.0048
1790186934688,5155,0.1032,0.0059
1790186934737,5156,0.1424,0.0830
1790186934788,5157,0.1504,0.0089
1790186934837,5158,0.0954,0.0071
1790186934888,5159,0.1484,0.0110
1790186934937,5160,0.1171,0.0082
1790186934989,5161,0.0962,0.0061
1790186935038,5162,0.0706,0.0065
1790186935087,5163,0.0678,0.0058
1790186935138,5164,0.0817,0.0059
1790186935187,5165,0.1161,0.0073
1790186935238,5166,0.1330,0.0095
1790186935287,5167,0.1193,0.0073
1790186935337,5168,0.0779,0.0073
1790186935387,5169,0.0633,0.0054
1790186935437,5170,0.0665,0.0047
1790186935487,5171,0.1041,0.0061
1790186935537,5172,0.1746,0.1049
1790186935588,5173,0.0764,0.0045
1790186935638,5174,0.0676,0.0042
1790186935687,5175,0.0862,0.0050
1790186935738,5176,0.1998,0.1199
1790186935787,5177,0.1404,0.0102
1790186935837,5178,0.1450,0.0080
1790186935888,5179,0.1142,0.0088
1790186935939,5180,0.1355,0.0096
1790186935988,5181,0.0928,0.0074
1790186936039,5182,0.0898,0.0062
1790186936087,5183,0.0674,0.0061
1790186936137,5184,0.0656,0.0057
1790186936188,5185,0.0821,0.0046
1790186936238,5186,0.0622,0.0048
1790186936288,5187,0.0614,0.0045
1790186936338,5188,0.0769,0.0041
1790186936388,5189,0.0784,0.0041
1790186936437,5190,0.0604,0.0035
1790186936487,5191,0.0638,0.0041
1790186936537,5192,0.0577,0.0041
1790186936587,5193,0.0562,0.0039
1790186936638,5194,0.0555,0.0038
1790186936687,5195,0.0723,0.0043
1790186936738,5196,0.0792,0.0037
1790186936787,5197,0.1523,0.0108
1790186936837,5198,0.1371,0.0102
1790186936887,5199,0.1182,0.0079
1790186936938,5200,0.1688,0.0101
1790186936988,5201,0.1365,0.0102
1790186937038,5202,0.0892,0.0075
1790186937087,5203,0.0956,0.0065
1790186937138,5204,0.0706,0.0062
1790186937187,5205,0.0699,0.0055
1790186937237,5206,0.0673,0.0055
1790186937288,5207,0.0785,0.0054
1790186937337,5208,0.0989,0.0074
1790186937387,5209,0.0782,0.0059
1790186937437,5210,0.0862,0.0047
1790186937487,5211,0.0600,0.0044
1790186937538,5212,0.0698,0.0049
1790186937587,5213,0.0779,0.0050
1790186937638,5214,0.0615,0.0039
1790186937688,5215,0.1232,0.0068
1790186937738,5216,0.0990,0.0047
1790186937787,5217,0.0959,0.0048
1790186937838,5218,0.0999,0.0064
1790186937888,5219,0.0750,0.0054
1790186937938,5220,0.0923,0.0047
1790186937987,5221,0.1270,0.0090
1790186938037,5222,0.0921,0.0071
1790186938088,5223,0.0760,0.0066
1790186938137,5224,0.0899,0.0058
1790186938187,5225,0.0686,0.0054
1790186938238,5226,0.0603,0.0048
1790186938288,5227,0.0581,0.0039
1790186938338,5228,0.0921,0.0053
1790186938388,5229,0.0607,0.0040
1790186938437,5230,0.0666,0.0035
1790186938488,5231,0.0695,0.0030
1790186938537,5232,0.0605,0.0034
1790186938587,5233,0.0562,0.0036
1790186938639,5234,0.1959,0.0031
1790186938688,5235,0.0732,0.0048
1790186938738,5236,0.0698,0.0042
1790186938787,5237,0.0595,0.0041
1790186938837,5238,0.1549,0.0066
1790186938889,5239,0.0734,0.0059
1790186938937,5240,0.0711,0.0047
1790186938989,5241,0.1270,0.0092
1790186939037,5242,0.1348,0.0083
1790186939087,5243,0.0957,0.0064
1790186939137,5244,0.0734,0.0050
1790186939187,5245,0.0837,0.0050
1790186939238,5246,0.0633,0.0048
1790186939287,5247,0.0642,0.0047
1790186939337,5248,0.0783,0.0046
1790186939388,5249,0.0596,0.0039
1790186939437,5250,0.0618,0.0037
1790186939488,5251,0.0561,0.0037
1790186939537,5252,0.0739,0.0029
1790186939588,5253,0.0566,0.0030
1790186939638,5254,0.0554,0.0032
1790186939687,5255,0.0597,0.0037
1790186939738,5256,0.0544,0.0029
1790186939788,5257,0.0609,0.0029
1790186939838,5258,0.1110,0.0079
1790186939887,5259,0.1258,0.0079
1790186939938,5260,0.0869,0.0055
1790186939988,5261,0.0812,0.0060
1790186940037,5262,0.1596,0.0100
1790186940087,5263,0.1554,0.0117
1790186940137,5264,0.1147,0.0079
1790186940187,5265,0.0823,0.0065
1790186940237,5266,0.0929,0.0060
1790186940288,5267,0.0678,0.0047
1790186940337,5268,0.0687,0.0047
1790186940388,5269,0.0630,0.0049
1790186940438,5270,0.0656,0.0040
1790186940487,5271,0.0598,0.0040
1790186940537,5272,0.0579,0.0033
1790186940587,5273,0.0848,0.0042
1790186940638,5274,0.1139,0.0071
1790186940687,5275,0.1476,0.0107
1790186940738,5276,0.1026,0.0079
1790186940788,5277,0.0974,0.0060
1790186940837,5278,0.1475,0.0109
1790186940888,5279,0.1551,0.0107
1790186940938,5280,0.1589,0.0097
1790186940987,5281,0.1336,0.0092
1790186941037,5282,0.0806,0.0066
1790186941088,5283,0.1182,0.0089
1790186941138,5284,0.1097,0.0071
1790186941188,5285,0.0748,0.0062
1790186941237,5286,0.0699,0.0074
1790186941288,5287,0.0663,0.0049
1790186941337,5288,0.1092,0.0470
1790186941388,5289,0.0664,0.0046
1790186941438,5290,0.0659,0.0046
1790186941488,5291,0.0781,0.0038
1790186941537,5292,0.0579,0.0035
1790186941587,5293,0.0811,0.0038
1790186941637,5294,0.0562,0.0034
1790186941688,5295,0.0697,0.0043
1790186941737,5296,0.0579,0.0042
1790186941788,5297,0.0698,0.0035
1790186941837,5298,0.1115,0.0068
1790186941887,5299,0.0870,0.0059
1790186941938,5300,0.1054,0.0057
1790186941988,5301,0.0710,0.0046
1790186942038,5302,0.0793,0.0058
1790186942087,5303,0.1118,0.0079
1790186942138,5304,0.1331,0.0073
1790186942188,5305,0.1017,0.0066
1790186942237,5306,0.0732,0.0056
1790186942287,5307,0.0678,0.0050
1790186942338,5308,0.0669,0.0046
1790186942387,5309,0.0614,0.0043
1790186942438,5310,0.0726,0.0044
1790186942487,5311,0.0844,0.0041
1790186942538,5312,1.2504,0.0037
1790186942587,5313,0.1351,0.0077
1790186942638,5314,0.1286,0.0081
1790186942687,5315,0.0857,0.0066
1790186942737,5316,0.0975,0.0066
1790186942788,5317,0.0824,0.0072
1790186942838,5318,0.1203,0.0092
1790186942887,5319,0.1200,0.0076
1790186942937,5320,0.1031,0.0075
1790186942988,5321,0.0680,0.0054
1790186943038,5322,0.0779,0.0057
1790186943087,5323,0.0815,0.0048
1790186943138,5324,0.1165,0.0089
1790186943188,5325,0.0990,0.0069
1790186943237,5326,0.1002,0.0056
1790186943288,5327,0.0655,0.0048
1790186943337,5328,0.0671,0.0052
1790186943387,5329,0.0784,0.0047
1790186943438,5330,0.0633,0.0041
1790186943488,5331,0.0579,0.0041
1790186943538,5332,0.0656,0.0038
1790186943588,5333,0.0764,0.0036
1790186943638,5334,0.0616,0.0038
1790186943688,5335,0.2472,0.0036
1790186943738,5336,0.0867,0.0042
1790186943787,5337,0.0587,0.0037
1790186943837,5338,0.0632,0.0039
1790186943887,5339,0.0752,0.0044
1790186943937,5340,0.1383,0.0072
1790186943987,5341,0.0934,0.0066
1790186944038,5342,0.0995,0.0072
1790186944087,5343,0.0967,0.0064
1790186944138,5344,0.0990,0.0071
1790186944187,5345,0.1330,0.0091
1790186944237,5346,0.0844,0.0068
1790186944288,5347,0.0895,0.0057
1790186944337,5348,0.0676,0.0052
1790186944387,5349,0.0664,0.0059
1790186944437,5350,0.0672,0.0048
1790186944487,5351,0.0673,0.0051
1790186944537,5352,0.0606,0.0044
1790186944588,5353,0.0588,0.0044
1790186944637,5354,0.0878,0.0045
1790186944687,5355,0.0613,0.0034
1790186944738,5356,0.0644,0.0041
1790186944787,5357,0.0581,0.0036
1790186944838,5358,0.0685,0.0032
1790186944889,5359,0.0907,0.0057
1790186944937,5360,0.0887,0.0047
1790186944987,5361,0.1028,0.0049
1790186945037,5362,0.0642,0.0048
1790186945088,5363,0.0811,0.0049
1790186945137,5364,0.0872,0.0247
1790186945188,5365,0.1760,0.0110
1790186945238,5366,0.1333,0.0092
1790186945287,5367,0.0815,0.0068
1790186945338,5368,0.1027,0.0062
1790186945387,5369,0.0719,0.0059
1790186945438,5370,0.0706,0.0053
1790186945487,5371,0.0675,0.0055
1790186945538,5372,0.0806,0.0052
1790186945587,5373,0.0637,0.0048
1790186945638,5374,0.0610,0.0042
1790186945687,5375,0.0797,0.0050
1790186945737,5376,0.0711,0.0042
1790186945788,5377,0.0673,0.0045
1790186945838,5378,0.0859,0.0039
1790186945888,5379,0.0928,0.0058
1790186945938,5380,0.0899,0.0050
1790186945987,5381,0.0663,0.0053
1790186946038,5382,0.0810,0.0040
1790186946088,5383,0.0818,0.0050
1790186946138,5384,0.0631,0.0045
1790186946187,5385,0.0651,0.0038
1790186946239,5386,0.1454,0.0095
1790186946288,5387,0.1011,0.0076
1790186946338,5388,0.0875,0.0057
1790186946388,5389,0.0889,0.0051
1790186946438,5390,0.1019,0.0050
1790186946488,5391,0.0830,0.0045
1790186946538,5392,0.0731,0.0041
1790186946588,5393,0.0576,0.0040
1790186946638,5394,0.0641,0.0042
1790186946687,5395,0.0603,0.0036
1790186946737,5396,0.0964,0.0043
1790186946788,5397,0.0603,0.0041
1790186946837,5398,0.0779,0.0035
1790186946887,5399,0.1081,0.0074
1790186946937,5400,0.1009,0.0047
1790186946988,5401,0.0742,0.0048
1790186947037,5402,0.0609,0.0042
1790186947087,5403,0.0952,0.0049
1790186947137,5404,0.0683,0.0045
1790186947188,5405,0.0913,0.0043
1790186947238,5406,0.0588,0.0041
1790186947288,5407,0.1493,0.0087
1790186947338,5408,0.0936,0.0068
1790186947388,5409,0.1237,0.0060
1790186947437,5410,0.0713,0.0061
1790186947487,5411,0.0617,0.0045
1790186947538,5412,0.0585,0.0042
1790186947588,5413,0.0582,0.0036
1790186947637,5414,0.0852,0.0034
1790186947687,5415,0.0592,0.0033
1790186947738,5416,0.0884,0.0056
1790186947787,5417,0.0779,0.0047
1790186947838,5418,0.0612,0.0044
1790186947887,5419,0.0980,0.0066
1790186947937,5420,0.0819,0.0048
1790186947988,5421,0.0904,0.0049
1790186948037,5422,0.0608,0.0041
1790186948088,5423,0.0884,0.0042
1790186948137,5424,0.0617,0.0040
1790186948188,5425,0.0643,0.0038
1790186948238,5426,0.0571,0.0033
1790186948288,5427,0.1402,0.0088
1790186948338,5428,0.1446,0.0088
1790186948387,5429,0.0927,0.0066
1790186948437,5430,0.1177,0.0066
1790186948488,5431,0.0661,0.0053
1790186948538,5432,0.0926,0.0058
1790186948587,5433,0.0612,0.0046
1790186948637,5434,0.0593,0.0043
1790186948687,5435,0.0757,0.0041
1790186948737,5436,0.2700,0.0057
1790186948788,5437,0.0670,0.0053
1790186948837,5438,0.0691,0.0049
1790186948888,5439,0.1185,0.0111
1790186948937,5440,0.0839,0.0050
1790186948987,5441,0.0682,0.0052
1790186949038,5442,0.0909,0.0051
1790186949088,5443,0.0617,0.0046
1790186949137,5444,0.0843,0.0055
1790186949187,5445,0.0690,0.0044
1790186949238,5446,0.0787,0.0041
1790186949288,5447,0.0589,0.0040
1790186949338,5448,0.1324,0.0100
1790186949389,5449,0.1969,0.0099
1790186949437,5450,0.0877,0.0073
1790186949487,5451,0.0670,0.0066
1790186949538,5452,0.0650,0.0058
1790186949588,5453,0.0685,0.0075
1790186949637,5454,0.0597,0.0046
1790186949688,5455,0.0734,0.0047
1790186949738,5456,0.1209,0.0058
1790186949787,5457,0.0786,0.0057
1790186949837,5458,0.0628,0.0054
1790186949888,5459,0.1015,0.0077
1790186949937,5460,0.1149,0.0062
1790186949987,5461,0.1172,0.0087
1790186950037,5462,0.0914,0.0073
1790186950088,5463,0.1004,0.0065
1790186950137,5464,0.0969,0.0075
1790186950187,5465,0.1401,0.0107
1790186950237,5466,0.1384,0.0086
1790186950289,5467,0.0954,0.0070
1790186950337,5468,0.1240,0.0073
1790186950387,5469,0.2095,0.0094
1790186950437,5470,0.1207,0.0074
1790186950488,5471,0.0766,0.0059
1790186950537,5472,0.0683,0.0057
1790186950587,5473,0.0649,0.0050
1790186950638,5474,0.0836,0.0051
1790186950688,5475,0.0673,0.0046
1790186950738,5476,0.1251,0.0084
1790186950787,5477,0.1526,0.0097
1790186950837,5478,0.1040,0.0083
1790186950887,5479,0.0785,0.0074
1790186950937,5480,0.1505,0.0093
1790186950988,5481,0.1480,0.0111
1790186951037,5482,0.1379,0.0097
1790186951087,5483,0.0981,0.0076
1790186951138,5484,0.1322,0.0079
1790186951187,5485,0.0790,0.0069
1790186951237,5486,0.0765,0.0065
1790186951288,5487,0.0717,0.0067
1790186951337,5488,0.0857,0.0056
1790186951388,5489,0.1778,0.0114
1790186951437,5490,0.1285,0.0086
1790186951488,5491,0.1282,0.0079
1790186951539,5492,0.0860,0.0069
1790186951589,5493,0.0753,0.0066
1790186951638,5494,0.0874,0.0060
1790186951688,5495,0.0708,0.0052
1790186951738,5496,0.0736,0.0054
1790186951788,5497,0.0940,0.0058
1790186951838,5498,0.3127,0.0100
1790186951887,5499,0.1595,0.0121
1790186951937,5500,0.1584,0.0105
1790186951987,5501,0.1425,0.0110
1790186952038,5502,0.1555,0.0098
1790186952087,5503,0.1531,0.0103
1790186952138,5504,0.1687,0.0097
1790186952188,5505,0.1574,0.0099
1790186952237,5506,0.0805,0.0075
1790186952287,5507,0.0647,0.0066
1790186952337,5508,0.0649,0.0063
1790186952387,5509,0.0811,0.0064
1790186952438,5510,0.1679,0.0092
1790186952488,5511,0.0951,0.0073
1790186952538,5512,0.0826,0.0055
1790186952587,5513,0.0609,0.0056
1790186952638,5514,0.0599,0.0046
1790186952688,5515,0.0643,0.0044
1790186952738,5516,0.0937,0.0044
1790186952788,5517,0.0594,0.0046
1790186952838,5518,0.0633,0.0042
1790186952887,5519,0.0712,0.0047
1790186952937,5520,0.1270,0.0058
1790186952987,5521,0.0818,0.0046
1790186953038,5522,0.1363,0.0072
1790186953087,5523,0.1483,0.0069
1790186953137,5524,0.0755,0.0055
1790186953187,5525,0.0917,0.0061
1790186953237,5526,0.0943,0.0058
1790186953288,5527,0.1067,0.0080
1790186953338,5528,0.0857,0.0073
1790186953388,5529,0.0664,0.0065
1790186953437,5530,0.1240,0.0068
1790186953488,5531,0.1127,0.0086
1790186953537,5532,0.0682,0.0061
1790186953587,5533,0.0635,0.0060
1790186953638,5534,0.1029,0.0052
1790186953688,5535,0.0758,0.0057
1790186953738,5536,0.2268,0.0047
1790186953789,5537,0.0991,0.0047
1790186953837,5538,0.0692,0.0053
1790186953887,5539,0.0600,0.0048
1790186953939,5540,0.1400,0.0091
1790186953987,5541,0.0622,0.0059
1790186954038,5542,0.0622,0.0060
1790186954088,5543,0.0826,0.0065
1790186954138,5544,0.1314,0.0074
1790186954188,5545,0.1206,0.0085
1790186954237,5546,0.0842,0.0070
1790186954288,5547,0.1167,0.0089
1790186954337,5548,0.1135,0.0078
1790186954387,5549,0.0757,0.0060
1790186954437,5550,0.0821,0.0067
1790186954488,5551,0.1401,0.0092
1790186954538,5552,0.1177,0.0092
1790186954587,5553,0.0723,0.0065
1790186954637,5554,0.0651,0.0065
1790186954688,5555,0.0969,0.0069
1790186954738,5556,0.0643,0.0063
1790186954787,5557,0.1060,0.0063
1790186954838,5558,0.0731,0.0064
1790186954888,5559,0.0804,0.0054
1790186954938,5560,0.1061,0.0066
1790186954988,5561,0.0601,0.0057
1790186955038,5562,0.0785,0.0050
1790186955087,5563,0.0656,0.0055
1790186955138,5564,0.0629,0.0041
1790186955188,5565,0.1339,0.0070
1790186955237,5566,0.0765,0.0058
1790186955287,5567,0.0628,0.0044
1790186955338,5568,0.0591,0.0046
1790186955387,5569,0.0791,0.0040
1790186955437,5570,0.0765,0.0038
1790186955488,5571,0.0534,0.0030
1790186955537,5572,0.1342,0.0106
1790186955588,5573,0.1096,0.0078
1790186955638,5574,0.0718,0.0072
1790186955687,5575,0.0733,0.0069
1790186955738,5576,0.0860,0.0063
1790186955788,5577,0.0645,0.0064
1790186955839,5578,0.0599,0.0052
1790186955887,5579,0.0628,0.0050
1790186955937,5580,0.1090,0.0123
1790186955987,5581,0.0760,0.0052
1790186956038,5582,0.1036,0.0059
1790186956089,5583,0.0610,0.0053
1790186956137,5584,0.0754,0.0047
1790186956188,5585,0.0649,0.0049
1790186956238,5586,0.0778,0.0052
1790186956288,5587,0.0895,0.0048
1790186956337,5588,0.0788,0.0046
1790186956387,5589,0.0556,0.0042
1790186956438,5590,0.0790,0.0042
1790186956488,5591,0.0574,0.0037
1790186956537,5592,0.0683,0.0033
1790186956587,5593,0.1248,0.0093
1790186956638,5594,0.0977,0.0079
1790186956688,5595,0.1016,0.0076
1790186956737,5596,0.0758,0.0062
1790186956787,5597,0.1017,0.0058
1790186956838,5598,0.0865,0.0054
1790186956888,5599,0.0674,0.0048
1790186956937,5600,0.0856,0.0050
1790186956989,5601,0.0732,0.0050
1790186957037,5602,0.0576,0.0044
1790186957087,5603,0.0592,0.0048
1790186957137,5604,0.0569,0.0039
1790186957187,5605,0.0748,0.0043
1790186957238,5606,0.1033,0.0052
1790186957287,5607,0.0682,0.0046
1790186957337,5608,0.0590,0.0048
1790186957387,5609,0.0548,0.0035
1790186957438,5610,0.0984,0.0033
1790186957488,5611,0.0919,0.0037
1790186957537,5612,0.0517,0.0031
1790186957588,5613,0.0981,0.0067
1790186957637,5614,0.1108,0.0079
1790186957687,5615,0.0825,0.0059
1790186957737,5616,0.0782,0.0063
1790186957788,5617,0.0955,0.0052
1790186957838,5618,0.1100,0.0069
1790186957888,5619,0.0858,0.0051
1790186957937,5620,0.0836,0.0050
1790186957988,5621,0.0977,0.0059
1790186958037,5622,0.0592,0.0049
1790186958087,5623,0.0624,0.0053
1790186958137,5624,0.0721,0.0043
1790186958188,5625,0.0676,0.0049
1790186958237,5626,0.0753,0.0049
1790186958287,5627,0.0937,0.0046
1790186958338,5628,0.0664,0.0043
1790186958387,5629,0.0564,0.0041
1790186958438,5630,0.0815,0.0037
1790186958487,5631,0.0793,0.0037
1790186958537,5632,0.0766,0.0058
1790186958587,5633,0.1143,0.0067
1790186958638,5634,0.1756,0.0383
1790186958687,5635,0.1310,0.0034
1790186958737,5636,0.1127,0.0032
1790186958787,5637,0.2741,0.0027
1790186958838,5638,0.0814,0.0024
1790186958888,5639,0.0610,0.0026
1790186958937,5640,0.0762,0.0020
1790186958988,5641,0.0946,0.0030
1790186959037,5642,0.0696,0.0017
1790186959087,5643,0.0586,0.0016
1790186959137,5644,0.0860,0.0013
1790186959188,5645,0.0764,0.0010
1790186959237,5646,0.0833,0.0023
1790186959288,5647,0.0616,0.0017
1790186959337,5648,0.0771,0.0016
1790186959387,5649,0.0609,0.0013
1790186959437,5650,0.0915,0.0013
1790186959488,5651,0.0770,0.0013
1790186959538,5652,0.0707,0.0009
1790186959588,5653,0.0507,0.0012
1790186959637,5654,0.0502,0.0011
1790186959688,5655,0.1190,0.0035
1790186959737,5656,0.1304,0.0035
1790186959787,5657,0.0742,0.0026
1790186959837,5658,0.0670,0.0018
1790186959887,5659,0.0937,0.0023
1790186959937,5660,0.0762,0.0020
1790186959987,5661,0.0973,0.0027
1790186960037,5662,0.0630,0.0014
1790186960087,5663,0.0819,0.0017
1790186960138,5664,0.0552,0.0017
1790186960187,5665,0.0590,0.0017
1790186960237,5666,0.1037,0.0034
1790186960288,5667,0.1502,0.0037
1790186960337,5668,0.1000,0.0027
1790186960388,5669,0.0687,0.0023
1790186960437,5670,0.0948,0.0026
1790186960488,5671,0.0629,0.0021
1790186960538,5672,0.0586,0.0018
1790186960588,5673,0.0580,0.0018
1790186960637,5674,0.0532,0.0012
1790186960687,5675,0.1068,0.0028
1790186960737,5676,0.1208,0.0037
1790186960787,5677,0.1015,0.0024
1790186960837,5678,0.1053,0.0034
1790186960888,5679,0.1239,0.0038
1790186960937,5680,0.1186,0.0029
1790186960987,5681,0.0933,0.0028
1790186961037,5682,0.0852,0.0026
1790186961088,5683,0.1307,0.0039
1790186961137,5684,0.1837,0.0039
1790186961187,5685,0.0740,0.0021
1790186961237,5686,0.0680,0.0023
1790186961287,5687,0.0780,0.0024
1790186961337,5688,0.0813,0.0021
1790186961388,5689,0.0569,0.0014
1790186961438,5690,0.0803,0.0017
1790186961487,5691,0.0741,0.0016
1790186961538,5692,0.0532,0.0012
1790186961588,5693,0.0528,0.0010
1790186961639,5694,0.0504,0.0009
1790186961687,5695,0.0541,0.0010
1790186961737,5696,0.1285,0.0033
1790186961787,5697,0.1249,0.0033
1790186961837,5698,0.1141,0.0020
1790186961888,5699,0.0665,0.0024
1790186961938,5700,0.0787,0.0022
1790186961987,5701,0.0725,0.0016
1790186962038,5702,0.0790,0.0016
1790186962087,5703,0.0720,0.0014
1790186962138,5704,0.0611,0.0020
1790186962187,5705,0.0922,0.0018
1790186962237,5706,0.0586,0.0021
1790186962287,5707,0.0858,0.0028
1790186962337,5708,0.0697,0.0017
1790186962387,5709,0.1293,0.0025
1790186962438,5710,0.0692,0.0012
1790186962489,5711,0.0547,0.0011
1790186962538,5712,0.0735,0.0011
1790186962588,5713,0.0606,0.0012
1790186962637,5714,0.0498,0.0009
1790186962688,5715,0.0553,0.0010
1790186962737,5716,0.0932,0.0014
1790186962787,5717,0.1128,0.0034
1790186962838,5718,0.0862,0.0026
1790186962889,5719,0.0666,0.0025
1790186962937,5720,0.0980,0.0026
1790186962987,5721,0.0609,0.0022
1790186963037,5722,0.0857,0.0025
1790186963087,5723,0.0871,0.0020
1790186963138,5724,0.0655,0.0022
1790186963187,5725,0.0699,0.0022
1790186963238,5726,0.0577,0.0014
1790186963288,5727,0.0962,0.0031
1790186963338,5728,0.0902,0.0018
1790186963388,5729,0.0715,0.0020
1790186963438,5730,0.1026,0.0023
1790186963487,5731,0.0615,0.0015
1790186963537,5732,0.0546,0.0017
1790186963588,5733,0.0603,0.0018
1790186963638,5734,0.0527,0.0014
1790186963688,5735,0.0772,0.0010
1790186963738,5736,0.0699,0.0018
1790186963787,5737,0.1052,0.0031
1790186963838,5738,0.3419,0.0037
1790186963888,5739,0.0806,0.0021
1790186963937,5740,0.0785,0.0023
1790186963988,5741,0.0562,0.0022
1790186964037,5742,0.1047,0.0025
1790186964087,5743,0.0674,0.0016
1790186964137,5744,0.0593,0.0017
1790186964188,5745,0.0613,0.0015
1790186964237,5746,0.0711,0.0012
1790186964288,5747,0.0612,0.0013
1790186964338,5748,0.0802,0.0020
1790186964388,5749,0.0709,0.0020
1790186964438,5750,0.0674,0.0016
1790186964487,5751,0.0526,0.0018
1790186964537,5752,0.0524,0.0011
1790186964588,5753,0.0512,0.0010
1790186964638,5754,0.0545,0.0011
1790186964687,5755,0.0587,0.0010
1790186964737,5756,0.1195,0.0016
1790186964787,5757,0.0553,0.0015
1790186964837,5758,0.1193,0.0034
1790186964887,5759,0.0908,0.0028
1790186964937,5760,0.1234,0.0023
1790186964988,5761,0.0617,0.0023
1790186965037,5762,0.0952,0.0029
1790186965088,5763,0.0702,0.0019
1790186965137,5764,0.0578,0.0017
1790186965188,5765,0.0626,0.0012
1790186965238,5766,0.0835,0.0015
1790186965288,5767,0.0742,0.0011
1790186965338,5768,0.1065,0.0029
1790186965388,5769,0.0663,0.0022
1790186965438,5770,0.0735,0.0025
1790186965488,5771,0.0806,0.0018
1790186965538,5772,0.0647,0.0019
1790186965587,5773,0.0547,0.0012
1790186965638,5774,0.0531,0.0013
1790186965687,5775,0.0632,0.0014
1790186965737,5776,0.0953,0.0012
1790186965787,5777,0.0530,0.0010
1790186965837,5778,0.0867,0.0011
1790186965888,5779,0.1278,0.0039
1790186965937,5780,0.0953,0.0036
1790186965988,5781,0.0885,0.0027
1790186966038,5782,0.0775,0.0021
1790186966088,5783,0.0929,0.0030
1790186966137,5784,0.0703,0.0018
1790186966188,5785,0.0815,0.0019
1790186966237,5786,0.0569,0.0019
1790186966287,5787,0.0547,0.0012
1790186966337,5788,0.1061,0.0026
1790186966387,5789,0.1033,0.0016
1790186966438,5790,0.0778,0.0019
1790186966488,5791,0.0996,0.0028
1790186966538,5792,0.0750,0.0024
1790186966587,5793,0.0776,0.0018
1790186966638,5794,0.0546,0.0015
1790186966688,5795,0.0676,0.0013
1790186966737,5796,0.0929,0.0014
1790186966788,5797,0.0554,0.0011
1790186966837,5798,0.0511,0.0010
1790186966887,5799,0.0526,0.0011
1790186966938,5800,0.1606,0.0040
1790186966988,5801,0.1086,0.0020
1790186967037,5802,0.0811,0.0018
1790186967087,5803,0.1253,0.0031
1790186967138,5804,0.0958,0.0021
1790186967188,5805,0.2022,0.0044
1790186967237,5806,0.1314,0.0039
1790186967288,5807,0.0908,0.0029
1790186967338,5808,0.1234,0.0032
1790186967387,5809,0.1486,0.0034
1790186967439,5810,0.1421,0.0046
1790186967487,5811,0.0686,0.0023
1790186967537,5812,0.0628,0.0019
1790186967588,5813,0.0599,0.0016
1790186967637,5814,0.0552,0.0016
1790186967688,5815,0.0876,0.0013
1790186967738,5816,0.0756,0.0017
1790186967788,5817,0.0741,0.0019
1790186967838,5818,0.0980,0.0017
1790186967888,5819,0.0724,0.0013
1790186967937,5820,0.1325,0.0034
1790186967988,5821,0.1134,0.0035
1790186968037,5822,0.1211,0.0028
1790186968087,5823,0.1173,0.0035
1790186968137,5824,0.0701,0.0024
1790186968188,5825,0.0716,0.0017
1790186968237,5826,0.0889,0.0020
1790186968288,5827,0.0694,0.0016
1790186968338,5828,0.0695,0.0017
1790186968387,5829,0.1265,0.0039
1790186968437,5830,0.1199,0.0040
1790186968487,5831,0.0677,0.0023
1790186968538,5832,0.0633,0.0021
1790186968587,5833,0.0618,0.0022
1790186968637,5834,0.0591,0.0021
1790186968687,5835,0.0631,0.0020
1790186968737,5836,0.0732,0.0024
1790186968787,5837,0.0809,0.0015
1790186968838,5838,0.0625,0.0014
1790186968888,5839,0.2278,0.0012
1790186968937,5840,0.0863,0.0019
1790186968987,5841,0.1156,0.0035
1790186969039,5842,0.0848,0.0017
1790186969088,5843,0.0981,0.0025
1790186969137,5844,0.0933,0.0020
1790186969187,5845,0.0991,0.0024
1790186969237,5846,0.0822,0.0022
1790186969287,5847,0.0892,0.0020
1790186969337,5848,0.0958,0.0025
1790186969387,5849,0.1018,0.0031
1790186969438,5850,0.1081,0.0029
1790186969487,5851,0.0754,0.0022
1790186969538,5852,0.0947,0.0020
1790186969587,5853,0.0592,0.0014
1790186969638,5854,0.0795,0.0012
1790186969688,5855,0.0586,0.0011
1790186969737,5856,0.0634,0.0015
1790186969788,5857,0.0559,0.0016
1790186969837,5858,0.0712,0.0011
1790186969888,5859,0.0836,0.0012
1790186969937,5860,0.0681,0.0012
1790186969988,5861,0.0581,0.0014
1790186970037,5862,0.1107,0.0034
1790186970088,5863,0.1135,0.0030
1790186970137,5864,0.0782,0.0022
1790186970188,5865,0.1018,0.0021
1790186970237,5866,0.0639,0.0021
1790186970287,5867,0.0594,0.0016
1790186970337,5868,0.1064,0.0025
1790186970388,5869,0.1631,0.0040
1790186970437,5870,0.1476,0.0047
1790186970488,5871,0.1285,0.0036
1790186970538,5872,0.0602,0.0016
1790186970587,5873,0.0636,0.0015
1790186970638,5874,0.0593,0.0014
1790186970688,5875,0.0802,0.0015
1790186970738,5876,0.0676,0.0014
1790186970788,5877,0.0997,0.0019
1790186970838,5878,0.0530,0.0011
1790186970888,5879,0.0715,0.0012
1790186970938,5880,0.1411,0.0040
1790186970987,5881,0.1189,0.0038
1790186971037,5882,0.1201,0.0035
1790186971087,5883,0.1426,0.0038
1790186971137,5884,0.0755,0.0024
1790186971188,5885,0.1665,0.0035
1790186971237,5886,0.1475,0.0041
1790186971287,5887,0.0882,0.0026
1790186971337,5888,0.0770,0.0024
1790186971388,5889,0.0719,0.0017
1790186971437,5890,0.1161,0.0033
1790186971487,5891,0.0771,0.0027
1790186971537,5892,0.0599,0.0017
1790186971587,5893,0.0844,0.0021
1790186971637,5894,0.0563,0.0016
1790186971688,5895,0.0584,0.0011
1790186971738,5896,0.0936,0.0015
1790186971788,5897,0.0934,0.0021
1790186971838,5898,0.0521,0.0015
1790186971888,5899,0.0510,0.0012
1790186971938,5900,0.0706,0.0013
1790186971988,5901,0.0591,0.0015
1790186972038,5902,0.0491,0.0010
1790186972088,5903,0.1235,0.0031
1790186972138,5904,0.1160,0.0029
1790186972188,5905,0.0857,0.0023
1790186972237,5906,0.0585,0.0022
1790186972288,5907,0.0580,0.0019
1790186972338,5908,0.0801,0.0016
1790186972387,5909,0.0557,0.0015
1790186972438,5910,0.0775,0.0028
1790186972488,5911,0.0981,0.0032
1790186972537,5912,0.0741,0.0020
1790186972587,5913,0.0561,0.0018
1790186972637,5914,0.0569,0.0017
1790186972687,5915,0.0738,0.0014
1790186972738,5916,0.0620,0.0014
1790186972787,5917,0.0513,0.0017
1790186972837,5918,0.0880,0.0296
1790186972887,5919,0.0515,0.0011
1790186972938,5920,0.0891,0.0013
1790186972988,5921,0.0492,0.0009
1790186973037,5922,0.0721,0.0011
1790186973088,5923,0.1071,0.0031
1790186973137,5924,0.1219,0.0034
1790186973188,5925,0.1490,0.0032
1790186973237,5926,0.0874,0.0023
1790186973288,5927,0.0575,0.0024
1790186973337,5928,0.0586,0.0023
1790186973387,5929,0.0724,0.0015
1790186973437,5930,0.1078,0.0028
1790186973487,5931,0.1295,0.0039
1790186973537,5932,0.1054,0.0020
1790186973588,5933,0.1241,0.0023
1790186973637,5934,0.0599,0.0019
1790186973688,5935,0.0616,0.0015
1790186973738,5936,0.0717,0.0024
1790186973788,5937,0.0747,0.0015
1790186973838,5938,0.0553,0.0020
1790186973888,5939,0.2634,0.0022
1790186973938,5940,0.1027,0.0024
1790186973988,5941,0.0699,0.0019
1790186974037,5942,0.0560,0.0015
1790186974087,5943,0.0704,0.0025
1790186974138,5944,0.1420,0.0037
1790186974187,5945,0.1011,0.0026
1790186974238,5946,0.0760,0.0019
1790186974287,5947,0.0773,0.0018
1790186974338,5948,0.0658,0.0016
1790186974387,5949,0.0781,0.0018
1790186974437,5950,0.0856,0.0026
1790186974487,5951,0.1115,0.0035
1790186974539,5952,0.0668,0.0026
1790186974588,5953,0.0607,0.0017
1790186974638,5954,0.0845,0.0022
1790186974687,5955,0.0596,0.0017
1790186974738,5956,0.0755,0.0024
1790186974787,5957,0.0556,0.0015
1790186974838,5958,0.0721,0.0016
1790186974888,5959,0.0524,0.0015
1790186974937,5960,0.0707,0.0015
1790186974988,5961,0.0507,0.0015
1790186975037,5962,0.0499,0.0013
1790186975088,5963,0.0924,0.0023
1790186975137,5964,0.0976,0.0021
1790186975188,5965,0.1420,0.0034
1790186975238,5966,0.1014,0.0031
1790186975288,5967,0.0818,0.0028
1790186975338,5968,0.0719,0.0027
1790186975388,5969,0.0818,0.0021
1790186975437,5970,0.0679,0.0020
1790186975488,5971,0.1139,0.0029
1790186975537,5972,0.0792,0.0021
1790186975588,5973,0.0698,0.0016
1790186975638,5974,0.0537,0.0013
1790186975688,5975,0.0585,0.0014
1790186975738,5976,0.0931,0.0020
1790186975787,5977,0.0829,0.0015
1790186975837,5978,0.0624,0.0017
1790186975887,5979,0.0536,0.0016
1790186975939,5980,0.0888,0.0015
1790186975987,5981,0.0512,0.0009
1790186976038,5982,0.0500,0.0009
1790186976088,5983,0.0522,0.0009
1790186976138,5984,0.0868,0.0019
1790186976187,5985,0.1209,0.0029
1790186976238,5986,0.1232,0.0035
1790186976288,5987,0.1025,0.0029
1790186976338,5988,0.0649,0.0022
1790186976387,5989,0.0594,0.0025
1790186976437,5990,0.0713,0.0024
1790186976487,5991,0.0827,0.0018
1790186976537,5992,0.0989,0.0027
1790186976588,5993,0.0621,0.0021
1790186976638,5994,0.0558,0.0020
1790186976688,5995,0.0605,0.0018
1790186976737,5996,0.0992,0.0039
1790186976788,5997,0.0544,0.0013
1790186976838,5998,0.0747,0.0017
1790186976887,5999,0.0518,0.0012
1790186977110,6000,172.7647,0.0044
1790186977111,6001,0.0805,0.0026
1790186977111,6002,0.0079,0.0002
1790186977111,6003,0.0541,0.0000
1790186977138,6004,0.1664,0.0040
1790186977188,6005,0.1327,0.0038
1790186977237,6006,0.1769,0.0101
1790186977288,6007,0.1232,0.0036
1790186977338,6008,0.1520,0.0043
1790186977388,6009,0.1231,0.0038
1790186977438,6010,0.1559,0.0038
1790186977488,6011,0.0988,0.0031
1790186977537,6012,0.1163,0.0030
1790186977587,6013,0.0730,0.0021
1790186977638,6014,0.0586,0.0022
1790186977688,6015,0.0602,0.0016
1790186977737,6016,0.0698,0.0021
1790186977787,6017,0.0558,0.0020
1790186977837,6018,0.0514,0.0015
1790186977888,6019,0.0957,0.0014
1790186977937,6020,0.0681,0.0013
1790186977987,6021,0.0508,0.0013
1790186978037,6022,0.0458,0.0009
1790186978087,6023,0.0651,0.0011
1790186978138,6024,0.0950,0.0023
1790186978188,6025,0.0618,0.0011
1790186978237,6026,0.0539,0.0010
1790186978288,6027,0.1168,0.0037
1790186978338,6028,0.1096,0.0033
1790186978387,6029,0.0819,0.0019
1790186978438,6030,0.0970,0.0027
1790186978487,6031,0.0738,0.0024
1790186978537,6032,0.0913,0.0018
1790186978587,6033,0.1037,0.0020
1790186978637,6034,0.0588,0.0012
1790186978687,6035,0.0609,0.0012
1790186978738,6036,0.0887,0.0026
1790186978787,6037,0.0864,0.0025
1790186978838,6038,0.0586,0.0018
1790186978888,6039,0.0570,0.0012
1790186978937,6040,0.2365,0.0013
1790186978988,6041,0.0576,0.0011
1790186979037,6042,0.0770,0.0009
1790186979087,6043,0.0553,0.0010
1790186979137,6044,0.1048,0.0015
1790186979188,6045,0.0612,0.0013
1790186979238,6046,0.0538,0.0010
1790186979287,6047,0.0530,0.0011
1790186979337,6048,0.1450,0.0046
1790186979388,6049,0.0774,0.0027
1790186979438,6050,0.0771,0.0031
1790186979487,6051,0.1063,0.0024
1790186979538,6052,0.0753,0.0019
1790186979588,6053,0.0996,0.0030
1790186979637,6054,0.0637,0.0020
1790186979688,6055,0.0681,0.0015
1790186979737,6056,0.0757,0.0022
1790186979788,6057,0.0606,0.0019
1790186979837,6058,0.0929,0.0020
1790186979887,6059,0.0811,0.0020
1790186979937,6060,0.0741,0.0015
1790186979987,6061,0.0522,0.0014
1790186980037,6062,0.0633,0.0016
1790186980087,6063,0.0548,0.0017
1790186980138,6064,0.0661,0.0018
1790186980187,6065,0.0587,0.0012
1790186980238,6066,0.0505,0.0015
1790186980287,6067,0.0509,0.0009
1790186980337,6068,0.0872,0.0027
1790186980388,6069,0.1393,0.0036
1790186980437,6070,0.1404,0.0047
1790186980488,6071,0.1230,0.0037
1790186980538,6072,0.0894,0.0029
1790186980587,6073,0.1174,0.0021
1790186980638,6074,0.1641,0.0039
1790186980688,6075,0.0704,0.0024
1790186980738,6076,0.0927,0.0025
1790186980788,6077,0.0736,0.0017
1790186980838,6078,0.0583,0.0018
1790186980888,6079,0.0560,0.0017
1790186980937,6080,0.0881,0.0014
1790186980987,6081,0.0536,0.0015
1790186981037,6082,0.1190,0.0036
1790186981088,6083,0.1310,0.0030
1790186981138,6084,0.0812,0.0023
1790186981187,6085,0.0871,0.0022
1790186981237,6086,0.0668,0.0024
1790186981288,6087,0.1468,0.0035
1790186981338,6088,0.1245,0.0034
1790186981388,6089,0.1274,0.0040
1790186981438,6090,0.1175,0.0043
1790186981487,6091,0.1498,0.0038
1790186981538,6092,0.1097,0.0037
1790186981587,6093,0.1014,0.0035
1790186981637,6094,0.1418,0.0037
1790186981687,6095,0.0920,0.0029
1790186981738,6096,0.1049,0.0034
1790186981788,6097,0.0794,0.0027
1790186981838,6098,0.1179,0.0031
1790186981888,6099,0.0729,0.0028
1790186981939,6100,0.1141,0.0034
1790186981987,6101,0.0655,0.0017
1790186982037,6102,0.0786,0.0022
1790186982088,6103,0.0626,0.0021
1790186982138,6104,0.0595,0.0015
1790186982187,6105,0.0896,0.0016
1790186982237,6106,0.0561,0.0013
1790186982287,6107,0.0579,0.0015
1790186982338,6108,0.0574,0.0019
1790186982387,6109,0.0832,0.0012
1790186982437,6110,0.1246,0.0037
1790186982488,6111,0.0900,0.0026
1790186982537,6112,0.0652,0.0016
1790186982587,6113,0.0850,0.0020
1790186982637,6114,0.1027,0.0033
1790186982687,6115,0.0807,0.0027
1790186982738,6116,0.0978,0.0025
1790186982788,6117,0.0615,0.0020
1790186982837,6118,0.0587,0.0018
1790186982888,6119,0.0586,0.0022
1790186982938,6120,0.0963,0.0016
1790186982987,6121,0.0635,0.0021
1790186983037,6122,0.0520,0.0012
1790186983088,6123,0.0781,0.0011
1790186983138,6124,0.0644,0.0011
1790186983188,6125,0.0837,0.0024
1790186983238,6126,0.0624,0.0012
1790186983287,6127,0.0700,0.0014
1790186983338,6128,0.0521,0.0013
1790186983387,6129,0.0512,0.0009
1790186983437,6130,0.1082,0.0034
1790186983487,6131,0.1419,0.0031
1790186983538,6132,0.1004,0.0034
1790186983587,6133,0.0730,0.0022
1790186983637,6134,0.0814,0.0023
1790186983687,6135,0.1151,0.0024
1790186983737,6136,0.0712,0.0024
1790186983787,6137,0.0587,0.0020
1790186983837,6138,0.0745,0.0023
1790186983887,6139,0.0550,0.0014
1790186983938,6140,0.1897,0.0016
1790186983988,6141,0.0775,0.0014
1790186984038,6142,0.0511,0.0014
1790186984088,6143,0.0535,0.0015
1790186984137,6144,0.0661,0.0013
1790186984187,6145,0.1119,0.0026
1790186984238,6146,0.0993,0.0022
1790186984287,6147,0.0552,0.0014
1790186984337,6148,0.0559,0.0015
1790186984387,6149,0.0610,0.0013
1790186984438,6150,0.0687,0.0016
1790186984488,6151,0.1209,0.0034
1790186984538,6152,0.1258,0.0027
1790186984587,6153,0.1014,0.0030
1790186984637,6154,0.0926,0.0020
1790186984688,6155,0.0819,0.0018
1790186984737,6156,0.1114,0.0028
1790186984787,6157,0.0625,0.0020
1790186984837,6158,0.0565,0.0017
1790186984888,6159,0.0965,0.0015
1790186984938,6160,0.0724,0.0012
1790186984988,6161,0.0517,0.0012
1790186985037,6162,0.0511,0.0012
1790186985088,6163,0.0667,0.0010
1790186985137,6164,0.0497,0.0009
1790186985187,6165,0.0960,0.0017
1790186985237,6166,0.0547,0.0015
1790186985288,6167,0.0690,0.0011
1790186985338,6168,0.0516,0.0010
1790186985388,6169,0.0507,0.0010
1790186985437,6170,0.0749,0.0010
1790186985487,6171,0.0530,0.0010
1790186985538,6172,0.1238,0.0035
1790186985587,6173,0.1068,0.0027
1790186985638,6174,0.1033,0.0024
1790186985687,6175,0.1148,0.0031
1790186985738,6176,0.0993,0.0028
1790186985787,6177,0.0642,0.0017
1790186985837,6178,0.0744,0.0025
1790186985887,6179,0.0554,0.0017
1790186985938,6180,0.0740,0.0018
1790186985988,6181,0.0662,0.0017
1790186986038,6182,0.0517,0.0017
1790186986088,6183,0.0508,0.0010
1790186986138,6184,0.0507,0.0013
1790186986188,6185,0.0984,0.0016
1790186986238,6186,0.0801,0.0010
1790186986288,6187,0.0524,0.0012
1790186986337,6188,0.0504,0.0009
1790186986388,6189,0.0630,0.0009
1790186986438,6190,0.0626,0.0010
1790186986487,6191,0.0527,0.0009
1790186986538,6192,0.1312,0.0028
1790186986588,6193,0.1212,0.0036
1790186986637,6194,0.0936,0.0030
1790186986688,6195,0.2125,0.0043
1790186986738,6196,0.1135,0.0031
1790186986788,6197,0.0644,0.0023
1790186986838,6198,0.0564,0.0021
1790186986887,6199,0.0558,0.0021
1790186986938,6200,0.0914,0.0017
1790186986988,6201,0.0661,0.0018
1790186987038,6202,0.0531,0.0013
1790186987088,6203,0.0967,0.0013
1790186987137,6204,0.0636,0.0013
1790186987188,6205,0.0605,0.0011
1790186987237,6206,0.0740,0.0013
1790186987287,6207,0.0527,0.0012
1790186987337,6208,0.0506,0.0011
1790186987388,6209,0.0513,0.0010
1790186987437,6210,0.0620,0.0011
1790186987487,6211,0.0705,0.0010
1790186987537,6212,0.0605,0.0013
1790186987589,6213,0.0918,0.0022
1790186987637,6214,0.1054,0.0033
1790186987688,6215,0.1202,0.0028
1790186987738,6216,0.1202,0.0044
1790186987787,6217,0.0747,0.0022
1790186987837,6218,0.0594,0.0017
1790186987887,6219,0.0571,0.0015
1790186987938,6220,0.1110,0.0019
1790186987987,6221,0.0527,0.0012
1790186988038,6222,0.0704,0.0013
1790186988087,6223,0.0507,0.0011
1790186988137,6224,0.0936,0.0017
1790186988188,6225,0.0549,0.0009
1790186988237,6226,0.0958,0.0013
1790186988287,6227,0.1086,0.0012
1790186988339,6228,0.0517,0.0009
1790186988387,6229,0.0511,0.0010
1790186988437,6230,0.0635,0.0010
1790186988488,6231,0.0647,0.0012
1790186988538,6232,0.0611,0.0011
1790186988587,6233,0.0692,0.0010
1790186988637,6234,0.1154,0.0033
1790186988687,6235,0.1118,0.0029
1790186988738,6236,0.1318,0.0029
1790186988787,6237,0.0826,0.0031
1790186988837,6238,0.0577,0.0020
1790186988888,6239,0.0549,0.0013
1790186988937,6240,0.1017,0.0013
1790186988988,6241,0.1875,0.0013
1790186989037,6242,0.0520,0.0011
1790186989088,6243,0.0615,0.0010
1790186989137,6244,0.0528,0.0010
1790186989188,6245,0.0551,0.0010
1790186989238,6246,0.0780,0.0016
1790186989288,6247,0.0840,0.0019
1790186989337,6248,0.0528,0.0011
1790186989387,6249,0.0546,0.0015
1790186989437,6250,0.0658,0.0012
1790186989487,6251,0.0679,0.0011
1790186989537,6252,0.0519,0.0011
1790186989587,6253,0.0576,0.0013
1790186989638,6254,0.0672,0.0010
1790186989688,6255,0.1247,0.0034
1790186989738,6256,0.1258,0.0039
1790186989788,6257,0.0707,0.0018
1790186989838,6258,0.0694,0.0029
1790186989888,6259,0.0577,0.0019
1790186989938,6260,0.0777,0.0022
1790186989988,6261,0.0731,0.0012
1790186990038,6262,0.0521,0.0011
1790186990088,6263,0.0511,0.0014
1790186990138,6264,0.0781,0.0011
1790186990188,6265,0.0622,0.0012
1790186990238,6266,0.0816,0.0018
1790186990288,6267,0.0720,0.0014
1790186990337,6268,0.0511,0.0010
1790186990387,6269,0.0503,0.0010
1790186990438,6270,0.1132,0.0011
1790186990487,6271,0.1083,0.0021
1790186990538,6272,0.1130,0.0034
1790186990588,6273,0.1016,0.0032
1790186990637,6274,0.0737,0.0025
1790186990687,6275,0.1120,0.0027
1790186990737,6276,0.1231,0.0032
1790186990787,6277,0.1188,0.0036
1790186990838,6278,0.1217,0.0033
1790186990888,6279,0.0665,0.0030
1790186990938,6280,0.0768,0.0025
1790186990988,6281,0.0562,0.0024
1790186991037,6282,0.0725,0.0020
1790186991087,6283,0.0923,0.0020
1790186991138,6284,0.1153,0.0039
1790186991188,6285,0.0815,0.0025
1790186991237,6286,0.1060,0.0029
1790186991288,6287,0.0727,0.0021
1790186991338,6288,0.0590,0.0021
1790186991388,6289,0.1376,0.0035
1790186991438,6290,0.1281,0.0043
1790186991488,6291,0.1111,0.0035
1790186991538,6292,0.0847,0.0026
1790186991588,6293,0.0780,0.0023
1790186991638,6294,0.0642,0.0017
1790186991687,6295,0.0606,0.0016
1790186991738,6296,0.1547,0.0038
1790186991788,6297,0.1248,0.0039
1790186991837,6298,0.0894,0.0028
1790186991887,6299,0.0600,0.0021
1790186991937,6300,0.0781,0.0023
1790186991987,6301,0.0563,0.0020
1790186992037,6302,0.0562,0.0013
1790186992087,6303,0.0721,0.0014
1790186992137,6304,0.0520,0.0014
1790186992188,6305,0.0567,0.0011
1790186992238,6306,0.0933,0.0025
1790186992288,6307,0.0743,0.0012
1790186992338,6308,0.0592,0.0018
1790186992387,6309,0.0547,0.0010
1790186992438,6310,0.0796,0.0012
1790186992488,6311,0.0525,0.0010
1790186992537,6312,0.0883,0.0009
1790186992588,6313,0.0573,0.0009
1790186992638,6314,0.0769,0.0009
1790186992687,6315,0.0577,0.0009
1790186992738,6316,0.0630,0.0018
1790186992788,6317,0.1233,0.0037
1790186992839,6318,0.0959,0.0025
1790186992887,6319,0.0861,0.0023
1790186992937,6320,0.0790,0.0024
1790186992988,6321,0.0738,0.0020
1790186993037,6322,0.1030,0.0026
1790186993088,6323,0.0554,0.0014
1790186993137,6324,0.0509,0.0011
1790186993187,6325,0.1193,0.0028
1790186993238,6326,0.0921,0.0025
1790186993287,6327,0.0654,0.0013
1790186993338,6328,0.0537,0.0015
1790186993388,6329,0.0713,0.0013
1790186993438,6330,0.0773,0.0016
1790186993488,6331,0.0515,0.0010
1790186993537,6332,0.0677,0.0010
1790186993588,6333,0.0518,0.0010
1790186993638,6334,0.0507,0.0010
1790186993688,6335,0.0603,0.0013
1790186993737,6336,0.0912,0.0014
1790186993787,6337,0.0773,0.0017
1790186993838,6338,0.1269,0.0033
1790186993887,6339,0.0917,0.0025
1790186993937,6340,0.0999,0.0020
1790186993988,6341,0.0650,0.0022
1790186994038,6342,0.2061,0.0014
1790186994088,6343,0.0701,0.0018
1790186994138,6344,0.0824,0.0022
1790186994188,6345,0.0615,0.0018
1790186994238,6346,0.0591,0.0020
1790186994287,6347,0.0867,0.0020
1790186994337,6348,0.0586,0.0022
1790186994387,6349,0.0527,0.0016
1790186994438,6350,0.0809,0.0019
1790186994487,6351,0.0507,0.0015
1790186994537,6352,0.0597,0.0013
1790186994588,6353,0.0513,0.0011
1790186994638,6354,0.0501,0.0013
1790186994687,6355,0.0609,0.0013
1790186994738,6356,0.0727,0.0022
1790186994788,6357,0.0825,0.0017
1790186994838,6358,0.1265,0.0038
1790186994888,6359,0.1090,0.0031
1790186994937,6360,0.0886,0.0028
1790186994988,6361,0.0789,0.0017
1790186995037,6362,0.0570,0.0015
1790186995088,6363,0.0832,0.0020
1790186995137,6364,0.0674,0.0016
1790186995187,6365,0.0580,0.0012
1790186995238,6366,0.0594,0.0015
1790186995288,6367,0.0749,0.0023
1790186995338,6368,0.0821,0.0016
1790186995388,6369,0.0558,0.0013
1790186995438,6370,0.1028,0.0022
1790186995488,6371,0.0545,0.0014
1790186995538,6372,0.0814,0.0011
1790186995587,6373,0.0522,0.0011
1790186995638,6374,0.0512,0.0011
1790186995688,6375,0.0717,0.0014
1790186995738,6376,0.0713,0.0017
1790186995788,6377,0.0527,0.0015
1790186995838,6378,0.0796,0.0022
1790186995888,6379,0.1419,0.0032
1790186995937,6380,0.1047,0.0028
1790186995988,6381,0.0665,0.0019
1790186996038,6382,0.0904,0.0016
1790186996088,6383,0.0691,0.0013
1790186996138,6384,0.0681,0.0012
1790186996188,6385,0.0577,0.0014
1790186996237,6386,0.0762,0.0013
1790186996287,6387,0.0817,0.0021
1790186996337,6388,0.0549,0.0018
1790186996388,6389,0.0556,0.0011
1790186996437,6390,0.0850,0.0010
1790186996487,6391,0.0524,0.0012
1790186996537,6392,0.0500,0.0013
1790186996588,6393,0.0512,0.0009
1790186996638,6394,0.0629,0.0008
1790186996687,6395,0.0553,0.0009
1790186996739,6396,0.0760,0.0023
1790186996788,6397,0.0957,0.0012
1790186996838,6398,0.0659,0.0017
1790186996887,6399,0.1159,0.0029
1790186996937,6400,0.1527,0.0041
1790186996988,6401,0.1852,0.0039
1790186997038,6402,0.0766,0.0024
1790186997087,6403,0.0640,0.0027
1790186997137,6404,0.0558,0.0020
1790186997188,6405,0.0787,0.0018
1790186997237,6406,0.0830,0.0019
1790186997287,6407,0.0823,0.0019
1790186997337,6408,0.0920,0.0027
1790186997388,6409,0.0995,0.0020
1790186997438,6410,0.0721,0.0022
1790186997488,6411,0.0543,0.0014
1790186997538,6412,0.0528,0.0015
1790186997588,6413,0.0516,0.0016
1790186997637,6414,0.0515,0.0012
1790186997688,6415,0.0708,0.0011
1790186997737,6416,0.0756,0.0011
1790186997788,6417,0.0643,0.0012
1790186997837,6418,0.0517,0.0014
1790186997887,6419,0.0936,0.0025
1790186997938,6420,0.1334,0.0023
1790186997988,6421,0.1111,0.0031
1790186998037,6422,0.0898,0.0019
1790186998088,6423,0.0574,0.0013
1790186998138,6424,0.0938,0.0018
1790186998187,6425,0.0572,0.0014
1790186998238,6426,0.0701,0.0012
1790186998288,6427,0.0775,0.0019
1790186998338,6428,0.0552,0.0013
1790186998387,6429,0.0535,0.0014
1790186998438,6430,0.0642,0.0012
1790186998487,6431,0.1211,0.0038
1790186998537,6432,0.0717,0.0024
1790186998587,6433,0.0871,0.0023
1790186998638,6434,0.1000,0.0026
1790186998687,6435,0.0849,0.0018
1790186998737,6436,0.0564,0.0015
1790186998787,6437,0.0960,0.0019
1790186998837,6438,0.0643,0.0017
1790186998887,6439,0.0762,0.0024
1790186998938,6440,0.0778,0.0019
1790186998987,6441,0.1148,0.0036
1790186999037,6442,0.0906,0.0031
1790186999088,6443,0.2744,0.0023
1790186999138,6444,0.0783,0.0025
1790186999188,6445,0.0770,0.0017
1790186999238,6446,0.1178,0.0037
1790186999287,6447,0.1457,0.0038
1790186999337,6448,0.1077,0.0032
1790186999388,6449,0.0892,0.0048
1790186999438,6450,0.0696,0.0027
1790186999487,6451,0.0814,0.0021
1790186999538,6452,0.0541,0.0018
1790186999588,6453,0.0527,0.0017
1790186999637,6454,0.0516,0.0016
1790186999687,6455,0.0716,0.0015
1790186999737,6456,0.0640,0.0014
1790186999788,6457,0.0726,0.0015
1790186999838,6458,0.0673,0.0019
1790186999888,6459,0.0513,0.0016
1790186999938,6460,0.1094,0.0027
1790186999987,6461,0.0700,0.0022
1790187000038,6462,0.1500,0.0039
1790187000087,6463,0.1047,0.0188
1790187000137,6464,0.0775,0.0204
1790187000188,6465,0.0747,0.0150
1790187000237,6466,0.0738,0.0019
1790187000288,6467,0.0619,0.0018
1790187000337,6468,0.0593,0.0016
1790187000387,6469,0.0763,0.0017
1790187000438,6470,0.1264,0.0035
1790187000487,6471,0.1094,0.0036
1790187000537,6472,0.0952,0.0029
1790187000587,6473,0.1344,0.0027
1790187000638,6474,0.1231,0.0039
1790187000687,6475,0.1077,0.0031
1790187000738,6476,0.0727,0.0028
1790187000787,6477,0.0899,0.0022
1790187000838,6478,0.0766,0.0028
1790187000887,6479,0.0590,0.0024
1790187000938,6480,0.1517,0.0039
1790187000987,6481,0.0700,0.0026
1790187001038,6482,0.1036,0.0031
1790187001088,6483,0.1081,0.0035
1790187001137,6484,0.0908,0.0018
1790187001188,6485,0.1120,0.0027
1790187001238,6486,0.1100,0.0036
1790187001287,6487,0.0762,0.0022
1790187001337,6488,0.1049,0.0026
1790187001387,6489,0.0643,0.0018
1790187001438,6490,0.0781,0.0021
1790187001487,6491,0.1516,0.0040
1790187001537,6492,0.1230,0.0033
1790187001587,6493,0.1165,0.0033
1790187001638,6494,0.0698,0.0017
1790187001688,6495,0.1006,0.0021
1790187001737,6496,0.0783,0.0018
1790187001787,6497,0.0656,0.0017
1790187001837,6498,0.0578,0.0018
1790187001888,6499,0.0695,0.0014
1790187001937,6500,0.0723,0.0018
1790187001987,6501,0.0893,0.0023
1790187002038,6502,0.0881,0.0019
1790187002087,6503,0.1122,0.0032
1790187002137,6504,0.0734,0.0025
1790187002187,6505,0.0632,0.0014
1790187002239,6506,0.0800,0.0016
1790187002288,6507,0.0640,0.0013
1790187002337,6508,0.0727,0.0018
1790187002387,6509,0.0655,0.0017
1790187002437,6510,0.0942,0.0021
1790187002487,6511,0.0637,0.0018
1790187002538,6512,0.0530,0.0011
1790187002587,6513,0.0759,0.0010
1790187002638,6514,0.0506,0.0015
1790187002688,6515,0.0572,0.0010
1790187002738,6516,0.0605,0.0009
1790187002789,6517,0.1388,0.0029
1790187002838,6518,0.0642,0.0022
1790187002888,6519,0.0625,0.0022
1790187002937,6520,0.0737,0.0021
1790187002987,6521,0.1093,0.0018
1790187003038,6522,0.0826,0.0017
1790187003087,6523,0.0565,0.0012
1790187003137,6524,0.1520,0.0298
1790187003187,6525,0.0792,0.0015
1790187003237,6526,0.0571,0.0015
1790187003288,6527,0.0633,0.0020
1790187003338,6528,0.1303,0.0026
1790187003388,6529,0.0787,0.0022
1790187003438,6530,0.0789,0.0015
1790187003488,6531,0.0573,0.0017
1790187003537,6532,0.0705,0.0015
1790187003588,6533,0.0518,0.0012
1790187003637,6534,0.0507,0.0011
1790187003688,6535,0.0742,0.0015
1790187003737,6536,0.0487,0.0009
1790187003788,6537,0.0739,0.0015
1790187003838,6538,0.0779,0.0017
1790187003887,6539,0.0807,0.0012
1790187003937,6540,0.0764,0.0014
1790187003987,6541,0.0537,0.0010
1790187004037,6542,0.0504,0.0010
1790187004087,6543,0.0680,0.0009
1790187004138,6544,0.2267,0.0022
1790187004187,6545,0.0936,0.0025
1790187004237,6546,0.0951,0.0015
1790187004287,6547,0.0837,0.0012
1790187004337,6548,0.0699,0.0018
1790187004387,6549,0.0560,0.0019
1790187004437,6550,0.0820,0.0014
1790187004489,6551,0.0607,0.0012
1790187004538,6552,0.0523,0.0010
1790187004589,6553,0.1197,0.0017
1790187004638,6554,0.0525,0.0010
1790187004687,6555,0.0819,0.0010
1790187004738,6556,0.0492,0.0009
1790187004787,6557,0.0838,0.0019
1790187004837,6558,0.0573,0.0012
1790187004888,6559,0.0540,0.0014
1790187004938,6560,0.0854,0.0017
1790187004988,6561,0.0518,0.0012
1790187005038,6562,0.1265,0.0022
1790187005088,6563,0.0720,0.0016
1790187005138,6564,0.0574,0.0013
1790187005187,6565,0.1167,0.0032
1790187005238,6566,0.1009,0.0024
1790187005289,6567,0.0683,0.0015
1790187005338,6568,0.0620,0.0016
1790187005388,6569,0.0782,0.0024
1790187005438,6570,0.0802,0.0014
1790187005488,6571,0.0885,0.0012
1790187005537,6572,0.0517,0.0009
1790187005587,6573,0.0654,0.0010
1790187005638,6574,0.0507,0.0009
1790187005688,6575,0.0539,0.0009
1790187005737,6576,0.0496,0.0009
1790187005787,6577,0.0770,0.0014
1790187005838,6578,0.0545,0.0011
1790187005888,6579,0.0508,0.0010
1790187005937,6580,0.0892,0.0010
1790187005988,6581,0.0488,0.0009
1790187006037,6582,0.1006,0.0027
1790187006087,6583,0.0607,0.0017
1790187006137,6584,0.0780,0.0013
1790187006187,6585,0.0989,0.0021
1790187006237,6586,0.1043,0.0025
1790187006288,6587,0.0839,0.0023
1790187006337,6588,0.0592,0.0017
1790187006387,6589,0.0758,0.0017
1790187006437,6590,0.0658,0.0015
1790187006488,6591,0.0687,0.0014
1790187006537,6592,0.0516,0.0016
1790187006587,6593,0.0502,0.0011
1790187006637,6594,0.0797,0.0012
1790187006688,6595,0.0716,0.0013
1790187006738,6596,0.0484,0.0009
1790187006788,6597,0.0590,0.0010
1790187006838,6598,0.0742,0.0009
1790187006887,6599,0.0610,0.0009
1790187006937,6600,0.0655,0.0010
1790187006987,6601,0.0543,0.0009
1790187007038,6602,0.1263,0.0031
1790187007087,6603,0.1025,0.0029
1790187007138,6604,0.1058,0.0028
1790187007187,6605,0.0800,0.0019
1790187007237,6606,0.1419,0.0035
1790187007288,6607,0.1139,0.0033
1790187007337,6608,0.0730,0.0023
1790187007388,6609,0.1039,0.0028
1790187007437,6610,0.1110,0.0032
1790187007488,6611,0.1175,0.0020
1790187007537,6612,0.0556,0.0014
1790187007588,6613,0.0706,0.0018
1790187007637,6614,0.0550,0.0016
1790187007688,6615,0.0618,0.0014
1790187007738,6616,0.0517,0.0014
1790187007787,6617,0.0835,0.0014
1790187007838,6618,0.0557,0.0015
1790187007887,6619,0.0522,0.0012
1790187007937,6620,0.0887,0.0011
1790187007987,6621,0.0635,0.0012
1790187008038,6622,0.0610,0.0017
1790187008087,6623,0.1137,0.0014
1790187008138,6624,0.0700,0.0010
1790187008188,6625,0.0536,0.0010
1790187008238,6626,0.0490,0.0009
1790187008288,6627,0.1477,0.0038
1790187008338,6628,0.1059,0.0034
1790187008388,6629,0.1050,0.0029
1790187008437,6630,0.1034,0.0026
1790187008487,6631,0.1197,0.0026
1790187008537,6632,0.0536,0.0013
1790187008587,6633,0.0529,0.0019
1790187008638,6634,0.0511,0.0015
1790187008687,6635,0.0557,0.0011
1790187008738,6636,0.0514,0.0009
1790187008787,6637,0.0761,0.0013
1790187008838,6638,0.0788,0.0013
1790187008887,6639,0.0501,0.0011
1790187008937,6640,0.0680,0.0011
1790187008987,6641,0.0494,0.0016
1790187009037,6642,0.0719,0.0011
1790187009088,6643,0.0850,0.0020
1790187009137,6644,0.0561,0.0010
1790187009188,6645,0.1875,0.0011
1790187009238,6646,0.0504,0.0009
1790187009287,6647,0.0495,0.0009
1790187009338,6648,0.1198,0.0030
1790187009388,6649,0.1305,0.0029
1790187009437,6650,0.1043,0.0030
1790187009487,6651,0.0689,0.0021
1790187009537,6652,0.0764,0.0020
1790187009588,6653,0.0550,0.0020
1790187009638,6654,0.0620,0.0022
1790187009688,6655,0.0669,0.0014
1790187009738,6656,0.0818,0.0206
1790187009787,6657,0.1009,0.0190
1790187009838,6658,0.0735,0.0135
1790187009888,6659,0.0813,0.0019
1790187009937,6660,0.0707,0.0019
1790187009987,6661,0.0755,0.0012
1790187010038,6662,0.0618,0.0010
1790187010087,6663,0.0952,0.0021
1790187010137,6664,0.0658,0.0016
1790187010188,6665,0.0714,0.0012
1790187010238,6666,0.0809,0.0010
1790187010287,6667,0.0600,0.0016
1790187010338,6668,0.0999,0.0028
1790187010388,6669,0.1099,0.0030
1790187010437,6670,0.1025,0.0020
1790187010487,6671,0.0579,0.0017
1790187010538,6672,0.0539,0.0016
1790187010587,6673,0.0528,0.0012
1790187010637,6674,0.0525,0.0014
1790187010688,6675,0.1062,0.0025
1790187010738,6676,0.1186,0.0030
1790187010787,6677,0.1308,0.0025
1790187010838,6678,0.1218,0.0024
1790187010888,6679,0.0699,0.0021
1790187010938,6680,0.0774,0.0019
1790187010988,6681,0.0748,0.0017
1790187011037,6682,0.0540,0.0012
1790187011088,6683,0.0675,0.0018
1790187011138,6684,0.0957,0.0022
1790187011188,6685,0.0740,0.0019
1790187011238,6686,0.0583,0.0011
1790187011287,6687,0.1184,0.0029
1790187011338,6688,0.1177,0.0022
1790187011388,6689,0.1240,0.0036
1790187011437,6690,0.0905,0.0024
1790187011487,6691,0.0855,0.0015
1790187011538,6692,0.0570,0.0014
1790187011587,6693,0.0586,0.0021
1790187011638,6694,0.1190,0.0032
1790187011688,6695,0.1363,0.0029
1790187011737,6696,0.0643,0.0017
1790187011788,6697,0.1067,0.0022
1790187011838,6698,0.0527,0.0018
1790187011887,6699,0.0743,0.0018
1790187011937,6700,0.0706,0.0017
1790187011987,6701,0.0521,0.0016
1790187012038,6702,0.0511,0.0017
1790187012088,6703,0.0518,0.0010
1790187012138,6704,0.0769,0.0012
1790187012187,6705,0.0686,0.0010
1790187012238,6706,0.0975,0.0014
1790187012287,6707,0.0580,0.0011
1790187012337,6708,0.0546,0.0009
1790187012388,6709,0.0593,0.0013
1790187012438,6710,0.1521,0.0036
1790187012488,6711,0.0985,0.0025
1790187012537,6712,0.0672,0.0015
1790187012588,6713,0.0593,0.0016
1790187012638,6714,0.1293,0.0016
1790187012688,6715,0.0592,0.0015
1790187012737,6716,0.0537,0.0017
1790187012788,6717,0.0548,0.0011
1790187012837,6718,0.0702,0.0011
1790187012887,6719,0.0525,0.0013
1790187012937,6720,0.0699,0.0016
1790187012989,6721,0.0649,0.0009
1790187013038,6722,0.0931,0.0027
1790187013088,6723,0.0847,0.0022
1790187013138,6724,0.0738,0.0017
1790187013188,6725,0.0964,0.0019
1790187013238,6726,0.0801,0.0017
1790187013288,6727,0.0734,0.0018
1790187013338,6728,0.0989,0.0011
1790187013387,6729,0.0574,0.0011
1790187013438,6730,0.1216,0.0032
1790187013488,6731,0.1120,0.0032
1790187013537,6732,0.1011,0.0016
1790187013587,6733,0.0592,0.0017
1790187013637,6734,0.0730,0.0018
1790187013688,6735,0.0588,0.0018
1790187013738,6736,0.0545,0.0013
1790187013787,6737,0.0649,0.0012
1790187013837,6738,0.0536,0.0016
1790187013887,6739,0.0663,0.0013
1790187013938,6740,0.0727,0.0016
1790187013987,6741,0.0509,0.0010
1790187014038,6742,0.0632,0.0009
1790187014088,6743,0.0491,0.0012
1790187014138,6744,0.0563,0.0010
1790187014188,6745,0.1051,0.0018
1790187014237,6746,0.2107,0.0012
1790187014287,6747,0.0556,0.0012
1790187014337,6748,0.0503,0.0010
1790187014387,6749,0.0673,0.0010
1790187014438,6750,0.0826,0.0017
1790187014488,6751,0.1051,0.0030
1790187014537,6752,0.0947,0.0024
1790187014588,6753,0.0802,0.0012
1790187014637,6754,0.0799,0.0011
1790187014688,6755,0.0589,0.0011
1790187014738,6756,0.0697,0.0016
1790187014787,6757,0.0819,0.0012
1790187014837,6758,0.1254,0.0035
1790187014888,6759,0.1236,0.0031
1790187014938,6760,0.1267,0.0023
1790187014987,6761,0.0649,0.0020
1790187015037,6762,0.0662,0.0017
1790187015088,6763,0.0572,0.0018
1790187015137,6764,0.0803,0.0018
1790187015188,6765,0.0861,0.0023
1790187015237,6766,0.0620,0.0018
1790187015288,6767,0.0619,0.0019
1790187015337,6768,0.0728,0.0015
1790187015388,6769,0.0936,0.0013
1790187015438,6770,0.1020,0.0026
1790187015487,6771,0.1051,0.0022
1790187015537,6772,0.1014,0.0025
1790187015587,6773,0.0865,0.0019
1790187015638,6774,0.0603,0.0015
1790187015688,6775,0.0844,0.0013
1790187015738,6776,0.0819,0.0020
1790187015787,6777,0.0525,0.0012
1790187015837,6778,0.0572,0.0012
1790187015887,6779,0.0714,0.0012
1790187015938,6780,0.0730,0.0012
1790187015988,6781,0.0510,0.0008
1790187016037,6782,0.0497,0.0008
1790187016087,6783,0.1232,0.0032
1790187016138,6784,0.1223,0.0029
1790187016187,6785,0.1662,0.0040
1790187016237,6786,0.1488,0.0032
1790187016288,6787,0.0789,0.0023
1790187016337,6788,0.0659,0.0025
1790187016387,6789,0.0748,0.0021
1790187016437,6790,0.1740,0.0030
1790187016487,6791,0.1240,0.0032
1790187016538,6792,0.1504,0.0034
1790187016587,6793,0.1111,0.0030
1790187016637,6794,0.0778,0.0024
1790187016687,6795,0.0675,0.0020
1790187016738,6796,0.0790,0.0025
1790187016787,6797,0.1112,0.0023
1790187016838,6798,0.0740,0.0020
1790187016888,6799,0.0617,0.0014
1790187016938,6800,0.0866,0.0020
1790187016988,6801,0.0847,0.0016
1790187017037,6802,0.0554,0.0014
1790187017088,6803,0.0614,0.0014
1790187017137,6804,0.0603,0.0016
1790187017187,6805,0.0785,0.0017
1790187017238,6806,0.1350,0.0029
1790187017288,6807,0.0604,0.0013
1790187017338,6808,0.0760,0.0014
1790187017388,6809,0.0537,0.0011
1790187017437,6810,0.1090,0.0027
1790187017488,6811,0.0853,0.0018
1790187017538,6812,0.0614,0.0018
1790187017588,6813,0.1227,0.0034
1790187017638,6814,0.1020,0.0028
1790187017688,6815,0.1033,0.0017
1790187017737,6816,0.0601,0.0023
1790187017788,6817,0.0625,0.0021
1790187017838,6818,0.0581,0.0022
1790187017888,6819,0.0759,0.0014
1790187017938,6820,0.0677,0.0017
1790187017988,6821,0.0529,0.0021
1790187018037,6822,0.0500,0.0011
1790187018088,6823,0.0542,0.0010
1790187018137,6824,0.0540,0.0014
1790187018188,6825,0.0588,0.0010
1790187018237,6826,0.0942,0.0015
1790187018287,6827,0.0592,0.0011
1790187018338,6828,0.0522,0.0008
1790187018387,6829,0.0851,0.0013
1790187018437,6830,0.1374,0.0021
1790187018488,6831,0.0552,0.0016
1790187018538,6832,0.0510,0.0010
1790187018587,6833,0.0518,0.0009
1790187018638,6834,0.1193,0.0028
1790187018687,6835,0.0753,0.0014
1790187018738,6836,0.0716,0.0014
1790187018788,6837,0.0811,0.0017
1790187018837,6838,0.0567,0.0013
1790187018887,6839,0.0572,0.0013
1790187018937,6840,0.1164,0.0011
1790187018987,6841,0.0522,0.0011
1790187019037,6842,0.0511,0.0011
1790187019088,6843,0.0554,0.0011
1790187019139,6844,0.1825,0.0015
1790187019187,6845,0.0544,0.0010
1790187019238,6846,0.1958,0.0019
1790187019287,6847,0.0844,0.0013
1790187019338,6848,0.0539,0.0013
1790187019388,6849,0.0553,0.0009
1790187019438,6850,0.0836,0.0015
1790187019487,6851,0.0751,0.0010
1790187019538,6852,0.0513,0.0009
1790187019587,6853,0.0509,0.0008
1790187019637,6854,0.1040,0.0027
1790187019687,6855,0.1266,0.0026
1790187019737,6856,0.0857,0.0028
1790187019788,6857,0.0819,0.0022
1790187019837,6858,0.0791,0.0015
1790187019888,6859,0.0545,0.0012
1790187019938,6860,0.1506,0.0018
1790187019988,6861,0.0513,0.0012
1790187020038,6862,0.0678,0.0010
1790187020087,6863,0.0521,0.0009
1790187020138,6864,0.0497,0.0012
1790187020188,6865,0.0550,0.0009
1790187020238,6866,0.0741,0.0010
1790187020287,6867,0.0650,0.0014
1790187020338,6868,0.0513,0.0012
1790187020388,6869,0.0662,0.0010
1790187020437,6870,0.0971,0.0019
1790187020488,6871,0.1316,0.0031
1790187020538,6872,0.0916,0.0030
1790187020587,6873,0.0988,0.0016
1790187020637,6874,0.0674,0.0016
1790187020687,6875,0.1756,0.0031
1790187020737,6876,0.0934,0.0028
1790187020788,6877,0.1361,0.0032
1790187020837,6878,0.1161,0.0034
1790187020888,6879,0.0602,0.0023
1790187020938,6880,0.0922,0.0021
1790187020988,6881,0.0504,0.0013
1790187021038,6882,0.0512,0.0018
1790187021088,6883,0.0544,0.0017
1790187021137,6884,0.0761,0.0014
1790187021187,6885,0.0584,0.0014
1790187021238,6886,0.0526,0.0013
1790187021287,6887,0.0866,0.0022
1790187021337,6888,0.1255,0.0014
1790187021387,6889,0.1150,0.0029
1790187021438,6890,0.1038,0.0024
1790187021487,6891,0.1246,0.0032
1790187021537,6892,0.0644,0.0023
1790187021588,6893,0.0576,0.0021
1790187021637,6894,0.0549,0.0017
1790187021688,6895,0.0792,0.0016
1790187021738,6896,0.1197,0.0033
1790187021788,6897,0.1168,0.0033
1790187021837,6898,0.0975,0.0026
1790187021888,6899,0.0759,0.0021
1790187021938,6900,0.0664,0.0022
1790187021987,6901,0.0534,0.0022
1790187022039,6902,0.0680,0.0020
1790187022088,6903,0.0559,0.0019
1790187022138,6904,0.0523,0.0012
1790187022188,6905,0.0560,0.0011
1790187022237,6906,0.0662,0.0010
1790187022288,6907,0.0861,0.0023
1790187022338,6908,0.0713,0.0014
1790187022387,6909,0.0575,0.0011
1790187022438,6910,0.0822,0.0017
1790187022488,6911,0.1112,0.0026
1790187022538,6912,0.0543,0.0010
1790187022588,6913,0.0818,0.0014
1790187022637,6914,0.0516,0.0014
1790187022688,6915,0.0568,0.0011
1790187022738,6916,0.1095,0.0029
1790187022788,6917,0.1421,0.0028
1790187022837,6918,0.0619,0.0015
1790187022888,6919,0.0584,0.0014
1790187022938,6920,0.0973,0.0019
1790187022988,6921,0.0693,0.0011
1790187023037,6922,0.0522,0.0011
1790187023088,6923,0.0604,0.0019
1790187023137,6924,0.0647,0.0158
1790187023187,6925,0.0568,0.0010
1790187023238,6926,0.0506,0.0013
1790187023288,6927,0.0502,0.0009
1790187023337,6928,0.1177,0.0013
1790187023388,6929,0.0560,0.0009
1790187023438,6930,0.0652,0.0009
1790187023488,6931,0.0784,0.0012
1790187023537,6932,0.0747,0.0010
1790187023588,6933,0.0513,0.0012
1790187023637,6934,0.0508,0.0009
1790187023687,6935,0.0859,0.0013
1790187023738,6936,0.0718,0.0010
1790187023787,6937,0.1441,0.0029
1790187023838,6938,0.1103,0.0025
1790187023888,6939,0.0819,0.0018
1790187023938,6940,0.0737,0.0018
1790187023987,6941,0.0544,0.0014
1790187024038,6942,0.0520,0.0013
1790187024088,6943,0.0674,0.0013
1790187024138,6944,0.0845,0.0009
1790187024188,6945,0.0551,0.0014
1790187024238,6946,0.0614,0.0009
1790187024288,6947,0.1785,0.0008
1790187024337,6948,0.0833,0.0016
1790187024387,6949,0.0595,0.0010
1790187024437,6950,0.0761,0.0012
1790187024488,6951,0.0707,0.0016
1790187024539,6952,0.0548,0.0014
1790187024588,6953,0.0725,0.0010
1790187024637,6954,0.0516,0.0009
1790187024688,6955,0.1279,0.0014
1790187024737,6956,0.0513,0.0008
1790187024787,6957,0.0609,0.0009
1790187024839,6958,0.1224,0.0033
1790187024887,6959,0.0609,0.0023
1790187024937,6960,0.0883,0.0020
1790187024989,6961,0.0575,0.0015
1790187025037,6962,0.0573,0.0013
1790187025088,6963,0.1038,0.0014
1790187025138,6964,0.0558,0.0014
1790187025188,6965,0.0592,0.0019
1790187025238,6966,0.0545,0.0011
1790187025288,6967,0.0754,0.0009
1790187025338,6968,0.0524,0.0008
1790187025388,6969,0.0880,0.0012
1790187025437,6970,0.1114,0.0015
1790187025487,6971,0.0898,0.0013
1790187025538,6972,0.0964,0.0015
1790187025588,6973,0.0510,0.0013
1790187025638,6974,0.0656,0.0012
1790187025688,6975,0.0652,0.0009
1790187025737,6976,0.0551,0.0009
1790187025788,6977,0.0830,0.0012
1790187025838,6978,0.1343,0.0023
1790187025888,6979,0.1058,0.0030
1790187025937,6980,0.0938,0.0020
1790187025987,6981,0.0574,0.0014
1790187026037,6982,0.0727,0.0017
1790187026087,6983,0.0561,0.0012
1790187026138,6984,0.0534,0.0012
1790187026187,6985,0.0737,0.0010
1790187026237,6986,0.0566,0.0013
1790187026288,6987,0.0746,0.0009
1790187026338,6988,0.0540,0.0010
1790187026388,6989,0.1347,0.0031
1790187026438,6990,0.0892,0.0020
1790187026487,6991,0.0978,0.0028
1790187026537,6992,0.0625,0.0014
1790187026587,6993,0.0801,0.0014
1790187026638,6994,0.0522,0.0009
1790187026687,6995,0.0584,0.0009
1790187026737,6996,0.0537,0.0013
1790187026787,6997,0.0599,0.0010
1790187026838,6998,0.0540,0.0011
1790187026887,6999,0.1207,0.0029
1790187026938,7000,0.1540,0.0027
1790187026987,7001,0.0999,0.0021
1790187027038,7002,0.0549,0.0018
1790187027087,7003,0.0570,0.0014
1790187027138,7004,0.0546,0.0019
1790187027188,7005,0.0699,0.0014
1790187027239,7006,0.0704,0.0011
1790187027288,7007,0.0517,0.0011
1790187027338,7008,0.0884,0.0026
1790187027388,7009,0.0933,0.0030
1790187027437,7010,0.1034,0.0020
1790187027487,7011,0.0779,0.0026
1790187027538,7012,0.0577,0.0017
1790187027587,7013,0.0753,0.0015
1790187027638,7014,0.0546,0.0010
1790187027687,7015,0.0583,0.0011
1790187027737,7016,0.0518,0.0010
1790187027787,7017,0.0664,0.0011
1790187027838,7018,0.0531,0.0010
1790187027887,7019,0.0683,0.0009
1790187027937,7020,0.1552,0.0034
1790187027988,7021,0.0992,0.0020
1790187028037,7022,0.0618,0.0018
1790187028088,7023,0.0760,0.0015
1790187028137,7024,0.0530,0.0012
1790187028188,7025,0.0578,0.0015
1790187028237,7026,0.0517,0.0012
1790187028288,7027,0.0772,0.0015
1790187028337,7028,0.0500,0.0010
1790187028388,7029,0.1250,0.0021
1790187028437,7030,0.0981,0.0024
1790187028488,7031,0.1087,0.0023
1790187028538,7032,0.0564,0.0012
1790187028587,7033,0.0539,0.0010
1790187028638,7034,0.0698,0.0177
1790187028689,7035,0.0605,0.0016
1790187028739,7036,0.0536,0.0010
1790187028788,7037,0.0556,0.0012
1790187028837,7038,0.0724,0.0010
1790187028888,7039,0.0508,0.0009
1790187028938,7040,0.1142,0.0009
1790187028987,7041,0.1177,0.0032
1790187029038,7042,0.0956,0.0023
1790187029087,7043,0.0672,0.0016
1790187029138,7044,0.0600,0.0014
1790187029188,7045,0.0839,0.0014
1790187029237,7046,0.0783,0.0012
1790187029288,7047,0.0526,0.0015
1790187029338,7048,0.1810,0.0010
1790187029387,7049,0.0665,0.0008
1790187029438,7050,0.1132,0.0025
1790187029488,7051,0.0876,0.0024
1790187029537,7052,0.1363,0.0020
1790187029588,7053,0.0556,0.0013
1790187029637,7054,0.0546,0.0017
1790187029688,7055,0.0637,0.0017
1790187029738,7056,0.0576,0.0012
1790187029788,7057,0.0639,0.0016
1790187029837,7058,0.0527,0.0011
1790187029889,7059,0.0661,0.0011
1790187029938,7060,0.0645,0.0009
1790187029988,7061,0.1089,0.0027
1790187030038,7062,0.1497,0.0025
1790187030088,7063,0.0851,0.0023
1790187030137,7064,0.0554,0.0015
1790187030188,7065,0.0597,0.0021
1790187030238,7066,0.0748,0.0016
1790187030288,7067,0.0511,0.0013
1790187030337,7068,0.0508,0.0009
1790187030387,7069,0.0539,0.0011
1790187030438,7070,0.1288,0.0024
1790187030488,7071,0.1266,0.0034
1790187030537,7072,0.1273,0.0035
1790187030587,7073,0.0916,0.0018
1790187030638,7074,0.0829,0.0021
1790187030687,7075,0.0704,0.0024
1790187030738,7076,0.0554,0.0024
1790187030788,7077,0.0857,0.0019
1790187030837,7078,0.0571,0.0017
1790187030887,7079,0.1473,0.0028
1790187030937,7080,0.1274,0.0031
1790187030987,7081,0.0923,0.0021
1790187031037,7082,0.1118,0.0029
1790187031089,7083,0.0921,0.0031
1790187031137,7084,0.0849,0.0025
1790187031187,7085,0.1585,0.0037
1790187031238,7086,0.1102,0.0032
1790187031287,7087,0.0771,0.0023
1790187031337,7088,0.0807,0.0023
1790187031388,7089,0.0559,0.0014
1790187031438,7090,0.1084,0.0028
1790187031489,7091,0.1549,0.0293
1790187031537,7092,0.1133,0.0034
1790187031588,7093,0.0630,0.0021
1790187031638,7094,0.0574,0.0023
1790187031687,7095,0.0857,0.0023
1790187031738,7096,0.0613,0.0023
1790187031787,7097,0.0646,0.0019
1790187031838,7098,0.1197,0.0032
1790187031887,7099,0.1430,0.0031
1790187031937,7100,0.1067,0.0018
1790187031989,7101,0.0732,0.0017
1790187032037,7102,0.0549,0.0017
1790187032088,7103,0.1496,0.0031
1790187032138,7104,0.0834,0.0025
1790187032188,7105,0.0719,0.0023
1790187032237,7106,0.0808,0.0014
1790187032288,7107,0.0573,0.0016
1790187032338,7108,0.0545,0.0011
1790187032387,7109,0.0514,0.0009
1790187032437,7110,0.0852,0.0011
1790187032488,7111,0.1277,0.0021
1790187032537,7112,0.0866,0.0018
1790187032588,7113,0.0584,0.0014
1790187032638,7114,0.0541,0.0012
1790187032689,7115,0.0585,0.0010
1790187032737,7116,0.0533,0.0010
1790187032789,7117,0.0865,0.0011
1790187032838,7118,0.0637,0.0011
1790187032887,7119,0.0530,0.0013
1790187032938,7120,0.0888,0.0013
1790187032988,7121,0.0780,0.0009
1790187033037,7122,0.0496,0.0010
1790187033088,7123,0.1258,0.0035
1790187033137,7124,0.1529,0.0030
1790187033188,7125,0.0786,0.0020
1790187033238,7126,0.0588,0.0016
1790187033288,7127,0.0871,0.0026
1790187033338,7128,0.1356,0.0023
1790187033387,7129,0.0669,0.0019
1790187033437,7130,0.0626,0.0014
1790187033487,7131,0.0880,0.0022
1790187033537,7132,0.0928,0.0023
1790187033587,7133,0.1003,0.0020
1790187033637,7134,0.0553,0.0018
1790187033687,7135,0.0841,0.0014
1790187033738,7136,0.0560,0.0020
1790187033788,7137,0.0518,0.0013
1790187033838,7138,0.0811,0.0016
1790187033888,7139,0.0530,0.0013
1790187033937,7140,0.0792,0.0012
1790187033988,7141,0.0517,0.0010
1790187034038,7142,0.0696,0.0011
1790187034088,7143,0.0516,0.0012
1790187034137,7144,0.1189,0.0032
1790187034188,7145,0.1447,0.0029
1790187034238,7146,0.0797,0.0013
1790187034288,7147,0.0575,0.0016
1790187034338,7148,0.0593,0.0013
1790187034387,7149,0.1852,0.0012
1790187034437,7150,0.0575,0.0012
1790187034487,7151,0.0650,0.0017
1790187034538,7152,0.0940,0.0023
1790187034587,7153,0.0860,0.0016
1790187034638,7154,0.0539,0.0011
1790187034687,7155,0.0586,0.0013
1790187034737,7156,0.0682,0.0009
1790187034787,7157,0.1351,0.0018
1790187034838,7158,0.0571,0.0009
1790187034887,7159,0.0511,0.0008
1790187034938,7160,0.0684,0.0008
1790187034988,7161,0.0625,0.0012
1790187035038,7162,0.0541,0.0008
1790187035088,7163,0.1300,0.0014
1790187035138,7164,0.0631,0.0011
1790187035188,7165,0.1113,0.0030
1790187035237,7166,0.0764,0.0015
1790187035288,7167,0.0579,0.0017
1790187035337,7168,0.1078,0.0013
1790187035387,7169,0.0737,0.0017
1790187035437,7170,0.0747,0.0014
1790187035487,7171,0.0868,0.0011
1790187035537,7172,0.0673,0.0018
1790187035588,7173,0.0865,0.0025
1790187035637,7174,0.0766,0.0021
1790187035688,7175,0.0766,0.0011
1790187035737,7176,0.0524,0.0015
1790187035787,7177,0.0497,0.0009
1790187035838,7178,0.0775,0.0013
1790187035888,7179,0.0500,0.0010
1790187035938,7180,0.0736,0.0008
1790187035988,7181,0.0500,0.0009
1790187036038,7182,0.0619,0.0008
1790187036088,7183,0.0485,0.0010
1790187036138,7184,0.0478,0.0008
1790187036188,7185,0.1320,0.0030
1790187036237,7186,0.1038,0.0025
1790187036288,7187,0.0678,0.0016
1790187036338,7188,0.0586,0.0017
1790187036388,7189,0.0707,0.0013
1790187036438,7190,0.0596,0.0015
1790187036487,7191,0.0522,0.0015
1790187036537,7192,0.0797,0.0023
1790187036588,7193,0.1094,0.0032
1790187036638,7194,0.0616,0.0020
1790187036688,7195,0.0619,0.0014
1790187036738,7196,0.0740,0.0017
1790187036787,7197,0.0588,0.0012
1790187036838,7198,0.0690,0.0013
1790187036887,7199,0.0522,0.0013
1790187036937,7200,0.0644,0.0014
1790187036987,7201,0.0499,0.0010
1790187037037,7202,0.0501,0.0009
1790187037088,7203,0.0497,0.0010
1790187037137,7204,0.0636,0.0010
1790187037187,7205,0.0774,0.0008
1790187037238,7206,0.1288,0.0031
1790187037288,7207,0.0798,0.0015
1790187037337,7208,0.0672,0.0018
1790187037387,7209,0.0535,0.0012
1790187037437,7210,0.0625,0.0012
1790187037487,7211,0.0719,0.0016
1790187037538,7212,0.0768,0.0013
1790187037588,7213,0.4586,0.3483
1790187037637,7214,0.4819,0.3387
1790187037687,7215,0.1379,0.0038
1790187037737,7216,0.1369,0.0032
1790187037787,7217,0.1310,0.0031
1790187037837,7218,0.1389,0.0026
1790187037887,7219,0.1297,0.0032
1790187037938,7220,0.1462,0.0032
1790187037988,7221,0.1362,0.0033
1790187038037,7222,0.1328,0.0028
1790187038088,7223,0.1325,0.0039
1790187038137,7224,0.2072,0.6289
1790187038188,7225,0.0747,0.0022
1790187038237,7226,0.0883,0.0015
1790187038287,7227,0.1335,0.0031
1790187038338,7228,0.0806,0.0024
1790187038388,7229,0.0570,0.0020
1790187038438,7230,0.0642,0.0024
1790187038488,7231,0.0513,0.0014
1790187038537,7232,0.1561,0.0996
1790187038587,7233,0.1050,0.0023
1790187038638,7234,0.0716,0.0020
1790187038687,7235,0.0561,0.0018
1790187038738,7236,0.0491,0.0011
1790187038787,7237,0.0509,0.0018
1790187038837,7238,0.0754,0.0013
1790187038888,7239,0.0486,0.0014
1790187038937,7240,0.1336,0.0731
1790187038987,7241,0.0783,0.0018
1790187039038,7242,0.0862,0.0014
1790187039087,7243,0.0933,0.0019
1790187039138,7244,0.1148,0.0020
1790187039187,7245,0.0899,0.0016
1790187039238,7246,0.0768,0.0016
1790187039287,7247,0.0810,0.0017
1790187039337,7248,0.1187,0.0023
1790187039387,7249,0.1128,0.0029
1790187039438,7250,0.2347,0.0025
1790187039488,7251,0.1118,0.0025
1790187039538,7252,0.1126,0.0022
1790187039587,7253,0.1340,0.2503
1790187039637,7254,0.0821,0.0041
1790187039688,7255,0.0593,0.0015
1790187039738,7256,0.1456,0.0767
1790187039788,7257,0.4705,0.3885
1790187039837,7258,0.6572,0.4379
1790187039888,7259,0.2038,0.0049
1790187039938,7260,0.2029,0.0038
1790187039987,7261,0.1897,0.0041
1790187040038,7262,0.2166,0.0053
1790187040088,7263,0.4537,0.3075
1790187040137,7264,0.1973,0.0038
1790187040188,7265,0.1869,0.0039
1790187040237,7266,0.2116,0.0047
1790187040287,7267,0.2224,0.0040
1790187040338,7268,0.2349,0.0049
1790187040388,7269,0.2276,0.4320
1790187040438,7270,0.2268,0.0639
1790187040488,7271,0.1811,0.5057
1790187040538,7272,0.3362,0.1457
1790187040588,7273,0.1632,0.7285
1790187040637,7274,0.1509,0.0032
1790187040687,7275,0.1407,0.0030
1790187040738,7276,0.2703,0.4453
1790187040787,7277,0.1371,0.0025
1790187040837,7278,0.1530,0.0025
1790187040888,7279,0.1344,0.0027
1790187040938,7280,0.1778,0.0328
1790187040987,7281,0.1520,0.0028
1790187041037,7282,0.1384,0.0030
1790187041088,7283,0.1181,0.0029
1790187041137,7284,0.1255,0.0021
1790187041187,7285,0.1156,0.3054
1790187041237,7286,0.0933,0.0018
1790187041288,7287,0.0749,0.0015
1790187041337,7288,0.2101,0.1436
1790187041387,7289,0.1339,0.0032
1790187041438,7290,0.1112,0.0022
1790187041488,7291,0.1538,0.0033
1790187041538,7292,0.1495,0.0028
1790187041587,7293,0.1402,0.0033
1790187041638,7294,0.1456,0.0033
1790187041687,7295,0.0983,0.0027
1790187041737,7296,0.1048,0.0042
1790187041788,7297,0.1070,0.0038
1790187041837,7298,0.0993,0.0039
1790187041888,7299,0.0743,0.0024
1790187041937,7300,0.2906,0.1367
1790187041987,7301,0.1838,0.0031
1790187042037,7302,0.1456,0.0029
1790187042088,7303,0.0872,0.0046
1790187042138,7304,0.0872,0.0015
1790187042187,7305,0.0689,0.0020
1790187042238,7306,0.0714,0.0015
1790187042287,7307,0.0649,0.0014
1790187042337,7308,0.1793,0.1087
1790187042387,7309,0.0719,0.0012
1790187042437,7310,0.1401,0.0031
1790187042487,7311,0.0784,0.0016
1790187042537,7312,0.1934,0.1225
1790187042587,7313,0.0676,0.0015
1790187042638,7314,0.2258,0.0035
1790187042687,7315,0.1427,0.0017
1790187042737,7316,0.1897,0.1087
1790187042788,7317,0.0831,0.0016
1790187042838,7318,0.0919,0.0017
1790187042887,7319,0.0717,0.0013
1790187042937,7320,0.0856,0.0014
1790187042988,7321,0.0687,0.0012
1790187043038,7322,0.0674,0.0010
1790187043088,7323,0.0746,0.0010
1790187043137,7324,0.1805,0.1214
1790187043188,7325,0.0728,0.0009
1790187043238,7326,0.0806,0.0009
1790187043288,7327,0.0597,0.0009
1790187043337,7328,0.0629,0.0008
1790187043387,7329,0.0658,0.0007
1790187043437,7330,0.1585,0.0032
1790187043488,7331,0.1410,0.0029
1790187043538,7332,0.0999,0.0022
1790187043587,7333,0.0861,0.0015
1790187043637,7334,0.1149,0.0025
1790187043688,7335,0.1182,0.0019
1790187043737,7336,0.2013,0.1243
1790187043787,7337,0.0782,0.0012
1790187043837,7338,0.1017,0.0013
1790187043887,7339,0.0807,0.0014
1790187043937,7340,0.1823,0.0995
1790187043987,7341,0.0697,0.0009
1790187044037,7342,0.0726,0.0009
1790187044087,7343,0.0644,0.0009
1790187044137,7344,0.0709,0.0009
1790187044187,7345,0.0668,0.0010
1790187044238,7346,0.0688,0.0008
1790187044287,7347,0.0650,0.0009
1790187044337,7348,0.2216,0.1582
1790187044388,7349,0.0662,0.0008
1790187044437,7350,0.1248,0.0009
1790187044487,7351,0.3032,0.0031
1790187044538,7352,0.1067,0.0023
1790187044587,7353,0.0843,0.0018
1790187044637,7354,0.1017,0.0021
1790187044687,7355,0.1142,0.0023
1790187044738,7356,0.2127,0.1116
1790187044788,7357,0.0753,0.0013
1790187044838,7358,0.0803,0.0015
1790187044888,7359,0.0722,0.0014
1790187044938,7360,0.1940,0.1055
1790187044988,7361,0.0676,0.0010
1790187045037,7362,0.0951,0.0014
1790187045087,7363,0.0933,0.0010
1790187045138,7364,0.1830,0.1129
1790187045187,7365,0.0712,0.0011
1790187045238,7366,0.0696,0.0008
1790187045288,7367,0.0632,0.0008
1790187045338,7368,0.0694,0.0008
1790187045387,7369,0.0633,0.0008
1790187045438,7370,0.0705,0.0008
1790187045488,7371,0.0820,0.0010
1790187045538,7372,0.1588,0.0029
1790187045587,7373,0.1139,0.0020
1790187045638,7374,0.1254,0.0030
1790187045687,7375,0.1124,0.0026
1790187045738,7376,0.2161,0.0039
1790187045787,7377,0.0806,0.0009
1790187045837,7378,0.0710,0.0008
1790187045887,7379,0.0849,0.0019
1790187045937,7380,0.0830,0.0010
1790187045987,7381,0.0747,0.0012
1790187046038,7382,0.0657,0.0010
1790187046087,7383,0.1537,0.0021
1790187046138,7384,0.0918,0.0014
1790187046187,7385,0.0811,0.0012
1790187046238,7386,0.0762,0.0016
1790187046287,7387,0.0729,0.0012
1790187046338,7388,0.0707,0.0011
1790187046387,7389,0.0837,0.0011
1790187046437,7390,0.0753,0.0011
1790187046487,7391,0.0694,0.0010
1790187046537,7392,0.1526,0.0031
1790187046588,7393,0.1472,0.0025
1790187046637,7394,0.1426,0.0027
1790187046687,7395,0.1270,0.0029
1790187046737,7396,0.1303,0.0029
1790187046788,7397,0.0954,0.0019
1790187046837,7398,0.0972,0.0015
1790187046888,7399,0.0725,0.0016
1790187046937,7400,0.0975,0.0104
1790187046988,7401,0.0742,0.0015
1790187047037,7402,0.0682,0.0010
1790187047088,7403,0.1557,0.0010
1790187047137,7404,0.0604,0.0011
1790187047187,7405,0.0830,0.0007
1790187047237,7406,0.0811,0.0008
1790187047288,7407,0.0661,0.0008
1790187047337,7408,0.0734,0.0009
1790187047388,7409,0.0602,0.0007
1790187047437,7410,0.1117,0.0014
1790187047488,7411,0.1068,0.0019
1790187047537,7412,0.0870,0.0015
1790187047588,7413,0.1468,0.0028
1790187047638,7414,0.1328,0.0024
1790187047688,7415,0.1408,0.0024
1790187047738,7416,0.1304,0.0020
1790187047787,7417,0.0897,0.0017
1790187047837,7418,0.1525,0.0034
1790187047887,7419,0.1476,0.0029
1790187047938,7420,0.1663,0.0028
1790187047987,7421,0.1307,0.0027
1790187048038,7422,0.1203,0.0030
1790187048088,7423,0.1355,0.0066
1790187048138,7424,0.1494,0.0042
1790187048187,7425,0.1943,0.0057
1790187048237,7426,0.1354,0.0027
1790187048288,7427,0.0808,0.0022
1790187048338,7428,0.0583,0.0023
1790187048388,7429,0.0557,0.0014
1790187048438,7430,0.0700,0.0015
1790187048488,7431,0.0597,0.0020
1790187048538,7432,0.0539,0.0014
1790187048588,7433,0.0603,0.0011
1790187048637,7434,0.0658,0.0013
1790187048687,7435,0.0597,0.0019
1790187048737,7436,0.1243,0.0031
1790187048788,7437,0.1197,0.0032
1790187048838,7438,0.1303,0.0052
1790187048954,7439,0.1261,0.0058
1790187048955,7440,0.0978,0.0002
1790187048987,7441,0.1203,0.0028
1790187049038,7442,0.1165,0.0031
