com.wormzjl.createcheme.client.gui.common.ComponentSearchTest	exactNamesOutrankPrefixAndSubstringMatches()	passed	0.002
com.wormzjl.createcheme.client.gui.common.ComponentSearchTest	localizedNamesAndStableIdentitiesAreBothSearchable()	passed	0.003
com.wormzjl.createcheme.client.gui.common.ComponentSearchTest	matchingDoesNotMutateTheCatalog()	passed	0.027
com.wormzjl.createcheme.client.gui.common.ComponentSearchTest	missingCharactersAndTransposedLettersStillFindTheIntendedComponent()	passed	0.003
com.wormzjl.createcheme.client.gui.common.ComponentSearchTest	multipleWordsCanBeTypedInAnyOrderAndPunctuationIsNormalized()	passed	0.002
com.wormzjl.createcheme.client.gui.common.ComponentSearchTest	noMatchDoesNotOfferAnUnrelatedComponentAndEmptySearchKeepsCatalogOrder()	passed	0.003
com.wormzjl.createcheme.client.gui.common.ProcessPresentationTest	basisSwitchPreservesPhysicalMixtureAndChangesFractionsAndFlowTagsTogether()	passed	0.002
com.wormzjl.createcheme.client.gui.common.ProcessPresentationTest	celsiusDefaultsAndUnitRoundTripsKeepPhysicalTemperature()	passed	0.001
com.wormzjl.createcheme.client.gui.common.ProcessPresentationTest	conciseDraftPreservesUntouchedPrecisionAndSmallDiameters()	passed	0.002
com.wormzjl.createcheme.client.gui.common.ProcessPresentationTest	customRowsStartEmptyAndRelativeMassEntriesDoNotNeedToSumToOneHundred()	passed	0.002
com.wormzjl.createcheme.client.gui.common.ProcessPresentationTest	onlyPresentRowsAreLoadedAndServerWeightsAreValidated()	passed	0.003
com.wormzjl.createcheme.client.gui.common.TextInputPriorityTest	focusedNativeEditBoxConsumesInventoryAndOtherPrintableKeyBindings()	passed	0.274
com.wormzjl.createcheme.client.gui.common.TextInputPriorityTest	noFocusedEditorLeavesTheNormalScreenBindingsAlone()	passed	1.891
com.wormzjl.createcheme.client.gui.screens.inventory.V3ClientPresetsTest	bundledLibrariesAreIndependentAndPreserveAuthoredOperatingData()	passed	0.031
com.wormzjl.createcheme.client.gui.screens.inventory.V3ClientPresetsTest	changingPercentBasisAndRateBasisProducesPhysicalMassAndMolarValues()	passed	0.003
com.wormzjl.createcheme.client.gui.screens.inventory.V3ClientPresetsTest	customFilesRefreshOnlyOnRequestAndNeverOverwriteAnExistingFile()	passed	0.305
com.wormzjl.createcheme.client.gui.screens.inventory.V3ClientPresetsTest	invalidCustomFilesAreIsolatedFromValidEntries()	passed	0.009
com.wormzjl.createcheme.client.gui.screens.inventory.V3ClientPresetsTest	jsonRoundTripRetainsIndependentMixtureAndColumnConfiguration()	passed	0.016
com.wormzjl.createcheme.client.gui.screens.inventory.V3ClientPresetsTest	separateHollandFilesCanReconstructTheFixedBenchmark()	passed	0.013
com.wormzjl.createcheme.client.gui.screens.inventory.V3ColumnInputDraftTest	assembledInputCarriesTheAuthoredCoolersWithTheirSplits()	passed	0.005
com.wormzjl.createcheme.client.gui.screens.inventory.V3ColumnInputDraftTest	coolerRowsAreAssembledAlongsideSideDrawsAndReportTheirOwnDiagnostics()	passed	0.004
com.wormzjl.createcheme.client.gui.screens.inventory.V3ColumnInputDraftTest	emptyCoolerRowsKeepTheDryPumparoundContract()	passed	0.001
com.wormzjl.createcheme.client.gui.screens.inventory.V3ColumnScalarDraftTest	acceptsTrainingRangeEndpointsIncludingExactZeroRefluxAndPressureDrop()	passed	0.001
com.wormzjl.createcheme.client.gui.screens.inventory.V3ColumnScalarDraftTest	identifiesTheInvalidScalarInsteadOfBlamingDraws()	passed	0.002
com.wormzjl.createcheme.client.gui.screens.inventory.V3ColumnScalarDraftTest	parsesUnitsIndependentlyOfSideDrawRows()	passed	0.0
com.wormzjl.createcheme.client.gui.screens.inventory.V3DiagramLayoutTest	largerWindowFitsEverySupportedTrayCountWithoutScrolling()	passed	0.001
com.wormzjl.createcheme.client.gui.screens.inventory.V3DiagramLayoutTest	smallWindowsScrollInsteadOfMakingTraysUnclickable()	passed	0.002
com.wormzjl.createcheme.client.gui.screens.inventory.V3EditorDraftTest	blankCustomMixtureCanChooseMassBasisBeforeAddingComponents()	passed	0.001
com.wormzjl.createcheme.client.gui.screens.inventory.V3EditorDraftTest	bottomSteamFollowsTotalTrayCountButInteriorSteamStaysOnItsTray()	passed	0.001
com.wormzjl.createcheme.client.gui.screens.inventory.V3EditorDraftTest	changingTrayCountMovesSumpSteamWithoutRoundingItsRateOrTemperature()	passed	0.001
com.wormzjl.createcheme.client.gui.screens.inventory.V3EditorDraftTest	compositionOnlyPresetKeepsOperatingConfiguration()	passed	0.002
com.wormzjl.createcheme.client.gui.screens.inventory.V3EditorDraftTest	connectionsCanBeAddedConfiguredAndRemoved()	passed	0.003
com.wormzjl.createcheme.client.gui.screens.inventory.V3EditorDraftTest	customFeedScalesRelativeValuesByTheRequestedTotal()	passed	0.001
com.wormzjl.createcheme.client.gui.screens.inventory.V3EditorDraftTest	editingOneFieldDoesNotRoundOtherPhysicalInputs()	passed	0.002
com.wormzjl.createcheme.client.gui.screens.inventory.V3EditorDraftTest	intermediateTrayCountTypingDoesNotDeleteConnections()	passed	0.001
com.wormzjl.createcheme.client.gui.screens.inventory.V3EditorDraftTest	invalidDraftRemainsEditableAndCanReturnToItsOriginalValue()	passed	0.002
com.wormzjl.createcheme.client.gui.screens.inventory.V3EditorDraftTest	invalidRelativeWeightsCannotReachTheSolver()	passed	0.001
com.wormzjl.createcheme.client.gui.screens.inventory.V3EditorDraftTest	liveGeometryWorksEvenWhenAnotherFieldIsIncomplete()	passed	0.002
com.wormzjl.createcheme.client.gui.screens.inventory.V3EditorDraftTest	massAndMolarRelativeAmountsDescribeTheSameMixture()	passed	0.001
com.wormzjl.createcheme.client.gui.screens.inventory.V3EditorDraftTest	potHasOnlyOneDistinctSteamLocation()	passed	0.002
com.wormzjl.createcheme.client.gui.screens.inventory.V3EditorDraftTest	unitSwitchIsOnlyPresentationAndKelvinEditsConvertOnce()	passed	0.002
com.wormzjl.createcheme.client.gui.screens.inventory.V3EditorDraftTest	untouchedCaseKeepsExactIdentity()	passed	0.001
com.wormzjl.createcheme.client.gui.screens.inventory.V3PumparoundDraftTest	aSingleTrayZoneIsAllowedForBothSplits()	passed	0.0
com.wormzjl.createcheme.client.gui.screens.inventory.V3PumparoundDraftTest	authoredCoolingIsNegatedIntoTheScienceDutyAndRoundTrips()	passed	0.002
com.wormzjl.createcheme.client.gui.screens.inventory.V3PumparoundDraftTest	bothTraysBlankDisablesTheRowWithoutReadingTheDuty()	passed	0.001
com.wormzjl.createcheme.client.gui.screens.inventory.V3PumparoundDraftTest	completeRowsBecomeSignedSpecificationsInRowOrder()	passed	0.001
com.wormzjl.createcheme.client.gui.screens.inventory.V3PumparoundDraftTest	fourthCoolerIsRetainedIncludingItsSplitAndDuty()	passed	0.001
com.wormzjl.createcheme.client.gui.screens.inventory.V3PumparoundDraftTest	nonPositiveOrUnreadableCoolingIsRejectedWithTheFieldName()	passed	0.002
com.wormzjl.createcheme.client.gui.screens.inventory.V3PumparoundDraftTest	oneBlankTrayIsAnErrorRatherThanADisabledRow()	passed	0.001
com.wormzjl.createcheme.client.gui.screens.inventory.V3PumparoundDraftTest	repeatedTrayPairsAndOverlongRowListsAreRejected()	passed	0.001
com.wormzjl.createcheme.client.gui.screens.inventory.V3PumparoundDraftTest	traysMustBeWholeNumbersInsideTheColumnAndOrderedDrawBelowReturn()	passed	0.0
com.wormzjl.createcheme.client.gui.screens.inventory.V3ResultProvenanceTest	aFailedRerunKeepsAStaleResultMarkedEvenOnceTheServerAcknowledgesIt()	passed	0.001
com.wormzjl.createcheme.client.gui.screens.inventory.V3ResultProvenanceTest	aPageWithoutAResultCarriesNoPillAtAll()	passed	0.001
com.wormzjl.createcheme.client.gui.screens.inventory.V3ResultProvenanceTest	onlyAnAcceptedResultOnAnUneditedDraftBelongsToTheInputOnScreen()	passed	0.0
com.wormzjl.createcheme.client.gui.screens.inventory.V3SideDrawDraftTest	blankAndZeroRatesDisableRowsWithoutRequiringATray()	passed	0.001
com.wormzjl.createcheme.client.gui.screens.inventory.V3SideDrawDraftTest	rejectsInvalidOrDuplicateTraysNonfiniteRatesAndExcessiveTotal()	passed	0.001
com.wormzjl.createcheme.client.gui.screens.inventory.V3SteamFeedDraftTest	blankAndZeroRatesDisableSteamGroups()	passed	0.0
com.wormzjl.createcheme.client.gui.screens.inventory.V3SteamFeedDraftTest	rejectsIncompleteAndOutOfRangeTraySteam()	passed	0.002
com.wormzjl.createcheme.network.ColumnPresetCodecTest	allPresetIdsRoundTripWithTheirTargetAndRevision()	passed	0.207
com.wormzjl.createcheme.network.ColumnPresetCodecTest	malformedAndOversizedIdsAreRejectedBeforeServerLookup()	passed	0.003
com.wormzjl.createcheme.network.MaterialNamesCodecTest	descriptorsRejectInvalidBoundsAndOversizeLabels()	passed	0.001
com.wormzjl.createcheme.network.MaterialNamesCodecTest	retiredAxesAreRejectedByTheActualNbtReader()	passed	0.013
com.wormzjl.createcheme.network.MaterialNamesCodecTest	serverNamingDescriptorsRoundTripWithoutClientCatalogLookup()	passed	0.032
com.wormzjl.createcheme.network.V3ClosureCodecTest	bothTransportsRejectAClosureOutsideTheAdmittedRange()	passed	0.004
com.wormzjl.createcheme.network.V3ClosureCodecTest	currentResultRequiresItsRecordedClosure()	passed	0.002
com.wormzjl.createcheme.network.V3ClosureCodecTest	everyAdmittedClosureRoundTripsThroughWireAndNbt()	passed	0.034
com.wormzjl.createcheme.network.V3EditorCatalogCodecTest	completeProductionCatalogueRoundTripsAndContainsMatchingWeights()	passed	0.009
com.wormzjl.createcheme.network.V3EditorCatalogCodecTest	realStatePacketCarriesTemplatesAndPreciseMolecularWeights()	passed	0.008
com.wormzjl.createcheme.network.V3EditorCatalogCodecTest	rejectsTruncatedTrailingOversizedAndNonphysicalData()	passed	0.008
com.wormzjl.createcheme.network.V3InspectionCodecTest	acceptedDisplayRoundTripsThroughRealWireAndNbt()	passed	0.002
com.wormzjl.createcheme.network.V3InspectionCodecTest	minimumAndMaximumProfilesRoundTripExactly()	passed	0.018
com.wormzjl.createcheme.network.V3InspectionCodecTest	rejectsTruncatedTrailingAndOversizedPayloads()	passed	0.005
com.wormzjl.createcheme.network.V3InspectionCodecTest	snapshotIsDeeplyImmutableAndRejectsNonphysicalProfiles()	passed	0.002
com.wormzjl.createcheme.network.V3PumparoundCodecTest	aSeventeenthStageDutyIsRejectedByBothTransports()	passed	0.002
com.wormzjl.createcheme.network.V3PumparoundCodecTest	coolingDutiesStayNegativeThroughEveryTransportHop()	passed	0.002
com.wormzjl.createcheme.network.V3PumparoundCodecTest	currentInputRequiresExplicitPumparoundListAndResultCanBeLedgerless()	passed	0.001
com.wormzjl.createcheme.network.V3PumparoundCodecTest	displayResultCarriesAnAbsentAndAFullyPopulatedDutyLedgerThroughWireAndNbt()	passed	0.002
com.wormzjl.createcheme.network.V3PumparoundCodecTest	fourPumparoundsAndExactZeroRefluxSurviveBothTransports()	passed	0.013
com.wormzjl.createcheme.network.V3PumparoundCodecTest	wireAndNbtRejectAFifthPumparoundANonFiniteDutyAndAnUnknownSplit()	passed	0.012
com.wormzjl.createcheme.network.V3PumparoundCodecTest	wireAndNbtRoundTripZeroThroughFourPumparoundsAcrossBothSplits()	passed	0.002
com.wormzjl.createcheme.network.V3SideDrawCodecTest	malformedAndOversizedListsAreRejectedBeforeAllocationOrSilentMigration()	passed	0.064
com.wormzjl.createcheme.network.V3SideDrawCodecTest	roundedServerDefaultPublishesAndSolvesTheQualifiedLiteratureSideDraws()	passed	1.711
com.wormzjl.createcheme.network.V3SideDrawCodecTest	sevenStreamCertificateRoundTripsThroughWireAndNbtAndRejectsAnEighthStream()	passed	0.087
com.wormzjl.createcheme.network.V3SideDrawCodecTest	wireAndNbtRoundTripSteamFeedsAndRejectMissingList()	passed	0.036
com.wormzjl.createcheme.network.V3SideDrawCodecTest	wireAndNbtRoundTripZeroThroughThreeDrawsAndRejectMissingList()	passed	0.037
com.wormzjl.createcheme.network.V3TrayHydraulicsCodecTest	anImplausibleSummaryIsRejectedByTheContractRatherThanDisplayed()	passed	0.003
com.wormzjl.createcheme.network.V3TrayHydraulicsCodecTest	bothModesOfTheInputRoundTripThroughWireAndNbt()	passed	0.001
com.wormzjl.createcheme.network.V3TrayHydraulicsCodecTest	currentInputRequiresAnExplicitDiameter()	passed	0.001
com.wormzjl.createcheme.network.V3TrayHydraulicsCodecTest	theHydraulicsSummaryRoundTripsAndIsAbsentFromAPrescribedDropResult()	passed	0.002
com.wormzjl.createcheme.runtime.BoundedCpuSolveServiceTest	expiredQueuedJobNeverConsumesAWorkerSlot()	passed	0.004
com.wormzjl.createcheme.runtime.BoundedCpuSolveServiceTest	parallelismCanGrowAndShrinkWithoutCancellingActiveOwnersOrLosingQueuedWork()	passed	0.004
com.wormzjl.createcheme.runtime.BoundedCpuSolveServiceTest	publishesSuccessfulResultsAndObservableWorkerFailuresWithTheirFullStamps()	passed	0.003
com.wormzjl.createcheme.runtime.BoundedCpuSolveServiceTest	queuedCancellationIsImmediateAndExactlyOnce()	passed	0.002
com.wormzjl.createcheme.runtime.BoundedCpuSolveServiceTest	runningCancellationInterruptsTheWorkerAndCannotPublishLateSuccess()	passed	0.002
com.wormzjl.createcheme.runtime.BoundedCpuSolveServiceTest	saturatesWithoutCallerRunsAndKeepsOneOutstandingJobPerOwner()	passed	0.004
com.wormzjl.createcheme.runtime.BoundedCpuSolveServiceTest	staleEpochIsRejectedAndADeadlineIsCooperativelyObserved()	passed	0.009
com.wormzjl.createcheme.runtime.BoundedCpuSolveServiceTest	twoPhaseShutdownTerminalizesReadyWorkInterruptsRunningWorkAndLeaksNoWorker()	passed	0.002
com.wormzjl.createcheme.runtime.FluidFallbackQualificationTest	bulkCompositionDriftCannotHideInsideAnUnchangedGasPhase()	passed	0.006
com.wormzjl.createcheme.runtime.FluidFallbackQualificationTest	durationCapAndAnUntrustedCandidateCannotConsumeOrRenewAllowance()	passed	0.078
com.wormzjl.createcheme.runtime.FluidFallbackQualificationTest	hardTimeoutInsideFallbackAndBoundaryRegimeChangesCannotPublish()	passed	0.005
com.wormzjl.createcheme.runtime.FluidFallbackQualificationTest	threeApproximateIntervalsMeetThePublishedTrajectoryAndThroughputBounds()	passed	0.106
com.wormzjl.createcheme.runtime.FluidFallbackQualificationTest	topologyPropertyPhaseAndTrustChangesRefuseTheOldAnchor()	passed	0.011
com.wormzjl.createcheme.runtime.FluidFallbackQualificationTest	trustBoundaryPerturbationsAreCheckedOnBothSidesOfThePublishedProfile()	passed	0.018
com.wormzjl.createcheme.runtime.FluidIslandCommandTest	aSoftTimeoutCanProduceAUsefulConservativeApproximationAndThenRecover()	passed	0.016
com.wormzjl.createcheme.runtime.FluidIslandCommandTest	cancellationPropagatesAndSuccessfulIdleIntervalsRemainImmutable()	passed	0.012
com.wormzjl.createcheme.runtime.FluidIslandCommandTest	localWorkerDeadlineReturnsAHeldCandidateWithoutAdvancingTheSnapshot()	passed	0.008
com.wormzjl.createcheme.runtime.FluidIslandCommandTest	oldHydraulicAnchorCannotTriggerSoftFallbackAndIsRenewedOnlyByAFullSolve()	passed	0.008
com.wormzjl.createcheme.runtime.FluidPumpedFillLineTest	aGasTransferClosesAtThePumpsScaledLimitAndCertifies()	passed	0.015
com.wormzjl.createcheme.runtime.FluidPumpedFillLineTest	aPumpedFillPassesTheSecondTanksBackflowWithoutAHold()	passed	0.168
com.wormzjl.createcheme.runtime.FluidPumpedFillLineTest	aPumpedThreeTankChainFillsToThePumpsShutoffAndCertifies()	passed	0.544
com.wormzjl.createcheme.runtime.FluidPumpedFillLineTest	aSixTankChainPassesTheStartThatHeldItForever()	passed	1.018
com.wormzjl.createcheme.runtime.FluidPumpedFillLineTest	aVentedChainReachesThroughFlowAtThePumpsTarget()	passed	0.699
com.wormzjl.createcheme.runtime.FluidPumpedFillLineTest	everyPumpedChainCommitsItsFirstTickFromAColdSolver()	passed	0.333
com.wormzjl.createcheme.runtime.FluidThermoDomainHoldTest	aReproducibleDomainFailureHoldsWithTheDedicatedStatusAndWaitsForAnInputChange()	passed	4.07
com.wormzjl.createcheme.runtime.PresentationMailboxTest	closedSessionsExpireTheirUnsentCommands()	passed	0.002
com.wormzjl.createcheme.runtime.PresentationMailboxTest	duplicateInputCannotReplaceAnUnacknowledgedCommand()	passed	0.002
com.wormzjl.createcheme.runtime.PresentationMailboxTest	inputsWaitForOnlineDeadlineAndAllApplyBeforeAnyView()	passed	0.002
com.wormzjl.createcheme.runtime.ProcessSolveServicesRequestTest	commandCapturesTheCatalogAtAdmissionRatherThanWorkerStart()	passed	0.034
com.wormzjl.createcheme.runtime.ProcessSolveServicesRequestTest	processWideRequestIdsArePositiveAndStrictlyMonotonic()	passed	0.001
com.wormzjl.createcheme.runtime.V3ColumnCommandTest	admittedCommandKeepsItsInitializerPolicyAndModel()	passed	0.034
com.wormzjl.createcheme.runtime.V3ColumnCommandTest	admittedCommandRetainsItsCutoffAfterConfigurationChangesBeforeExecution()	passed	0.316
com.wormzjl.createcheme.runtime.V3ColumnCommandTest	callerCancellationStillEscapesBeforeScientificWork()	passed	0.029
com.wormzjl.createcheme.runtime.V3ColumnCommandTest	immutableCommandCarriesSideDrawsIntoThePublicFacade()	passed	0.251
com.wormzjl.createcheme.runtime.V3ColumnCommandTest	immutableCommandRevalidatesTheClosureAndCarriesItIntoTheFacade()	passed	0.255
com.wormzjl.createcheme.runtime.V3ColumnCommandTest	immutableCommandRevalidatesTheFractionIndependentlyOfTheConfigRange()	passed	0.036
com.wormzjl.createcheme.runtime.fluid.BufferedCommitTest	hydraulicAndPendingMaterialPublishTogetherAndAbortedStagingConsumesNeither()	passed	0.04
com.wormzjl.createcheme.runtime.fluid.BufferedTransfersTest	backpressureStopsImmediatelyAndResumesOnlyAtBothThresholds()	passed	0.002
com.wormzjl.createcheme.runtime.fluid.BufferedTransfersTest	failedOrStalePhysicalProposalCannotConsumeAnyReservationOrPendingPortion()	passed	0.001
com.wormzjl.createcheme.runtime.fluid.BufferedTransfersTest	partialDeliveryAtomicallyConvertsReservedCapacityToOccupancyAndConservesMaterial()	passed	0.0
com.wormzjl.createcheme.runtime.fluid.BufferedTransfersTest	reservationsCannotHideUnlimitedCapacityAndRestartPreservesThem()	passed	0.001
com.wormzjl.createcheme.runtime.fluid.CadenceTrajectoryQualificationTest	fixedAndAdaptiveCadencesPreserveTheRefinedPhysicalTrajectory()	passed	0.632
com.wormzjl.createcheme.runtime.fluid.CausalModuleCoordinatorTest	aKnownZeroCycleResolvesItsHorizonWithoutWakingACertifiedFeed()	passed	0.031
com.wormzjl.createcheme.runtime.fluid.CausalModuleCoordinatorTest	certifiedIslandsReproduceTheModuleOutcomeOfIslandsThatSolveEveryInterval()	passed	0.822
com.wormzjl.createcheme.runtime.fluid.CausalModuleCoordinatorTest	coupledHydraulicsAndFifteenSecondModulePreserveAllOwnersAtEveryCommit()	passed	0.075
com.wormzjl.createcheme.runtime.fluid.CausalModuleCoordinatorTest	deadlineDrivenAdvanceMatchesThePolledHostAcrossABufferRemoval()	passed	0.16
com.wormzjl.createcheme.runtime.fluid.CausalModuleCoordinatorTest	deadlineDrivenAdvanceReproducesThePolledCycleSequence()	passed	0.34
com.wormzjl.createcheme.runtime.fluid.CausalModuleCoordinatorTest	emptyCycleWithDifferentCadencesBootstrapsWithoutCircularProductionWait()	passed	0.042
com.wormzjl.createcheme.runtime.fluid.CausalModuleCoordinatorTest	removedProductRetainsPendingMaterialOrModuleHoldupAndReleasesOtherIslands()	passed	0.088
com.wormzjl.createcheme.runtime.fluid.CausalModuleCoordinatorTest	removingAnUnusedZeroFractionOutletDoesNotStrandTheActiveProduct()	passed	0.046
com.wormzjl.createcheme.runtime.fluid.CausalModuleCoordinatorTest	restartWithPartialFeedOrPendingProductsContinuesTheSamePhysicalTrajectory()	passed	0.422
com.wormzjl.createcheme.runtime.fluid.CausalModuleCoordinatorTest	strandedBuffersAndPartialInputsBehaveTheSameUnderCertificates()	passed	0.495
com.wormzjl.createcheme.runtime.fluid.CausalModuleCoordinatorTest	theDriveIndexHoldsPositiveWithdrawalsAndDueInputsButNoKnownZeroCycle()	passed	0.069
com.wormzjl.createcheme.runtime.fluid.CausalModuleCoordinatorTest	twoBufferedModulesRecycleActuallyOwnedMaterialWithoutSchedulingDeadlock()	passed	0.063
com.wormzjl.createcheme.runtime.fluid.CompletionWakeupTest	completionArrivingDuringThePumpCannotLoseItsWakeup()	passed	0.001
com.wormzjl.createcheme.runtime.fluid.CompletionWakeupTest	manyWorkerSignalsCreateOneOwnerTaskAndClosureSuppressesLateCallbacks()	passed	0.003
com.wormzjl.createcheme.runtime.fluid.DeadHeadedLineIslandTest	aDeadHeadedElevatedLineRestsInsteadOfHolding()	passed	0.008
com.wormzjl.createcheme.runtime.fluid.DeadHeadedLineIslandTest	aDeadHeadedFilterLineRestsInsteadOfHolding()	passed	0.058
com.wormzjl.createcheme.runtime.fluid.DeadHeadedLineIslandTest	aTankChargedAboveItsGeneratorRestsInsteadOfHolding()	passed	0.027
com.wormzjl.createcheme.runtime.fluid.DeadHeadedLineIslandTest	raisingTheGeneratorReopensADeadHeadedLineAndFillsTheTank()	passed	0.084
com.wormzjl.createcheme.runtime.fluid.ElevatedBlockLineIslandTest	aDeadHeadedElevatedLineBehavesLikeItsFlatEquivalent()	passed	0.102
com.wormzjl.createcheme.runtime.fluid.ElevatedBlockLineIslandTest	aLineChargedToItsOwnHydrostaticBalanceIntegratesAtZeroFlow()	passed	0.01
com.wormzjl.createcheme.runtime.fluid.ElevatedBlockLineIslandTest	aVerticalPipeStackCompilesToOneEdgeWithAnElevationDifference()	passed	0.001
com.wormzjl.createcheme.runtime.fluid.ElevatedBlockLineIslandTest	elevatedLinesIntegrateFortyIntervalsLikeTheirFlatControl()	passed	0.285
com.wormzjl.createcheme.runtime.fluid.ExtremeTopologyIslandTest	[1] GRID	passed	1.585
com.wormzjl.createcheme.runtime.fluid.ExtremeTopologyIslandTest	[1] GRID	passed	1.946
com.wormzjl.createcheme.runtime.fluid.ExtremeTopologyIslandTest	[1] GRID	passed	2.161
com.wormzjl.createcheme.runtime.fluid.ExtremeTopologyIslandTest	[2] ALTERNATING	passed	1.546
com.wormzjl.createcheme.runtime.fluid.ExtremeTopologyIslandTest	[2] ALTERNATING	passed	1.697
com.wormzjl.createcheme.runtime.fluid.ExtremeTopologyIslandTest	[2] ALTERNATING	passed	1.742
com.wormzjl.createcheme.runtime.fluid.ExtremeTopologyIslandTest	[3] ALTERNATING_BOTH_SIDES	passed	2.563
com.wormzjl.createcheme.runtime.fluid.ExtremeTopologyIslandTest	[3] ALTERNATING_BOTH_SIDES	passed	2.878
com.wormzjl.createcheme.runtime.fluid.ExtremeTopologyIslandTest	[3] ALTERNATING_BOTH_SIDES	passed	3.837
com.wormzjl.createcheme.runtime.fluid.ExtremeTopologyIslandTest	eachFullFixtureCompilesToTheIslandTheCompilerRulesPredict()	passed	0.012
com.wormzjl.createcheme.runtime.fluid.FairIslandQueueTest	catchupYieldsToAnotherReadyOwnerAndUnavailableOwnersDoNotWasteWorkers()	passed	0.003
com.wormzjl.createcheme.runtime.fluid.FairIslandQueueTest	reKeyingAnExhaustedGapKeepsTheServiceOrder()	passed	0.002
com.wormzjl.createcheme.runtime.fluid.FairIslandQueueTest	theReadyIndexServesTheRotatingDequeOrderUnderArbitraryChurn()	passed	0.116
com.wormzjl.createcheme.runtime.fluid.FallbackAllowanceTest	ThreeSmallCatchupSlicesStillExhaustTheIntervalCount()	passed	0.0
com.wormzjl.createcheme.runtime.fluid.FallbackAllowanceTest	cadenceIncreaseAndRestartCannotExtendTheCapturedDuration()	passed	0.0
com.wormzjl.createcheme.runtime.fluid.FilterBlockLineIslandTest	aFilterBlockCompilesToTwoZeroHoldupJunctionsAroundItsOwnEdge()	passed	0.001
com.wormzjl.createcheme.runtime.fluid.FilterBlockLineIslandTest	aFilterBlockCostsAPumpedLineNoIntervalOfItsOwn()	passed	0.248
com.wormzjl.createcheme.runtime.fluid.FilterBlockLineIslandTest	aPassiveLineAtThePumpsShutoffPressureFillsTheSameTank()	passed	0.068
com.wormzjl.createcheme.runtime.fluid.FilterBlockLineIslandTest	filterFreeLineToATankIntegratesItsFirstInterval()	passed	0.07
com.wormzjl.createcheme.runtime.fluid.FilterBlockLineIslandTest	filterFreeLineToATankKeepsIntegratingOnceTheTankIsFull()	passed	0.075
com.wormzjl.createcheme.runtime.fluid.FilterBlockLineIslandTest	filterLineToATankIntegratesItsFirstIntervalAtRest()	passed	0.017
com.wormzjl.createcheme.runtime.fluid.FilterBlockLineIslandTest	filterLineToATankKeepsIntegratingOnceTheTankIsFull()	passed	0.86
com.wormzjl.createcheme.runtime.fluid.FilterBlockLineIslandTest	filterLineToAVoidIntegratesWithModerateSolidsAndPressure()	passed	0.006
com.wormzjl.createcheme.runtime.fluid.FilterBlockLineIslandTest	filterLineToAVoidIntegratesWithSolidsAndDrivingPressure()	passed	0.019
com.wormzjl.createcheme.runtime.fluid.FilterBlockLineIslandTest	filterLineToAVoidIntegratesWithSolidsAndNoDrivingPressure()	passed	0.008
com.wormzjl.createcheme.runtime.fluid.FilterBlockLineIslandTest	valveLineToATankKeepsIntegratingOnceTheTankIsFull()	passed	0.34
com.wormzjl.createcheme.runtime.fluid.FixedSplitModuleTest	aRestoreCannotOmitReservationsAndSilentlyDiscardOwnedFeedOnFinish()	passed	0.001
com.wormzjl.createcheme.runtime.fluid.FixedSplitModuleTest	codecRestoresPartialInputOwnershipWithItsUnresolvedDeliveryHorizon()	passed	0.007
com.wormzjl.createcheme.runtime.fluid.FixedSplitModuleTest	emptyFeedAndInsufficientOutputCapacityAnnounceKnownZeroWithoutCircularWait()	passed	0.001
com.wormzjl.createcheme.runtime.fluid.FixedSplitModuleTest	fiveFifteenAndThirtySecondCyclesOwnPartialFeedsThenPublishConservedProductsOnce()	passed	0.004
com.wormzjl.createcheme.runtime.fluid.FixedSplitModuleTest	independentFeedLagCannotProcessBorrowedOrFutureMaterialAndRestoreKeepsHoldup()	passed	0.003
com.wormzjl.createcheme.runtime.fluid.FluidBasisTest	capturedAccountingAndSerializationNeverReadTheReloadedGlobalAxis()	passed	0.03
com.wormzjl.createcheme.runtime.fluid.FluidBasisTest	topologyWithoutAnyIslandStillRejectsAChangedIdentityAxis()	passed	0.04
com.wormzjl.createcheme.runtime.fluid.FluidCheckpointCodecTest	aChangedThermodynamicBasisRequiresANewWorldAndNeverReinterpretsStock()	passed	0.078
com.wormzjl.createcheme.runtime.fluid.FluidCheckpointCodecTest	aCompressorRegistrationRoundTripsInTheTopologyUnit()	passed	0.007
com.wormzjl.createcheme.runtime.fluid.FluidCheckpointCodecTest	aTopologyRoundTripsEveryFieldExactlyAndRefusesAMalformedUnit()	passed	0.012
com.wormzjl.createcheme.runtime.fluid.FluidCheckpointCodecTest	anEnergyDatumChangeIsRefused()	passed	0.002
com.wormzjl.createcheme.runtime.fluid.FluidCheckpointCodecTest	changingVelocityLimitPreservesSavedStockClocksAndAllowanceButInvalidatesTheOldAnchor()	passed	0.017
com.wormzjl.createcheme.runtime.fluid.FluidCheckpointCodecTest	missingClocksMistypedStampsCorruptionUnknownVersionsAndChangedPropertiesAreRejected()	passed	0.01
com.wormzjl.createcheme.runtime.fluid.FluidCheckpointCodecTest	portsACompressorAndARefusedMoverRoundTripExactly()	passed	0.043
com.wormzjl.createcheme.runtime.fluid.FluidCheckpointCodecTest	roundTripRetainsStockDebtFencesFallbackAndTheUndeliveredEightyKg()	passed	0.006
com.wormzjl.createcheme.runtime.fluid.FluidCheckpointCodecTest	theJsonGraphShapeReadsPortsAndACompressorAndRefusesAPipeWithoutPorts()	passed	0.01
com.wormzjl.createcheme.runtime.fluid.FluidCheckpointFormatTest	aCertifiedPayloadIsCopiedNotReencodedUntilASolveOrACertificate()	passed	0.03
com.wormzjl.createcheme.runtime.fluid.FluidCheckpointFormatTest	aRestoredCertificateContinuesWithoutASolveExactlyAsIfNeverSaved()	passed	0.027
com.wormzjl.createcheme.runtime.fluid.FluidCheckpointFormatTest	aSignatureMismatchDiscardsTheCertificateAndKeepsTheInventory()	passed	0.038
com.wormzjl.createcheme.runtime.fluid.FluidCheckpointFormatTest	aThousandCertifiedIslandsLoadWithoutASolveBurst()	passed	0.935
com.wormzjl.createcheme.runtime.fluid.FluidCheckpointFormatTest	clocksMaterialFencesPendingEventsModulesAndCertificatesRoundTripExactly()	passed	0.041
com.wormzjl.createcheme.runtime.fluid.FluidCheckpointFormatTest	everyInvalidCertificateFieldIsRefused()	passed	0.03
com.wormzjl.createcheme.runtime.fluid.FluidCheckpointFormatTest	formatThreeAndOlderAreRefusedWithAFreshWorldInstructionAndLeftUntouched()	passed	0.009
com.wormzjl.createcheme.runtime.fluid.FluidCheckpointFormatTest	holdSaveAndRestartKeepsCommittedFrozenAndDebtAndRequalifiesOverTheConfirmCount()	passed	0.015
com.wormzjl.createcheme.runtime.fluid.FluidCheckpointFormatTest	restDetectionOffDiscardsEverySavedCertificateAndKeepsTheInventory()	passed	0.011
com.wormzjl.createcheme.runtime.fluid.FluidCheckpointStoreTest	aCommitWhosePredecessorFailedIsNotWrittenAndTheNextSaveWritesEverythingAfresh()	passed	0.061
com.wormzjl.createcheme.runtime.fluid.FluidCheckpointStoreTest	aCrashBetweenAPackAndItsCoreRecordLeavesThePreviousCheckpointAndAnOrphanTheLoadDeletes()	passed	0.09
com.wormzjl.createcheme.runtime.fluid.FluidCheckpointStoreTest	aHalfWrittenDamagedOrMissingPackRefusesTheWorldAndLeavesEveryFileAsItWas()	passed	0.018
com.wormzjl.createcheme.runtime.fluid.FluidCheckpointStoreTest	aSaveLargerThanOnePackSpansSeveralAndReadsBack()	passed	0.01
com.wormzjl.createcheme.runtime.fluid.FluidCheckpointStoreTest	aSaveWritesOnlyTheUnitsOfIslandsThatChanged()	passed	0.021
com.wormzjl.createcheme.runtime.fluid.FluidCheckpointStoreTest	clocksMaterialFencesPendingEventsModulesCertificatesAndHeldIslandsRoundTripThroughTheFiles()	passed	0.032
com.wormzjl.createcheme.runtime.fluid.FluidCheckpointStoreTest	tenThousandIslandsSaveAndLoadThroughTheIndex()	passed	1.372
com.wormzjl.createcheme.runtime.fluid.FluidCheckpointStoreTest	theFirstSaveAfterALoadEncodesNothingThatDidNotChange()	passed	0.039
com.wormzjl.createcheme.runtime.fluid.FluidCheckpointStoreTest	unitsOfRemovedOrReplacedIslandsAreDroppedAndTheirPacksCompactedAndDeleted()	passed	0.145
com.wormzjl.createcheme.runtime.fluid.FluidDeviceSpecDomainTest	aGeneratorIsCheckedAgainstWhatItHoldsAndControlsAreOnlyStructural()	passed	0.002
com.wormzjl.createcheme.runtime.fluid.FluidDeviceSpecDomainTest	aNitrogenReservoirAt200KelvinIsValidAndOneAt50KelvinIsRefusedWithTheDedicatedError()	passed	0.002
com.wormzjl.createcheme.runtime.fluid.FluidDeviceSpecTest	allRequiredCrudePresetsShareTheExactQualifiedPropertyBasis()	passed	0.008
com.wormzjl.createcheme.runtime.fluid.FluidPacketCodecTest	aFullBranchHistoryFitsTheBoundedClientWireAndSurvivesTheActualJsonSchema()	passed	0.019
com.wormzjl.createcheme.runtime.fluid.FluidPacketCodecTest	aLivePayloadMustMatchItsStaticAxisAndABoundedReply()	passed	0.001
com.wormzjl.createcheme.runtime.fluid.FluidPacketCodecTest	aRefusedControlIsRepliedWithItsOwnReason()	passed	0.006
com.wormzjl.createcheme.runtime.fluid.FluidPacketCodecTest	aTanksOutletsRoundTripAndAreBounded()	passed	0.005
com.wormzjl.createcheme.runtime.fluid.FluidPacketCodecTest	editWirePreservesItsExactMenuPositionIdentityAndRevisionAndRejectsOversizedText()	passed	0.001
com.wormzjl.createcheme.runtime.fluid.FluidPacketCodecTest	maximumAdmittedAxisAndPresetCountsFitThePacketBudget()	passed	0.025
com.wormzjl.createcheme.runtime.fluid.FluidPacketCodecTest	nonfiniteOutOfDomainAndMalformedCompositionControlsCannotReachAnApply()	passed	0.008
com.wormzjl.createcheme.runtime.fluid.FluidPacketCodecTest	pipeInspectionRoundTripsAndRejectsInvalidMetricValues()	passed	0.003
com.wormzjl.createcheme.runtime.fluid.FluidPacketCodecTest	receivedComponentAxisDoesNotDependOnTheClientCatalog()	passed	0.003
com.wormzjl.createcheme.runtime.fluid.FluidPacketCodecTest	staticMolecularWeightsAreMandatoryPositiveAndOnTheServerAxis()	passed	0.009
com.wormzjl.createcheme.runtime.fluid.FluidPacketCodecTest	theClientRemembersTheLastDeliveredStateOfRecentDevices()	passed	0.001
com.wormzjl.createcheme.runtime.fluid.FluidPacketCodecTest	theCompressorRatioIsBoundedReadFromItsRegistrationAndRequiredOnTheWire()	passed	0.002
com.wormzjl.createcheme.runtime.fluid.FluidPacketCodecTest	theProtocolIsFluidSixWithDistinctStaticAndLivePayloads()	passed	0.001
com.wormzjl.createcheme.runtime.fluid.FluidPacketCodecTest	theStaticAndLivePayloadsSplitAndRejoinIntoTheSameMenuState()	passed	0.002
com.wormzjl.createcheme.runtime.fluid.FluidPropertyReloadGuardTest	metadataOnlyReloadKeepsQualifiedScienceAndNumericalChangeWithoutRevisionBumpHolds()	passed	0.096
com.wormzjl.createcheme.runtime.fluid.FluidPropertyReloadGuardTest	viscosityOnlyChangeInvalidatesThePinnedFluidModel()	passed	0.048
com.wormzjl.createcheme.runtime.fluid.FluidRuntimeDiagnosticsTest	countersAreInertUntilEnabledAndExcludeAPausedObserver()	passed	0.001
com.wormzjl.createcheme.runtime.fluid.FullTankSolidsEventTest	aCompiledJunctionCarriesTheBoundarysPropertiesAndNoneOfItsStock()	passed	0.002
com.wormzjl.createcheme.runtime.fluid.FullTankSolidsEventTest	aSolidsFeedAppliedToAFullTankKeepsTheIslandIntegrating()	passed	0.101
com.wormzjl.createcheme.runtime.fluid.FullTankSolidsEventTest	asecondConfigurationEventPutsTheFeedBackToZero()	passed	0.104
com.wormzjl.createcheme.runtime.fluid.FullTankSolidsEventTest	theFilterCapturesOnceTheDrainedTankLetsTheLineFlow()	passed	0.189
com.wormzjl.createcheme.runtime.fluid.IslandCertificateDomainTest	aThermoDomainRejectionKeepsTheIntervalFromCertifying()	passed	0.0
com.wormzjl.createcheme.runtime.fluid.IslandCertificateTest	aCertifiedIslandReplaysItsJunctionHoldupsExactly()	passed	0.132
com.wormzjl.createcheme.runtime.fluid.IslandCertificateTest	aHorizonRevalidationRenewsAStationaryCertificate()	passed	0.007
com.wormzjl.createcheme.runtime.fluid.IslandCertificateTest	aHorizonRevalidationThatNoLongerRepeatsDropsTheCertificate()	passed	0.075
com.wormzjl.createcheme.runtime.fluid.IslandCertificateTest	aMatchedThroughputTankReplaysWithinBudgetAndConservesExactly()	passed	0.166
com.wormzjl.createcheme.runtime.fluid.IslandCertificateTest	aModuleDriveWakesACertifiedIslandAtItsExactTick()	passed	0.007
com.wormzjl.createcheme.runtime.fluid.IslandCertificateTest	aPropertyHoldFreezesACertifiedIslandAndResumeRequalifiesOverTheConfirmCount()	passed	0.009
com.wormzjl.createcheme.runtime.fluid.IslandCertificateTest	aPumpHeatingItsLoopDoesNotCertify()	passed	0.244
com.wormzjl.createcheme.runtime.fluid.IslandCertificateTest	aQuietPipeIsExemptFromTheRelativeFlowTestAndALoudOneIsNot()	passed	0.001
com.wormzjl.createcheme.runtime.fluid.IslandCertificateTest	aSettledBenchmarkClosedLadderCertifiesOnceItsQuietPipesAreExempt()	passed	0.125
com.wormzjl.createcheme.runtime.fluid.IslandCertificateTest	aSettledClosedPairCertifiesWithALongHorizon()	passed	0.012
com.wormzjl.createcheme.runtime.fluid.IslandCertificateTest	aSlowlyFillingTankNeverCertifies()	passed	0.109
com.wormzjl.createcheme.runtime.fluid.IslandCertificateTest	aSmallInventoryFailsTheRelativeToleranceThatALargeOnePasses()	passed	0.003
com.wormzjl.createcheme.runtime.fluid.IslandCertificateTest	aTankBeingFlushedWithAnotherCompositionDoesNotCertifyUntilTheFlushIsComplete()	passed	0.225
com.wormzjl.createcheme.runtime.fluid.IslandCertificateTest	anIslandThatNeverCertifiesSolvesBitForBitAsWithCertificatesOff()	passed	1.55
com.wormzjl.createcheme.runtime.fluid.IslandCertificateTest	changedControlsReplaceACertifiedIslandWithAnAwakeOne()	passed	0.006
com.wormzjl.createcheme.runtime.fluid.IslandCertificateTest	deadHeadedLinesCertifyRestAndThenCostNothing()	passed	0.048
com.wormzjl.createcheme.runtime.fluid.IslandCertificateTest	eventsInsideACertifiedWindowAlignByMaterialisationAtTheirExactTicks()	passed	0.008
com.wormzjl.createcheme.runtime.fluid.IslandCertificateTest	generatorToVoidReplaysWithinBudgetOfTheSolvedTrajectory()	passed	0.091
com.wormzjl.createcheme.runtime.fluid.IslandCertificateTest	grossFlowWithAZeroAverageIsNotRest()	passed	0.001
com.wormzjl.createcheme.runtime.fluid.IslandCertificateTest	replayScalesTheRecordedIntervalLinearly()	passed	0.003
com.wormzjl.createcheme.runtime.fluid.IslandCertificateTest	slowMonotonicEvolutionFailsStationarity()	passed	0.001
com.wormzjl.createcheme.runtime.fluid.IslandCertificateTest	solidPhaseAndClosureTransitionsResetQualification()	passed	0.001
com.wormzjl.createcheme.runtime.fluid.IslandCertificateTest	theHorizonKeepsReplayWithinTheBudgetAndStopsBeforeDepletion()	passed	0.002
com.wormzjl.createcheme.runtime.fluid.IslandClockTest	aFenceAtTheCommittedTickHasNoTimeDeadlineAndALaterFenceShortensTheSlice()	passed	0.0
com.wormzjl.createcheme.runtime.fluid.IslandClockTest	cadenceChangesAreBoundedAndDoNotEraseAccruedTime()	passed	0.0
com.wormzjl.createcheme.runtime.fluid.IslandClockTest	causalFencesAndRestartPreserveOnlineDebtWithoutAddingOfflineTime()	passed	0.001
com.wormzjl.createcheme.runtime.fluid.IslandClockTest	heldResultsKeepDebtAndNeverReplayAnAcceptedApproximateInterval()	passed	0.001
com.wormzjl.createcheme.runtime.fluid.IslandClockTest	idleCatchupCanConsumeNineIntervalsWithoutWaitingForNineMoreCadences()	passed	0.001
com.wormzjl.createcheme.runtime.fluid.IslandClockTest	measuredOverloadAndRecoveryFollowThePlannedHysteresis()	passed	0.001
com.wormzjl.createcheme.runtime.fluid.IslandClockTest	oneEpochIncrementAdvancesEveryClockOnItWithoutTouchingThem()	passed	0.001
com.wormzjl.createcheme.runtime.fluid.IslandClockTest	restCommitsWithoutASolveButNeverPastTheOnlineClockAFenceOrAroundAnOutstandingSlice()	passed	0.005
com.wormzjl.createcheme.runtime.fluid.IslandClockTest	restartOnAnotherEpochKeepsTheSavedDebtExactlyAndAddsNoOfflineTime()	passed	0.001
com.wormzjl.createcheme.runtime.fluid.IslandClockTest	theReadyTickMatchesSliceAvailabilityForArbitraryClockStates()	passed	0.033
com.wormzjl.createcheme.runtime.fluid.IslandClockTest	theRetrySpanIsTheExactReadyTickOfAHeldClock()	passed	0.0
com.wormzjl.createcheme.runtime.fluid.IslandCoordinatorTest	aBudgetHoldHalvesTheSliceAndReplacesTheSolver()	passed	0.0
com.wormzjl.createcheme.runtime.fluid.IslandCoordinatorTest	aDeadlineRetriesAShorterWholeIntervalThenGrowsWithoutDiscardingDebt()	passed	0.002
com.wormzjl.createcheme.runtime.fluid.IslandCoordinatorTest	aDifferentViolationOnTheRetryKeepsTheLadder()	passed	0.002
com.wormzjl.createcheme.runtime.fluid.IslandCoordinatorTest	aHeldOwnerRetriesAFreshSolverOnHalvedSlicesAndThenWaitsLongerAtOneTick()	passed	0.009
com.wormzjl.createcheme.runtime.fluid.IslandCoordinatorTest	aHeldOwnerRetriesExactlyAtItsRetryDeadlineAndIsNotVisitedBefore()	passed	0.002
com.wormzjl.createcheme.runtime.fluid.IslandCoordinatorTest	aRefusedFallbackIsRetriedAsAFullSolveUntilAnIntervalIsAccepted()	passed	0.003
com.wormzjl.createcheme.runtime.fluid.IslandCoordinatorTest	aReproducedThermoDomainViolationWaitsForAnInputChangeInsteadOfTheLadder()	passed	0.005
com.wormzjl.createcheme.runtime.fluid.IslandCoordinatorTest	aRoundTimeoutClosesTheRoundFromItsDeadlineAlone()	passed	0.0
com.wormzjl.createcheme.runtime.fluid.IslandCoordinatorTest	anExpiredRoundClosesWithinOneTickOfItsWallBudgetOnASlowServer()	passed	0.001
com.wormzjl.createcheme.runtime.fluid.IslandCoordinatorTest	anIndependentGroupUsesFreeWorkersWithoutBreakingTheEarlierBarrierOrDeadline()	passed	0.0
com.wormzjl.createcheme.runtime.fluid.IslandCoordinatorTest	deadlineKeepsDebtAndDoesNotReuseACancelledButStillRunningOwner()	passed	0.001
com.wormzjl.createcheme.runtime.fluid.IslandCoordinatorTest	fencesAlignUnequalClocksWithoutApplyingAnEventRetroactively()	passed	0.001
com.wormzjl.createcheme.runtime.fluid.IslandCoordinatorTest	laterIndependentGroupMayPublishWhileEarlierGroupStillComputes()	passed	0.002
com.wormzjl.createcheme.runtime.fluid.IslandCoordinatorTest	nonblockingBarrierCommitsACompleteRoundAndThenCatchesUpFairly()	passed	0.002
com.wormzjl.createcheme.runtime.fluid.IslandCoordinatorTest	splitAndMergeAtAnAlignedFencePreserveEveryInventoryAndOnlineDebt()	passed	0.002
com.wormzjl.createcheme.runtime.fluid.IslandCoordinatorTest	staleStampAndStopCannotPublishAnUncommittedCandidate()	passed	0.001
com.wormzjl.createcheme.runtime.fluid.IslandCoordinatorTest	theAllocatorShrinkIsObservedExactlyAtItsDeadlineWithNoOtherActivity()	passed	0.003
com.wormzjl.createcheme.runtime.fluid.IslandCoordinatorTest	thePerTickDispatchBudgetResumesOnTheNextTickWithoutPolling()	passed	0.003
com.wormzjl.createcheme.runtime.fluid.IslandSchedulerTest	aRevisionBumpLeavesOnlyStaleEntriesThatFireNothingUntilTheResumeReschedules()	passed	0.002
com.wormzjl.createcheme.runtime.fluid.IslandSchedulerTest	certifiedIslandsCostNothingPerTickAtOneHundredOrAThousand()	passed	3.307
com.wormzjl.createcheme.runtime.fluid.IslandSchedulerTest	deadlinesComeOutByTickThenInSchedulingOrderAndNextDueIsAPeek()	passed	0.04
com.wormzjl.createcheme.runtime.fluid.IslandSchedulerTest	idleIslandsCostNothingPerTickAtOneHundredOrAThousand()	passed	4.26
com.wormzjl.createcheme.runtime.fluid.IslandSchedulerTest	repartitionAndRemovalInvalidateTheReplacedIslandsDeadlines()	passed	0.003
com.wormzjl.createcheme.runtime.fluid.IslandSchedulerTest	stopClearsEveryDeadlineAndLaterTicksDoNothing()	passed	0.0
com.wormzjl.createcheme.runtime.fluid.LiquidJunctionTransientTest	everyLiquidCaseConvergesAndClosesItsLedgerAtTenthSecondIntervals()	passed	0.14
com.wormzjl.createcheme.runtime.fluid.LiquidJunctionTransientTest	everyLiquidCaseConvergesAtTheFiveSecondCycle()	passed	0.05
com.wormzjl.createcheme.runtime.fluid.McpGameplayRegressionTest	belowSeaLevelNitrogenTankAcceptsWaterAfterAnIdlePeriodAndPressureEdit()	passed	0.085
com.wormzjl.createcheme.runtime.fluid.McpGameplayRegressionTest	clampedDrainContinuesAfterTheTankBecomesAlmostLiquidFull()	passed	0.119
com.wormzjl.createcheme.runtime.fluid.McpGameplayRegressionTest	savedSonicRefusalAdvancesWithVelocityClampingAndKeepsCanonicalBalances()	passed	0.01
com.wormzjl.createcheme.runtime.fluid.MixedGasJunctionStaticTest	everyColdJunctionCaseConvergesAndClosesItsBalance()	passed	0.809
com.wormzjl.createcheme.runtime.fluid.MixedGasJunctionTransientTest	everyCaseConvergesAndClosesItsLedgerAtTenthSecondIntervals()	passed	1.487
com.wormzjl.createcheme.runtime.fluid.MixedGasJunctionTransientTest	everyCaseConvergesAtTheFiveSecondCycleWithinTwiceTheMeasuredCost()	passed	0.417
com.wormzjl.createcheme.runtime.fluid.ModuleTransferPlannerTest	overfullDeliveryIsReducedToAFeasiblePortionAndOtherDueInputStillAdvances()	passed	0.878
com.wormzjl.createcheme.runtime.fluid.ModuleTransferPlannerTest	requestedTwentyAndEightyKgCommitAsSeparateIntervalsWithoutReplay()	passed	0.017
com.wormzjl.createcheme.runtime.fluid.ModuleTransferPlannerTest	solidsArrivingDuringAnIntervalRefuseOnlyTheAffectedWithdrawal()	passed	0.034
com.wormzjl.createcheme.runtime.fluid.ModuleTransferPlannerTest	withdrawalProducesOnlyActuallyIntegratedMaterialAndCancellationPropagates()	passed	0.002
com.wormzjl.createcheme.runtime.fluid.PendingTransfersTest	fixedSplitCommutesWithAnEnergyReferenceMigration()	passed	0.001
com.wormzjl.createcheme.runtime.fluid.PendingTransfersTest	oneHundredKgCanArriveAsTwentyAndEightyWithoutLosingItsIdentityOrEnergy()	passed	0.001
com.wormzjl.createcheme.runtime.fluid.PendingTransfersTest	revisionOverflowRejectsTheWholeBatchBeforeConsumingAnyParcel()	passed	0.0
com.wormzjl.createcheme.runtime.fluid.PendingTransfersTest	zeroAcceptanceDoesNotConsumeMaterialAndStaleBatchesCommitNothing()	passed	0.001
com.wormzjl.createcheme.runtime.fluid.PhysicalFluidTopologyTest	aCompiledStackPassesTheUpperTanksWaterDownAndItsGasUp()	passed	0.374
com.wormzjl.createcheme.runtime.fluid.PhysicalFluidTopologyTest	aCompressorConnectsAlongItsAxisOnlyAndAZeroStorageBypassDisablesIt()	passed	0.005
com.wormzjl.createcheme.runtime.fluid.PhysicalFluidTopologyTest	aFilterOnATanksTopFaceKeepsTheTopPortInBothOrientations()	passed	0.025
com.wormzjl.createcheme.runtime.fluid.PhysicalFluidTopologyTest	aPumpOnATanksBottomFaceTakesTheBottomPortInEitherOrientationAndIdentityOrder()	passed	0.003
com.wormzjl.createcheme.runtime.fluid.PhysicalFluidTopologyTest	aStackOfTwoTanksJoinsTheUpperTanksBottomToTheLowerTanksTop()	passed	0.003
com.wormzjl.createcheme.runtime.fluid.PhysicalFluidTopologyTest	aTankOverAVoidDrainsOnItsLevelHeadAloneAndRests()	passed	0.02
com.wormzjl.createcheme.runtime.fluid.PhysicalFluidTopologyTest	dimensionsDeadLegsAndUnsupportedPumpPortsCannotCreateHiddenConnections()	passed	0.001
com.wormzjl.createcheme.runtime.fluid.PhysicalFluidTopologyTest	everyFaceOfATankCompilesToItsPortAndOnlyTheTankEndCarriesOne()	passed	0.004
com.wormzjl.createcheme.runtime.fluid.PhysicalFluidTopologyTest	pumpControlUsesItsOutletDirectionAndItsSuctionJunctionInEitherOrientation()	passed	0.005
com.wormzjl.createcheme.runtime.fluid.PhysicalFluidTopologyTest	tenPhysicalPipeBlocksCompileToOneTenMetreRunWithEveryDebugMapping()	passed	0.001
com.wormzjl.createcheme.runtime.fluid.PhysicalFluidTopologyTest	zeroStoragePumpBypassDisablesThePumpButStillAllowsPassiveEqualization()	passed	0.004
com.wormzjl.createcheme.runtime.fluid.PhysicalRegistryTest	aHeldEventKeepsItsTickAndOrdersTheEventsThatDependOnIt()	passed	0.01
com.wormzjl.createcheme.runtime.fluid.PhysicalRegistryTest	aTicksEventsApplyOnceInOrderAsOneBatch()	passed	0.037
com.wormzjl.createcheme.runtime.fluid.PhysicalRegistryTest	anEventReachesAnIslandThroughAnOwnerlessBranch()	passed	0.014
com.wormzjl.createcheme.runtime.fluid.PhysicalRegistryTest	anEventTouchingOneIslandCompilesAndReplacesOnlyThatIsland()	passed	0.032
com.wormzjl.createcheme.runtime.fluid.PhysicalRegistryTest	certifiedIslandsUntouchedByAnEventStayCertified()	passed	0.054
com.wormzjl.createcheme.runtime.fluid.PhysicalRegistryTest	junctionHoldupsAreBookedAsConstructedAndRemintedAtATopologyEdit()	passed	0.047
com.wormzjl.createcheme.runtime.fluid.PhysicalRegistryTest	mergesAndSplitsProduceTheRightIslandsAndRevisions()	passed	0.007
com.wormzjl.createcheme.runtime.fluid.PhysicalRegistryTest	placementCostIsFlatInWorldSize()	passed	0.726
com.wormzjl.createcheme.runtime.fluid.PhysicalRegistryTest	removalAndEditFollowTheSamePath()	passed	0.021
com.wormzjl.createcheme.runtime.fluid.PipePresentationTest	aStraightPipeAutomaticallyShowsReverseFlowAndPreservesBothDirectionsOfAReversal()	passed	0.002
com.wormzjl.createcheme.runtime.fluid.PipePresentationTest	anUnsolvedPipeHasZeroTransportButStillHasAPressureReading()	passed	0.001
com.wormzjl.createcheme.runtime.fluid.PipePresentationTest	fourFiveAndSixEquipmentConnectionsBalanceWithoutDuplicatingDisplayedThroughput()	passed	0.074
com.wormzjl.createcheme.runtime.fluid.PresentationBucketTest	aMenuFollowsItsDeviceToItsNewIslandsBucket()	passed	0.012
com.wormzjl.createcheme.runtime.fluid.PresentationBucketTest	aPresentationReadStopsShortOfAWakeAndNeverWakesTheIsland()	passed	0.007
com.wormzjl.createcheme.runtime.fluid.PresentationBucketTest	anInputIsAnsweredOnTheFollowingBucketAndNeverBefore()	passed	0.005
com.wormzjl.createcheme.runtime.fluid.PresentationBucketTest	cachedReplayDoesNotConsumePendingInputRepliesOrUseANewerUnpublishedRevision()	passed	0.003
com.wormzjl.createcheme.runtime.fluid.PresentationBucketTest	firstRequestedOpeningReplaysLastBucketWithoutAnyScienceWorkOrDeadlineShift()	passed	0.003
com.wormzjl.createcheme.runtime.fluid.PresentationBucketTest	loadedDevicesArePresentedOnTheirIslandsBucketAndUnloadedOnesNever()	passed	0.025
com.wormzjl.createcheme.runtime.fluid.PresentationBucketTest	noPublishedSnapshotOrNoActiveRequestCannotTriggerAReplayOrNewView()	passed	0.001
com.wormzjl.createcheme.runtime.fluid.PresentationBucketTest	openMenusReceiveOneLivePayloadPerBucketAndTheStaticPartOnlyWhenTheRevisionChanges()	passed	0.027
com.wormzjl.createcheme.runtime.fluid.PresentationBucketTest	presentationCostsNothingPerTickUnlessABucketHasWork()	passed	0.013
com.wormzjl.createcheme.runtime.fluid.PresentationBucketTest	scientificProgressIsIdenticalWithAndWithoutViewers()	passed	0.201
com.wormzjl.createcheme.runtime.fluid.ProductionCapacityTest	capacityReservationsAndProducedMaterialRoundTripAndAnIncompleteLedgerIsRefused()	passed	0.005
com.wormzjl.createcheme.runtime.fluid.ProductionCapacityTest	overproductionWrongProducerOrFutureDateCannotPublishAndZeroProductionReleasesCapacity()	passed	0.001
com.wormzjl.createcheme.runtime.fluid.ProductionCapacityTest	reservationOwnsNoMaterialAndConvertsOnlyActualProductionIntoPendingStock()	passed	0.001
com.wormzjl.createcheme.runtime.fluid.PropertyReloadCoordinatorTest	reloadDiscardsReadyAndLateProposalsPreservesOwnershipAndResumesOnlyWithFullScience()	passed	0.009
com.wormzjl.createcheme.runtime.fluid.RetainedSolverTest	aRetainedSolverIsExclusiveAndIsHandedBackAfterEveryOutcome()	passed	0.008
com.wormzjl.createcheme.runtime.fluid.RetainedSolverTest	aRetainedSolverReusesItsStructureAcrossTheIntervalBoundary()	passed	0.008
com.wormzjl.createcheme.runtime.fluid.RetainedSolverTest	sharingTheIslandSolverWithTheModulePlannerNeverCostsMoreWork()	passed	0.009
com.wormzjl.createcheme.runtime.fluid.RuntimeHarnessTest	deadlinesCanBeDrivenWithoutSleepingOrMovingTimeBackward()	passed	0.0
com.wormzjl.createcheme.runtime.fluid.RuntimeHarnessTest	detectsDuplicatePortionsWhileAllowingSuccessivePartialDeliveries()	passed	0.001
com.wormzjl.createcheme.runtime.fluid.SolidRuntimeTest	aClosedConnectionTellsTheDeviceStatusWhichReasonStoppedIt()	passed	0.013
com.wormzjl.createcheme.runtime.fluid.SolidRuntimeTest	disconnectedFilterRetainsItsCakeInAZeroFlowIsland()	passed	0.002
com.wormzjl.createcheme.runtime.fluid.SolidRuntimeTest	drySolidInventoryCanBeStoredSavedAndRemainStationary()	passed	0.003
com.wormzjl.createcheme.runtime.fluid.SolidRuntimeTest	filterAndParticlesRoundTripAndCapacityChangesDoNotLoseStock()	passed	0.007
com.wormzjl.createcheme.runtime.fluid.SolidRuntimeTest	generatorUsesSlurryVolumeFractionWithoutChangingTheFluidAxis()	passed	0.001
com.wormzjl.createcheme.runtime.fluid.SolidRuntimeTest	physicalPumpFilterAndNitrogenReceiverStartTogether()	passed	0.109
com.wormzjl.createcheme.runtime.fluid.SolidRuntimeTest	solidOnlyParcelsConserveEnergyAndRefuseUndefinedSplits()	passed	0.001
com.wormzjl.createcheme.runtime.fluid.SolidRuntimeTest	unrelatedSolidDefinitionsDoNotChangeTheFluidBasis()	passed	0.048
com.wormzjl.createcheme.runtime.fluid.TankOutletsTest	aTankWithTopSideAndBottomOutletsListsWhatEachDrew()	passed	0.01
com.wormzjl.createcheme.runtime.fluid.TankOutletsTest	theLeadingPhaseIsTheOneThatCarriedTheMostMass()	passed	0.0
com.wormzjl.createcheme.runtime.fluid.WorkerAllocationTest	automaticSizingLeavesHeadroomAndCapsTheSharedPool()	passed	0.001
com.wormzjl.createcheme.runtime.fluid.WorkerAllocationTest	growsImmediatelyAndPreservesCapacityAcrossFiveSecondBursts()	passed	0.0
com.wormzjl.createcheme.runtime.fluid.WorkerAllocationTest	shrinkingNeverRequestsZeroWorkersAndRejectsInvalidDemandClocks()	passed	0.001
com.wormzjl.createcheme.runtime.fluid.WorkerTrajectoryEquivalenceTest	realBoundedExecutorPreservesClosedPhysicalTrajectoriesAtOneTwoAndAutomaticTwelveWorkers()	passed	0.123
com.wormzjl.createcheme.runtime.fluid.WorldTopologyLedgerTest	constructionAndDestructionCountOnceAndNeverReuseTheOldIdentity()	passed	0.01
com.wormzjl.createcheme.runtime.fluid.WorldTopologyLedgerTest	finiteReservoirInitializationCannotBeReappliedAsASettingsEdit()	passed	0.005
com.wormzjl.createcheme.runtime.fluid.WorldTopologyLedgerTest	independentLaterEventCanCommitWithoutAdvancingTheBlockedEventsTimestamp()	passed	0.005
com.wormzjl.createcheme.runtime.fluid.WorldTopologyLedgerTest	pendingPhysicalEventsRoundTripWithControlSettingsAndTheirOriginalTimestamps()	passed	0.005
com.wormzjl.createcheme.runtime.fluid.WorldTopologyLedgerTest	sharedIslandDependenciesAndRemovalReplacementPositionsCannotBeReordered()	passed	0.006
com.wormzjl.createcheme.science.column.v3.ColumnInputPresetTest	everySelectablePresetIsValidAndSurvivesSaving()	passed	0.003
com.wormzjl.createcheme.science.column.v3.ColumnInputPresetTest	loadingPresetUsesTheSuppliedServerCatalogIncludingOverrides()	passed	0.02
com.wormzjl.createcheme.science.column.v3.ColumnInputPresetTest	newCrudesKeepEditableCurrentColumnConditionsAndDistinctFeeds()	passed	0.001
com.wormzjl.createcheme.science.column.v3.HollandExample32BenchmarkTest	inGamePresetRunsTheOracleSeededV3PathAndPublishesStreams()	passed	0.045
com.wormzjl.createcheme.science.column.v3.HollandExample32BenchmarkTest	solverMatchesIndependentOracleAndReportsPublishedTableConflicts()	passed	2.243
com.wormzjl.createcheme.science.column.v3.V3ActiveComponentBasisTest	exactZeroPublicComponentsAreRemovedFromTheNumericalLedgerAndRetainStablePublicIndices()	passed	0.0
com.wormzjl.createcheme.science.column.v3.V3BlockJacobianAssemblerTest	[1] 0	passed	0.022
com.wormzjl.createcheme.science.column.v3.V3BlockJacobianAssemblerTest	[1] TWO_PHASE	passed	0.137
com.wormzjl.createcheme.science.column.v3.V3BlockJacobianAssemblerTest	[1] plain	passed	0.183
com.wormzjl.createcheme.science.column.v3.V3BlockJacobianAssemblerTest	[2] 1	passed	0.026
com.wormzjl.createcheme.science.column.v3.V3BlockJacobianAssemblerTest	[2] LIQUID_ONLY	passed	0.131
com.wormzjl.createcheme.science.column.v3.V3BlockJacobianAssemblerTest	[2] draw	passed	0.163
com.wormzjl.createcheme.science.column.v3.V3BlockJacobianAssemblerTest	[3] 2	passed	0.021
com.wormzjl.createcheme.science.column.v3.V3BlockJacobianAssemblerTest	[3] heat	passed	0.155
com.wormzjl.createcheme.science.column.v3.V3BlockJacobianAssemblerTest	[4] 4	passed	0.022
com.wormzjl.createcheme.science.column.v3.V3BlockJacobianAssemblerTest	[4] steam	passed	0.188
com.wormzjl.createcheme.science.column.v3.V3BlockJacobianAssemblerTest	[5] wet	passed	0.156
com.wormzjl.createcheme.science.column.v3.V3BlockJacobianAssemblerTest	[6] capped-condenser	passed	0.094
com.wormzjl.createcheme.science.column.v3.V3BlockJacobianAssemblerTest	anInadmissibleProbeStepIsRefusedIdenticallyByBothDecodes()	passed	0.155
com.wormzjl.createcheme.science.column.v3.V3BlockJacobianAssemblerTest	analyticStageBlocksMatchTheColoredReferenceOnAVaporOnlyCondenser()	passed	0.087
com.wormzjl.createcheme.science.column.v3.V3BlockJacobianAssemblerTest	everyProbeOfAWetFixtureDecodesAndEvaluatesBitwiseAsTheWholeVectorProbeDid()	passed	0.02
com.wormzjl.createcheme.science.column.v3.V3BlockJacobianAssemblerTest	everyProbeOfTheRealCrudeFixtureDecodesAndEvaluatesBitwiseAsTheWholeVectorProbeDid()	passed	0.364
com.wormzjl.createcheme.science.column.v3.V3BlockJacobianAssemblerTest	localStageBlocksMatchTheWholeSystemFiniteDifferenceOracleOnWetTrays()	passed	0.021
com.wormzjl.createcheme.science.column.v3.V3BlockJacobianAssemblerTest	localStageBlocksMatchTheWholeSystemFiniteDifferenceOracleWithPrescribedStageHeat()	passed	0.026
com.wormzjl.createcheme.science.column.v3.V3BlockJacobianAssemblerTest	localStageBlocksMatchTheWholeSystemFiniteDifferenceOracleWithSumpSteam()	passed	0.019
com.wormzjl.createcheme.science.column.v3.V3BlockJacobianOwnershipTest	copyingConstructorAndOwnedAssemblyBothKeepAccessorSnapshotsIndependent()	passed	0.001
com.wormzjl.createcheme.science.column.v3.V3BlockJacobianOwnershipTest	ownedAssemblyStillRejectsInvalidShapesAndNonfiniteEntries()	passed	0.001
com.wormzjl.createcheme.science.column.v3.V3BoundedSolvePathTest	aCompressedLadderThatIsStillTooLongIsClampedAsWell()	passed	0.0
com.wormzjl.createcheme.science.column.v3.V3BoundedSolvePathTest	aLongContinuationPathPublishesTheSolvesOwnOutcome()	passed	2.917
com.wormzjl.createcheme.science.column.v3.V3BoundedSolvePathTest	aLongPressureLadderIsReducedToItsEndsAndKeepsEverythingAroundIt()	passed	0.0
com.wormzjl.createcheme.science.column.v3.V3BoundedSolvePathTest	aPathInsideTheContractIsReturnedUntouched()	passed	0.001
com.wormzjl.createcheme.science.column.v3.V3BoundedSolvePathTest	aPathThatIsStillTooLongKeepsItsHeadAndItsTail()	passed	0.0
com.wormzjl.createcheme.science.column.v3.V3BubblePointPreconditionerTest	cancellationEscapesRatherThanBecomingAPreconditionerFailure()	passed	0.02
com.wormzjl.createcheme.science.column.v3.V3BubblePointPreconditionerTest	producesAFinitePreparedCandidateFromTheExistingMaterialClosedSeed()	passed	0.02
com.wormzjl.createcheme.science.column.v3.V3BundledRegroupedModelTest	packagedWeightsAndDecoderMatchIndependentFloat64Fixtures()	passed	0.466
com.wormzjl.createcheme.science.column.v3.V3ColdCoreBenchmarkWorkerTest	closureUsesTheAcceptedNativeTruncationMassDefectRatherThanDiscardingIt()	passed	0.002
com.wormzjl.createcheme.science.column.v3.V3ColdStartSweepTest	reasonableSetupMatrixHasBoundedTypedColdOutcomes()	passed	1.787
com.wormzjl.createcheme.science.column.v3.V3ColumnCalculatorTest	[1] 323.15, 0.0	passed	0.428
com.wormzjl.createcheme.science.column.v3.V3ColumnCalculatorTest	[2] 328.15, 0.0	passed	0.44
com.wormzjl.createcheme.science.column.v3.V3ColumnCalculatorTest	[3] 323.15, 0.1	passed	0.442
com.wormzjl.createcheme.science.column.v3.V3ColumnCalculatorTest	cooperativeCancellationEscapesInsteadOfBecomingAScientificFailure()	passed	0.034
com.wormzjl.createcheme.science.column.v3.V3ColumnCalculatorTest	fiftyCelsiusPartialCondenserSeedIncludesEthaneInLiquidAndEquilibriumBalances()	passed	0.037
com.wormzjl.createcheme.science.column.v3.V3ColumnCalculatorTest	productionCalculatorUsesTheCertifiedStageContinuationForThirtyStageRealCrude()	passed	0.495
com.wormzjl.createcheme.science.column.v3.V3ColumnCalculatorTest	registeredPilotWithEightyKmolPerHourSteamAtSeventyCelsiusPublishesWaterInBothPhases()	passed	1.172
com.wormzjl.createcheme.science.column.v3.V3ColumnCalculatorTest	registeredPilotWithIntermediateSumpSteamTemperaturePublishesMixedWaterVapor()	passed	1.063
com.wormzjl.createcheme.science.column.v3.V3ColumnCalculatorTest	registeredPilotWithSumpSteamAndColdCondenserPublishesFreeWater()	passed	1.169
com.wormzjl.createcheme.science.column.v3.V3ColumnCalculatorTest	registeredPilotWithSumpSteamPublishesAuditedWetVapor()	passed	1.083
com.wormzjl.createcheme.science.column.v3.V3ColumnCalculatorTest	registeredPilotWithWaterLimitedSumpSteamPublishesMixedOverheadVapor()	passed	1.166
com.wormzjl.createcheme.science.column.v3.V3ColumnCalculatorTest	registeredPrBinaryPilotPublishesOnlyAFreshlyAuditedSuccess()	passed	0.11
com.wormzjl.createcheme.science.column.v3.V3ColumnCalculatorTest	unknownPropertyPackageIsAStableTypedFailure()	passed	0.025
com.wormzjl.createcheme.science.column.v3.V3ColumnDisplayResultTest	acceptedResultCreatesOnlyABoundedPresentationCertificate()	passed	0.11
com.wormzjl.createcheme.science.column.v3.V3ColumnInitializerTest	exactZeroFeedComponentIsEliminatedFromTheSeedWithoutAFloor()	passed	0.0
com.wormzjl.createcheme.science.column.v3.V3ColumnInitializerTest	materialClosedSeedIncludesAFeedTrayDrawInDownflowAndBottoms()	passed	0.002
com.wormzjl.createcheme.science.column.v3.V3ColumnInitializerTest	materialPhaseFlowRatiosIncludeThePriorStageTotalVaporToLiquidRatio()	passed	0.001
com.wormzjl.createcheme.science.column.v3.V3ColumnInitializerTest	positiveRefluxSeedIsFinitePositiveAndClosesEveryComponentMaterialRowWithoutPublishingSuccess()	passed	0.001
com.wormzjl.createcheme.science.column.v3.V3ColumnInitializerTest	totalCondenserRequiresLiquidOutletFlashEvenWhenMeshEquationsClose()	passed	0.001
com.wormzjl.createcheme.science.column.v3.V3ColumnInitializerTest	zeroRefluxTwoPhaseAndVaporOnlySeedBranchesRemainMaterialClosed()	passed	0.001
com.wormzjl.createcheme.science.column.v3.V3ColumnInputTest	inputDefensivelyCopiesMutableFeedAndSpecificationRepresentations()	passed	0.001
com.wormzjl.createcheme.science.column.v3.V3ColumnInputTest	outcomeContractNeverPermitsAFailedAcceptanceAuditToPublishSuccess()	passed	0.001
com.wormzjl.createcheme.science.column.v3.V3ColumnInputTest	resolutionGeneratesTheOnlyPermittedPressureProfileAndDigestIsStable()	passed	0.0
com.wormzjl.createcheme.science.column.v3.V3ColumnInputTest	resolverRejectsUnsupportedSchemaAndFeedBelowTheLastTray()	passed	0.001
com.wormzjl.createcheme.science.column.v3.V3CondenserPhaseAuditTest	cancellationAfterTheIndependentFlashEscapesUnchanged()	passed	0.001
com.wormzjl.createcheme.science.column.v3.V3CondenserPhaseAuditTest	condenserEnergyBalanceClosesADecantingDrumWithBothTheSlipAndTheFreeWaterBoot()	passed	0.002
com.wormzjl.createcheme.science.column.v3.V3CondenserPhaseAuditTest	independentlyAcceptsTheManufacturedTwoPhaseSplit()	passed	0.001
com.wormzjl.createcheme.science.column.v3.V3CondenserPhaseAuditTest	independentlyRejectsAWetCondenserPartitionThatTheWetResidualWouldOtherwiseShare()	passed	0.002
com.wormzjl.createcheme.science.column.v3.V3CondenserPhaseAuditTest	rejectsAFlashWhosePhaseFractionsDoNotMatchTheSolvedComponentFlows()	passed	0.0
com.wormzjl.createcheme.science.column.v3.V3CondenserPhaseAuditTest	rejectsATwoPhaseMeshWhenTheIndependentFlashIsLiquid()	passed	0.001
com.wormzjl.createcheme.science.column.v3.V3CondenserPhaseAuditTest	rejectsIncorrectComponentPartitionEvenWhenOverallCompositionAndBetaAgree()	passed	0.001
com.wormzjl.createcheme.science.column.v3.V3CondenserPhaseAuditTest	waterLimitedOverheadRetainsAllSteamAsMixedVaporInsteadOfMakingNegativeFreeWater()	passed	0.002
com.wormzjl.createcheme.science.column.v3.V3CondenserPhaseContinuationTest	[1] 0.0	passed	0.595
com.wormzjl.createcheme.science.column.v3.V3CondenserPhaseContinuationTest	[2] 1.0E-6	passed	0.43
com.wormzjl.createcheme.science.column.v3.V3CondenserPhaseTransitionTest	allVaporAndNonrepresentableTwoPhaseSplitsDoNotInventLiquidOrFlowFloors()	passed	0.001
com.wormzjl.createcheme.science.column.v3.V3CondenserPhaseTransitionTest	cancellationAfterTheFlashEscapesUnchanged()	passed	0.001
com.wormzjl.createcheme.science.column.v3.V3CondenserPhaseTransitionTest	liquidEndpointCanRemoveTheCondenserVaporCoordinatesWithoutChangingTheInterior()	passed	0.001
com.wormzjl.createcheme.science.column.v3.V3CondenserPhaseTransitionTest	overheadFlashRebuildsTheBranchAndPreservesComponentsAndInteriorExactly()	passed	0.001
com.wormzjl.createcheme.science.column.v3.V3CondenserPhaseTransitionTest	successfulPhaseCorrectionRestoresLaterNumericalRecoveryWithoutForgettingAttemptedBranches()	passed	0.0
com.wormzjl.createcheme.science.column.v3.V3CondenserPhaseTransitionTest	unresolvedOrNewPhaseMismatchContinuesToBlockColdRecovery()	passed	0.0
com.wormzjl.createcheme.science.column.v3.V3ContinuationSeedTest	aGridMapsOntoItselfAsTheIdentity()	passed	0.0
com.wormzjl.createcheme.science.column.v3.V3ContinuationSeedTest	aStructurallyAbsentPhaseStaysZeroAndAOnePhasePointTakesTheWholeInflow()	passed	0.001
com.wormzjl.createcheme.science.column.v3.V3ContinuationSeedTest	anOversizedTracePointIsBroughtBackToTheMaterialItsNeighboursDeliver()	passed	0.001
com.wormzjl.createcheme.science.column.v3.V3ContinuationSeedTest	noRectifyingNodeOfAStageGridReadsThePreviousGridsFeedTray()	passed	0.002
com.wormzjl.createcheme.science.column.v3.V3ContinuationSeedTest	theFeedTrayIsNeverCapped()	passed	0.0
com.wormzjl.createcheme.science.column.v3.V3ConvergenceClosureTest	[1] 1.0E-8	passed	0.021
com.wormzjl.createcheme.science.column.v3.V3ConvergenceClosureTest	[1] A, 0	passed	0.856
com.wormzjl.createcheme.science.column.v3.V3ConvergenceClosureTest	[1] A, SUCCESS, 0, cold/stage-continuation/4-8-15-30/fine-fd/liquid-only-condenser	passed	0.423
com.wormzjl.createcheme.science.column.v3.V3ConvergenceClosureTest	[2] 1.0E-6	passed	0.019
com.wormzjl.createcheme.science.column.v3.V3ConvergenceClosureTest	[2] B, 2	passed	2.685
com.wormzjl.createcheme.science.column.v3.V3ConvergenceClosureTest	[2] B, SUCCESS, 2, cold/stage-continuation/4-8-15-30/fine-fd/draw-ramp-1.0/liquid-only-condenser/draws-3/heat-1	passed	1.34
com.wormzjl.createcheme.science.column.v3.V3ConvergenceClosureTest	[3] 0.001	passed	0.019
com.wormzjl.createcheme.science.column.v3.V3ConvergenceClosureTest	[3] C, 3	passed	2.258
com.wormzjl.createcheme.science.column.v3.V3ConvergenceClosureTest	[3] C, SUCCESS, 3, cold/stage-continuation/4-8-15-30/fine-fd/draw-ramp-1.0/liquid-only-condenser/draws-3/steam-1/heat-3	passed	1.319
com.wormzjl.createcheme.science.column.v3.V3ConvergenceClosureTest	[4] D, 7	passed	2.227
com.wormzjl.createcheme.science.column.v3.V3ConvergenceClosureTest	[4] D, SUCCESS, 7, cold/stage-continuation/4-8-15-30/fine-fd/heat-ramp-1.0/condenser-phase-correction/heat-1	passed	1.398
com.wormzjl.createcheme.science.column.v3.V3ConvergenceClosureTest	[5] E, 3	passed	1.484
com.wormzjl.createcheme.science.column.v3.V3ConvergenceClosureTest	[5] E, SUCCESS, 3, cold/stage-continuation/4-8-15-30/fine-fd/draw-ramp-1.0/liquid-only-condenser/draws-3	passed	0.838
com.wormzjl.createcheme.science.column.v3.V3ConvergenceClosureTest	theAdmittedClosureRangeIsClosedAtBothEnds()	passed	0.03
com.wormzjl.createcheme.science.column.v3.V3ConvergenceClosureTest	theClosureLabelIsCanonicalAndOnlyAppearsAboveTheDefault()	passed	0.02
com.wormzjl.createcheme.science.column.v3.V3ConvergenceClosureTest	theGlobalEnergyClosureLimitIsTheSumOfTheTrayClosures()	passed	4.022
com.wormzjl.createcheme.science.column.v3.V3DecoderPresenceFloorTest	aKeptButBelowFloorComponentIsLiftedToTheSupportReinsertionMultiple()	passed	0.006
com.wormzjl.createcheme.science.column.v3.V3DecoderPresenceFloorTest	componentsTheHeadDroppedOrTheFeedLacksStayAtZero()	passed	0.0
com.wormzjl.createcheme.science.column.v3.V3DecoderPresenceFloorTest	defaultDecodeStillPrunesAKeptComponentThatFallsBelowItsFloor()	passed	0.001
com.wormzjl.createcheme.science.column.v3.V3DecoderPresenceFloorTest	malformedDecodeOptionsFailClosed()	passed	0.001
com.wormzjl.createcheme.science.column.v3.V3DecoderPresenceFloorTest	theGateComparesThePresenceProbabilityNotOnlyTheDecodeThreshold()	passed	0.001
com.wormzjl.createcheme.science.column.v3.V3DegreeOfFreedomLedgerTest	duplicateAndMissingControlsAreIndependentContractFailures()	passed	0.001
com.wormzjl.createcheme.science.column.v3.V3DegreeOfFreedomLedgerTest	everySmallSupportedTopologyHasAnIndependentFullStructuralMatching()	passed	0.009
com.wormzjl.createcheme.science.column.v3.V3DegreeOfFreedomLedgerTest	handAuditedTwoComponentFourTrayTwoPhaseContractIsSquareAndFullRank()	passed	0.001
com.wormzjl.createcheme.science.column.v3.V3DegreeOfFreedomLedgerTest	liquidOnlyCondenserRemovesOnlyCondenserVaporAndVleFamilies()	passed	0.001
com.wormzjl.createcheme.science.column.v3.V3DegreeOfFreedomLedgerTest	vaporOnlyCandidateRejectsPositiveRefluxInsteadOfCreatingDummyLiquidVariables()	passed	0.002
com.wormzjl.createcheme.science.column.v3.V3DegreeOfFreedomLedgerTest	vaporOnlyCondenserRemovesOnlyTheMatchingCondenserLiquidAndVleFamilies()	passed	0.001
com.wormzjl.createcheme.science.column.v3.V3DegreeOfFreedomLedgerTest	zeroRefluxTwoPhaseCondenserKeepsExternalLiquidAndTheFullEquationMap()	passed	0.001
com.wormzjl.createcheme.science.column.v3.V3DryMeshCoordinateMapTest	coordinateMapRejectsZeroActiveFlowRatherThanAddingABalanceFloor()	passed	0.001
com.wormzjl.createcheme.science.column.v3.V3DryMeshCoordinateMapTest	ledgerOrderedLogCoordinatesRoundTripAllActiveFlowsAndTemperaturesWithoutAFloor()	passed	0.0
com.wormzjl.createcheme.science.column.v3.V3DryMeshCoordinateMapTest	wholeSystemFiniteDifferenceJacobianIsFiniteAndMatchesAnAnalyticMaterialDerivative()	passed	0.001
com.wormzjl.createcheme.science.column.v3.V3DryMeshStateOwnershipTest	adoptionRetainsEveryShapeFiniteDomainAndPhasePlacementCheck()	passed	0.001
com.wormzjl.createcheme.science.column.v3.V3DryMeshStateOwnershipTest	copiedAndAdoptedStatesPreserveBitsAndIndependentPerturbations()	passed	0.0
com.wormzjl.createcheme.science.column.v3.V3EnergyShiftPredictorTest	aBoundedShiftStillReducesTheLinearisedEnergyResidual()	passed	0.018
com.wormzjl.createcheme.science.column.v3.V3EnergyShiftPredictorTest	aSingularSystemIsRefusedRatherThanReturningAnArbitraryShift()	passed	0.02
com.wormzjl.createcheme.science.column.v3.V3EnergyShiftPredictorTest	theCommonModeSignatureNeedsMoreThanHalfTheRowsOnOneSide()	passed	0.02
com.wormzjl.createcheme.science.column.v3.V3EnergyShiftPredictorTest	thePredictorReducesTheFirstHeatRungResidualOfTheThreeCoolerArrangement()	passed	1.081
com.wormzjl.createcheme.science.column.v3.V3EnergyShiftPredictorTest	theShiftIsScaledToTheTrayBoundWithoutChangingItsDirection()	passed	0.017
com.wormzjl.createcheme.science.column.v3.V3EnergyShiftPredictorTest	theTridiagonalSystemReproducesAKnownTemperatureShiftOnAHandBuiltColumn()	passed	0.018
com.wormzjl.createcheme.science.column.v3.V3ExactWarmStartSweepTest	numericalTwoPhaseMatrixRemainsRejectedAfterFreshExactInputHotStarts()	passed	0.275
com.wormzjl.createcheme.science.column.v3.V3ExactWarmStartSweepTest	physicallyAcceptedLiquidOnlyStatePassesFreshExactInputHotStart()	passed	0.238
com.wormzjl.createcheme.science.column.v3.V3FiniteDifferenceJacobianTest	compactStorageMatchesEveryDenseBitForCentralAndColoredPaths()	passed	0.017
com.wormzjl.createcheme.science.column.v3.V3FiniteDifferenceJacobianTest	compactStorageRetainsOffStageNoiseAndSignedZeroForExistingBandGuards()	passed	0.011
com.wormzjl.createcheme.science.column.v3.V3FiniteDifferenceJacobianTest	malformedAndNonfiniteJacobianMatricesAreRejectedBeforeScalarReads()	passed	0.001
com.wormzjl.createcheme.science.column.v3.V3FiniteDifferenceJacobianTest	scalarReadsAndArraySnapshotsDoNotExposeTheJacobianStorage()	passed	0.0
com.wormzjl.createcheme.science.column.v3.V3FiniteDifferenceJacobianTest	stageColoredFiniteDifferenceMatchesIndependentCentralColumns()	passed	0.001
com.wormzjl.createcheme.science.column.v3.V3FlashTruncationColumnTest	positiveCutoffFeedFlashIsObservableWithoutRelaxingTheColumnAudit()	passed	0.462
com.wormzjl.createcheme.science.column.v3.V3FlashTruncationColumnTest	stageSupportAndFlashPolicyShareExactlyTheSameCutoffDomain()	passed	0.032
com.wormzjl.createcheme.science.column.v3.V3FlashTruncationColumnTest	zeroCutoffKeepsTheLegacyCallResultsAndHasNoFlashTraceEvents()	passed	0.225
com.wormzjl.createcheme.science.column.v3.V3FreeWaterTrayTest	aColumnWithoutSteamHasNoWetTraysAndNoFreeWaterCoordinate()	passed	0.001
com.wormzjl.createcheme.science.column.v3.V3FreeWaterTrayTest	aConsistentWetTrayLeavesTheSupersaturatedDryTrayAsAPassingWarning()	passed	0.001
com.wormzjl.createcheme.science.column.v3.V3FreeWaterTrayTest	aParametricWetTrayCarriesItsFreeWaterThroughTheRowsWithoutAnUnknownOrASaturationRow()	passed	0.003
com.wormzjl.createcheme.science.column.v3.V3FreeWaterTrayTest	aStateCannotCarryFreeWaterOnANodeThatIsNotAnEquilibriumTray()	passed	0.001
com.wormzjl.createcheme.science.column.v3.V3FreeWaterTrayTest	aSupersaturatedDryTrayDoesNotDowngradeAnInconsistentWetTrayToAWarning()	passed	0.001
com.wormzjl.createcheme.science.column.v3.V3FreeWaterTrayTest	aTraysOwnFreeWaterNeverChangesTheWaterRisingOutOfIt()	passed	0.001
com.wormzjl.createcheme.science.column.v3.V3FreeWaterTrayTest	aWetTrayAddsExactlyOneUnknownAndOneRowToItsOwnStageBlock()	passed	0.001
com.wormzjl.createcheme.science.column.v3.V3FreeWaterTrayTest	aWetTrayStaysWetUntilItsFreeWaterFallsBelowTheDryFloorAndADryTrayNeedsTheEntryHysteresis()	passed	0.001
com.wormzjl.createcheme.science.column.v3.V3FreeWaterTrayTest	theFreeWaterCoordinateRoundTripsThroughTheScaledLogFlowMap()	passed	0.001
com.wormzjl.createcheme.science.column.v3.V3FreeWaterTrayTest	theSaturationRowIsZeroWhenTheTrayVaporSitsExactlyOnTheWaterSaturationLine()	passed	0.002
com.wormzjl.createcheme.science.column.v3.V3FreeWaterTrayTest	theTrayEnergyRowsCarryTheFreeWaterLatentHeatFromTheTrayBelowToTheWetTray()	passed	0.001
com.wormzjl.createcheme.science.column.v3.V3FreeWaterTrayTest	theWetSetIsDerivedFromTheSaturationRatioAndCascadesDownward()	passed	0.003
com.wormzjl.createcheme.science.column.v3.V3HybridPreconditionerTest	ordinaryVolatilityTriesBubblePointBeforeTheEnergyTemperaturePath()	passed	0.001
com.wormzjl.createcheme.science.column.v3.V3HybridPreconditionerTest	wideVolatilityStartsWithSumRatesWithoutTreatingPressureAsTheSelector()	passed	0.001
com.wormzjl.createcheme.science.column.v3.V3LearnedRecoveryTest	aDeclinedHandoffLeavesLnnFirstItsUnchangedClassicalBackup()	passed	0.128
com.wormzjl.createcheme.science.column.v3.V3LearnedRecoveryTest	anAcceptedLearnedCorrectionIsIdenticalUnderEitherRecoveryRule()	passed	0.078
com.wormzjl.createcheme.science.column.v3.V3LearnedRecoveryTest	anExtensionWithoutAnEarlyStopStillTakesItsIterations()	passed	0.103
com.wormzjl.createcheme.science.column.v3.V3LearnedRecoveryTest	anUnavailableRegroupedModelKeepsClassicalFallbackAvailable()	passed	0.062
com.wormzjl.createcheme.science.column.v3.V3LearnedRecoveryTest	theHandoffPublishesAnAuditedSolutionOfTheAuthoredRequest()	passed	0.226
com.wormzjl.createcheme.science.column.v3.V3LearnedRecoveryTest	theRampHandoffIsSkippedWhenNoCorrectionEverRan()	passed	0.002
com.wormzjl.createcheme.science.column.v3.V3LearnedRecoveryTest	theRampHandoffIsSkippedWhenTheRequestCarriesNoAuthoredFeature()	passed	0.035
com.wormzjl.createcheme.science.column.v3.V3LearnedRecoveryTest	theRampHandoffRecoversACappedCorrectionOnAnAuthoredDrawColumn()	passed	0.201
com.wormzjl.createcheme.science.column.v3.V3LearnedRecoveryTest	theRecoveryBudgetIsStatedOrDefaulted()	passed	0.001
com.wormzjl.createcheme.science.column.v3.V3LearnedRecoveryTest	theShippedDefaultsCarryNoRecovery()	passed	0.001
com.wormzjl.createcheme.science.column.v3.V3LiquidSupplyScreenTest	aDisabledCalibratedTierAdmitsARequestBetweenTheTwoThresholds()	passed	0.0
com.wormzjl.createcheme.science.column.v3.V3LiquidSupplyScreenTest	aRequestWithoutSideDrawsIsNeverScreened()	passed	0.001
com.wormzjl.createcheme.science.column.v3.V3LiquidSupplyScreenTest	anOutOfRangeScreenRatioIsRejected()	passed	0.001
com.wormzjl.createcheme.science.column.v3.V3LiquidSupplyScreenTest	authoredCoolingAboveTheDrawRaisesTheSupplyAndAdmitsTheRequest()	passed	0.001
com.wormzjl.createcheme.science.column.v3.V3LiquidSupplyScreenTest	theCalibratedTierFiresAndNamesTheRatioTheTrayAndTheThreshold()	passed	0.001
com.wormzjl.createcheme.science.column.v3.V3LiquidSupplyScreenTest	theLearnedRouteIsScreenedAtTheSameEntryAsTheClassicalOne()	passed	0.0
com.wormzjl.createcheme.science.column.v3.V3LiquidSupplyScreenTest	theNecessaryTierFiresEvenWithTheCalibratedRatioDisabled()	passed	0.001
com.wormzjl.createcheme.science.column.v3.V3LiquidSupplyScreenTest	theVerdictPrecedesEveryThermodynamicEvaluation()	passed	0.001
com.wormzjl.createcheme.science.column.v3.V3LiteraturePresetTest	aHalvedTopCoolerClearsTheDewPointWithoutAWarning()	passed	7.241
com.wormzjl.createcheme.science.column.v3.V3LiteraturePresetTest	theLiteraturePresetIsTheFortyTrayThesisColumnWithItsCoolersAtTheDraws()	passed	0.001
com.wormzjl.createcheme.science.column.v3.V3LiteraturePresetTest	theLiteraturePresetPublishesWithATrayOneWaterDewPointWarning()	passed	2.52
com.wormzjl.createcheme.science.column.v3.V3LowPressureColdProbeTest	onePointFiveBarTotalCondenserConvergesWithoutOutletGas()	passed	0.381
com.wormzjl.createcheme.science.column.v3.V3LowPressureColdProbeTest	onePointOneBarTotalCondenserConvergesWithoutOutletGas()	passed	2.523
com.wormzjl.createcheme.science.column.v3.V3MeshResidualEvaluatorTest	[1] 1	passed	0.001
com.wormzjl.createcheme.science.column.v3.V3MeshResidualEvaluatorTest	[1] 1	passed	0.001
com.wormzjl.createcheme.science.column.v3.V3MeshResidualEvaluatorTest	[2] 2	passed	0.001
com.wormzjl.createcheme.science.column.v3.V3MeshResidualEvaluatorTest	[2] 2	passed	0.001
com.wormzjl.createcheme.science.column.v3.V3MeshResidualEvaluatorTest	[3] 4	passed	0.0
com.wormzjl.createcheme.science.column.v3.V3MeshResidualEvaluatorTest	[3] 4	passed	0.0
com.wormzjl.createcheme.science.column.v3.V3MeshResidualEvaluatorTest	affinePhaseEnthalpiesCloseEveryEnergyRowWhenComponentBalancesAreClosed()	passed	0.0
com.wormzjl.createcheme.science.column.v3.V3MeshResidualEvaluatorTest	completeManufacturedDryMeshStateClosesMaterialVleAndEnergyInLedgerOrder()	passed	0.002
com.wormzjl.createcheme.science.column.v3.V3MeshResidualEvaluatorTest	evaluatorRejectsThermoBasisAndAbsentPhaseViolationsBeforeProducingResiduals()	passed	0.001
com.wormzjl.createcheme.science.column.v3.V3MeshResidualEvaluatorTest	residualsExposeAConservedFlowCorruptionInsteadOfRepairingIt()	passed	0.001
com.wormzjl.createcheme.science.column.v3.V3MethaneColumnTest	defaultNeuralFirstModeSolvesTheMethaneColumnThroughTheBundledModel()	passed	5.402
com.wormzjl.createcheme.science.column.v3.V3MethaneColumnTest	freshPresetAndSavedInputRetainTheMethaneAxis()	passed	0.002
com.wormzjl.createcheme.science.column.v3.V3MethaneColumnTest	methaneFeedConvergesWithCurrentInitializer()	passed	3.461
com.wormzjl.createcheme.science.column.v3.V3NearbyInputRecoveryTest	nearby551KelvinColdInputPassesTheSameFreshAcceptanceGate()	passed	0.102
com.wormzjl.createcheme.science.column.v3.V3NeuralInitializationTest	exactAcceptedSnapshotTransfersThroughNativeCorrection()	passed	0.008
com.wormzjl.createcheme.science.column.v3.V3NeuralInitializationTest	exhaustedBudgetPublishesTheInFlightIterationCount()	passed	2.511
com.wormzjl.createcheme.science.column.v3.V3NeuralInitializationTest	forcedCurrentNeverTouchesModelAndMatchesLegacy()	passed	0.012
com.wormzjl.createcheme.science.column.v3.V3NeuralInitializationTest	globalCancellationEscapesWithoutBackup()	passed	0.001
com.wormzjl.createcheme.science.column.v3.V3NeuralInitializationTest	localNeuralBudgetDoesNotCancelClassicalBackup()	passed	0.006
com.wormzjl.createcheme.science.column.v3.V3NeuralInitializationTest	missingModelHonorsForcedModeAndCurrentBackup()	passed	0.011
com.wormzjl.createcheme.science.column.v3.V3NeuralInitializationTest	predictedWetAndLegacyDryProduceDifferentConsistentLedgers()	passed	0.0
com.wormzjl.createcheme.science.column.v3.V3NeuralInitializationTest	theProgressCorrectionRuleIsInertUntilItsTestsCanFire()	passed	0.011
com.wormzjl.createcheme.science.column.v3.V3NeuralInitializationTest	theZeroPhaseDecoderFloorOnlyFillsPhasesTheBranchAllows()	passed	0.0
com.wormzjl.createcheme.science.column.v3.V3NeuralRegistryTest	admissionSnapshotSurvivesReloadAndAssayEditsDoNotChangePhysicsEligibility()	passed	0.111
com.wormzjl.createcheme.science.column.v3.V3NeuralRegistryTest	boundedRegistryRejectsPathsAndMismatchedPipelineAndAcceptsEmptyFallback()	passed	0.096
com.wormzjl.createcheme.science.column.v3.V3NeuralRegistryTest	deterministicPriorityAndSecondFixtureModelNeedNoProductionConstants()	passed	0.075
com.wormzjl.createcheme.science.column.v3.V3NeuralRegistryTest	identityProjectionIsExplicitAndNeverDiscardsNonzeroFeed()	passed	0.079
com.wormzjl.createcheme.science.column.v3.V3NewtonMatrixTest	[1] TWO_PHASE	passed	0.002
com.wormzjl.createcheme.science.column.v3.V3NewtonMatrixTest	[2] VAPOR_ONLY	passed	0.001
com.wormzjl.createcheme.science.column.v3.V3NewtonMatrixTest	[3] LIQUID_ONLY	passed	0.001
com.wormzjl.createcheme.science.column.v3.V3NewtonMatrixTest	nonadjacentStageCouplingStillFailsTheStructuralGuard()	passed	0.0
com.wormzjl.createcheme.science.column.v3.V3NormalEquationsTest	[1] TWO_PHASE	passed	0.006
com.wormzjl.createcheme.science.column.v3.V3NormalEquationsTest	[2] VAPOR_ONLY	passed	0.003
com.wormzjl.createcheme.science.column.v3.V3NormalEquationsTest	[3] LIQUID_ONLY	passed	0.003
com.wormzjl.createcheme.science.column.v3.V3NormalEquationsTest	aZeroJacobianProducesOnlyTheDampingDiagonalAndZeroGradient()	passed	0.001
com.wormzjl.createcheme.science.column.v3.V3NormalEquationsTest	cancellationEscapesBothPreparationPathsAndLeavesPreparedMaterializationReusable()	passed	0.005
com.wormzjl.createcheme.science.column.v3.V3NormalEquationsTest	finiteInputsWhoseNormalDiagonalOverflowsAreNotSilentlyDropped()	passed	0.001
com.wormzjl.createcheme.science.column.v3.V3NormalEquationsTest	offSpanNoiseAboveTheGuardOrAmplifiedByMultiplicationIsStillRejected()	passed	0.002
com.wormzjl.createcheme.science.column.v3.V3NormalEquationsTest	productsAndGradientKeepTheLegacyAscendingRowSummationOrder()	passed	0.0
com.wormzjl.createcheme.science.column.v3.V3NormalEquationsTest	repeatedDampingAndReturnedArrayMutationDoNotChangeThePreparedBase()	passed	0.003
com.wormzjl.createcheme.science.column.v3.V3NormalEquationsTest	subthresholdOffSpanNoiseIsRetainedInsideTheDiscoveredScalarBand()	passed	0.002
com.wormzjl.createcheme.science.column.v3.V3OperatingDomainValidatorTest	admitsTheInclusiveFiftyKilopascalPackageBoundaryBeforeNumericalWork()	passed	0.02
com.wormzjl.createcheme.science.column.v3.V3OperatingDomainValidatorTest	calculatorReturnsTheTypedPreflightFailureWithoutEnteringTheSolver()	passed	0.019
com.wormzjl.createcheme.science.column.v3.V3OperatingDomainValidatorTest	hundredKilopascalAndAboveRemainInTheNormalDryCduLane()	passed	0.019
com.wormzjl.createcheme.science.column.v3.V3OperatingDomainValidatorTest	rejectsAProfileThatExceedsThePackageCeilingBeforeThermodynamics()	passed	0.02
com.wormzjl.createcheme.science.column.v3.V3OperatingDomainValidatorTest	rejectsTheOneKilopascalVacuumRequestWithAStableVduAdvisory()	passed	0.021
com.wormzjl.createcheme.science.column.v3.V3PathDependentInfeasibilityTest	aStateDependentHeatBoundIsTypedNonconvergenceCarryingItsDiagnosticAsAHint()	passed	0.77
com.wormzjl.createcheme.science.column.v3.V3PathDependentInfeasibilityTest	theRequestOnlyDrawGateStillTypesAnInfeasibleSpecification()	passed	0.023
com.wormzjl.createcheme.science.column.v3.V3PathDependentInfeasibilityTest	theRequestOnlyStaticCoolingGateStillTypesAnInfeasibleSpecification()	passed	0.02
com.wormzjl.createcheme.science.column.v3.V3PhaseTruncationTest	aNodeNeverLosesAStructuralPhaseToTheFloorAndAnIdentitySupportAddsNoCheck()	passed	0.001
com.wormzjl.createcheme.science.column.v3.V3PhaseTruncationTest	aOnePhasePointConservesItsComponentIntoThePhaseThatIsPresent()	passed	0.001
com.wormzjl.createcheme.science.column.v3.V3PhaseTruncationTest	aOnePhasePointIsLiftedOnlyWhenItsImpliedAbsentFlowReachesTenFloors()	passed	0.001
com.wormzjl.createcheme.science.column.v3.V3PhaseTruncationTest	aOnePhasePointKeepsItsMaterialRowAndLosesItsEquilibriumRow()	passed	0.002
com.wormzjl.createcheme.science.column.v3.V3PhaseTruncationTest	aRemovedTraceProfileIsRestoredAcrossAllOfItsTraysInOneSweep()	passed	0.001
com.wormzjl.createcheme.science.column.v3.V3PhaseTruncationTest	coordinateMapRoundTripsAStateWithAOnePhasePoint()	passed	0.001
com.wormzjl.createcheme.science.column.v3.V3PhaseTruncationTest	oneDecidingStateProducesAllFourPhaseStatesAndCountsThemSeparately()	passed	0.0
com.wormzjl.createcheme.science.column.v3.V3PhaseTruncationTest	phaseDefectBoundsTheEquilibriumImpliedAbsentFlowAndFiniteTopologyAcceptsItsExactZeros()	passed	0.001
com.wormzjl.createcheme.science.column.v3.V3PhaseTruncationTest	phaseDefectRejectsAnAbsentPhaseTheEquilibriumRowWouldFill()	passed	0.001
com.wormzjl.createcheme.science.column.v3.V3PhaseTruncationTest	theLocalBlockJacobianMatchesTheUncoloredOracleWithOnePhasePoints()	passed	0.002
com.wormzjl.createcheme.science.column.v3.V3PotColumnTest	twoAndThreeTotalTraysSolveAndPassIndependentConservationAudit()	passed	0.132
com.wormzjl.createcheme.science.column.v3.V3PumparoundCalculatorTest	aCoolerCancelledByAnEqualHeaterReachesTheHeatFreePresetState()	passed	2.065
com.wormzjl.createcheme.science.column.v3.V3PumparoundCalculatorTest	aHeaterCreditWidensTheStaticGateWithoutWaivingIt()	passed	0.019
com.wormzjl.createcheme.science.column.v3.V3PumparoundCalculatorTest	aOneKilowattPumparoundReproducesTheHeatFreeProductStreams()	passed	0.931
com.wormzjl.createcheme.science.column.v3.V3PumparoundCalculatorTest	aStalledDropOnlyFloorRefreshCostsABoundedRepeatOnTheFortyMegawattCase()	passed	1.301
com.wormzjl.createcheme.science.column.v3.V3PumparoundCalculatorTest	coolingAboveTheBaseCondenserDutyStopsTheSolveWithThatDutyNamed()	passed	0.768
com.wormzjl.createcheme.science.column.v3.V3PumparoundCalculatorTest	impossibleCoolingIsRejectedByTheStaticAdmissionGateWithoutASolve()	passed	0.02
com.wormzjl.createcheme.science.column.v3.V3PumparoundCalculatorTest	returnTraySplitMatchesTheUniformSplitCondenserDuty()	passed	1.219
com.wormzjl.createcheme.science.column.v3.V3PumparoundCalculatorTest	revisionsGainAStageHeatVariantOnlyWhenAPumparoundIsPresent()	passed	0.02
com.wormzjl.createcheme.science.column.v3.V3PumparoundCalculatorTest	theCondenserDutyBoundCreditsAnEqualHeaterOnTheSameTray()	passed	0.883
com.wormzjl.createcheme.science.column.v3.V3PumparoundCalculatorTest	theThesisThreeCoolerArrangementCarriesItsWholeDutyWithTheSideDraws()	passed	1.771
com.wormzjl.createcheme.science.column.v3.V3PumparoundCalculatorTest	threeDefaultSideDrawsAndOnePumparoundExerciseTheWholeRungOrder()	passed	1.278
com.wormzjl.createcheme.science.column.v3.V3PumparoundCalculatorTest	tjl19PackageSolvesThirtyStagesWithOnePumparound()	passed	0.756
com.wormzjl.createcheme.science.column.v3.V3PumparoundCalculatorTest	uniformFiveMegawattPumparoundRemovesItsDutyFromTheCondenser()	passed	1.004
com.wormzjl.createcheme.science.column.v3.V3PumparoundContractTest	expansionPlacesTheWholeDutyOnOneTraySpreadsItUniformlyAndAddsOverlappingZones()	passed	0.0
com.wormzjl.createcheme.science.column.v3.V3PumparoundContractTest	fourOverlappingPumparoundsPreserveTheirWholeDutyAndTheEquationMap()	passed	0.001
com.wormzjl.createcheme.science.column.v3.V3PumparoundContractTest	heatFreeDigestIsUnchangedAndEveryPumparoundFieldChangesIt()	passed	0.001
com.wormzjl.createcheme.science.column.v3.V3PumparoundContractTest	inputCanonicalisesPumparoundsAndBoundsTheirCount()	passed	0.001
com.wormzjl.createcheme.science.column.v3.V3PumparoundContractTest	resolverRejectsAPumparoundOutsideTheEquilibriumTrayRangeAndKeepsEveryDegreeOfFreedom()	passed	0.001
com.wormzjl.createcheme.science.column.v3.V3PumparoundContractTest	specRejectsInvalidGeometryDutyAndSplit()	passed	0.001
com.wormzjl.createcheme.science.column.v3.V3PumparoundContractTest	theGrossCoolingAndHeatingHalvesSplitTheAuthoredDutiesAndCancelOnTheExpandedProfile()	passed	0.001
com.wormzjl.createcheme.science.column.v3.V3PumparoundContractTest	theHeatingCreditIsNonNegativeAndTheAdmissionDetailNamesItOnlyWhenItIsSpent()	passed	0.0
com.wormzjl.createcheme.science.column.v3.V3PumparoundSteamCalculatorTest	sumpSteamCarriesTheColumnWithZeroReboilerDutyAndAPumparound()	passed	1.071
com.wormzjl.createcheme.science.column.v3.V3PumparoundSteamCalculatorTest	sumpSteamOnlyIsTheWetBaseline()	passed	0.02
com.wormzjl.createcheme.science.column.v3.V3PumparoundSteamCalculatorTest	sumpSteamWithOneUniformPumparoundConverges()	passed	1.723
com.wormzjl.createcheme.science.column.v3.V3PumparoundSteamCalculatorTest	sumpSteamWithThreePumparoundsAndThreeSideDrawsExercisesTheWholeRungOrder()	passed	1.598
com.wormzjl.createcheme.science.column.v3.V3PumparoundSteamCalculatorTest	tjl19SolvesSumpSteamWithThreePumparounds()	passed	2.125
com.wormzjl.createcheme.science.column.v3.V3PumparoundSteamCalculatorTest	tjl19WithSumpSteamAndSideDrawsConverges()	passed	1.178
com.wormzjl.createcheme.science.column.v3.V3PumparoundSteamCalculatorTest	wetCoolingAboveTheWetBaseCondenserDutyIsATypedPathDependentStop()	passed	0.769
com.wormzjl.createcheme.science.column.v3.V3RealCrudeColdSweepTest	v1ScaleRealCrudeColdMatrixReportsInitialResidualsAndBoundedOutcomes()	passed	0.759
com.wormzjl.createcheme.science.column.v3.V3RegroupedTransformerTest	cancellationAndSharedWeightsAreDeterministic()	passed	0.029
com.wormzjl.createcheme.science.column.v3.V3RegroupedTransformerTest	editedPhysicsIsExcludedWhileCapturedCatalogRemainsEligible()	passed	0.054
com.wormzjl.createcheme.science.column.v3.V3RegroupedTransformerTest	rejectsRetiredEncodingAndWrongTensors()	passed	0.036
com.wormzjl.createcheme.science.column.v3.V3RegroupedTransformerTest	sidecarPinsPayloadAndRejectsOverlappingFields()	passed	0.069
com.wormzjl.createcheme.science.column.v3.V3RegroupedTransformerTest	widthsFollowBothActiveHydrocarbonAxes()	passed	0.054
com.wormzjl.createcheme.science.column.v3.V3RequestedRecoveryTest	coarseRecoveryNeverPublishesTheDrySurrogateForAnAuthoredFeatureRequest()	passed	47.779
com.wormzjl.createcheme.science.column.v3.V3SampleCrudeInitializerTest	registeredTiaJuanaCrudeFlashesAndBuildsAnExactZeroAwareFiniteSeed()	passed	0.021
com.wormzjl.createcheme.science.column.v3.V3SideDrawAuditTest	aDrawAboveTheFeedIsDecidedByItsOwnLiquidSupplyToo()	passed	0.001
com.wormzjl.createcheme.science.column.v3.V3SideDrawAuditTest	aDrawTrayKeepsOnlyTheTraceItsOwnLiquidSupplyDelivers()	passed	0.001
com.wormzjl.createcheme.science.column.v3.V3SideDrawAuditTest	drawnLiquidIsAProductRatherThanATruncationDefectAndLocalBlocksRemainCorrect()	passed	0.003
com.wormzjl.createcheme.science.column.v3.V3SideDrawAuditTest	splitAuditRequiresStrictlyPositiveDownflowEvenWhenStoredFlowsArePositive()	passed	0.0
com.wormzjl.createcheme.science.column.v3.V3SideDrawCalculatorTest	[1] 150000, 0	passed	1.095
com.wormzjl.createcheme.science.column.v3.V3SideDrawCalculatorTest	[2] 100000, 0	passed	2.345
com.wormzjl.createcheme.science.column.v3.V3SideDrawCalculatorTest	[3] 250000, 0	passed	1.15
com.wormzjl.createcheme.science.column.v3.V3SideDrawCalculatorTest	[4] 100000, 0.000001	passed	2.355
com.wormzjl.createcheme.science.column.v3.V3SideDrawCalculatorTest	anOverSpecifiedProductSlateAttemptsRequestedGeometryAndNamesAnAuthoredTray()	passed	20.704
com.wormzjl.createcheme.science.column.v3.V3SideDrawCalculatorTest	legalNearFeedDrawNeverBecomesInvalidInputWhenTheDrawBlindSeedIsAvailable()	passed	0.178
com.wormzjl.createcheme.science.column.v3.V3SideDrawCalculatorTest	theThesisArrangedFortyPercentDrawsConvergeWithTheirPumparounds()	passed	2.595
com.wormzjl.createcheme.science.column.v3.V3SideDrawContractTest	drawParametersWidenNeighborReferencesWithoutChangingDegreesOfFreedom()	passed	0.001
com.wormzjl.createcheme.science.column.v3.V3SideDrawContractTest	emptyDrawListPreservesTheLegacyDigestByteStream()	passed	0.0
com.wormzjl.createcheme.science.column.v3.V3SideDrawContractTest	intermediateStageGeometryMapsOnlyTheFeedAndStripsAuthoredDraws()	passed	0.0
com.wormzjl.createcheme.science.column.v3.V3SideDrawContractTest	resolverRejectsBoundaryNodesAndCalculatorReportsGlobalInfeasibility()	passed	0.001
com.wormzjl.createcheme.science.column.v3.V3SideDrawContractTest	validatesRatesAndCanonicalizesAnImmutableDistinctTrayList()	passed	0.002
com.wormzjl.createcheme.science.column.v3.V3SideDrawsTest	centralizesLiquidTotalAndWithdrawalArithmetic()	passed	0.0
com.wormzjl.createcheme.science.column.v3.V3SimultaneousColumnSolverTest	dampedBandedNewtonRecoversTheManufacturedFullMeshStateOnlyThroughBothAcceptanceGates()	passed	0.03
com.wormzjl.createcheme.science.column.v3.V3SimultaneousColumnSolverTest	onlyABudgetThatAsksForItStopsAStalledAttemptAndOnlyAboveItsResidualFloor()	passed	0.03
com.wormzjl.createcheme.science.column.v3.V3SimultaneousColumnSolverTest	registeredPrBinaryNumericalTwoPhaseRootCannotPassTheIndependentPhaseGate()	passed	0.027
com.wormzjl.createcheme.science.column.v3.V3SimultaneousColumnSolverTest	registeredTiaJuanaPrNewtonAttemptIsBoundedAndRecordsItsActualConvergenceState()	passed	0.539
com.wormzjl.createcheme.science.column.v3.V3SimultaneousColumnSolverTest	theDampedCascadeCapIsHonouredAndTheRampsTwoDampingsAreEnough()	passed	0.025
com.wormzjl.createcheme.science.column.v3.V3SimultaneousColumnSolverTest	theRungBudgetRejectsLimitsTheSolverCannotHonour()	passed	0.029
com.wormzjl.createcheme.science.column.v3.V3Sotelo2019SideDrawCaseTest	quarterLoadDryQualificationConvergesAndPublishesAllThreeDraws()	passed	0.99
com.wormzjl.createcheme.science.column.v3.V3Sotelo2019SideDrawCaseTest	sourceAnalogPreservesPublishedGeometryAndFlowFractions()	passed	0.026
com.wormzjl.createcheme.science.column.v3.V3StageContinuationTest	aResumedSteamRungHalvingOnlyEverQueuesAFractionStrictlyInsideItsInterval()	passed	0.021
com.wormzjl.createcheme.science.column.v3.V3StageContinuationTest	aStoppedStallIsPublishedAsANonconvergence()	passed	0.018
com.wormzjl.createcheme.science.column.v3.V3StageContinuationTest	acceptedFourStageRealCrudeProfileCanSeedAFreshEightStageCorrection()	passed	0.112
com.wormzjl.createcheme.science.column.v3.V3StageContinuationTest	certifiedEightStageRealCrudeProfileCanSeedAFreshFifteenStageCorrection()	passed	0.268
com.wormzjl.createcheme.science.column.v3.V3StageContinuationTest	certifiedFifteenStageRealCrudeProfileCanSeedAFreshThirtyStageCorrection()	passed	0.534
com.wormzjl.createcheme.science.column.v3.V3StageContinuationTest	onlyAnIntermediateSteamRungGivesUpItsFallbacksAndItsCertificateCascade()	passed	0.022
com.wormzjl.createcheme.science.column.v3.V3StageContinuationTest	theGridScheduleDoublesFromFifteenAndIsUnchangedAtOrBelowThirtyStages()	passed	0.019
com.wormzjl.createcheme.science.column.v3.V3StageContinuationTest	thePlainFortyTrayLiteratureColumnConvergesOnTheDoubledSchedule()	passed	0.818
com.wormzjl.createcheme.science.column.v3.V3StageContinuationTest	theSteamRampDoublesFromItsSmallestIncrementAndAlwaysEndsOnTheAuthoredRate()	passed	0.023
com.wormzjl.createcheme.science.column.v3.V3StageContinuationTest	theWetLiteraturePresetItselfNeverEntersTheFullBudgetSweep()	passed	2.309
com.wormzjl.createcheme.science.column.v3.V3StageContinuationTest	theWetPresetAtHalfSteamIsRecoveredByOneFullBudgetResumeOfItsSteamSchedule()	passed	7.211
com.wormzjl.createcheme.science.column.v3.V3StageTraceCalculatorTest	enabledRequestWithIdentitySupportStillPublishesTheRequestedRevisionAndCutoffDigest()	passed	0.104
com.wormzjl.createcheme.science.column.v3.V3StageTraceCalculatorTest	hotCondenserPhasePathKeepsItsFrozenMaskInsideTheRecomputedMassBudget()	passed	0.315
com.wormzjl.createcheme.science.column.v3.V3StageTraceCalculatorTest	publicCutoffValidationPrecedesAnyScientificAttempt()	passed	0.021
com.wormzjl.createcheme.science.column.v3.V3StageTraceCalculatorTest	thirtyStageTruncatedSolvePublishesExactZerosAndItsAuditedDefect()	passed	0.302
com.wormzjl.createcheme.science.column.v3.V3StageTraceCalculatorTest	zeroCutoffPreservesLegacyDigestStreamsAuditAndDiagnosticsExactly()	passed	0.18
com.wormzjl.createcheme.science.column.v3.V3SteamFeedContractTest	acceptsDryZeroDutyButRejectsSteamWithoutAZeroDutySumpSource()	passed	0.001
com.wormzjl.createcheme.science.column.v3.V3SteamFeedContractTest	allVaporWaterSharesTheHydrocarbonGasStreamAndNeverPublishesAFreeWaterLiquid()	passed	0.001
com.wormzjl.createcheme.science.column.v3.V3SteamFeedContractTest	canonicalizesSteamAndResolvesItsKnownUpwardProfileWithoutChangingDegreesOfFreedom()	passed	0.0
com.wormzjl.createcheme.science.column.v3.V3SteamFeedContractTest	condenserEnergyBalanceRejectsAPublishedDutyThatDropsOrDoubleCountsTheSteamProduct()	passed	0.001
com.wormzjl.createcheme.science.column.v3.V3SteamFeedContractTest	freeWaterProductAndOverheadSlipArePublishedFromAnAcceptedWetState()	passed	0.001
com.wormzjl.createcheme.science.column.v3.V3SteamFeedContractTest	hotCondenserKeepsSteamAsVaporInsteadOfRejectingTheHydrocarbonCondenserBranch()	passed	0.001
com.wormzjl.createcheme.science.column.v3.V3SteamFeedContractTest	lowPressureAllVaporWaterOnALiquidOnlyCondenserLeavesAsSteamProductEnthalpy()	passed	0.002
com.wormzjl.createcheme.science.column.v3.V3SteamFeedContractTest	steamChangesDigestButEmptySteamRetainsDryDigest()	passed	0.0
com.wormzjl.createcheme.science.column.v3.V3SteamFeedContractTest	waterCorrelationsMatchPinnedSteamTableSanityValues()	passed	0.0
com.wormzjl.createcheme.science.column.v3.V3StructuralMatchingOracleTest	matchingAgreesWithExhaustiveSubsetOracleForSparseAndDeficientGraphs()	passed	0.004
com.wormzjl.createcheme.science.column.v3.V3SumRatesPreconditionerTest	componentMaterialAndEnergyTemperatureTearReturnsAtypedOutcomeForThePartialCondenserBinaryCase()	passed	0.019
com.wormzjl.createcheme.science.column.v3.V3ThirtyStageColdStartTest	thirtyStageDefaultReturnsOnlyAnAuditedSuccessOrBoundedTypedFailure()	passed	0.176
com.wormzjl.createcheme.science.column.v3.V3TraceFloorSupportTest	theRequestedRungConvergesFromTheStalledStateOnTheFloorSupport()	passed	0.107
com.wormzjl.createcheme.science.column.v3.V3TraceFloorSupportTest	theStalledSpikeIsVisibleInTheUntruncatedResidualAndBelowTheSupportFloor()	passed	0.051
com.wormzjl.createcheme.science.column.v3.V3TrayHydraulicsColumnTest	aCorrectionThatCannotRunPublishesTheFirstSolveWithAHydraulicMismatchWarning()	passed	0.393
com.wormzjl.createcheme.science.column.v3.V3TrayHydraulicsColumnTest	aNominalProfileWithinTheToleranceRunsNoCorrection()	passed	0.464
com.wormzjl.createcheme.science.column.v3.V3TrayHydraulicsColumnTest	anUndersizedColumnStillPublishesAndCarriesTheFloodingWarning()	passed	3.932
com.wormzjl.createcheme.science.column.v3.V3TrayHydraulicsColumnTest	prescribedDropModePublishesNoHydraulicsAndKeepsItsDigest()	passed	0.22
com.wormzjl.createcheme.science.column.v3.V3TrayHydraulicsColumnTest	theDefaultPresetPublishesItsMarchedProfileAfterOneCorrection()	passed	3.515
com.wormzjl.createcheme.science.column.v3.V3TrayHydraulicsColumnTest	theDigestSeparatesADiameterFromThePrescribedDropItWouldOtherwiseShare()	passed	0.01
com.wormzjl.createcheme.science.column.v3.V3TrayHydraulicsColumnTest	theShippedPresetsAllAuthorTheDefaultDiameter()	passed	0.001
com.wormzjl.createcheme.science.column.v3.V3TrayHydraulicsTest	aConstantDropMarchesToTheUniformProfileOnTheNMinusOneIntervals()	passed	0.0
com.wormzjl.createcheme.science.column.v3.V3TrayHydraulicsTest	aFloodedTrayNamesItsCauseAndItsRemedy()	passed	0.0
com.wormzjl.createcheme.science.column.v3.V3TrayHydraulicsTest	aNonPositiveDiameterIsNotASieveTray()	passed	0.001
com.wormzjl.createcheme.science.column.v3.V3TrayHydraulicsTest	aSummaryFindsTheWorstTrayItsSplitAndTheMeanDropOverTheIntervals()	passed	0.0
com.wormzjl.createcheme.science.column.v3.V3TrayHydraulicsTest	aTrayWithoutVaporKeepsOnlyItsFrothHeadAndTheBubbleResidual()	passed	0.0
com.wormzjl.createcheme.science.column.v3.V3TrayHydraulicsTest	theDryTermFallsWithThePressureItIsEvaluatedAtBecauseTheVaporExpands()	passed	0.0
com.wormzjl.createcheme.science.column.v3.V3TrayHydraulicsTest	theDryTermRisesWithTheVaporLoadAndFallsWithTheDiameterAtFixedProperties()	passed	0.0
com.wormzjl.createcheme.science.column.v3.V3TrayHydraulicsTest	theMarchedProfileIsRejectedWhenItDoesNotDescribeTheAuthoredColumn()	passed	0.001
com.wormzjl.createcheme.science.column.v3.V3TrayHydraulicsTest	thePinnedTrayReproducesTheIndependentlyEvaluatedTermsAndFloodFraction()	passed	0.0
com.wormzjl.createcheme.science.column.v3.V3TrayHydraulicsTest	theTotalDropMismatchIsNormalisedOnTheMarchedProfileSoAZeroNominalReportsOne()	passed	0.0
com.wormzjl.createcheme.science.column.v3.V3TrayHydraulicsTest	trayTrafficCarriesTheAuthoredSteamAndTheFreeWaterOfTheTrayAbove()	passed	0.001
com.wormzjl.createcheme.science.column.v3.V3TruncationAuditTest	auditConsumesFrozenSupportAndAcceptsTheRecomputedSmallDefect()	passed	0.0
com.wormzjl.createcheme.science.column.v3.V3TruncationAuditTest	auditRejectsAnOversizedDefectEvenWhenAllRetainedMeshRowsClose()	passed	0.001
com.wormzjl.createcheme.science.column.v3.V3TruncationAuditTest	digestIncludesTheRequestedCutoffButNotPathDependentSupportAndPreservesZeroEncoding()	passed	0.001
com.wormzjl.createcheme.science.column.v3.V3TruncationFallbackTest	[10] CANCELLED	passed	0.0
com.wormzjl.createcheme.science.column.v3.V3TruncationFallbackTest	[11] DEADLINE_EXCEEDED	passed	0.0
com.wormzjl.createcheme.science.column.v3.V3TruncationFallbackTest	[12] INTERNAL_ERROR	passed	0.001
com.wormzjl.createcheme.science.column.v3.V3TruncationFallbackTest	[1] INVALID_INPUT	passed	0.001
com.wormzjl.createcheme.science.column.v3.V3TruncationFallbackTest	[2] DOF_MISMATCH	passed	0.001
com.wormzjl.createcheme.science.column.v3.V3TruncationFallbackTest	[3] INFEASIBLE_SPECIFICATION	passed	0.001
com.wormzjl.createcheme.science.column.v3.V3TruncationFallbackTest	[4] PROPERTY_OUT_OF_RANGE	passed	0.0
com.wormzjl.createcheme.science.column.v3.V3TruncationFallbackTest	[5] PHASE_REGIME_MISMATCH	passed	0.001
com.wormzjl.createcheme.science.column.v3.V3TruncationFallbackTest	[6] INITIALIZATION_FAILURE	passed	0.0
com.wormzjl.createcheme.science.column.v3.V3TruncationFallbackTest	[7] LINEAR_SOLVE_FAILURE	passed	0.0
com.wormzjl.createcheme.science.column.v3.V3TruncationFallbackTest	[8] NONCONVERGENCE	passed	0.0
com.wormzjl.createcheme.science.column.v3.V3TruncationFallbackTest	[9] ACCEPTANCE_AUDIT_FAILURE	passed	0.0
com.wormzjl.createcheme.science.column.v3.V3TruncationFallbackTest	aFailedUntruncatedRetryDoesNotRecurseAndZeroNeverRetries()	passed	0.0
com.wormzjl.createcheme.science.column.v3.V3TruncationFallbackTest	successIsNotRetriedAndCancellationEscapesTheFirstChainAndTheRetry()	passed	0.001
com.wormzjl.createcheme.science.column.v3.V3TruncationNumericsTest	[1] TWO_PHASE	passed	0.001
com.wormzjl.createcheme.science.column.v3.V3TruncationNumericsTest	[1] TWO_PHASE	passed	0.004
com.wormzjl.createcheme.science.column.v3.V3TruncationNumericsTest	[2] VAPOR_ONLY	passed	0.0
com.wormzjl.createcheme.science.column.v3.V3TruncationNumericsTest	[2] VAPOR_ONLY	passed	0.003
com.wormzjl.createcheme.science.column.v3.V3TruncationNumericsTest	[3] LIQUID_ONLY	passed	0.0
com.wormzjl.createcheme.science.column.v3.V3TruncationNumericsTest	[3] LIQUID_ONLY	passed	0.004
com.wormzjl.createcheme.science.column.v3.V3TruncationNumericsTest	boundarySinkTaxonomyIncludesCondenserAndReboilerButNotProductsOrZeroReflux()	passed	0.001
com.wormzjl.createcheme.science.column.v3.V3TruncationNumericsTest	evaluatorRejectsNonzeroRemovedSlotsRatherThanSilentlyRenormalizingThemAway()	passed	0.001
com.wormzjl.createcheme.science.column.v3.V3TruncationNumericsTest	maskedSmallProblemConvergesFromAPerturbedSeedWithExactZerosAndTheExpectedDefect()	passed	0.003
com.wormzjl.createcheme.science.column.v3.V3TruncationNumericsTest	projectionZerosRemovedPointsFloorsOnlyNonpositiveRetainedFlowsAndPreservesTheSeed()	passed	0.001
com.wormzjl.createcheme.science.column.v3.V3TruncationNumericsTest	sinkEdgesAreImmutableInternalExitsAndSumToTheSolvedFeedDefect()	passed	0.001
com.wormzjl.createcheme.science.column.v3.V3TruncationStructureTest	[1] TWO_PHASE	passed	0.0
com.wormzjl.createcheme.science.column.v3.V3TruncationStructureTest	[1] TWO_PHASE	passed	0.001
com.wormzjl.createcheme.science.column.v3.V3TruncationStructureTest	[1] TWO_PHASE	passed	0.001
com.wormzjl.createcheme.science.column.v3.V3TruncationStructureTest	[2] VAPOR_ONLY	passed	0.0
com.wormzjl.createcheme.science.column.v3.V3TruncationStructureTest	[2] VAPOR_ONLY	passed	0.001
com.wormzjl.createcheme.science.column.v3.V3TruncationStructureTest	[2] VAPOR_ONLY	passed	0.001
com.wormzjl.createcheme.science.column.v3.V3TruncationStructureTest	[3] LIQUID_ONLY	passed	0.0
com.wormzjl.createcheme.science.column.v3.V3TruncationStructureTest	[3] LIQUID_ONLY	passed	0.0
com.wormzjl.createcheme.science.column.v3.V3TruncationStructureTest	[3] LIQUID_ONLY	passed	0.001
com.wormzjl.createcheme.science.column.v3.V3TruncationStructureTest	rejectsIncompatibleTopologyAndComponentAxesEvenForIdentity()	passed	0.001
com.wormzjl.createcheme.science.column.v3.V3TruncationStructureTest	rejectsSupportLedgerMismatchBeforeLayoutAndDoesNotAllowNestedMasks()	passed	0.001
com.wormzjl.createcheme.science.column.v3.V3TruncationStructureTest	traceConfinedToEachPossibleFeedTrayLeavesEverySmallBranchSquareAndFullRank()	passed	0.012
com.wormzjl.createcheme.science.column.v3.V3TruncationSupportTest	[1] TWO_PHASE	passed	0.0
com.wormzjl.createcheme.science.column.v3.V3TruncationSupportTest	[1] TWO_PHASE	passed	0.0
com.wormzjl.createcheme.science.column.v3.V3TruncationSupportTest	[1] TWO_PHASE	passed	0.001
com.wormzjl.createcheme.science.column.v3.V3TruncationSupportTest	[2] VAPOR_ONLY	passed	0.0
com.wormzjl.createcheme.science.column.v3.V3TruncationSupportTest	[2] VAPOR_ONLY	passed	0.0
com.wormzjl.createcheme.science.column.v3.V3TruncationSupportTest	[2] VAPOR_ONLY	passed	0.001
com.wormzjl.createcheme.science.column.v3.V3TruncationSupportTest	[3] LIQUID_ONLY	passed	0.0
com.wormzjl.createcheme.science.column.v3.V3TruncationSupportTest	[3] LIQUID_ONLY	passed	0.0
com.wormzjl.createcheme.science.column.v3.V3TruncationSupportTest	[3] LIQUID_ONLY	passed	0.001
com.wormzjl.createcheme.science.column.v3.V3TruncationSupportTest	aSideDrawTrayKeepsTheLiquidItReceivesAndNotAWholeBandBackToTheFeed()	passed	0.0
com.wormzjl.createcheme.science.column.v3.V3TruncationSupportTest	condenserAndReboilerLoseSupportWhenTheirOnlyInflowNeighborIsRemoved()	passed	0.0
com.wormzjl.createcheme.science.column.v3.V3TruncationSupportTest	disconnectedUpperGroupIsPrunedEvenWhenPositiveRefluxCreatesACycle()	passed	0.0
com.wormzjl.createcheme.science.column.v3.V3TruncationSupportTest	exactlyCutoffInEitherPhaseRetainsTheWholePointAndFeedTrayIsExempt()	passed	0.001
com.wormzjl.createcheme.science.column.v3.V3TruncationSupportTest	strictlyBelowCutoffInBothPhasesRemovesThePointOnlyAtThoseStages()	passed	0.001
com.wormzjl.createcheme.science.column.v3.V3TruncationSupportTest	validatesCutoffShapeAndPointAccessWithoutAcceptingNonfinitePhaseTotals()	passed	0.002
com.wormzjl.createcheme.science.column.v3.V3TruncationSupportTest	zeroCutoffStillAppliesTheFlowFloorAndReusesIdentityWhenNothingIsBelowIt()	passed	0.0
com.wormzjl.createcheme.science.column.v3.V3TruncationSupportTest	zeroTotalPhaseIsUntestableAndNoTestablePhaseConservativelyRetains()	passed	0.001
com.wormzjl.createcheme.science.column.v3.V3VerificationAcceptanceTest	allowanceRequiresBothStatesWithinFixedCeilingAndADirectCorrection()	passed	0.0
com.wormzjl.createcheme.science.column.v3.V3VerificationAcceptanceTest	nearRootMeritCannotOverrideAnyActualCorrectionGateOrNonfiniteValues()	passed	0.0
com.wormzjl.createcheme.science.column.v3.V3WaterPhaseQualificationTest	certifiesWetTrayAndHotDryTraysAboveTheirPureWaterBoilingTemperature()	passed	0.028
com.wormzjl.createcheme.science.column.v3.V3WaterPhaseQualificationTest	observerReceivesOnlyTheReleasedCertifiedWetProfile()	passed	0.335
com.wormzjl.createcheme.science.column.v3.V3WaterPhaseQualificationTest	supersaturationIsNotAQualifiedDryOrWetLabel()	passed	0.044
com.wormzjl.createcheme.science.column.v3.linalg.V3BandedPivotedSolverTest	deterministicRandomDiagonallyDominantBandsMatchDenseOracleAndPreserveInputs()	passed	0.002
com.wormzjl.createcheme.science.column.v3.linalg.V3BandedPivotedSolverTest	independentRowAndColumnScalesRecoverTheKnownSolution()	passed	0.0
com.wormzjl.createcheme.science.column.v3.linalg.V3BandedPivotedSolverTest	matrixRejectsWritesOutsideDeclaredBand()	passed	0.001
com.wormzjl.createcheme.science.column.v3.linalg.V3BandedPivotedSolverTest	pivotedTridiagonalCorrectionMatchesAnIndependentDensePartialPivotSolve()	passed	0.0
com.wormzjl.createcheme.science.column.v3.linalg.V3BandedPivotedSolverTest	singularBandReturnsTypedFailureWithoutProducingANumericSolution()	passed	0.001
com.wormzjl.createcheme.science.column.v3.linalg.V3BandedPivotedSolverTest	subnormalColumnScalingAndZeroSolutionUnscalingRemainFinite()	passed	0.0
com.wormzjl.createcheme.science.column.v3.linalg.V3BandedPivotedSolverTest	subnormalRowsCanBeScaledWithoutOverflowingTheirReciprocals()	passed	0.001
com.wormzjl.createcheme.science.column.v3.linalg.V3BandedPivotedSolverTest	unrepresentableScaledRightHandSideReturnsATypedFailure()	passed	0.0
com.wormzjl.createcheme.science.column.v3.linalg.V3BandedSolverBitIdentityTest	deterministicRandomBandsStayBitIdentical()	passed	0.146
com.wormzjl.createcheme.science.column.v3.linalg.V3BandedSolverBitIdentityTest	deterministicWideBandsStayBitIdentical()	passed	0.189
com.wormzjl.createcheme.science.column.v3.linalg.V3BandedSolverBitIdentityTest	dumpedLiteratureJacobianStaysBitIdentical()	passed	0.194
com.wormzjl.createcheme.science.column.v3.linalg.V3BandedSolverBitIdentityTest	everyExistingSolverFixtureStaysBitIdentical()	passed	0.001
com.wormzjl.createcheme.science.column.v3.linalg.V3BandedSolverBitIdentityTest	everyTypedFailureAndRejectionStaysBitIdentical()	passed	0.003
com.wormzjl.createcheme.science.column.v3.linalg.V3BandedWorkspaceTest	clearingShapeChangesAndFailedSolvesCannotLeakIntoLaterCorrectionsOrEarlierResults()	passed	0.0
com.wormzjl.createcheme.science.column.v3.linalg.V3PivotGrowthTest	deterministicSparseScaledBandsMatchFullMatrixScansExactly()	passed	0.017
com.wormzjl.createcheme.science.column.v3.linalg.V3PivotGrowthTest	emptyAndSubnormalMatricesRetainInitialGrowthEvidence()	passed	0.0
com.wormzjl.createcheme.science.column.v3.linalg.V3PivotGrowthTest	lateSingularityRetainsGrowthEvenAfterAFormerMaximumCancelsToZero()	passed	0.0
com.wormzjl.createcheme.science.column.v3.linalg.V3PivotGrowthTest	pivotSwapsAndFillPreserveFullMatrixScanEvidence()	passed	0.0
com.wormzjl.createcheme.science.column.v3.linalg.V3PivotGrowthTest	successiveEliminationFillPreservesExactGrowth()	passed	0.001
com.wormzjl.createcheme.science.column.v3.oracle.IndependentIdealMeshOracleTest	finiteDifferenceJacobianDoesNotMutateCoordinatesAndPerturbedColdPathConverges()	passed	0.016
com.wormzjl.createcheme.science.column.v3.oracle.IndependentIdealMeshOracleTest	fixtureResourceRecordsItsManufacturedAuthority()	passed	0.001
com.wormzjl.createcheme.science.column.v3.oracle.IndependentIdealMeshOracleTest	independentSideDrawSolveClosesAllMeshRowsAndExternalComponentBalances()	passed	0.005
com.wormzjl.createcheme.science.column.v3.oracle.IndependentIdealMeshOracleTest	manufacturedTwoComponentFourTrayStateClosesEveryFullMeshFamily()	passed	0.001
com.wormzjl.createcheme.science.column.v3.thermo.RegroupedCrudeTest	gameplayDrawsRetainTheCapturedPhysicalVolumeTargets()	passed	26.021
com.wormzjl.createcheme.science.column.v3.thermo.RegroupedCrudeTest	previouslyDifficultCrudesPublishAuditedClassicalSolutionsWithoutLearnedSeeds()	passed	50.926
com.wormzjl.createcheme.science.column.v3.thermo.RegroupedCrudeTest	productionTransportMeetsTheUnusedDaliaChecksAndSharesTheUnresolvedTail()	passed	0.005
com.wormzjl.createcheme.science.column.v3.thermo.RegroupedCrudeTest	reconstructedFeedConservesIndependentOriginalMassVolumeAndCaloricMoments()	passed	0.001
com.wormzjl.createcheme.science.column.v3.thermo.RegroupedCrudeTest	replacementHasTwelveConsistentCutsAndNoRetiredProductionBasis()	passed	0.001
com.wormzjl.createcheme.science.column.v3.thermo.V3CatalogParityTest	unchangedChemicalsAndFirstSevenCutsMatchIndependentOriginalTables()	passed	0.038
com.wormzjl.createcheme.science.column.v3.thermo.V3Cdu17TiaJuanaPackageTest	c4HiddenProvenanceClosesItsInternalSplit()	passed	0.025
com.wormzjl.createcheme.science.column.v3.thermo.V3Cdu17TiaJuanaPackageTest	characterizationUsesTheCommittedKeslerLeeVectorsAndKeepsItsExtrapolationAdvisory()	passed	0.022
com.wormzjl.createcheme.science.column.v3.thermo.V3Cdu17TiaJuanaPackageTest	heavyResidueAndUnknownPackageContractsFailClosed()	passed	0.027
com.wormzjl.createcheme.science.column.v3.thermo.V3Cdu17TiaJuanaPackageTest	pc12KeepsTheRequiredLastovkaShawCubicHeatCapacityTerm()	passed	0.018
com.wormzjl.createcheme.science.column.v3.thermo.V3Cdu17TiaJuanaPackageTest	publicAxisIsStableAndContainsOnlyTheSixteenV3Hydrocarbons()	passed	0.022
com.wormzjl.createcheme.science.column.v3.thermo.V3Cdu17TiaJuanaPackageTest	standardLiquidReconstructionClosesTheAcsDensityConstraint()	passed	0.022
com.wormzjl.createcheme.science.column.v3.thermo.V3Cdu17TiaJuanaPackageTest	zeroBinaryInteractionMatrixIsHydrocarbonOnlyAndDefensivelyCopied()	passed	0.021
com.wormzjl.createcheme.science.column.v3.thermo.V3CharacterizationOracleTest	keslerLeeReproducesCommittedGoldenVectorsWithoutIntermediateRounding()	passed	0.001
com.wormzjl.createcheme.science.column.v3.thermo.V3CharacterizationOracleTest	twuCrossCheckReproducesItsNHexaneTranscriptionReference()	passed	0.0
com.wormzjl.createcheme.science.column.v3.thermo.V3FeedFlashEquivalenceTest	completeFlashAndFailureOutcomesMatchFrozenMain()	passed	0.053
com.wormzjl.createcheme.science.column.v3.thermo.V3FeedFlashEquivalenceTest	rootMatchesFrozenHundredStepAlgorithmIncludingEndpointsAndInvalidInputs()	passed	0.041
com.wormzjl.createcheme.science.column.v3.thermo.V3FeedFlashTest	convergedLiquidEndpointDoesNotPublishAnInfinitesimalVaporPhase()	passed	0.018
com.wormzjl.createcheme.science.column.v3.thermo.V3FlashCheckpointTest	cancellationEscapesUnchangedAtEveryFlashBoundary()	passed	0.019
com.wormzjl.createcheme.science.column.v3.thermo.V3FlashCheckpointTest	oneShotThermoFailureDuringReducedWorkEscapesInsteadOfBecomingFallback()	passed	0.018
com.wormzjl.createcheme.science.column.v3.thermo.V3FlashCheckpointTest	thermoFailuresBeforeAndAfterTheReferencePreserveTheirIdentity()	passed	0.022
com.wormzjl.createcheme.science.column.v3.thermo.V3FlashCheckpointTest	unrelatedRuntimeFailureEscapesUnchangedAtEveryFlashBoundary()	passed	0.017
com.wormzjl.createcheme.science.column.v3.thermo.V3FlashTruncationTest	cancellationEscapesUnchangedAndLeavesTheWorkspaceReusable()	passed	0.019
com.wormzjl.createcheme.science.column.v3.thermo.V3FlashTruncationTest	explicitOffPreservesUnrestrictedValuesAndInputExactly()	passed	0.018
com.wormzjl.createcheme.science.column.v3.thermo.V3FlashTruncationTest	hotCrudeRetainsPc12WhenItsVaporCompositionExceedsTheCutoff()	passed	0.017
com.wormzjl.createcheme.science.column.v3.thermo.V3FlashTruncationTest	reusedWorkspaceAndReturnedArraysCannotCarryTruncationIntoTheDefaultFlash()	passed	0.018
com.wormzjl.createcheme.science.column.v3.thermo.V3FlashTruncationTest	singlePhaseClassificationIsNotOverriddenByComponentIdentityOrTruncation()	passed	0.017
com.wormzjl.createcheme.science.column.v3.thermo.V3FlashTruncationTest	stateQualifiedHeavyVaporOmissionPreservesEveryComponentAndAuditsItsReferenceErrors()	passed	0.019
com.wormzjl.createcheme.science.column.v3.thermo.V3FlashTruncationValuesTest	appliedEvidenceAcceptsBudgetBoundariesButRejectsTheNextRepresentableValue()	passed	0.001
com.wormzjl.createcheme.science.column.v3.thermo.V3FlashTruncationValuesTest	appliedEvidencePreservesReducedResultAndUsesReferencePlusReducedIterations()	passed	0.002
com.wormzjl.createcheme.science.column.v3.thermo.V3FlashTruncationValuesTest	appliedEvidenceRequiresEnabledPolicyActualOmissionsAndEvaluatedErrors()	passed	0.0
com.wormzjl.createcheme.science.column.v3.thermo.V3FlashTruncationValuesTest	derivedSupportCannotBeChangedThroughAnyCompositionArray()	passed	0.001
com.wormzjl.createcheme.science.column.v3.thermo.V3FlashTruncationValuesTest	disabledPolicyHasZeroBudgetsIncludingTheEnthalpyFloor()	passed	0.0
com.wormzjl.createcheme.science.column.v3.thermo.V3FlashTruncationValuesTest	disabledSupportIsIdentityAndDoesNotCountAuthoredZerosAsOmissions()	passed	0.0
com.wormzjl.createcheme.science.column.v3.thermo.V3FlashTruncationValuesTest	enabledBudgetsUseOverallAllocationAndDimensionedEnthalpyScales()	passed	0.0
com.wormzjl.createcheme.science.column.v3.thermo.V3FlashTruncationValuesTest	enabledSupportWithoutOneSidedTraceCandidatesIsIdentity()	passed	0.0
com.wormzjl.createcheme.science.column.v3.thermo.V3FlashTruncationValuesTest	enthalpyBudgetRejectsNonfiniteReferencesEvenWhenDisabled()	passed	0.0
com.wormzjl.createcheme.science.column.v3.thermo.V3FlashTruncationValuesTest	evidenceAndResultWrappingRejectNullEvidenceState()	passed	0.001
com.wormzjl.createcheme.science.column.v3.thermo.V3FlashTruncationValuesTest	evidenceDetailIsRequiredNonblankAndBounded()	passed	0.0
com.wormzjl.createcheme.science.column.v3.thermo.V3FlashTruncationValuesTest	evidenceRejectsNegativeAndNonfiniteErrorMetrics()	passed	0.0
com.wormzjl.createcheme.science.column.v3.thermo.V3FlashTruncationValuesTest	evidenceRejectsNegativeCounters()	passed	0.001
com.wormzjl.createcheme.science.column.v3.thermo.V3FlashTruncationValuesTest	evidenceRejectsNonfiniteReferenceEnthalpyAndMalformedCutoff()	passed	0.0
com.wormzjl.createcheme.science.column.v3.thermo.V3FlashTruncationValuesTest	fallbackKeepsReferenceThermodynamicsAndCountsFailedReducedWork()	passed	0.0
com.wormzjl.createcheme.science.column.v3.thermo.V3FlashTruncationValuesTest	oldResultConstructorAndDisabledWrappingPreserveLegacyEvidence()	passed	0.0
com.wormzjl.createcheme.science.column.v3.thermo.V3FlashTruncationValuesTest	policyAcceptsBothBoundsAndCanonicalizesNegativeZero()	passed	0.001
com.wormzjl.createcheme.science.column.v3.thermo.V3FlashTruncationValuesTest	policyRejectsOutOfRangeAndNonfiniteCutoffsAtEveryEntryPoint()	passed	0.001
com.wormzjl.createcheme.science.column.v3.thermo.V3FlashTruncationValuesTest	referenceOnlyEvidencePreservesReferenceResultsWithoutInventingReducedWork()	passed	0.0
com.wormzjl.createcheme.science.column.v3.thermo.V3FlashTruncationValuesTest	referenceOnlyStatusesRejectOmissionsReducedWorkAndEvaluatedErrors()	passed	0.001
com.wormzjl.createcheme.science.column.v3.thermo.V3FlashTruncationValuesTest	singlePhaseSupportIsIdentityWithOnlyItsNaturalPhase()	passed	0.0
com.wormzjl.createcheme.science.column.v3.thermo.V3FlashTruncationValuesTest	supportRejectsMalformedOverallCompositionAndInconsistentBasis()	passed	0.001
com.wormzjl.createcheme.science.column.v3.thermo.V3FlashTruncationValuesTest	supportTreatsTheExactCutoffAsRetainedInEachPhase()	passed	0.001
com.wormzjl.createcheme.science.column.v3.thermo.V3FlashTruncationValuesTest	supportUsesPhaseCompositionAndRetainsAmbiguousBothTraceComponents()	passed	0.0
com.wormzjl.createcheme.science.column.v3.thermo.V3FlashTruncationValuesTest	unevaluatedErrorsCannotMasqueradeAsMeasurements()	passed	0.001
com.wormzjl.createcheme.science.column.v3.thermo.V3PengRobinsonDerivativesTest	[1] createcheme:tjl19_dwsim	passed	0.02
com.wormzjl.createcheme.science.column.v3.thermo.V3PengRobinsonDerivativesTest	[1] createcheme:tjl19_dwsim	passed	0.021
com.wormzjl.createcheme.science.column.v3.thermo.V3PengRobinsonDerivativesTest	[1] createcheme:tjl19_dwsim	passed	0.024
com.wormzjl.createcheme.science.column.v3.thermo.V3PengRobinsonDerivativesTest	[1] createcheme:tjl19_dwsim	passed	0.026
com.wormzjl.createcheme.science.column.v3.thermo.V3PengRobinsonDerivativesTest	[1] createcheme:tjl19_dwsim	passed	0.043
com.wormzjl.createcheme.science.column.v3.thermo.V3PengRobinsonDerivativesTest	[2] createcheme:cdu17_tjl_acs2018	passed	0.019
com.wormzjl.createcheme.science.column.v3.thermo.V3PengRobinsonDerivativesTest	[2] createcheme:cdu17_tjl_acs2018	passed	0.019
com.wormzjl.createcheme.science.column.v3.thermo.V3PengRobinsonDerivativesTest	[2] createcheme:cdu17_tjl_acs2018	passed	0.025
com.wormzjl.createcheme.science.column.v3.thermo.V3PengRobinsonDerivativesTest	[2] createcheme:cdu17_tjl_acs2018	passed	0.035
com.wormzjl.createcheme.science.column.v3.thermo.V3PengRobinsonDerivativesTest	[2] createcheme:cdu17_tjl_acs2018	passed	0.035
com.wormzjl.createcheme.science.column.v3.thermo.V3PengRobinsonDerivativesTest	derivativesRefuseTheSameStatesTheValuesRefuse()	passed	0.018
com.wormzjl.createcheme.science.column.v3.thermo.V3PengRobinsonDerivativesTest	rankOneMixingDerivativesMatchTheGeneralQuadraticPath()	passed	0.02
com.wormzjl.createcheme.science.column.v3.thermo.V3PengRobinsonKernelTest	evaluationDoesNotExposeMutableFugacityWorkspace()	passed	0.0
com.wormzjl.createcheme.science.column.v3.thermo.V3PengRobinsonKernelTest	packageEnvelopeBoundsBothWilsonAndRigorousPaths()	passed	0.001
com.wormzjl.createcheme.science.column.v3.thermo.V3PengRobinsonKernelTest	rankOneKernelMatchesIndependentClassicalPrReference()	passed	0.002
com.wormzjl.createcheme.science.column.v3.thermo.V3PengRobinsonKernelTest	sharedPairWorkspaceDoesNotNeedANewEosObjectPerPhase()	passed	0.0
com.wormzjl.createcheme.science.column.v3.thermo.V3PengRobinsonRootPrecisionTest	exactCapturedFeedFlashConvergesWithinTheUnchangedSixtyFourIterationBudget()	passed	0.02
com.wormzjl.createcheme.science.column.v3.thermo.V3PengRobinsonThermoTest	fugacityAndEnthalpyUseTheSamePhaseEvaluationAndRejectOutOfDomainRequests()	passed	0.019
com.wormzjl.createcheme.science.column.v3.thermo.V3PengRobinsonThermoTest	registeredSampleCrudeHasTheDeclaredSixteenHydrocarbonBasisAndDefensiveAssayVector()	passed	0.02
com.wormzjl.createcheme.science.column.v3.thermo.V3PengRobinsonThermoTest	sampleCrudeFlashesAtTheDeclaredColumnFeedConditionAsTwoPhase()	passed	0.019
com.wormzjl.createcheme.science.column.v3.thermo.V3PengRobinsonThermoTest	sampleCrudeTreatsBothSinglePhaseEndpointsAsNormalOutcomes()	passed	0.021
com.wormzjl.createcheme.science.column.v3.thermo.V3Tjl20MethanePropertyPackageTest	extendsTheFrozenDatasetWithoutChangingItsPropertiesOrInteractions()	passed	0.002
com.wormzjl.createcheme.science.column.v3.thermo.V3Tjl20MethanePropertyPackageTest	methaneThermalFitMatchesIndependentNistShomateAndDifferentiatesConsistently()	passed	0.001
com.wormzjl.createcheme.science.column.v3.thermo.V3Tjl20MethanePropertyPackageTest	zeroMethaneRetainsTheOriginalFlashAndMethaneEntersTheVaporPhase()	passed	0.001
com.wormzjl.createcheme.science.column.v3.thermo.V3TruncatedFlashNumericsTest	acceptedReducedSplitReportsBothPhaseAllocationErrorsAndOriginalReferenceEnthalpy()	passed	0.018
com.wormzjl.createcheme.science.column.v3.thermo.V3TruncatedFlashNumericsTest	conservedAndEquilibratedCandidateStillCannotExceedPhaseAllocationBudgets()	passed	0.019
com.wormzjl.createcheme.science.column.v3.thermo.V3TruncatedFlashNumericsTest	dimensionedEnthalpyBudgetRejectsAnOtherwiseValidAllocation()	passed	0.018
com.wormzjl.createcheme.science.column.v3.thermo.V3TruncatedFlashNumericsTest	enthalpyBudgetBoundaryIsInclusiveAndNextRepresentableExcessFallsBack()	passed	0.019
com.wormzjl.createcheme.science.column.v3.thermo.V3TruncatedFlashNumericsTest	invalidRetainedKIsARecoverableNumericalFailureNotAnInfiniteSentinel()	passed	0.019
com.wormzjl.createcheme.science.column.v3.thermo.V3TruncatedFlashNumericsTest	materialClosureCannotSpendTheTraceApproximationBudget()	passed	0.018
com.wormzjl.createcheme.science.column.v3.thermo.V3TruncatedFlashNumericsTest	omittedPhaseDrivingForceRequiresFullSupportReactivation()	passed	0.019
com.wormzjl.createcheme.science.column.v3.thermo.V3TruncatedFlashNumericsTest	phaseClassificationCannotBeChangedByTruncation()	passed	0.018
com.wormzjl.createcheme.science.column.v3.thermo.V3TruncatedFlashNumericsTest	phaseOnlyRachfordRiceTermsConserveEveryComponentWithoutInfiniteLogK()	passed	0.018
com.wormzjl.createcheme.science.column.v3.thermo.V3TruncatedFlashNumericsTest	retainedComponentsStillRequireTheUnchangedEquilibriumTolerance()	passed	0.018
com.wormzjl.createcheme.science.column.v3.thermo.V3TruncatedFlashNumericsTest	retainedFiniteKDeterminesTheSplitInsidePhaseOnlyMaterialBounds()	passed	0.023
com.wormzjl.createcheme.science.column.v3.thermo.V3TruncatedFlashNumericsTest	unavailableReferenceNeverGetsRescuedByAnApproximateFlash()	passed	0.019
com.wormzjl.createcheme.science.column.v3.thermo.V3WaterPropertyDerivativesTest	derivativesShareTheDomainChecksOfTheirValues()	passed	0.001
com.wormzjl.createcheme.science.column.v3.thermo.V3WaterPropertyDerivativesTest	liquidWaterHeatCapacityMatchesACentralDifferenceOfItsEnthalpy()	passed	0.001
com.wormzjl.createcheme.science.column.v3.thermo.V3WaterPropertyDerivativesTest	saturationPressureLogarithmicSlopeMatchesACentralDifference()	passed	0.001
com.wormzjl.createcheme.science.column.v3.thermo.V3WaterPropertyDerivativesTest	vaporisationEnthalpySlopeIsZeroFromTheCriticalPointUpward()	passed	0.0
com.wormzjl.createcheme.science.column.v3.thermo.V3WaterPropertyDerivativesTest	vaporisationEnthalpySlopeMatchesACentralDifferenceBelowTheCriticalPoint()	passed	0.0
com.wormzjl.createcheme.science.column.v3.thermo.V3WaterPropertyDerivativesTest	waterVapourHeatCapacityMatchesACentralDifferenceOfItsEnthalpy()	passed	0.0
com.wormzjl.createcheme.science.fluid.ConservationHarnessTest	balancesExternalTurnoverAndReferenceSignedEnergy()	passed	0.0
com.wormzjl.createcheme.science.fluid.ConservationHarnessTest	detectsEnergyCorruptionAndNonfiniteArithmetic()	passed	0.001
com.wormzjl.createcheme.science.fluid.ConservationHarnessTest	detectsMassCorruptionAndNegativeTraceInventory()	passed	0.0
com.wormzjl.createcheme.science.fluid.ConservationHarnessTest	fixtureOwnsItsArraysAndPreservesEmptyInventory()	passed	0.001
com.wormzjl.createcheme.science.fluid.PackagedSparseLuTest	solvesUsingOnlyTheBuiltModAndItsEmbeddedLibraries()	passed	0.028
com.wormzjl.createcheme.science.fluid.SparseLuSolverTest	equilibratesRowsWithVeryDifferentUnitsAndMagnitudes()	passed	0.0
com.wormzjl.createcheme.science.fluid.SparseLuSolverTest	handlesEmptySystemAndRejectsInvalidRightHandSide()	passed	0.001
com.wormzjl.createcheme.science.fluid.SparseLuSolverTest	pivotsAcrossAZeroDiagonalWithoutChangingInputs()	passed	0.0
com.wormzjl.createcheme.science.fluid.SparseLuSolverTest	rejectsAnEmptyRowAndMalformedSparseData()	passed	0.001
com.wormzjl.createcheme.science.fluid.SparseLuSolverTest	rejectsDependentRowsEvenWhenNeitherRowIsEmpty()	passed	0.001
com.wormzjl.createcheme.science.fluid.SparseLuSolverTest	reorderedLargeNonsymmetricSystemPreservesSolutionAndMultipleRightHandSides()	passed	0.003
com.wormzjl.createcheme.science.fluid.network.BackwardEulerStepTest	controlledIntervalAgreesWithFixedStepsAndFixedStepsShowFirstOrder()	passed	0.241
com.wormzjl.createcheme.science.fluid.network.BackwardEulerStepTest	pumpWorkIncludesAllStagesAndElevationEnergy()	passed	0.004
com.wormzjl.createcheme.science.fluid.network.BackwardEulerStepTest	sourceAndVoidKeepSeparateNonzeroLedgersDespiteZeroNetTransfer()	passed	0.001
com.wormzjl.createcheme.science.fluid.network.BackwardEulerStepTest	valveTransitionMatchesRefinedBackwardEulerWithoutFlowAfterClosure()	passed	0.364
com.wormzjl.createcheme.science.fluid.network.BackwardEulerStepTest	waterAppearanceConservesNitrogenAndTheIntegratedBoundaryLedger()	passed	0.037
com.wormzjl.createcheme.science.fluid.network.BlockJacobianEquivalenceTest	theBlockSweepReproducesTheColumnDifferencesOfAFilterIsland()	passed	0.007
com.wormzjl.createcheme.science.fluid.network.BlockJacobianEquivalenceTest	theBlockSweepReproducesTheColumnDifferencesOfASolidChain()	passed	0.009
com.wormzjl.createcheme.science.fluid.network.BoundaryAndPhaseTest	aThreePhaseWetCrudeFeedCanEnterNitrogenWithoutLosingAnyComponent()	passed	0.09
com.wormzjl.createcheme.science.fluid.network.BoundaryAndPhaseTest	sourceFillsNitrogenChargedVesselAndWaterAppearsWithoutLosingTheInitialNitrogen()	passed	0.003
com.wormzjl.createcheme.science.fluid.network.BoundaryAndPhaseTest	sourceToVoidHasSteadyThroughputAndBothBoundariesRejectReverseFlow()	passed	0.002
com.wormzjl.createcheme.science.fluid.network.CompressorTest	aCompressorOnLiquidOrTwoPhaseOrSolidsIsRefusedAndTheIslandIntegrates()	passed	0.669
com.wormzjl.createcheme.science.fluid.network.CompressorTest	aTransferRunsOnTargetThenOnItsRatioLimitThenClosesAtShutoffAtEitherCadence()	passed	0.492
com.wormzjl.createcheme.science.fluid.network.CompressorTest	onItsTargetTheFlowIsTheSuctionVolumeFlowAndTheWorkTheIsothermalWork()	passed	0.003
com.wormzjl.createcheme.science.fluid.network.CompressorTest	theCompressorsThresholds()	passed	0.001
com.wormzjl.createcheme.science.fluid.network.CompressorTest	theDischargeOfARatioThreeCompressionOfNitrogenIsAboutNinetyKelvinWarmer()	passed	0.027
com.wormzjl.createcheme.science.fluid.network.ConservativeTransportTest	repeatedStepsKeepTheDeclaredVolumeBitForBitWhileCheckingTheDerivedVolume()	passed	0.014
com.wormzjl.createcheme.science.fluid.network.ConservativeTransportTest	simultaneousBranchTransfersRemainPositiveAndCannotInventAnAbsentComponent()	passed	0.007
com.wormzjl.createcheme.science.fluid.network.EmptyNetworkTest	isolatedEvacuatedReservoirAdvancesWithoutEosEvaluationOrInventedGas()	passed	0.001
com.wormzjl.createcheme.science.fluid.network.EmptyNetworkTest	unsupportedVacuumFillingIsExplicitAndCannotPublishOutflowFromTheRetainedGuess()	passed	0.001
com.wormzjl.createcheme.science.fluid.network.FlowControlTest	naturalFlowIsLimitedWithoutInventedPumpWorkAndOpposingHeadShutsThePump()	passed	0.003
com.wormzjl.createcheme.science.fluid.network.FlowControlTest	pressureValveClosesBelowTargetAndRegulatesAboveIt()	passed	0.002
com.wormzjl.createcheme.science.fluid.network.FlowControlTest	pumpMeetsItsSuctionFlowTargetAndAccountsForAddedEnergy()	passed	0.001
com.wormzjl.createcheme.science.fluid.network.HydraulicMatrixQualificationTest	equalStateGasAndLiquidNetworksRemainAtRest()	passed	0.004
com.wormzjl.createcheme.science.fluid.network.HydraulicMatrixQualificationTest	hydrostaticRestAndReversedElevationUseTheSameGravityEnergyLedger()	passed	0.002
com.wormzjl.createcheme.science.fluid.network.HydraulicMatrixQualificationTest	recordedRandomGraphsPreserveBalancePositivityAndOrderIndependentTrajectories()	passed	0.017
com.wormzjl.createcheme.science.fluid.network.HydraulicMatrixQualificationTest	unequalParallelPipesMatchIndependentLaminarFlowForGasAndLiquid()	passed	0.002
com.wormzjl.createcheme.science.fluid.network.HydraulicReferenceQualificationTest	boundaryFlowsAcrossAllRegimesMatchOfflineDecimalFrictionInBothDirections()	passed	0.026
com.wormzjl.createcheme.science.fluid.network.HydraulicReferenceQualificationTest	individualGeometryChangesMatchPoiseuilleAndFittingReferencesIncludingNearZero()	passed	0.001
com.wormzjl.createcheme.science.fluid.network.HydraulicReferenceQualificationTest	transitionHasMatchingOneSidedSlopesAndNoNegativeDifferentialResistance()	passed	0.001
com.wormzjl.createcheme.science.fluid.network.HydraulicReferenceQualificationTest	twoFiniteVesselsMatchSmallSignalComplianceWithReversedInitialPressures()	passed	0.067
com.wormzjl.createcheme.science.fluid.network.InletPhaseTest	aFreshSolverReplaysARefusedPumpBitwise()	passed	0.123
com.wormzjl.createcheme.science.fluid.network.InletPhaseTest	aPumpOnABottomPortRunsThenMeetsGasAndIsRefusedAtTheNextSlice()	passed	0.047
com.wormzjl.createcheme.science.fluid.network.InletPhaseTest	aSweptSupplyRefusesAboveTwoPercentAndResumesBelowHalfAPercent()	passed	0.056
com.wormzjl.createcheme.science.fluid.network.InletPhaseTest	refusedPumpsCarryNothingAndTheIslandsWaterLineIntegratesBitwise()	passed	0.652
com.wormzjl.createcheme.science.fluid.network.InletPhaseTest	thePumpsThresholdsAndReason()	passed	0.0
com.wormzjl.createcheme.science.fluid.network.InletPhaseTest	theSupplyWalkReadsTheSourceThroughDegreeTwoJunctionsAndAPortsDraw()	passed	0.002
com.wormzjl.createcheme.science.fluid.network.JunctionWaterTraceTest	aWetVesselsVaporPortIntoADrySeededJunction()	passed	0.141
com.wormzjl.createcheme.science.fluid.network.JunctionWaterTraceTest	unsaturatedWaterVapourThroughABulkLineIntoADrySeededJunction()	passed	0.417
com.wormzjl.createcheme.science.fluid.network.LevelHeadTest	aDrainTheHeadLiftsAboveTheVoidInsideAStepIsReopenedAndNeverBottled()	passed	0.431
com.wormzjl.createcheme.science.fluid.network.LevelHeadTest	aFreshSolverReplaysASlowHeadDrainBitwise()	passed	0.062
com.wormzjl.createcheme.science.fluid.network.LevelHeadTest	aGeneratorBelowTheBottomPressureStaysDeadHeadedWithoutReopens()	passed	0.041
com.wormzjl.createcheme.science.fluid.network.LevelHeadTest	aPumpIntoABottomPortClosesTheLevelHeadEarlier()	passed	0.364
com.wormzjl.createcheme.science.fluid.network.LevelHeadTest	aTankAtTheVoidsPressureDrainsOnItsHeadAloneAtFiveSecondSlices()	passed	0.268
com.wormzjl.createcheme.science.fluid.network.LevelHeadTest	aTankAtTheVoidsPressureDrainsOnItsHeadAloneAtTenthSecondSlices()	passed	0.881
com.wormzjl.createcheme.science.fluid.network.LevelHeadTest	cushionsHeldApartStandAtALevelDifferenceOfDpOverRhoG()	passed	0.238
com.wormzjl.createcheme.science.fluid.network.LevelHeadTest	twoTanksAtOnePressureEqualiseTheirBottomsMonotonically()	passed	0.134
com.wormzjl.createcheme.science.fluid.network.NetworkRegimeTest	aRejectedTrialRestartsFromTheSameConservedStateAtTheSmallerStep()	passed	0.004
com.wormzjl.createcheme.science.fluid.network.NetworkRegimeTest	bypassCanPreventAValveFromMaintainingItsUpstreamSetpoint()	passed	0.012
com.wormzjl.createcheme.science.fluid.network.NetworkRegimeTest	cancellationCannotLeavePartialTransfersAndExcessVelocityIsConservativelyLimited()	passed	0.012
com.wormzjl.createcheme.science.fluid.network.NetworkRegimeTest	hotNitrogenCanEvaporateTheLastFreeWaterWithoutDiscardingIt()	passed	0.038
com.wormzjl.createcheme.science.fluid.network.NetworkRegimeTest	hydrocarbonLiquidCanDisappearIntoTheSharedGasPhase()	passed	0.027
com.wormzjl.createcheme.science.fluid.network.NetworkRegimeTest	pumpShutoffUsesAddedPressureAndTankRecycleIsAllowed()	passed	0.003
com.wormzjl.createcheme.science.fluid.network.NetworkRegimeTest	reversingOneFeedSwitchesJunctionUpwindingAndSerialValvesRemainSolvable()	passed	0.003
com.wormzjl.createcheme.science.fluid.network.NetworkRegimeTest	serialSectionsPreserveIndependentLaminarAndFittingLosses()	passed	0.001
com.wormzjl.createcheme.science.fluid.network.NetworkRegimeTest	twoDifferentFeedsMixAtAZeroHoldupJunction()	passed	0.003
com.wormzjl.createcheme.science.fluid.network.PassiveStepSolverTest	aJunctionNoOpenConnectionReachesKeepsItsPressureInsteadOfGoingSingular()	passed	0.002
com.wormzjl.createcheme.science.fluid.network.PassiveStepSolverTest	aPreviouslyAbsentGasComponentCanEnterAReceivingReservoir()	passed	0.002
com.wormzjl.createcheme.science.fluid.network.PassiveStepSolverTest	branchJunctionHasNoInventoryAndBalancesEveryConnectedFlow()	passed	0.003
com.wormzjl.createcheme.science.fluid.network.PassiveStepSolverTest	bulkThreePhaseCrudeTransfersAllComponentsAndIncludesElevationEnergy()	passed	0.008
com.wormzjl.createcheme.science.fluid.network.PassiveStepSolverTest	endpointOrderOnlyChangesTheFlowSign()	passed	0.003
com.wormzjl.createcheme.science.fluid.network.PassiveStepSolverTest	gasAndLiquidFullReservoirsEqualizeWithConservedInventoriesAndEnergy()	passed	0.003
com.wormzjl.createcheme.science.fluid.network.PassiveTimeRefinementTest	adaptiveGasBlowdownMatchesIndependentlyRefinedFixedSteps()	passed	0.15
com.wormzjl.createcheme.science.fluid.network.PhasePortPriorityTest	aBottomPortDrainsItsWaterToZeroThenVentsTheGasAtFiveSecondSlices()	passed	0.091
com.wormzjl.createcheme.science.fluid.network.PhasePortPriorityTest	aBottomPortDrainsItsWaterToZeroThenVentsTheGasAtTenthSecondSlices()	passed	0.73
com.wormzjl.createcheme.science.fluid.network.PhasePortPriorityTest	aGasOnlyTanksBottomPortVentsGasFromTheFirstStep()	passed	0.018
com.wormzjl.createcheme.science.fluid.network.PhasePortPriorityTest	aSlowlyFedDrainBreaksThroughSteadilyAtFiveSecondSlices()	passed	0.17
com.wormzjl.createcheme.science.fluid.network.PhasePortPriorityTest	aSlowlyFedDrainBreaksThroughSteadilyAtTenthSecondSlices()	passed	1.292
com.wormzjl.createcheme.science.fluid.network.PhasePortPriorityTest	aTopVentOverflowsTheLiquidOfATankFilledFullAtFiveSecondSlices()	passed	0.105
com.wormzjl.createcheme.science.fluid.network.PhasePortPriorityTest	aTopVentOverflowsTheLiquidOfATankFilledFullAtTenthSecondSlices()	passed	0.617
com.wormzjl.createcheme.science.fluid.network.PhasePortPriorityTest	closedPhaseLinesOnAThreePhaseVesselLeaveTheBulkLineBitwise()	passed	0.006
com.wormzjl.createcheme.science.fluid.network.PhasePortPriorityTest	pentaneOverWaterIsDrawnInEachPortsPriorityOrder()	passed	0.491
com.wormzjl.createcheme.science.fluid.network.PhasePortPriorityTest	twoBottomPortsShareEachPhasesCapacityEqually()	passed	0.005
com.wormzjl.createcheme.science.fluid.network.PhasePortTest	aStepCarriesExactlyEachPortsPhase()	passed	0.008
com.wormzjl.createcheme.science.fluid.network.PhasePortTest	closedPhasePortsLeaveTheBulkLineBitwise()	passed	0.062
com.wormzjl.createcheme.science.fluid.network.PhasePortTest	onlyAVesselEndMayCarryAPhasePortAndEveryOtherConstructorIsBulk()	passed	0.002
com.wormzjl.createcheme.science.fluid.network.PhasePortTest	phasePortLinesIntegrateAndCloseTheirLedgerAtFiveSecondSlices()	passed	0.008
com.wormzjl.createcheme.science.fluid.network.PhasePortTest	phasePortLinesIntegrateAndCloseTheirLedgerAtTenthSecondSlices()	passed	0.199
com.wormzjl.createcheme.science.fluid.network.PhasePortTest	phasePortsFeedJunctionsAndCloseTheLedger()	passed	0.084
com.wormzjl.createcheme.science.fluid.network.PhasePortTest	solidsLeaveThroughTheLiquidPortOnly()	passed	0.015
com.wormzjl.createcheme.science.fluid.network.PipeResistanceTest	frictionDerivativeIsContinuousAcrossTransitionAndPositiveInBothDirections()	passed	0.001
com.wormzjl.createcheme.science.fluid.network.PipeResistanceTest	poiseuilleReferenceAndZeroFlowSlope()	passed	0.0
com.wormzjl.createcheme.science.fluid.network.PipeSectionAggregationTest	manyPhysicalSectionsPreserveLossDerivativeAndMinimumAreaAcrossFlowRegimes()	passed	0.004
com.wormzjl.createcheme.science.fluid.network.PipeTransferTest	allCrudeGeneratorsSupplyFiniteFlowAtTheExactAmbientLimit()	passed	0.026
com.wormzjl.createcheme.science.fluid.network.PipeTransferTest	allRegroupedCrudesAndMixedDonorsConserveInventoryAtAmbientAndHeatedStates()	passed	0.035
com.wormzjl.createcheme.science.fluid.network.PipeTransferTest	integratedThreePhaseHistoryMatchesTheConservativeTankInventoryChange()	passed	0.006
com.wormzjl.createcheme.science.fluid.network.PipeTransferTest	reversalKeepsBothDonorCompositionsAndBoundsTheHistorySize()	passed	0.001
com.wormzjl.createcheme.science.fluid.network.PumpJunctionStartupTest	waterAndAmbientCrudeStartThroughAZeroStoragePumpInletWithoutInventingUpstreamNitrogen()	passed	0.061
com.wormzjl.createcheme.science.fluid.network.PumpRiseScalingTest	aDomainRefusalIsItsOwnRejectionKeyAndTheReasonTheIntervalFails()	passed	0.416
com.wormzjl.createcheme.science.fluid.network.PumpRiseScalingTest	aGasTransferBetweenClosedTanksClosesWithinASecond()	passed	0.016
com.wormzjl.createcheme.science.fluid.network.PumpRiseScalingTest	anIntervalFailsOnTheDomainWhenItsLastOrMostRejectionsWereDomainOnes()	passed	0.0
com.wormzjl.createcheme.science.fluid.network.PumpRiseScalingTest	onWaterTheLimitIsTheSettingWithinWatersCompressibility()	passed	0.001
com.wormzjl.createcheme.science.fluid.network.PumpRiseScalingTest	theReferenceIsThisModelsOwnWaterAtRoomConditions()	passed	0.001
com.wormzjl.createcheme.science.fluid.network.ScheduledTransferEstimatorTest	changingGasCompositionAndWithdrawnEnergyMatchTighterStepDoubling()	passed	0.02
com.wormzjl.createcheme.science.fluid.network.ScheduledTransferEstimatorTest	wetCrudePipeAndSimultaneousModuleBoundariesMatchTighterStepDoubling()	passed	0.057
com.wormzjl.createcheme.science.fluid.network.ScheduledTransferTest	anUnsupportedWithdrawalPublishesNoPartialInterval()	passed	0.015
com.wormzjl.createcheme.science.fluid.network.ScheduledTransferTest	bulkWithdrawalIsDistributedInTimeAndCarriesEnthalpyAndElevationEnergy()	passed	0.003
com.wormzjl.createcheme.science.fluid.network.ScheduledTransferTest	waterCanBeDeliveredOverFiveFifteenAndThirtySecondsWithoutAnInstantaneousInventoryJump()	passed	0.069
com.wormzjl.createcheme.science.fluid.network.SharedSourceDepletionQualificationTest	competingBranchesNeverWithdrawMoreThanFiniteSourceAcrossInputPermutations()	passed	0.039
com.wormzjl.createcheme.science.fluid.network.SharedSourceDepletionQualificationTest	excessivePumpRequestAllowsBoundedTransferOrAtomicRefusalAndControlTransfersMaterial()	passed	0.024
com.wormzjl.createcheme.science.fluid.network.SolidChainTransportTest	clearChainSubstepCountsAreUnchanged()	passed	0.02
com.wormzjl.createcheme.science.fluid.network.SolidChainTransportTest	filterIslandReusesItsSolverWorkspacesAcrossIntervals()	passed	0.014
com.wormzjl.createcheme.science.fluid.network.SolidChainTransportTest	tenReservoirChainIntegratesFiveSecondsWithoutALineSearchStall()	passed	0.091
com.wormzjl.createcheme.science.fluid.network.SolidChainTransportTest	thirtyReservoirChainIntegratesOneIntervalWithinItsBudget()	passed	0.532
com.wormzjl.createcheme.science.fluid.network.SolidClosureFeasibilityTest	constantFeedMeetsTheFilterCapacityAtTheArithmeticFillTime()	passed	0.005
com.wormzjl.createcheme.science.fluid.network.SolidClosureFeasibilityTest	drainingCarrierStopsAtTheParticleThresholdWhereATightIntegrationPutsIt()	passed	0.079
com.wormzjl.createcheme.science.fluid.network.SolidClosureFeasibilityTest	heavyLiquidCoolingStopsAtTheActualViscosityTableCrossing()	passed	0.001
com.wormzjl.createcheme.science.fluid.network.SolidConservationTest	adaptiveStagesAndPipeHistoryPreserveExactPopulations()	passed	0.003
com.wormzjl.createcheme.science.fluid.network.SolidConservationTest	canonicalSizesPreserveDistinctPopulationsAndTracesStillOccupySlots()	passed	0.002
com.wormzjl.createcheme.science.fluid.network.SolidConservationTest	coupledStepReconstructsParticlesAndAllThreeMomentsAtTheReceiver()	passed	0.002
com.wormzjl.createcheme.science.fluid.network.SolidConservationTest	filterCapturesEveryPopulationAndPassesOnlyFluid()	passed	0.001
com.wormzjl.createcheme.science.fluid.network.SolidConservationTest	loadedFilterClosesWithoutLosingItsCapturedMaterial()	passed	0.012
com.wormzjl.createcheme.science.fluid.network.SolidTransportAcceptanceTest	aSixtyFifthPopulationClosesAFeedInsteadOfStallingTheInterval()	passed	0.032
com.wormzjl.createcheme.science.fluid.network.SolidTransportAcceptanceTest	closedParticlesRestartWhenDrivingPressureIncreases()	passed	0.007
com.wormzjl.createcheme.science.fluid.network.SolidTransportAcceptanceTest	drainingSlurryClosesAtAReproducibleInteriorEvent()	passed	0.03
com.wormzjl.createcheme.science.fluid.network.SolidTransportAcceptanceTest	dryParticlesBlockGasButTracesStillTravelAndRetainTheirSlots()	passed	0.001
com.wormzjl.createcheme.science.fluid.network.SolidTransportAcceptanceTest	equalParallelBranchesChooseTheSameClosuresAcrossReplays()	passed	0.009
com.wormzjl.createcheme.science.fluid.network.SolidTransportAcceptanceTest	highViscosityBlocksTheMixedOutletBeforeSlurryThickening()	passed	0.001
com.wormzjl.createcheme.science.fluid.network.SolidTransportAcceptanceTest	populationCountDoesNotIncreaseTheNonlinearDimension()	passed	0.014
com.wormzjl.createcheme.science.fluid.network.SolidTransportAcceptanceTest	reverseFiltrationCapturesTheOtherDonorAndConservesEnergy()	passed	0.001
com.wormzjl.createcheme.science.fluid.network.SolidTransportAcceptanceTest	suspensionBoundaryIsStrictAndReversalUsesTheSameLiquidVelocity()	passed	0.001
com.wormzjl.createcheme.science.fluid.network.SolidTransportAcceptanceTest	theFlaggedFeedThatCarriesTheKeysNobodyElseSuppliesIsTheOneThatCloses()	passed	0.017
com.wormzjl.createcheme.science.fluid.network.TraceTruncationStepTest	aTraceThatStopsBeingOneIsReactivatedInsideTheActiveSetLoop()	passed	0.012
com.wormzjl.createcheme.science.fluid.network.TraceTruncationStepTest	aTruncatedStepConservesEveryComponentExactlyAndAgreesWithTheExactUnknownSet()	passed	0.012
com.wormzjl.createcheme.science.fluid.network.TraceTruncationStepTest	theStepSolverCountsTheUnknownsItOmitsAndNoneAtTheOffSwitch()	passed	0.011
com.wormzjl.createcheme.science.fluid.network.TransientQualificationTest	diluteGasSmallSignalMatchesAnalyticAdiabaticPoiseuilleRelaxation()	passed	0.005
com.wormzjl.createcheme.science.fluid.network.TransientQualificationTest	freeWaterDisappearanceMatchesRefinedTrajectoriesAcrossThreeIntervals()	passed	3.286
com.wormzjl.createcheme.science.fluid.network.TransientQualificationTest	liquidCompressionWetCrudeReversalAndPumpMatchRefinedTrajectories()	passed	1.117
com.wormzjl.createcheme.science.fluid.network.VelocityClampTest	aWarmWorkspaceReleasesTheClampWhenThePressureDriveFalls()	passed	0.007
com.wormzjl.createcheme.science.fluid.network.VelocityClampTest	configuredAndAcousticLimitsCapBothDirectionsAndPreserveExternalLedgers()	passed	0.021
com.wormzjl.createcheme.science.fluid.network.VelocityClampTest	finiteReservoirTemperatureComesFromConservedEnergyAndEosAtTheClampedRate()	passed	0.013
com.wormzjl.createcheme.science.fluid.network.VelocityClampTest	invalidConfigurationIsRejectedAndDifferentLimitsInvalidateFallbackAnchors()	passed	0.018
com.wormzjl.createcheme.science.fluid.network.VelocityClampTest	threePhaseClampingTransfersAllPhasesAndDevicesRespectTheRateLimit()	passed	0.008
com.wormzjl.createcheme.science.fluid.network.VentGatePolishTest	aTankFilledThroughItsBottomAndVentedThroughItsTopIntegratesAtFiveSecondSlices()	passed	0.025
com.wormzjl.createcheme.science.fluid.network.VentGatePolishTest	aTankFilledThroughItsBottomAndVentedThroughItsTopIntegratesAtTenthSecondSlices()	passed	0.112
com.wormzjl.createcheme.science.fluid.network.VentGatePolishTest	theBulkVentControlIsNeverRefusedByTheGate()	passed	0.024
com.wormzjl.createcheme.science.fluid.solver.PhaseLayoutTest	coupledVolumeEnergyAndPhaseEquationsRecoverIndependentTpTargets()	passed	0.006
com.wormzjl.createcheme.science.fluid.solver.PhaseLayoutTest	sparseTwoPhaseEncodingKeepsPhasePropertySnapshotsIsolated()	passed	0.004
com.wormzjl.createcheme.science.fluid.solver.SparseNewtonTest	aReusedDerivativeIsOnlyAGuessAndStillConvergesAfterInputChanges()	passed	0.001
com.wormzjl.createcheme.science.fluid.solver.SparseNewtonTest	coupledNonlinearSystemConvergesWithoutMutatingTheInitialGuess()	passed	0.001
com.wormzjl.createcheme.science.fluid.solver.SparseNewtonTest	infeasibleEquationsCannotBeReportedAsConverged()	passed	0.0
com.wormzjl.createcheme.science.fluid.solver.SparseNewtonTest	structuralColoringBatchesIndependentEquationsAndCancellationPropagates()	passed	0.001
com.wormzjl.createcheme.science.fluid.solver.StructuralReuseTest	forkReusesStructureButMustBuildFreshNumericFactorsForChangedCoefficients()	passed	0.001
com.wormzjl.createcheme.science.fluid.solver.StructuralReuseTest	reusedPermutationRemainsValidWhenNumericZerosBecomeNonzero()	passed	0.002
com.wormzjl.createcheme.science.fluid.solver.StructuralReuseTest	staleTimestepPreconditionerCannotDetermineConvergenceAgainstOldEquations()	passed	0.0
com.wormzjl.createcheme.science.fluid.solver.TraceTruncationLayoutTest	aReducedLayoutLosesOneUnknownAndOneRowPerOmittedPhase()	passed	0.001
com.wormzjl.createcheme.science.fluid.solver.TraceTruncationLayoutTest	aTraceThatCrossesTheReinsertionThresholdIsPutBackIntoBothPhases()	passed	0.001
com.wormzjl.createcheme.science.fluid.solver.TraceTruncationLayoutTest	aTruncatedInventorySolveReachesTheSameTemperaturePressureAndTotals()	passed	0.001
com.wormzjl.createcheme.science.fluid.solver.TraceTruncationLayoutTest	anEquilibriumStateReactivatesNothingItJustTruncated()	passed	0.001
com.wormzjl.createcheme.science.fluid.solver.TraceTruncationLayoutTest	freeWaterAndHeadspaceRegimesAreOutsideTheCutoffsReach()	passed	0.001
com.wormzjl.createcheme.science.fluid.solver.TraceTruncationLayoutTest	supportFollowsTheSeedCompositionsAndNothingElse()	passed	0.001
com.wormzjl.createcheme.science.fluid.solver.TraceTruncationLayoutTest	theNetworkCutoffIsCappedWellBelowTheColumnsAndZeroIsAccepted()	passed	0.009
com.wormzjl.createcheme.science.fluid.solver.TraceTruncationLayoutTest	theOffSwitchIsThePreTruncationLayoutBitForBit()	passed	0.001
com.wormzjl.createcheme.science.fluid.solver.TraceTruncationLayoutTest	theOmittedPhaseIsExactlyZeroAndTheComponentTotalIsExact()	passed	0.001
com.wormzjl.createcheme.science.fluid.thermo.AmbientCrudePresetTest	actualGeneratorInitializationAndPipeFlowAccept298Kelvin()	passed	0.011
com.wormzjl.createcheme.science.fluid.thermo.AmbientCrudePresetTest	colderStatesAndUnqualifiedPropertyOverridesAreNotSilentlyExtrapolated()	passed	0.023
com.wormzjl.createcheme.science.fluid.thermo.AmbientCrudePresetTest	crudePresetsFlashAndHaveFiniteTransportAtAmbientTemperature()	passed	0.012
com.wormzjl.createcheme.science.fluid.thermo.EmptyWaterFillingAuditTest	identifyWhetherAnInitiallyEvacuatedVesselNeedsAnAdditionalEnergyStore()	passed	0.005
com.wormzjl.createcheme.science.fluid.thermo.FluidNitrogenCryogenicTest	enthalpyAndHeatCapacityAreContinuousAt273Point16Kelvin()	passed	0.001
com.wormzjl.createcheme.science.fluid.thermo.FluidNitrogenCryogenicTest	idealGasHeatCapacityBelow273KelvinFollowsNist()	passed	0.001
com.wormzjl.createcheme.science.fluid.thermo.FluidNitrogenCryogenicTest	liquidNitrogenIsAWholeNetworkState()	passed	0.001
com.wormzjl.createcheme.science.fluid.thermo.FluidNitrogenCryogenicTest	saturatedLiquidDensityAtTheNormalBoilingPointAgreesWithNist()	passed	0.0
com.wormzjl.createcheme.science.fluid.thermo.FluidNitrogenCryogenicTest	saturationPressureAtTheNormalBoilingPointAgreesWithNist()	passed	0.001
com.wormzjl.createcheme.science.fluid.thermo.FluidNitrogenCryogenicTest	theFitAboveTheJointIsUnchanged()	passed	0.001
com.wormzjl.createcheme.science.fluid.thermo.FluidNitrogenCryogenicTest	theNetworkPackageDeclaresTheNitrogenTriplePointAsItsMinimum()	passed	0.001
com.wormzjl.createcheme.science.fluid.thermo.FluidNitrogenCryogenicTest	vapourHeatCapacityAt100And200KelvinAgreesWithNistWithinOnePercent()	passed	0.001
com.wormzjl.createcheme.science.fluid.thermo.FluidPropertyCoverageTest	gameplayBasisWithNitrogenHasFinitePropertiesAtGridAndInteriorSamples()	passed	0.138
com.wormzjl.createcheme.science.fluid.thermo.FluidPropertyCoverageTest	requiredCrudeMixturesHaveFinitePropertiesAcrossTheInitialWetOperatingGrid()	passed	0.093
com.wormzjl.createcheme.science.fluid.thermo.FluidPropertyCoverageTest	steamCompressionMatchesIndependentPressureDifferencesWithinTheSampledEnvelope()	passed	0.001
com.wormzjl.createcheme.science.fluid.thermo.FluidPropertyCoverageTest	steamScreeningRetainsTheRejectedPointAndChecksIndependentViscosityReferences()	passed	0.001
com.wormzjl.createcheme.science.fluid.thermo.FluidThermodynamicsTest	crudePresetsAndThreePhaseWaterMaintainComponentInventory()	passed	0.001
com.wormzjl.createcheme.science.fluid.thermo.FluidThermodynamicsTest	pureWaterLiquidSteamAndHydrocarbonLimits()	passed	0.001
com.wormzjl.createcheme.science.fluid.thermo.FluidThermodynamicsTest	subsaturatedWaterUsesTheSameVaporVolumeAsHydrocarbons()	passed	0.001
com.wormzjl.createcheme.science.fluid.thermo.GlobalLiquidResponseTest	allLiquidReferenceDensitiesUseTheSameConfiguredCompression()	passed	0.001
com.wormzjl.createcheme.science.fluid.thermo.GlobalLiquidResponseTest	energyAndPressureDerivativesAreConsistent()	passed	0.0
com.wormzjl.createcheme.science.fluid.thermo.GlobalLiquidResponseTest	invalidOrUnboundedCompressionIsRejected()	passed	0.0
com.wormzjl.createcheme.science.fluid.thermo.HybridDerivativeTest	liquidMixtureChemicalPotentialPressureDerivativesSumToPhysicalVolume()	passed	0.002
com.wormzjl.createcheme.science.fluid.thermo.HybridDerivativeTest	sharedWaterResponsePreservesHeatAndPressureIdentities()	passed	0.004
com.wormzjl.createcheme.science.fluid.thermo.HydrocarbonModelTest	liquidPressureCorrectionSatisfiesTheChemicalPotentialVolumeIdentity()	passed	0.001
com.wormzjl.createcheme.science.fluid.thermo.HydrocarbonModelTest	sameCompressionAppliesToPureLiquidAndCrudeMixturesWithoutChangingColumnData()	passed	0.002
com.wormzjl.createcheme.science.fluid.thermo.LiquidCompressionQualificationTest	recordsThePrCompressionAuditAndChecksCalibratedDensity()	passed	0.004
com.wormzjl.createcheme.science.fluid.thermo.NitrogenInitializationTest	nitrogenCaloricFitMatchesIndependentShomateCheckpoints()	passed	0.001
com.wormzjl.createcheme.science.fluid.thermo.NitrogenInitializationTest	onlyTheConfiguredNetworkPackageIsAcceptedWithoutSaveMigration()	passed	0.001
com.wormzjl.createcheme.science.fluid.thermo.NitrogenInitializationTest	placementCreatesRealNitrogenInventoryWithoutChangingTheColumnPackage()	passed	0.005
com.wormzjl.createcheme.science.fluid.thermo.NitrogenInitializationTest	smallWaterChargeConservesEnergyUsingOnlyTheInitialNitrogenAndFluid()	passed	0.005
com.wormzjl.createcheme.science.fluid.thermo.ThermoDomainViolationTest	aNitrogenStateAt200KelvinIsAcceptedAndOnePercentOfACrudeFractionIsRefusedNamingIt()	passed	0.001
com.wormzjl.createcheme.science.fluid.thermo.ThermoDomainViolationTest	aValueJustPastItsBoundIsPrintedWithTheDigitsThatShowIt()	passed	0.0
com.wormzjl.createcheme.science.fluid.thermo.ThermoDomainViolationTest	freeWaterBelowItsTriplePointIsRefusedNamingWater()	passed	0.001
com.wormzjl.createcheme.science.fluid.thermo.ThermoDomainViolationTest	pressureAndTheEnvelopeAreCheckedAndMalformedInputStaysAPlainRefusal()	passed	0.001
com.wormzjl.createcheme.science.fluid.thermo.ThermoDomainViolationTest	theDomainIsReadFromDataAndValidatedWhenTheCatalogLoads()	passed	0.047
com.wormzjl.createcheme.science.fluid.thermo.ThermoDomainViolationTest	theLargestCarriedComponentOutOfItsRangeIsNamed()	passed	0.001
com.wormzjl.createcheme.science.fluid.thermo.ThermoDomainViolationTest	theRejectionKeyIsOnePerComponentPropertyAndSide()	passed	0.0
com.wormzjl.createcheme.science.fluid.thermo.ThermoDomainViolationTest	theViolationCarriesItsFieldsAndReadsAsTheErrorItIs()	passed	0.001
com.wormzjl.createcheme.science.fluid.thermo.TranslatedPengRobinsonDerivativesTest	everyExposedDerivativeMatchesCentralDifferencesOfWhatItDifferentiates()	passed	0.025
com.wormzjl.createcheme.science.fluid.thermo.TranslatedPengRobinsonTest	analyticDerivativesAndEnergyIdentityMatchIndependentDifferences()	passed	0.0
com.wormzjl.createcheme.science.fluid.thermo.TranslatedPengRobinsonTest	constantTranslationChangesDensityButNotRawPressureSlope()	passed	0.001
com.wormzjl.createcheme.science.fluid.thermo.TranslatedPengRobinsonTest	mixturePartialVolumesAndSecondTemperatureDerivativeClose()	passed	0.0
com.wormzjl.createcheme.science.fluid.thermo.WaterRegion1Test	matchesOfficialRegionOneCheckpoints()	passed	0.0
com.wormzjl.createcheme.science.fluid.thermo.WaterRegion1Test	refusesVaporAndOutOfRegionStates()	passed	0.001
com.wormzjl.createcheme.science.fluid.thermo.WaterRegion1Test	verifiesAnalyticPressureAndTemperatureDerivatives()	passed	0.0
com.wormzjl.createcheme.science.fluid.topology.TopologyCompilerTest	compressorOnlyBypassIsRejectedLikeAPumpsButATankBufferedRecycleIsAllowed()	passed	0.0
com.wormzjl.createcheme.science.fluid.topology.TopologyCompilerTest	parallelPipesAndBranchesSurviveButDeadLegsDoNotCarryFlow()	passed	0.0
com.wormzjl.createcheme.science.fluid.topology.TopologyCompilerTest	pipeOnlyRingIsExplicitlyUnanchoredAndCompilationIgnoresInputOrder()	passed	0.001
com.wormzjl.createcheme.science.fluid.topology.TopologyCompilerTest	pumpOnlyBypassIsRejectedButTankBufferedRecycleAndValveBypassAreAllowed()	passed	0.0
com.wormzjl.createcheme.science.fluid.topology.TopologyCompilerTest	seriesCompressionRetainsEveryGeometryElevationAndDebugDirection()	passed	0.001
com.wormzjl.createcheme.science.fluid.transport.MixtureViscosityTest	crudeCompositionsHaveDifferentMaterialDependentViscosities()	passed	0.003
com.wormzjl.createcheme.science.fluid.transport.MixtureViscosityTest	dissolvedReferencesMatchIndependentApiCheckpointsWithoutExtrapolatingPureLiquidTables()	passed	0.007
com.wormzjl.createcheme.science.fluid.transport.MixtureViscosityTest	pureUnsupportedSoluteDoesNotBecomeAnInventedLiquid()	passed	0.003
com.wormzjl.createcheme.science.fluid.transport.SlurryTransportTest	BulkSolidMarkerNeverBecomesAZeroSettlingSpeedParticle()	passed	0.001
com.wormzjl.createcheme.science.fluid.transport.SlurryTransportTest	InvalidTransportInputsNeverCreateUsableProperties()	passed	0.001
com.wormzjl.createcheme.science.fluid.transport.SlurryTransportTest	NeutralAndBuoyantParticlesFollowTheDeclaredContrastRule()	passed	0.0
com.wormzjl.createcheme.science.fluid.transport.SlurryTransportTest	TraceCutoffIsStrictAndCanBeDisabledWithoutTreatingZeroAsPresent()	passed	0.0
com.wormzjl.createcheme.science.fluid.transport.SlurryTransportTest	demoParticleSpeedsMatchTheReviewedPhysicalMagnitudes()	passed	0.0
com.wormzjl.createcheme.science.fluid.transport.SlurryTransportTest	noSolidsRetainsTheExactCarrierAndPackingIsNotAFlowingState()	passed	0.001
com.wormzjl.createcheme.science.material.AmbientViscosityTest	addedAmbientSamplesMatchIndependentDwsimCheckpoints()	passed	0.002
com.wormzjl.createcheme.science.material.Cdu17TestCatalogTest	editingProductionPropertiesCannotAlterTheReference()	passed	0.026
com.wormzjl.createcheme.science.material.Cdu17TestCatalogTest	referenceLoadsWithoutAnyProductionResources()	passed	0.001
com.wormzjl.createcheme.science.material.Cdu17TestCatalogTest	scopeRestoresTheEnclosingCatalogOnFailure()	passed	0.0
com.wormzjl.createcheme.science.material.CrudeAssayConversionTest	allFivePublishedConversionsLoadWithTheSameOrderAndMassBasis()	passed	0.002
com.wormzjl.createcheme.science.material.FluidAppearanceTest	appearanceEditsPreserveScientificAndTransportFingerprints()	passed	0.059
com.wormzjl.createcheme.science.material.FluidAppearanceTest	bundledComponentsWaterAndAssaysHaveIndependentAppearances()	passed	0.001
com.wormzjl.createcheme.science.material.FluidAppearanceTest	invalidAppearanceIdentifiesResourceAndRetainsPublishedSnapshot()	passed	0.07
com.wormzjl.createcheme.science.material.FluidAppearanceTest	legacyRecordsWithoutAppearanceRemainLoadable()	passed	0.035
com.wormzjl.createcheme.science.material.FluidAppearanceTest	transparencyHasExplicitOpaqueAndInvisibleEndpoints()	passed	0.0
com.wormzjl.createcheme.science.material.LiquidMixtureCorrectionTest	factoredRuleMatchesIndependentSymmetricPairSum()	passed	0.001
com.wormzjl.createcheme.science.material.LiquidMixtureCorrectionTest	malformedDescriptorsAndMixturesAreRejected()	passed	0.001
com.wormzjl.createcheme.science.material.LiquidMixtureCorrectionTest	pureLimitsAndInertDilutionDoNotChangePureTransport()	passed	0.001
com.wormzjl.createcheme.science.material.LiquidMixtureCorrectionTest	transportEditChangesOnlyTransportFingerprintAndNamesResourceOnError()	passed	0.031
com.wormzjl.createcheme.science.material.MaterialAuthoringTest	basisCyclesAndUnusedBadReferencesFailWithResourceContext()	passed	0.008
com.wormzjl.createcheme.science.material.MaterialAuthoringTest	identityProjectionPreservesAmountsAndRejectsNonzeroRetiredSpecies()	passed	0.001
com.wormzjl.createcheme.science.material.MaterialAuthoringTest	physicsIdentityIgnoresAssaysButTracksActualSelectedProperties()	passed	0.06
com.wormzjl.createcheme.science.material.MaterialAuthoringTest	sparseAssaysRejectUnknownIdentitiesAndConflictingPositionalForms()	passed	0.022
com.wormzjl.createcheme.science.material.MaterialCatalogTest	immutableCatalogRetainsSeparateDatasetsForSharedChemicalIdentity()	passed	0.001
com.wormzjl.createcheme.science.material.MaterialCatalogTest	invalidReloadCannotPublishPartialCatalog()	passed	0.008
com.wormzjl.createcheme.science.material.MaterialCatalogTest	massAssaysConvertUsingSelectedMolecularWeightsAndVolumeReferencesAreChecked()	passed	0.034
com.wormzjl.createcheme.science.material.MaterialCatalogTest	nrtlPairsAreDirectedCompleteAndNotAnImplementedSolver()	passed	0.028
com.wormzjl.createcheme.science.material.MaterialCatalogTest	numericalEditsInvalidateFingerprintEvenWithoutRevisionBumpButNamesDoNot()	passed	0.038
com.wormzjl.createcheme.science.material.MaterialCatalogTest	rejectsDuplicateIdsMissingReferencesAndAmbiguousAliases()	passed	0.034
com.wormzjl.createcheme.science.material.MaterialCatalogTest	retiredInputIsRejectedWithoutMutatingItsAmounts()	passed	0.001
com.wormzjl.createcheme.science.material.MaterialCatalogTest	runningContextKeepsBothPrAndWaterAcrossPublicationAndRestoresAfterFailure()	passed	0.025
com.wormzjl.createcheme.science.material.MaterialFluidDataTest	fluidReferenceEditsInvalidateOnlyTheirConsumersAndCapturedModelsStayStable()	passed	0.082
com.wormzjl.createcheme.science.material.MaterialFluidDataTest	malformedFluidRecordsFailBeforePublicationWithResourceAndFieldContext()	passed	0.019
com.wormzjl.createcheme.science.material.MaterialPresetsTest	addingAQualifiedFixtureComponentAndMovingNitrogenNeedsNoFixedWidthEdits()	passed	0.035
com.wormzjl.createcheme.science.material.MaterialPresetsTest	allSixInputsRemainExactlyEqualToThePreFrameworkQualificationInputs()	passed	0.002
com.wormzjl.createcheme.science.material.MaterialPresetsTest	customPresetIsServerDefinedAndInvalidOverridesFailBeforePublication()	passed	0.041
com.wormzjl.createcheme.science.material.MaterialPresetsTest	exampleWholeRecordOverridePreservesAllExistingTransportData()	passed	0.028
com.wormzjl.createcheme.science.material.ViscosityTest	liquidAndGasFitsLoadForTheSameComponentWithoutChangingEquilibriumData()	passed	0.037
com.wormzjl.createcheme.science.material.ViscosityTest	liquidWaterMatchesIndependentIapwsTableEight()	passed	0.001
com.wormzjl.createcheme.science.material.ViscosityTest	malformedFitsFailCatalogLoadingWithAFieldPath()	passed	0.074
com.wormzjl.createcheme.science.material.ViscosityTest	tableNodesAreExactAndMalformedTablesAreRejected()	passed	0.0
com.wormzjl.createcheme.science.material.ViscosityTest	transportFingerprintAndSnapshotTrackViscosityWithoutInvalidatingPrSeeds()	passed	0.067
com.wormzjl.createcheme.science.material.ViscosityTest	unchangedChemicalCurvesMatchIndependentDwsimApiCheckPoints()	passed	0.016
com.wormzjl.createcheme.science.material.ViscosityTest	validityLimitsAndMissingDataAreExplicit()	passed	0.001
com.wormzjl.createcheme.science.thermo.PengRobinson78Test	diluteGasApproachesTheIdealGasLimit()	passed	0.001
com.wormzjl.createcheme.science.thermo.PengRobinson78Test	liquidAndVaporRootsAreSelectedAtAThreeRootState()	passed	0.0
com.wormzjl.createcheme.science.thermo.PengRobinson78Test	methaneReferencePointMatchesPengRobinsonCalculation()	passed	0.0
com.wormzjl.createcheme.science.thermo.PengRobinson78Test	mixtureResidualEnthalpyMatchesFugacityTemperatureDerivative()	passed	0.0
com.wormzjl.createcheme.science.thermo.PengRobinson78Test	propaneLiquidResidualEnthalpyIsMoreNegativeThanVapor()	passed	0.0
com.wormzjl.createcheme.science.thermo.PengRobinson78Test	residualEnthalpyApproachesZeroAtLowPressure()	passed	0.0
com.wormzjl.createcheme.science.thermo.PengRobinson78Test	returnedFugacityVectorCannotMutateTheResult()	passed	0.001
com.wormzjl.createcheme.science.thermo.PengRobinsonKernelRootPrecisionTest	[1] 0.3649214093189222, 0.022388334423851432	passed	0.004
com.wormzjl.createcheme.science.thermo.PengRobinsonKernelRootPrecisionTest	[2] 0.3649214101832813, 0.022388334454425896	passed	0.004
com.wormzjl.createcheme.science.thermo.PengRobinsonKernelRootPrecisionTest	alreadyBackwardAccurateAnalyticRootKeepsItsOriginalBits()	passed	0.001
com.wormzjl.createcheme.science.thermo.PengRobinsonKernelRootPrecisionTest	coalescenceBandPreservesLegacyClassificationWhileNearbyRootsCannotCrossExtrema()	passed	0.002
com.wormzjl.createcheme.science.thermo.PengRobinsonKernelRootPrecisionTest	threePhysicalRootsRetainLiquidVaporOrderingAndSeparation()	passed	0.015
com.wormzjl.createcheme.science.thermo.PengRobinsonKernelRootPrecisionTest	zeroCovolumeBoundaryKeepsTwoRootsAboveTheExistingPhysicalMargin()	passed	0.021
