epoch_ms,online_tick,tick_ms,engine_ms
1790185012604,1,18.5596,0.6023
1790185012649,2,1.0351,0.0288
1790185012694,3,13.8580,0.0250
1790185012734,4,4.5401,0.0223
1790185012785,5,5.5718,0.0282
1790185012835,6,5.5787,0.0304
1790185012885,7,6.6811,0.0306
1790185012935,8,5.0110,0.0331
1790185012980,9,0.6233,0.0275
1790185013036,10,6.2575,0.0297
1790185013080,11,0.6329,0.0268
1790185013130,12,0.7057,0.0267
1790185013180,13,0.5679,0.0233
1790185013230,14,0.5323,0.0253
1790185013279,15,0.4679,0.0226
1790185013330,16,0.3406,0.0139
1790185013380,17,0.2987,0.0092
1790185013430,18,0.3234,0.0112
1790185013480,19,0.2858,0.0087
1790185013529,20,0.8695,0.0089
1790185013580,21,0.3198,0.0092
1790185013630,22,0.3359,0.0083
1790185013680,23,0.3683,0.0089
1790185013730,24,0.2994,0.0087
1790185013779,25,0.3082,0.0132
1790185013830,26,0.3463,0.0098
1790185013880,27,0.3176,0.0092
1790185013929,28,0.2958,0.0082
1790185013980,29,0.2861,0.0078
1790185014030,30,0.3142,0.0086
1790185014080,31,0.2771,0.0086
1790185014130,32,0.2729,0.0084
1790185014179,33,0.2929,0.0086
1790185014230,34,0.3894,0.0134
1790185014280,35,0.4795,0.0133
1790185014329,36,0.2229,0.0105
1790185014380,37,0.2173,0.0092
1790185014430,38,0.2121,0.0093
1790185014480,39,0.2053,0.0086
1790185014530,40,0.2485,0.0093
1790185014579,41,0.2166,0.0088
1790185014630,42,0.2315,0.0094
1790185014680,43,0.5180,0.0097
1790185014730,44,0.2926,0.0094
1790185014780,45,0.1921,0.0085
1790185014829,46,0.2147,0.0201
1790185014880,47,0.2135,0.0198
1790185014930,48,0.2111,0.0086
1790185014979,49,0.2236,0.0090
1790185015030,50,0.2407,0.0154
1790185015080,51,0.2111,0.0107
1790185015130,52,0.1865,0.0092
1790185015180,53,0.2121,0.0114
1790185015230,54,0.1849,0.0095
1790185015280,55,0.3135,0.0168
1790185015330,56,0.2441,0.0111
1790185015381,57,0.2519,0.0109
1790185015430,58,0.2222,0.0110
1790185015481,59,0.6727,0.0378
1790185015530,60,0.4972,0.0290
1790185015579,61,0.4617,0.0268
1790185015630,62,0.2439,0.0124
1790185015679,63,0.2550,0.0149
1790185015730,64,0.2889,0.0126
1790185015780,65,0.3428,0.0123
1790185015830,66,0.2184,0.0111
1790185015879,67,0.1827,0.0094
1790185015930,68,0.3327,0.0169
1790185015980,69,0.1963,0.0104
1790185016030,70,0.2074,0.0114
1790185016080,71,0.1850,0.0092
1790185016130,72,0.2268,0.0115
1790185016180,73,0.2947,0.0161
1790185016230,74,0.2078,0.0108
1790185016280,75,0.2400,0.0128
1790185016330,76,0.2211,0.0276
1790185016380,77,0.2240,0.0133
1790185016430,78,0.3488,0.0181
1790185016480,79,0.2767,0.0163
1790185016530,80,0.3308,0.0109
1790185016581,81,0.2908,0.0117
1790185016630,82,0.1967,0.0097
1790185016680,83,0.2288,0.0170
1790185016730,84,0.3565,0.0109
1790185016780,85,0.8855,0.0296
1790185016830,86,0.5639,0.0304
1790185016880,87,0.3709,0.0151
1790185016930,88,0.1654,0.0125
1790185016980,89,0.1487,0.0112
1790185017030,90,0.1757,0.0119
1790185017080,91,0.1426,0.0110
1790185017130,92,0.1340,0.0101
1790185017180,93,0.1450,0.0103
1790185017229,94,0.1458,0.0099
1790185017280,95,0.1389,0.0103
1790185017330,96,0.2404,0.0178
1790185017379,97,0.1945,0.0142
1790185017430,98,0.1550,0.0116
1790185017480,99,0.1474,0.0106
1790185017530,100,0.1803,0.0111
1790185017579,101,0.1828,0.0104
1790185017630,102,0.3786,0.0107
1790185017680,103,0.1347,0.0101
1790185017730,104,0.1563,0.0102
1790185017780,105,0.1455,0.0096
1790185017830,106,0.1305,0.0094
1790185017880,107,0.1426,0.0098
1790185017930,108,0.1392,0.0092
1790185017980,109,0.1273,0.0094
1790185018030,110,0.1525,0.0092
1790185018079,111,0.1477,0.0093
1790185018130,112,0.1295,0.0090
1790185019491,113,9.3129,7.6936
1790185019492,114,0.4791,0.0222
1790185019492,115,0.1263,0.0115
1790185019499,116,6.6591,6.5880
1790185019499,117,0.2379,0.0186
1790185019499,118,0.0736,0.0100
1790185019499,119,0.0587,0.0085
1790185019500,120,0.4272,0.3628
1790185019500,121,0.2602,0.0129
1790185019500,122,0.0716,0.0086
1790185019500,123,0.0521,0.0080
1790185019500,124,0.2587,0.2137
1790185019500,125,0.0602,0.0087
1790185019500,126,0.0564,0.0078
1790185019500,127,0.0498,0.0078
1790185019501,128,0.8774,0.2407
1790185019502,129,0.0807,0.0096
1790185019502,130,0.1667,0.0128
1790185019502,131,0.0897,0.0107
1790185019502,132,0.3555,0.2795
1790185019502,133,0.0873,0.0096
1790185019502,134,0.0789,0.0088
1790185019503,135,0.0530,0.0086
1790185019503,136,0.3318,0.2762
1790185019503,137,0.0956,0.0113
1790185019503,138,0.0804,0.0099
1790185019503,139,0.1508,0.0151
1790185019530,140,0.7055,0.3441
1790185019581,141,1.8520,0.0399
1790185019634,142,2.8718,0.0419
1790185019686,143,4.2600,0.1398
1790185019752,144,5.0875,0.6586
1790185019841,145,0.8532,0.0674
1790185019842,146,0.4135,0.0270
1790185019936,147,21.5329,2.9575
1790185019953,148,4.8824,0.4825
1790185019995,149,0.6697,0.0444
1790185020045,150,8.5047,0.0466
1790185020081,151,0.6263,0.0445
1790185020145,152,11.2924,3.7830
1790185020194,153,0.6464,0.0667
1790185020235,154,0.6306,0.0442
1790185020296,155,4.9059,0.0427
1790185020334,156,2.1009,0.2926
1790185020395,157,0.7701,0.0972
1790185020436,158,6.4324,0.0644
1790185020481,159,0.8006,0.0505
1790185020544,160,0.9404,0.3275
1790185020581,161,0.7083,0.0445
1790185020630,162,0.6083,0.0441
1790185020687,163,0.7125,0.0475
1790185020734,164,0.9457,0.3274
1790185020782,165,0.7568,0.2222
1790185020831,166,0.6048,0.0459
1790185020884,167,3.3533,0.0483
1790185020932,168,1.0215,0.3642
1790185021008,169,21.2499,0.5841
1790185021033,170,0.6985,0.0465
1790185021086,171,2.2747,0.0529
1790185021132,172,2.1333,3.3013
1790185021189,173,2.2739,0.4366
1790185021236,174,0.6406,7.7582
1790185021293,175,3.3450,0.0478
1790185021336,176,2.1506,0.9170
1790185021419,177,14.3517,17.4313
1790185021432,178,0.7019,0.0570
1790185021504,179,22.6331,10.4049
1790185021537,180,5.1643,3.6179
1790185021580,181,0.5665,0.0457
1790185021630,182,0.5936,0.0684
1790185021680,183,0.5201,0.0469
1790185021731,184,1.5231,0.2526
1790185021781,185,1.6223,0.0466
1790185021830,186,0.6166,0.0491
1790185021891,187,0.8404,0.2311
1790185021931,188,0.8920,0.2944
1790185021984,189,0.4531,0.0433
1790185022034,190,0.6754,0.0525
1790185022080,191,0.4587,0.0487
1790185022135,192,0.9380,0.3641
1790185022180,193,0.5009,0.0504
1790185022233,194,0.4764,0.0670
1790185022280,195,0.5240,0.0794
1790185022337,196,0.7560,0.3292
1790185022390,197,0.4511,0.0433
1790185022430,198,0.4265,0.0437
1790185022480,199,0.4183,0.4020
1790185022530,200,0.7964,0.9425
1790185022580,201,0.5470,0.0483
1790185022630,202,0.7522,1.0928
1790185022681,203,1.7230,0.0885
1790185022737,204,8.8810,0.7960
1790185022786,205,5.8299,0.2753
1790185022833,206,1.5235,14.1996
1790185022885,207,5.1415,0.0427
1790185022930,208,0.7861,0.8718
1790185022981,209,2.4339,0.0400
1790185023030,210,0.5769,0.0690
1790185023080,211,0.5856,0.0752
1790185023130,212,0.7202,0.3445
1790185023180,213,0.5288,0.0537
1790185023230,214,0.5399,0.0415
1790185023279,215,0.4230,0.0496
1790185023330,216,0.6265,0.2044
1790185023380,217,0.3959,0.0406
1790185023430,218,0.4795,0.0490
1790185023480,219,0.4960,0.0396
1790185023530,220,0.6572,0.2563
1790185023580,221,0.4319,0.0409
1790185023630,222,0.5043,0.0523
1790185023680,223,0.4211,0.0426
1790185023730,224,0.7424,0.9902
1790185023780,225,0.4155,0.3624
1790185023830,226,0.5166,0.0447
1790185023880,227,0.4626,0.4987
1790185023930,228,0.7177,0.6940
1790185023980,229,0.4809,0.1353
1790185024030,230,0.4456,0.8724
1790185024080,231,0.3896,0.9907
1790185024130,232,0.6294,0.2657
1790185024180,233,0.3265,0.3075
1790185024230,234,0.4923,0.0315
1790185024279,235,0.4090,0.0316
1790185024330,236,0.5329,0.1866
1790185024380,237,0.4140,0.0313
1790185024430,238,0.4123,0.0399
1790185024480,239,0.4381,0.0799
1790185024530,240,0.7148,0.2695
1790185024579,241,0.5098,0.0594
1790185024630,242,0.3975,0.0289
1790185024680,243,0.4544,0.0450
1790185024730,244,0.6502,0.2660
1790185024780,245,0.4283,0.0449
1790185024830,246,0.3940,0.0289
1790185024880,247,0.3968,0.3945
1790185024930,248,0.6348,1.0306
1790185024980,249,0.5283,0.0296
1790185025030,250,0.4916,0.0292
1790185025080,251,0.4186,0.6860
1790185025129,252,0.5419,0.1708
1790185025180,253,0.3901,0.6064
1790185025230,254,0.4195,0.0326
1790185025279,255,0.4448,0.8946
1790185025330,256,0.7064,0.4776
1790185025380,257,0.5114,0.0431
1790185025430,258,0.3737,0.0308
1790185025480,259,0.3904,0.0497
1790185025530,260,0.5563,0.2445
1790185025580,261,0.3822,0.0285
1790185025630,262,0.3798,0.0259
1790185025679,263,0.3208,0.0402
1790185025730,264,0.5691,0.2271
1790185025780,265,0.3783,0.0269
1790185025830,266,0.4058,0.0375
1790185025879,267,0.3740,0.0362
1790185025930,268,0.5382,0.1898
1790185025980,269,0.4140,0.0391
1790185026030,270,0.3889,0.6795
1790185026080,271,0.3824,0.3419
1790185026130,272,0.5621,0.2199
1790185026179,273,0.3741,0.4968
1790185026231,274,0.3725,0.0262
1790185026280,275,0.3999,0.0333
1790185026330,276,0.5659,0.5193
1790185026379,277,0.3137,0.3058
1790185026430,278,0.4210,0.9986
1790185026479,279,0.3691,0.3068
1790185026529,280,0.6063,0.2196
1790185026580,281,0.3736,0.0267
1790185026630,282,0.3192,0.0235
1790185026680,283,0.3678,0.0278
1790185026730,284,0.5567,0.2202
1790185026780,285,0.3725,0.0261
1790185026829,286,0.4168,0.0525
1790185026880,287,0.4147,0.0670
1790185026930,288,0.5713,0.2214
1790185026979,289,0.3667,0.0268
1790185027030,290,0.4149,0.0364
1790185027080,291,0.3910,0.0270
1790185027130,292,0.5361,0.1869
1790185027179,293,0.3939,0.3224
1790185027230,294,0.5146,0.4870
1790185027279,295,0.4222,0.0346
1790185027330,296,0.5982,0.8127
1790185027380,297,0.3785,0.0284
1790185027430,298,0.4179,0.6110
1790185027480,299,0.4821,0.0345
1790185027530,300,0.6272,0.7262
1790185027579,301,0.5320,0.3794
1790185027630,302,0.4089,0.0281
1790185027680,303,0.5946,0.3057
1790185027730,304,0.5475,0.2401
1790185027779,305,0.3460,0.0261
1790185027829,306,0.3626,0.0272
1790185027880,307,0.3595,0.0279
1790185027930,308,0.6566,0.3490
1790185027980,309,0.3807,0.0423
1790185028030,310,0.3908,0.0335
1790185028079,311,0.3461,0.0263
1790185028130,312,0.5228,0.2101
1790185028180,313,0.3770,0.0271
1790185028230,314,0.3664,0.0276
1790185028280,315,0.3838,0.0356
1790185028329,316,0.5381,0.5813
1790185028380,317,0.3437,0.4073
1790185028429,318,0.3262,0.6054
1790185028480,319,0.3352,0.2838
1790185028530,320,0.5753,0.4766
1790185028580,321,0.3445,0.3350
1790185028630,322,0.3305,0.0262
1790185028692,323,0.3338,0.5964
1790185028730,324,0.5280,0.4985
1790185028780,325,0.3522,0.3168
1790185028830,326,0.3596,0.0276
1790185028880,327,0.3461,0.3045
1790185028929,328,0.5493,0.2327
1790185028979,329,0.3388,0.0270
1790185029030,330,0.4169,0.0258
1790185029080,331,0.3471,0.0274
1790185029130,332,0.5243,0.2107
1790185029180,333,0.3467,0.0378
1790185029230,334,0.3737,0.0272
1790185029280,335,0.3855,0.0658
1790185029331,336,0.5357,0.2037
1790185029380,337,0.3581,0.0404
1790185029430,338,0.3591,0.2921
1790185029480,339,0.3696,0.0347
1790185029530,340,0.5676,0.7874
1790185029580,341,0.3389,0.0274
1790185029630,342,0.3517,2.0435
1790185029680,343,0.3281,0.3210
1790185029730,344,0.5261,0.1961
1790185029780,345,0.3502,0.3292
1790185029829,346,0.3856,0.3492
1790185029880,347,0.3503,0.6463
1790185029930,348,0.5366,0.5227
1790185029980,349,0.3819,0.0305
1790185030030,350,0.3882,0.2816
1790185030080,351,0.3647,0.0297
1790185030130,352,0.5590,0.2279
1790185030180,353,0.3725,0.0289
1790185030230,354,0.3834,0.0304
1790185030280,355,0.3469,0.0305
1790185030330,356,0.5548,0.2211
1790185030380,357,0.3645,0.0357
1790185030430,358,0.3800,0.0327
1790185030480,359,0.4479,0.0399
1790185030530,360,0.6178,0.2547
1790185030581,361,0.3652,0.0310
1790185030630,362,0.4008,0.3525
1790185030680,363,0.3531,0.0337
1790185030730,364,0.6282,0.7293
1790185030780,365,0.3540,0.0305
1790185030829,366,0.4292,0.0364
1790185030880,367,0.3420,1.5880
1790185030930,368,0.5559,1.7710
1790185030980,369,0.3610,0.0266
1790185031030,370,0.4296,0.6314
1790185031080,371,0.3654,0.3985
1790185031130,372,0.5248,1.0650
1790185031180,373,0.3725,0.4322
1790185031230,374,0.4070,0.0276
1790185031280,375,0.3797,0.0303
1790185031330,376,0.5227,0.2007
1790185031380,377,0.3651,0.0348
1790185031430,378,0.3729,0.0270
1790185031480,379,0.3620,0.0350
1790185031529,380,0.5593,0.2057
1790185031580,381,0.3630,0.0383
1790185031630,382,0.4037,0.0320
1790185031679,383,0.4297,0.0273
1790185031730,384,0.6842,0.2266
1790185031780,385,0.4877,0.4333
1790185031831,386,0.5031,0.0386
1790185031880,387,0.3554,0.0731
1790185031930,388,0.5801,0.8462
1790185031980,389,0.3729,0.4582
1790185032030,390,0.3481,0.3966
1790185032079,391,0.3128,0.3970
1790185032130,392,0.5816,0.2885
1790185032180,393,0.3059,0.5434
1790185032229,394,0.3225,0.8413
1790185032280,395,0.3032,0.5331
1790185032330,396,0.5099,0.5402
1790185032380,397,0.3014,0.0259
1790185032430,398,0.3151,0.0253
1790185032480,399,0.3455,0.0267
1790185032530,400,0.5465,0.2054
1790185032580,401,0.3269,0.0301
1790185032630,402,0.3320,0.0285
1790185032680,403,0.2688,0.0306
1790185032730,404,0.6643,0.1947
1790185032780,405,0.3847,0.0278
1790185032830,406,0.3848,0.0323
1790185032880,407,0.3421,0.0311
1790185032930,408,0.5363,0.5587
1790185032980,409,0.2941,0.0319
1790185033030,410,0.3136,0.7959
1790185033080,411,0.3458,0.0341
1790185033130,412,0.5445,0.2570
1790185033179,413,0.3017,0.3891
1790185033230,414,0.3368,0.6523
1790185033280,415,0.3195,0.3795
1790185033330,416,0.5165,0.2348
1790185033380,417,0.3498,0.7264
1790185033430,418,0.2675,0.2754
1790185033480,419,0.3038,0.5682
1790185033530,420,0.5148,0.1971
1790185033579,421,0.3058,0.0263
1790185033630,422,0.3218,0.0268
1790185033680,423,0.3512,0.0314
1790185033730,424,0.4744,0.1997
1790185033780,425,0.3225,0.0255
1790185033830,426,0.2882,0.0272
1790185033880,427,0.3343,0.0324
1790185033930,428,0.4629,0.1655
1790185033980,429,0.3703,0.0345
1790185034030,430,0.3570,0.0316
1790185034080,431,0.3189,0.3279
1790185034130,432,0.4550,0.5014
1790185034180,433,0.3081,0.0309
1790185034230,434,0.3282,0.0335
1790185034280,435,0.3367,0.2988
1790185034330,436,0.4548,0.7601
1790185034380,437,0.3001,0.3474
1790185034429,438,0.3242,0.3388
1790185034480,439,0.3196,0.0259
1790185034529,440,0.5365,0.9840
1790185034579,441,0.3190,0.0280
1790185034630,442,0.3091,0.6560
1790185034680,443,0.2982,0.0260
1790185034730,444,0.4862,0.1938
1790185034780,445,0.3180,0.0256
1790185034830,446,0.3307,0.0256
1790185034879,447,0.3505,0.0364
1790185034930,448,0.5503,0.2542
1790185034980,449,0.3635,0.0633
1790185035030,450,0.3540,0.0259
1790185035080,451,0.3106,0.0255
1790185035130,452,0.6643,0.3816
1790185035179,453,0.3177,0.0407
1790185035230,454,0.3213,0.3021
1790185035279,455,0.3118,0.3268
1790185035330,456,0.4520,0.1687
1790185035380,457,0.3078,0.3525
1790185035430,458,0.3358,0.3409
1790185035480,459,0.3247,0.3355
1790185035530,460,0.4612,0.4681
1790185035580,461,0.2974,1.2060
1790185035631,462,1.2152,0.3337
1790185035680,463,0.3144,0.6185
1790185035729,464,0.4783,0.1968
1790185035780,465,0.3211,0.3186
1790185035830,466,0.3405,0.3422
1790185035880,467,0.3099,0.0268
1790185035930,468,0.4833,0.1908
1790185035980,469,0.3182,0.0271
1790185036029,470,0.4206,0.0333
1790185036080,471,0.3242,0.0315
1790185036130,472,0.4589,0.1743
1790185036180,473,0.2948,0.0244
1790185036230,474,0.3219,0.0321
1790185036280,475,0.3277,0.0313
1790185036330,476,0.4781,0.1677
1790185036380,477,0.3531,0.3531
1790185036430,478,0.3243,0.2955
1790185036480,479,0.3168,0.0340
1790185036530,480,0.4911,0.6895
1790185036580,481,0.3148,0.0334
1790185036630,482,0.4397,0.0286
1790185036680,483,0.5700,0.2857
1790185036730,484,0.4505,0.7847
1790185036780,485,0.2761,0.2808
1790185036829,486,0.3789,0.0278
1790185036880,487,0.3084,0.3246
1790185036930,488,0.4751,0.6838
1790185036980,489,0.3078,0.0318
1790185037030,490,0.3814,0.0262
1790185037080,491,0.3129,0.0254
1790185037130,492,0.4828,0.2051
1790185037180,493,0.3560,0.0374
1790185037230,494,0.3486,0.0303
1790185037280,495,0.3131,0.0256
1790185037330,496,0.4215,0.1850
1790185037379,497,0.2650,0.0298
1790185037430,498,0.2960,0.0340
1790185037480,499,0.3295,0.0292
1790185037531,500,0.4837,0.7692
1790185037579,501,0.3144,0.0316
1790185037630,502,0.3424,0.3477
1790185037680,503,0.3038,0.0261
1790185037730,504,0.4549,0.7246
1790185037780,505,0.4923,0.3391
1790185037830,506,0.3086,0.5862
1790185037880,507,0.2996,0.3226
1790185037929,508,0.4448,0.4772
1790185037981,509,0.2983,0.3261
1790185038030,510,0.3499,0.0245
1790185038080,511,0.3406,0.6058
1790185038130,512,0.4636,0.1592
1790185038180,513,0.3799,0.0671
1790185038230,514,0.3095,0.0189
1790185038280,515,0.3104,0.0184
1790185038330,516,0.5219,0.2044
1790185038380,517,0.3065,0.0246
1790185038429,518,0.2622,0.0158
1790185038479,519,0.2999,0.0238
1790185038530,520,0.4818,0.1512
1790185038580,521,0.2880,0.0164
1790185038631,522,0.3237,0.0228
1790185038680,523,0.2990,0.6022
1790185038730,524,0.4475,0.1663
1790185038779,525,0.2672,0.0168
1790185038829,526,0.3289,0.2966
1790185038880,527,0.3535,0.3125
1790185038930,528,0.4829,0.6753
1790185038980,529,0.3068,0.0219
1790185039030,530,0.3884,0.4725
1790185039080,531,0.2870,1.2017
1790185039130,532,0.6015,0.3080
1790185039180,533,0.2912,0.6281
1790185039230,534,0.3541,0.3445
1790185039280,535,0.3079,0.0179
1790185039329,536,0.4553,0.1645
1790185039380,537,0.2968,0.0193
1790185039430,538,0.3531,0.0180
1790185039480,539,0.3645,0.0234
1790185039530,540,0.5071,0.1537
1790185039580,541,0.3060,0.3282
1790185039630,542,0.3201,0.5603
1790185039679,543,0.3076,0.0256
1790185039730,544,0.4623,0.1700
1790185039780,545,0.3159,0.2684
1790185039829,546,0.3207,0.3197
1790185039880,547,0.3102,0.0279
1790185039929,548,0.4622,0.1854
1790185039980,549,0.3039,0.0223
1790185040030,550,0.3175,0.8041
1790185040080,551,0.2901,0.3021
1790185040130,552,0.4715,1.0388
1790185040180,553,0.2920,0.2971
1790185040230,554,0.3217,0.0170
1790185040280,555,0.3156,0.3514
1790185040330,556,0.4374,0.4449
1790185040380,557,0.3403,0.3428
1790185040430,558,0.2505,0.0161
1790185040480,559,0.5574,0.5888
1790185040530,560,0.7174,0.8163
1790185040580,561,0.2990,0.3288
1790185040630,562,0.3311,0.3314
1790185040680,563,0.5999,0.3011
1790185040730,564,0.4835,0.4943
1790185040780,565,0.3180,0.3400
1790185040830,566,0.2911,0.0197
1790185040880,567,0.3106,0.3382
1790185040930,568,0.4355,0.1540
1790185040980,569,0.3016,1.1277
1790185041029,570,0.3727,0.2987
1790185041080,571,0.2996,0.6826
1790185041130,572,0.4054,0.5426
1790185041180,573,0.2496,0.3344
1790185041230,574,0.3768,0.3254
1790185041280,575,0.3178,0.3077
1790185041330,576,0.4760,0.1923
1790185041380,577,0.2997,0.3269
1790185041430,578,0.2710,0.0213
1790185041480,579,0.2878,1.1834
1790185041530,580,0.4901,1.0676
1790185041580,581,0.3056,0.3351
1790185041629,582,0.3067,0.2705
1790185041680,583,0.3213,0.0234
1790185041730,584,0.4726,0.6902
1790185041780,585,0.3127,0.0229
1790185041830,586,0.3847,0.0216
1790185041880,587,0.3083,0.3434
1790185041930,588,0.4524,0.9661
1790185041980,589,0.2959,0.6479
1790185042030,590,0.3405,0.6603
1790185042080,591,0.3169,0.3341
1790185042130,592,0.4179,0.5061
1790185042180,593,0.3386,0.3307
1790185042230,594,0.2975,0.3128
1790185042279,595,0.3105,0.0228
1790185042330,596,0.5065,0.2336
1790185042380,597,0.3091,0.4708
1790185042430,598,0.3366,0.5849
1790185042480,599,0.4382,0.6083
1790185042530,600,0.5519,0.8222
1790185042583,601,3.0182,0.3121
1790185042630,602,0.3320,0.6269
1790185042680,603,0.3131,0.2971
1790185042729,604,0.4842,0.1934
1790185042780,605,0.3185,0.0240
1790185042830,606,0.4420,0.5204
1790185042879,607,0.3386,0.3385
1790185042930,608,0.4228,0.9852
1790185042980,609,0.3517,0.0308
1790185043030,610,0.3456,0.6244
1790185043080,611,0.2950,0.2886
1790185043130,612,0.7264,1.0324
1790185043180,613,0.3308,0.0372
1790185043230,614,0.3326,0.0254
1790185043280,615,0.3608,0.0336
1790185043330,616,0.6118,0.6417
1790185043380,617,0.3144,0.5361
1790185043430,618,0.3269,0.6993
1790185043480,619,0.2943,0.3667
1790185043530,620,0.5158,0.5397
1790185043580,621,0.3167,0.6003
1790185043630,622,0.3364,0.9143
1790185043680,623,0.2951,0.6575
1790185043730,624,0.4533,0.8156
1790185043780,625,0.2922,0.4064
1790185043829,626,0.3139,1.3997
1790185043880,627,0.3700,1.3669
1790185043930,628,0.8395,1.7928
1790185043980,629,0.2804,1.5980
1790185044030,630,0.2674,1.3038
1790185044080,631,0.2786,1.5543
1790185044130,632,0.7048,1.7594
1790185044180,633,0.3162,1.2705
1790185044229,634,0.3056,1.4563
1790185044280,635,0.2971,1.1157
1790185044330,636,0.5446,1.5205
1790185044380,637,0.3000,0.9535
1790185044430,638,0.3258,0.6113
1790185044486,639,0.3996,3.4630
1790185044530,640,0.7618,0.6155
1790185044581,641,0.3813,1.3862
1790185044630,642,0.3087,0.5498
1790185044680,643,0.2928,1.0392
1790185044730,644,0.5209,1.2031
1790185044780,645,0.3401,0.6325
1790185044829,646,0.3232,1.1076
1790185044880,647,0.2785,0.8418
1790185044930,648,0.4936,1.1056
1790185044980,649,0.2388,0.8008
1790185045030,650,0.3668,0.8546
1790185045080,651,0.3124,0.8391
1790185045130,652,0.4829,1.0886
1790185045180,653,0.3275,0.8177
1790185045230,654,0.2526,0.8194
1790185045280,655,0.2917,0.8414
1790185045330,656,0.5104,1.3129
1790185045381,657,0.3335,0.8024
1790185045430,658,0.3220,1.1636
1790185045480,659,0.3126,0.5908
1790185045531,660,0.5896,1.5654
1790185045580,661,0.3204,0.5709
1790185045630,662,0.3195,1.0450
1790185045680,663,0.3289,0.5173
1790185045730,664,0.4948,1.5787
1790185045780,665,0.3495,0.7482
1790185045830,666,0.3891,2.3070
1790185045880,667,0.3133,2.3038
1790185045930,668,0.5238,4.1415
1790185045981,669,0.4504,2.1841
1790185046031,670,0.6947,6.6539
1790185046081,671,0.9937,3.1272
1790185046130,672,0.7573,2.7863
1790185046180,673,0.4281,2.4527
1790185046230,674,0.5492,3.0299
1790185046280,675,0.2151,0.1173
1790185046329,676,0.3092,0.1428
1790185046380,677,0.1635,0.0108
1790185046430,678,0.1621,0.0095
1790185046479,679,0.1441,0.0095
1790185046530,680,0.2773,0.1372
1790185046579,681,0.0970,0.0068
1790185046630,682,0.1063,0.0065
1790185046680,683,0.0916,0.0064
1790185046730,684,0.2136,0.1292
1790185046781,685,0.1194,0.0056
1790185046830,686,0.1216,0.0066
1790185046881,687,0.0884,0.0054
1790185046930,688,0.1982,0.1252
1790185046980,689,0.1377,0.0086
1790185047030,690,0.1815,0.0098
1790185047080,691,0.1087,0.0075
1790185047130,692,0.2325,0.1338
1790185047180,693,0.0911,0.0066
1790185047230,694,0.0947,0.0056
1790185047280,695,0.1581,0.0077
1790185047330,696,0.1908,0.1203
1790185047380,697,0.0762,0.0044
1790185047430,698,0.1082,0.0052
1790185047480,699,0.0854,0.0051
1790185047530,700,0.2232,0.1247
1790185047581,701,0.0731,0.0040
1790185047630,702,0.0881,0.0039
1790185047681,703,0.0920,0.0038
1790185047730,704,0.2325,0.1303
1790185047781,705,0.0895,0.0091
1790185047830,706,0.0887,0.0035
1790185047881,707,0.1969,0.0035
1790185047929,708,0.1971,0.1252
1790185047981,709,0.0810,0.0039
1790185048030,710,0.1044,0.0040
1790185048081,711,0.1218,0.0248
1790185048130,712,0.2280,0.1447
1790185048180,713,0.0880,0.0143
1790185048230,714,0.0939,0.0049
1790185048280,715,0.0860,0.0034
1790185048330,716,0.2033,0.1203
1790185048380,717,0.0769,0.0033
1790185048430,718,0.0980,0.0038
1790185048480,719,0.0904,0.0042
1790185048530,720,0.2223,0.1236
1790185048581,721,0.0745,0.0039
1790185048631,722,0.0855,0.0033
1790185048681,723,0.0752,0.0036
1790185048730,724,0.1956,0.1244
1790185048780,725,0.0866,0.0032
1790185048830,726,0.0924,0.0036
1790185048881,727,0.0748,0.0033
1790185048930,728,0.1980,0.1277
1790185048980,729,0.0766,0.0037
1790185049030,730,0.0986,0.0033
1790185049080,731,0.1297,0.0073
1790185049130,732,0.2502,0.1416
1790185049179,733,0.0908,0.0054
1790185049230,734,0.0925,0.0047
1790185049281,735,0.0962,0.0046
1790185049330,736,0.2155,0.1427
1790185049380,737,0.0798,0.0039
1790185049430,738,0.0998,0.0043
1790185049480,739,0.3651,0.2640
1790185049530,740,0.4853,2.1398
1790185049580,741,0.1805,1.0062
1790185049630,742,0.1320,0.0048
1790185049680,743,0.1081,0.0042
1790185049730,744,0.2160,0.1149
1790185049780,745,0.1067,0.0041
1790185049830,746,0.1112,0.0042
1790185049880,747,0.0987,0.0038
1790185049930,748,0.1993,0.1147
1790185049980,749,0.0961,0.0033
1790185050030,750,0.1214,0.0035
1790185050080,751,0.1809,0.0079
1790185050130,752,0.2292,0.1319
1790185050180,753,0.0912,0.0046
1790185050230,754,0.0946,0.0040
1790185050280,755,0.1036,0.0037
1790185050330,756,0.2015,0.1214
1790185050380,757,0.0769,0.0038
1790185050430,758,0.0933,0.0039
1790185050480,759,0.1483,0.0079
1790185050531,760,0.3438,0.1579
1790185050580,761,0.0997,0.0070
1790185050630,762,0.1004,0.0065
1790185050680,763,0.0897,0.0063
1790185050730,764,0.2260,0.1387
1790185050780,765,0.0935,0.0050
1790185050830,766,0.2061,0.0112
1790185050880,767,0.2015,0.0122
1790185050931,768,0.3541,0.1722
1790185050980,769,0.1506,0.0090
1790185051030,770,0.1891,0.0090
1790185051080,771,0.1158,0.0076
1790185051130,772,0.2752,0.1431
1790185051180,773,0.1208,0.0077
1790185051230,774,0.1177,0.0074
1790185051280,775,0.1100,0.0065
1790185051330,776,0.2314,0.1358
1790185051380,777,0.0970,0.0057
1790185051430,778,0.1199,0.0058
1790185051479,779,0.1506,0.0591
1790185051530,780,0.2508,0.1380
1790185051580,781,0.0862,0.0054
1790185051630,782,0.0931,0.0048
1790185051680,783,0.0958,0.0043
1790185051730,784,0.1951,0.1202
1790185051780,785,0.0880,0.0036
1790185051830,786,0.0852,0.0034
1790185051880,787,0.0785,0.0035
1790185051930,788,0.2061,0.1188
1790185051979,789,0.0911,0.0037
1790185052030,790,0.1991,0.0098
1790185052079,791,0.1153,0.0075
1790185052130,792,0.2723,0.1445
1790185052180,793,0.1032,0.0067
1790185052230,794,0.1326,0.0064
1790185052280,795,0.1112,0.0062
1790185052330,796,0.2569,0.1697
1790185052380,797,0.0934,0.0056
1790185052430,798,0.1204,0.0058
1790185052480,799,0.0881,0.0049
1790185052530,800,0.2350,0.1270
1790185052580,801,0.0981,0.0048
1790185052630,802,0.1555,0.0071
1790185052680,803,0.0834,0.0042
1790185052730,804,0.2060,0.1270
1790185052779,805,0.1061,0.0046
1790185052830,806,0.0851,0.0041
1790185052880,807,0.0778,0.0041
1790185052930,808,0.3250,0.1268
1790185052980,809,0.0752,0.0033
1790185053029,810,0.0922,0.0033
1790185053079,811,0.0924,0.0038
1790185053130,812,0.2728,0.1466
1790185053179,813,0.0964,0.0058
1790185053230,814,0.1021,0.0058
1790185053279,815,0.0946,0.0053
1790185053330,816,0.2111,0.1275
1790185053380,817,0.0982,0.0041
1790185053430,818,0.0852,0.0041
1790185053480,819,0.1919,0.0110
1790185053529,820,0.3230,0.1500
1790185053580,821,0.1580,0.0093
1790185053630,822,0.1326,0.0164
1790185053680,823,0.1055,0.0077
1790185053730,824,0.2314,0.1396
1790185053780,825,0.1118,0.0062
1790185053830,826,0.0993,0.0062
1790185053880,827,0.0891,0.0057
1790185053929,828,0.2313,0.1339
1790185053980,829,0.1080,0.0050
1790185054030,830,0.1021,0.0049
1790185054080,831,0.1169,0.0068
1790185054130,832,0.2917,0.1461
1790185054180,833,0.1041,0.0074
1790185054230,834,0.1741,0.0094
1790185054279,835,0.1967,0.0104
1790185054330,836,0.3134,0.1468
1790185054380,837,0.1368,0.0085
1790185054431,838,0.1298,0.0078
1790185054479,839,0.4675,0.3681
1790185054530,840,0.5290,4.6523
1790185054580,841,0.1847,0.9082
1790185054630,842,0.1258,0.0041
1790185054679,843,0.1088,0.0047
1790185054731,844,0.2265,0.1196
1790185054780,845,0.1144,0.0046
1790185054830,846,0.1092,0.0041
1790185054880,847,0.1067,0.0039
1790185054930,848,0.2066,0.1201
1790185054980,849,0.0884,0.0039
1790185055030,850,0.1096,0.0034
1790185055080,851,0.1243,0.0045
1790185055130,852,0.2170,0.1338
1790185055180,853,0.1848,0.0113
1790185055230,854,0.1408,0.0083
1790185055280,855,0.1218,0.0078
1790185055330,856,0.2381,0.1432
1790185055380,857,0.1145,0.0077
1790185055430,858,0.1423,0.0075
1790185055480,859,0.1292,0.0068
1790185055530,860,0.2653,0.1407
1790185055580,861,0.0899,0.0057
1790185055630,862,0.1015,0.0060
1790185055680,863,0.0870,0.0050
1790185055730,864,0.2039,0.1281
1790185055780,865,0.0955,0.0045
1790185055829,866,0.0868,0.0039
1790185055880,867,0.0785,0.0041
1790185055930,868,0.1946,0.1236
1790185055980,869,0.0905,0.0040
1790185056029,870,0.1055,0.0032
1790185056080,871,0.0897,0.0040
1790185056129,872,0.2158,0.1330
1790185056180,873,0.1686,0.0144
1790185056230,874,0.1754,0.0141
1790185056280,875,0.1610,0.0094
1790185056330,876,0.2534,0.1371
1790185056380,877,0.1049,0.0073
1790185056430,878,0.1183,0.0067
1790185056480,879,0.1233,0.0331
1790185056530,880,0.2552,0.1396
1790185056580,881,0.0891,0.0062
1790185056630,882,0.1084,0.0055
1790185056679,883,0.0843,0.0056
1790185056730,884,0.2075,0.1317
1790185056780,885,0.0878,0.0046
1790185056829,886,0.0911,0.0041
1790185056880,887,0.0946,0.0038
1790185056930,888,0.2318,0.1236
1790185056980,889,0.1142,0.0038
1790185057031,890,0.0970,0.0040
1790185057080,891,0.1404,0.0078
1790185057130,892,0.2420,0.1403
1790185057180,893,0.1180,0.0060
1790185057230,894,0.1252,0.0063
1790185057279,895,0.0978,0.0056
1790185057330,896,0.2494,0.1374
1790185057381,897,0.1405,0.0058
1790185057430,898,0.1142,0.0055
1790185057480,899,0.1652,0.0106
1790185057530,900,0.2822,0.1394
1790185057580,901,0.1064,0.0078
1790185057630,902,0.1058,0.0061
1790185057680,903,0.1018,0.0067
1790185057730,904,0.2226,0.1388
1790185057781,905,0.1594,0.0085
1790185057830,906,0.0956,0.0057
1790185057880,907,0.1445,0.0075
1790185057930,908,0.2019,0.1249
1790185057980,909,0.5655,0.0047
1790185058029,910,0.1120,0.0044
1790185058080,911,0.0756,0.0042
1790185058130,912,0.2025,0.1235
1790185058180,913,0.0777,0.0074
1790185058230,914,0.1256,0.0059
1790185058280,915,0.1012,0.0080
1790185058330,916,0.2216,0.1329
1790185058379,917,0.0792,0.0045
1790185058430,918,0.3562,0.0054
1790185058480,919,0.0888,0.0046
1790185058530,920,0.2238,0.1275
1790185058580,921,0.0736,0.0043
1790185058630,922,0.0816,0.0035
1790185058680,923,0.0889,0.0077
1790185058730,924,0.2169,0.1319
1790185058780,925,0.0937,0.0039
1790185058830,926,0.0834,0.0040
1790185058880,927,0.0732,0.0034
1790185058930,928,0.1933,0.1240
1790185058980,929,0.2645,0.1952
1790185059031,930,0.3309,2.0214
1790185059079,931,0.1737,1.0046
1790185059130,932,0.2640,0.1147
1790185059179,933,0.1170,0.0050
1790185059230,934,0.1741,0.0074
1790185059280,935,0.1155,0.0062
1790185059330,936,0.2320,0.1339
1790185059379,937,0.0959,0.0054
1790185059429,938,0.1088,0.0055
1790185059480,939,0.0919,0.0049
1790185059530,940,0.2560,0.1301
1790185059580,941,0.0834,0.0042
1790185059630,942,0.0913,0.0043
1790185059680,943,0.0804,0.0045
1790185059729,944,0.2057,0.1249
1790185059780,945,0.0887,0.0039
1790185059830,946,0.0871,0.0038
1790185059879,947,0.1022,0.0039
1790185059930,948,0.1977,0.1261
1790185059980,949,0.0734,0.0035
1790185060029,950,0.0925,0.0034
1790185060080,951,0.0722,0.0035
1790185060130,952,0.1924,0.1188
1790185060180,953,0.0758,0.0036
1790185060230,954,0.1313,0.0068
1790185060280,955,0.0952,0.0053
1790185060330,956,0.2120,0.1353
1790185060380,957,0.0974,0.0052
1790185060430,958,0.1544,0.0078
1790185060479,959,0.1275,0.0074
1790185060530,960,0.3037,0.1360
1790185060580,961,0.0921,0.0063
1790185060630,962,0.0966,0.0058
1790185060680,963,0.0909,0.0052
1790185060730,964,0.2593,0.1672
1790185060780,965,0.0925,0.0048
1790185060830,966,0.0929,0.0048
1790185060880,967,0.0755,0.0040
1790185060930,968,0.3738,0.1968
1790185060980,969,0.2110,0.0338
1790185061030,970,0.2059,0.0190
1790185061080,971,0.1274,0.0091
1790185061130,972,0.2435,0.1438
1790185061180,973,0.1085,0.0081
1790185061230,974,0.1499,0.0095
1790185061280,975,0.1187,0.0079
1790185061330,976,0.2338,0.1352
1790185061380,977,0.1047,0.0069
1790185061430,978,0.1580,0.0102
1790185061480,979,0.1905,0.0123
1790185061530,980,0.3492,0.1468
1790185061580,981,0.1701,0.0113
1790185061630,982,0.1703,0.0101
1790185061680,983,0.1465,0.0098
1790185061730,984,0.2927,0.1613
1790185061781,985,0.1431,0.0091
1790185061830,986,0.1537,0.0098
1790185061880,987,0.1196,0.0086
1790185061929,988,0.2640,0.1524
1790185061980,989,0.1074,0.0075
1790185062029,990,0.1225,0.0073
1790185062080,991,0.0977,0.0066
1790185062130,992,0.2177,0.1343
1790185062180,993,0.1466,0.0088
1790185062230,994,0.1151,0.0079
1790185062279,995,0.1459,0.0082
1790185062330,996,0.2354,0.1398
1790185062380,997,0.0955,0.0068
1790185062430,998,0.1074,0.0057
1790185062480,999,0.0981,0.0067
1790185062531,1000,0.2827,0.1375
1790185062580,1001,0.1138,0.0078
1790185062630,1002,0.0959,0.0057
1790185062680,1003,0.0846,0.0055
1790185062730,1004,0.2023,0.1269
1790185062780,1005,0.0949,0.0061
1790185062830,1006,0.0929,0.0052
1790185062880,1007,0.0764,0.0049
1790185062929,1008,0.2047,0.1263
1790185062980,1009,0.0753,0.0042
1790185063029,1010,0.2090,0.0039
1790185063080,1011,0.0766,0.0041
1790185063131,1012,0.2547,0.1715
1790185063179,1013,0.0793,0.0041
1790185063230,1014,0.0889,0.0042
1790185063280,1015,0.1287,0.0064
1790185063330,1016,0.2209,0.1343
1790185063379,1017,0.0829,0.0054
1790185063430,1018,0.1478,0.0065
1790185063480,1019,0.2976,0.2160
1790185063530,1020,0.4564,1.9234
1790185063580,1021,0.1696,0.8392
1790185063630,1022,0.1299,0.0045
1790185063679,1023,0.1091,0.0043
1790185063730,1024,0.2168,0.1220
1790185063780,1025,0.1156,0.0044
1790185063830,1026,0.1077,0.0039
1790185063880,1027,0.0943,0.0036
1790185063930,1028,0.2105,0.1198
1790185063980,1029,0.0920,0.0036
1790185064030,1030,0.1055,0.0042
1790185064080,1031,0.0937,0.0035
1790185064129,1032,0.2402,0.1665
1790185064180,1033,0.0824,0.0033
1790185064230,1034,0.0939,0.0032
1790185064280,1035,0.1267,0.0060
1790185064329,1036,0.2281,0.1359
1790185064380,1037,0.0894,0.0048
1790185064430,1038,0.0915,0.0050
1790185064480,1039,0.1158,0.0060
1790185064530,1040,0.2471,0.1361
1790185064580,1041,0.0948,0.0113
1790185064630,1042,0.1068,0.0046
1790185064680,1043,0.0822,0.0042
1790185064729,1044,0.2095,0.1265
1790185064780,1045,0.0823,0.0035
1790185064830,1046,0.0890,0.0036
1790185064880,1047,0.0754,0.0037
1790185064930,1048,0.1979,0.1240
1790185064980,1049,0.0755,0.0037
1790185065030,1050,0.0965,0.0034
1790185065080,1051,0.0775,0.0037
1790185065130,1052,0.1971,0.1207
1790185065180,1053,0.0725,0.0034
1790185065230,1054,0.0831,0.0034
1790185065280,1055,0.1069,0.0044
1790185065330,1056,0.2022,0.1293
1790185065380,1057,0.0791,0.0061
1790185065430,1058,0.0900,0.0037
1790185065480,1059,0.1549,0.0270
1790185065530,1060,0.2758,0.1389
1790185065580,1061,0.0990,0.0064
1790185065630,1062,0.1015,0.0059
1790185065679,1063,0.0847,0.0059
1790185065730,1064,0.1985,0.1230
1790185065780,1065,0.0921,0.0046
1790185065829,1066,0.0920,0.0046
1790185065880,1067,0.0788,0.0044
1790185065930,1068,0.1924,0.1205
1790185065980,1069,0.0820,0.0043
1790185066030,1070,0.0977,0.0042
1790185066080,1071,0.0791,0.0045
1790185066130,1072,0.1926,0.1241
1790185066180,1073,0.0713,0.0037
1790185066230,1074,0.0935,0.0047
1790185066280,1075,0.0807,0.0035
1790185066329,1076,0.2525,0.1374
1790185066380,1077,0.1251,0.0073
1790185066430,1078,0.1574,0.0084
1790185066480,1079,0.1021,0.0071
1790185066530,1080,0.2611,0.1326
1790185066580,1081,0.0923,0.0063
1790185066630,1082,0.1145,0.0064
1790185066680,1083,0.0836,0.0055
1790185066730,1084,0.1907,0.1178
1790185066780,1085,0.0832,0.0039
1790185066830,1086,0.0902,0.0041
1790185066880,1087,0.0744,0.0042
1790185066929,1088,0.1926,0.1191
1790185066980,1089,0.0773,0.0035
1790185067030,1090,0.0972,0.0034
1790185067079,1091,0.0718,0.0034
1790185067130,1092,0.1947,0.1245
1790185067179,1093,0.0702,0.0032
1790185067230,1094,0.1523,0.0084
1790185067280,1095,0.1063,0.0073
1790185067330,1096,0.2723,0.1606
1790185067380,1097,0.0928,0.0072
1790185067430,1098,0.0969,0.0060
1790185067480,1099,0.0934,0.0059
1790185067529,1100,0.2836,0.1366
1790185067580,1101,0.0919,0.0059
1790185067629,1102,0.0891,0.0046
1790185067680,1103,0.0916,0.0050
1790185067729,1104,0.1926,0.1192
1790185067780,1105,0.0902,0.0048
1790185067830,1106,0.1147,0.0055
1790185067880,1107,0.0802,0.0048
1790185067930,1108,0.1988,0.1253
1790185067979,1109,0.2803,0.1964
1790185068030,1110,0.4310,2.0578
1790185068080,1111,0.1720,0.9534
1790185068130,1112,0.2225,0.1121
1790185068180,1113,0.1113,0.0048
1790185068230,1114,0.1109,0.0048
1790185068280,1115,0.1210,0.0048
1790185068330,1116,0.2436,0.1361
1790185068380,1117,0.1057,0.0046
1790185068430,1118,0.1050,0.0044
1790185068479,1119,0.0913,0.0043
1790185068530,1120,0.2467,0.1287
1790185068580,1121,0.1090,0.0044
1790185068630,1122,0.0899,0.0036
1790185068680,1123,0.0783,0.0038
1790185068730,1124,0.1945,0.1197
1790185068780,1125,0.1097,0.0051
1790185068829,1126,0.1051,0.0045
1790185068880,1127,0.0889,0.0044
1790185068930,1128,0.1986,0.1272
1790185068979,1129,0.0765,0.0037
1790185069030,1130,0.1075,0.0084
1790185069080,1131,0.0724,0.0038
1790185069131,1132,0.1899,0.1219
1790185069180,1133,0.0744,0.0034
1790185069230,1134,0.0827,0.0033
1790185069280,1135,0.0843,0.0034
1790185069330,1136,0.1931,0.1213
1790185069380,1137,0.1083,0.0064
1790185069430,1138,0.1042,0.0058
1790185069480,1139,0.0910,0.0047
1790185069530,1140,0.2222,0.1241
1790185069580,1141,0.0794,0.0047
1790185069629,1142,0.0896,0.0042
1790185069680,1143,0.0727,0.0038
1790185069730,1144,0.1882,0.1167
1790185069779,1145,0.0831,0.0040
1790185069831,1146,0.0788,0.0033
1790185069879,1147,0.0762,0.0037
1790185069930,1148,0.1911,0.1225
1790185069980,1149,0.0940,0.0244
1790185070030,1150,0.1001,0.0111
1790185070080,1151,0.0713,0.0032
1790185070130,1152,0.1842,0.1175
1790185070179,1153,0.0706,0.0031
1790185070230,1154,0.1000,0.0032
1790185070280,1155,0.1420,0.0062
1790185070330,1156,0.2171,0.1287
1790185070380,1157,0.1107,0.0062
1790185070430,1158,0.1102,0.0060
1790185070480,1159,0.0926,0.0058
1790185070530,1160,0.2619,0.1443
1790185070580,1161,0.0890,0.0044
1790185070629,1162,0.0917,0.0047
1790185070680,1163,0.0853,0.0045
1790185070730,1164,0.1977,0.1255
1790185070780,1165,0.0998,0.0043
1790185070830,1166,0.0844,0.0040
1790185070880,1167,0.0777,0.0040
1790185070930,1168,0.1997,0.1308
1790185070980,1169,0.0997,0.0059
1790185071031,1170,0.2693,0.0147
1790185071079,1171,0.1864,0.0118
1790185071130,1172,0.2652,0.1445
1790185071180,1173,0.1150,0.0083
1790185071230,1174,0.1171,0.0077
1790185071279,1175,0.1134,0.0073
1790185071330,1176,0.2424,0.1282
1790185071380,1177,0.1152,0.0079
1790185071430,1178,0.1226,0.0074
1790185071480,1179,0.0992,0.0073
1790185071530,1180,0.2438,0.1337
1790185071580,1181,0.0941,0.0056
1790185071630,1182,0.0936,0.0055
1790185071679,1183,0.0808,0.0045
1790185071730,1184,0.1990,0.1248
1790185071780,1185,0.0841,0.0038
1790185071830,1186,0.0946,0.0036
1790185071880,1187,0.0740,0.0037
1790185071930,1188,0.1977,0.1284
1790185071980,1189,0.0723,0.0034
1790185072030,1190,0.0935,0.0035
1790185072080,1191,0.0726,0.0033
1790185072130,1192,0.2197,0.1399
1790185072179,1193,0.1654,0.0103
1790185072230,1194,0.1518,0.0082
1790185072280,1195,0.1381,0.0076
1790185072330,1196,0.3957,0.2392
1790185072380,1197,0.1131,0.0080
1790185072430,1198,0.1675,0.0100
1790185072480,1199,0.3452,0.2307
1790185072530,1200,0.4703,1.7192
1790185072580,1201,0.1711,0.7411
1790185072631,1202,0.2035,0.0068
1790185072680,1203,0.1125,0.0059
1790185072730,1204,0.2111,0.1183
1790185072779,1205,0.1067,0.0050
1790185072831,1206,0.1013,0.0050
1790185072879,1207,0.0805,0.0037
1790185072930,1208,0.2102,0.1181
1790185072980,1209,0.0863,0.0047
1790185073030,1210,0.3303,0.0043
1790185073080,1211,0.0851,0.0042
1790185073130,1212,0.1858,0.1129
1790185073180,1213,0.0729,0.0033
1790185073230,1214,0.0793,0.0033
1790185073280,1215,0.0789,0.0033
1790185073330,1216,0.1997,0.1102
1790185073379,1217,0.0751,0.0038
1790185073430,1218,0.1359,0.0068
1790185073480,1219,0.1137,0.0067
1790185073530,1220,0.2347,0.1238
1790185073580,1221,0.0874,0.0052
1790185073630,1222,0.0977,0.0048
1790185073679,1223,0.0816,0.0051
1790185073730,1224,0.1915,0.1170
1790185073779,1225,0.0858,0.0039
1790185073830,1226,0.1111,0.0038
1790185073879,1227,0.1063,0.0043
1790185073930,1228,0.2157,0.1187
1790185073980,1229,0.0744,0.0040
1790185074029,1230,0.1051,0.0043
1790185074079,1231,0.0715,0.0039
1790185074130,1232,0.1748,0.1067
1790185074180,1233,0.0729,0.0035
1790185074229,1234,0.0775,0.0033
1790185074280,1235,0.0777,0.0032
1790185074330,1236,0.1841,0.1111
1790185074380,1237,0.0784,0.0038
1790185074429,1238,0.0869,0.0036
1790185074480,1239,0.1406,0.0260
1790185074530,1240,0.2402,0.1298
1790185074580,1241,0.0799,0.0046
1790185074630,1242,0.0861,0.0042
1790185074680,1243,0.0879,0.0087
1790185074730,1244,0.1971,0.1210
1790185074780,1245,0.0934,0.0072
1790185074830,1246,0.0830,0.0038
1790185074880,1247,0.0724,0.0039
1790185074930,1248,0.2070,0.1373
1790185074980,1249,0.1289,0.0068
1790185075030,1250,0.1390,0.0059
1790185075080,1251,0.1050,0.0061
1790185075130,1252,0.2299,0.1515
1790185075179,1253,0.0945,0.0051
1790185075230,1254,0.0859,0.0050
1790185075279,1255,0.0828,0.0040
1790185075330,1256,0.1806,0.1114
1790185075380,1257,0.0834,0.0088
1790185075430,1258,0.0829,0.0041
1790185075479,1259,0.1599,0.0106
1790185075530,1260,0.2949,0.1309
1790185075580,1261,0.1065,0.0072
1790185075629,1262,0.1020,0.0066
1790185075680,1263,0.0993,0.0067
1790185075730,1264,0.2015,0.1232
1790185075780,1265,0.0923,0.0059
1790185075830,1266,0.0887,0.0048
1790185075880,1267,0.0758,0.0043
1790185075930,1268,0.1909,0.1176
1790185075980,1269,0.0847,0.0041
1790185076030,1270,0.1064,0.0048
1790185076080,1271,0.0800,0.0042
1790185076130,1272,0.2090,0.1375
1790185076180,1273,0.0728,0.0039
1790185076230,1274,0.0793,0.0035
1790185076279,1275,0.1050,0.0034
1790185076330,1276,0.1741,0.1026
1790185076379,1277,0.0837,0.0094
1790185076430,1278,0.0817,0.0035
1790185076480,1279,0.1051,0.0059
1790185076530,1280,0.2781,0.1187
1790185076580,1281,0.0885,0.0053
1790185076630,1282,0.0944,0.0052
1790185076680,1283,0.0850,0.0078
1790185076730,1284,0.1886,0.1093
1790185076780,1285,0.1318,0.0038
1790185076830,1286,0.1456,0.0070
1790185076881,1287,0.0904,0.0060
1790185076929,1288,0.1956,0.1158
1790185076980,1289,0.4109,0.3351
1790185077029,1290,0.3078,2.0895
1790185077080,1291,0.1710,0.8106
1790185077130,1292,0.2317,0.0982
1790185077180,1293,0.1049,0.0044
1790185077229,1294,0.1140,0.0049
1790185077280,1295,0.0951,0.0038
1790185077329,1296,0.1896,0.1029
1790185077380,1297,0.1002,0.0039
1790185077430,1298,0.1463,0.0065
1790185077481,1299,0.1129,0.0065
1790185077529,1300,0.2680,0.1235
1790185077580,1301,0.1044,0.0056
1790185077629,1302,0.1025,0.0054
1790185077680,1303,0.0883,0.0053
1790185077730,1304,0.1955,0.1110
1790185077780,1305,0.0844,0.0043
1790185077830,1306,0.0893,0.0044
1790185077880,1307,0.0819,0.0038
1790185077930,1308,0.1759,0.1038
1790185077980,1309,0.0733,0.0036
1790185078030,1310,0.1055,0.0078
1790185078080,1311,0.2084,0.0038
1790185078129,1312,0.1784,0.1032
1790185078180,1313,0.0722,0.0035
1790185078230,1314,0.0788,0.0032
1790185078279,1315,0.0722,0.0036
1790185078330,1316,0.1908,0.1097
1790185078380,1317,0.0720,0.0034
1790185078430,1318,0.1026,0.0040
1790185078479,1319,0.0860,0.0043
1790185078530,1320,0.2406,0.1186
1790185078580,1321,0.0815,0.0053
1790185078630,1322,0.0927,0.0048
1790185078680,1323,0.0935,0.0044
1790185078730,1324,0.1850,0.1056
1790185078780,1325,0.0790,0.0038
1790185078830,1326,0.0888,0.0037
1790185078880,1327,0.0716,0.0035
1790185078930,1328,0.1639,0.0957
1790185078980,1329,0.0918,0.0237
1790185079030,1330,0.0974,0.0114
1790185079080,1331,0.0971,0.0047
1790185079129,1332,0.1854,0.1068
1790185079180,1333,0.0734,0.0043
1790185079230,1334,0.0815,0.0035
1790185079280,1335,0.0739,0.0032
1790185079330,1336,0.1669,0.0996
1790185079380,1337,0.0696,0.0034
1790185079430,1338,0.1009,0.0045
1790185079480,1339,0.0796,0.0044
1790185079531,1340,0.2303,0.1164
1790185079580,1341,0.1082,0.0056
1790185079630,1342,0.0904,0.0046
1790185079680,1343,0.0770,0.0043
1790185079730,1344,0.1764,0.0977
1790185079779,1345,0.0921,0.0037
1790185079830,1346,0.0896,0.0034
1790185079880,1347,0.0717,0.0032
1790185079930,1348,0.1631,0.0958
1790185079980,1349,0.0896,0.0044
1790185080030,1350,0.1961,0.0115
1790185080081,1351,0.1827,0.0107
1790185080129,1352,0.2129,0.1198
1790185080180,1353,0.0936,0.0070
1790185080229,1354,0.0982,0.0069
1790185080280,1355,0.0872,0.0064
1790185080330,1356,0.1808,0.1054
1790185080380,1357,0.0794,0.0051
1790185080429,1358,0.0835,0.0042
1790185080480,1359,0.1164,0.0058
1790185080530,1360,0.2233,0.1130
1790185080580,1361,0.1168,0.0066
1790185080629,1362,0.0963,0.0061
1790185080680,1363,0.0827,0.0050
1790185080730,1364,0.1843,0.1099
1790185080780,1365,0.0966,0.0042
1790185080830,1366,0.0886,0.0038
1790185080880,1367,0.0749,0.0037
1790185080930,1368,0.1810,0.0996
1790185080979,1369,0.0765,0.0037
1790185081030,1370,0.1001,0.0039
1790185081080,1371,0.1454,0.0089
1790185081130,1372,0.3228,0.1488
1790185081180,1373,0.1930,0.0118
1790185081230,1374,0.1285,0.0098
1790185081280,1375,0.1153,0.0089
1790185081330,1376,0.2265,0.1361
1790185081380,1377,0.0972,0.0075
1790185081431,1378,0.1003,0.0063
1790185081480,1379,0.3082,0.2013
1790185081530,1380,0.3897,1.6797
1790185081580,1381,0.1808,0.7206
1790185081630,1382,0.1281,0.0071
1790185081680,1383,0.1073,0.0070
1790185081730,1384,0.2147,0.1169
1790185081780,1385,0.1082,0.0054
1790185081829,1386,0.1171,0.0062
1790185081880,1387,0.0909,0.0051
1790185081930,1388,0.1832,0.1040
1790185081980,1389,0.0818,0.0044
1790185082030,1390,0.0977,0.0041
1790185082080,1391,0.0781,0.0042
1790185082130,1392,0.1742,0.0994
1790185082180,1393,0.0784,0.0040
1790185082230,1394,0.0810,0.0036
1790185082280,1395,0.0726,0.0032
1790185082330,1396,0.1635,0.0961
1790185082380,1397,0.0691,0.0032
1790185082430,1398,0.0803,0.0032
1790185082480,1399,0.0808,0.0036
1790185082530,1400,0.2991,0.1223
1790185082580,1401,0.1306,0.0082
1790185082630,1402,0.2060,0.0127
1790185082680,1403,0.1878,0.0119
1790185082730,1404,0.2995,0.1254
1790185082780,1405,0.1910,0.0124
1790185082830,1406,0.2155,0.0129
1790185082911,1407,1.9559,0.0403
1790185082934,1408,4.7225,3.4127
1790185083010,1409,1.6079,0.0379
1790185083031,1410,1.1316,0.0383
1790185083081,1411,1.3058,0.0386
1790185083133,1412,3.4329,2.6989
1790185083180,1413,0.6349,0.0650
1790185083230,1414,0.6634,0.0410
1790185083280,1415,0.3462,0.0200
1790185083331,1416,1.5103,1.2379
1790185083381,1417,0.3773,0.0440
1790185083431,1418,0.4219,0.0271
1790185083479,1419,0.6487,0.1538
1790185083531,1420,1.3888,0.7431
1790185083579,1421,0.3579,0.0300
1790185083631,1422,0.5318,0.0411
1790185083680,1423,0.3957,0.0317
1790185083730,1424,0.8205,0.6740
1790185083780,1425,0.2914,0.0335
1790185083829,1426,0.3016,0.0349
1790185083880,1427,0.3802,0.0464
1790185083931,1428,1.2156,0.7883
1790185083979,1429,0.5302,0.0743
1790185084030,1430,0.4311,0.0303
1790185084081,1431,0.3763,0.0336
1790185084130,1432,0.9228,0.5726
1790185084180,1433,0.2537,0.0259
1790185084230,1434,0.2262,0.0176
1790185084280,1435,0.1984,0.0134
1790185084330,1436,0.4569,0.3043
1790185084380,1437,0.1515,0.0277
1790185084430,1438,0.1663,0.0112
1790185084480,1439,0.2736,0.0170
1790185084530,1440,0.5048,0.2808
1790185084580,1441,0.1396,0.0147
1790185084630,1442,0.2553,0.0188
1790185084680,1443,0.3617,0.1405
1790185084730,1444,0.6725,0.5440
1790185084779,1445,0.1270,0.0112
1790185084830,1446,0.9411,0.0115
1790185084880,1447,0.2244,0.0339
1790185084930,1448,0.4519,0.3045
1790185084980,1449,0.1530,0.0119
1790185085030,1450,0.2397,0.0175
1790185085080,1451,0.1654,0.0133
1790185085130,1452,0.5931,0.3973
1790185085180,1453,0.1937,0.0178
1790185085230,1454,0.2579,0.0212
1790185085279,1455,0.1631,0.0309
1790185085330,1456,0.3891,0.2856
1790185085380,1457,0.1057,0.0112
1790185085430,1458,0.1339,0.0170
1790185085480,1459,0.1715,0.0159
1790185085531,1460,0.4606,0.2978
1790185085580,1461,0.1629,0.0129
1790185085630,1462,0.1693,0.0154
1790185085680,1463,0.1827,0.0206
1790185085730,1464,0.4432,0.2961
1790185085780,1465,0.1435,0.0104
1790185085830,1466,0.1305,0.0096
1790185085880,1467,0.0924,0.0082
1790185085930,1468,0.3794,0.2751
1790185085983,1469,3.2668,3.1732
1790185086031,1470,0.3626,5.3250
1790185086080,1471,0.3432,7.4415
1790185086130,1472,0.7658,7.7394
1790185086182,1473,1.8455,13.0996
1790185086230,1474,0.3479,5.4911
1790185086280,1475,0.3170,0.0216
1790185086330,1476,0.5088,0.2799
1790185086379,1477,0.2821,0.0248
1790185086430,1478,0.3385,0.0268
1790185086480,1479,0.3117,0.0218
1790185086530,1480,0.7350,0.3644
1790185086580,1481,0.2872,0.0236
1790185086630,1482,0.3420,0.0221
1790185086680,1483,0.4641,0.0489
1790185086730,1484,0.6456,0.4279
1790185086780,1485,0.2481,0.0213
1790185086830,1486,0.2358,0.0206
1790185086879,1487,0.2514,0.0209
1790185086929,1488,0.4739,0.2400
1790185086980,1489,0.1981,0.0184
1790185087030,1490,0.1656,0.0163
1790185087080,1491,0.1539,0.0132
1790185087130,1492,0.3838,0.2079
1790185087180,1493,0.1024,0.0106
1790185087230,1494,0.1889,0.0137
1790185087280,1495,0.1958,0.0166
1790185087330,1496,0.3713,0.2103
1790185087379,1497,0.1239,0.0114
1790185087430,1498,0.1301,0.0106
1790185087480,1499,0.1004,0.0102
1790185087530,1500,0.3407,0.2246
1790185087580,1501,0.1027,0.0088
1790185087630,1502,0.1594,0.0131
1790185087679,1503,0.1511,0.0137
1790185087730,1504,0.4927,0.3100
1790185087780,1505,0.1680,0.0139
1790185087830,1506,0.1253,0.0095
1790185087880,1507,0.0919,0.0077
1790185087931,1508,0.3069,0.2133
1790185087980,1509,0.1330,0.0184
1790185088030,1510,0.1531,0.0176
1790185088080,1511,0.4116,0.0221
1790185088130,1512,0.2713,0.1751
1790185088180,1513,0.0977,0.0091
1790185088230,1514,0.1495,0.0084
1790185088280,1515,0.1157,0.0067
1790185088330,1516,0.3912,0.2231
1790185088380,1517,0.1544,0.0127
1790185088430,1518,0.1368,0.0087
1790185088480,1519,0.1077,0.0095
1790185088530,1520,0.3255,0.2175
1790185088580,1521,0.0983,0.0081
1790185088630,1522,0.1074,0.0079
1790185088680,1523,0.1396,0.0087
1790185088730,1524,0.4282,0.2480
1790185088780,1525,0.1463,0.0243
1790185088830,1526,0.1593,0.0190
1790185088880,1527,0.1245,0.0086
1790185088930,1528,0.2701,0.1750
1790185088980,1529,0.1421,0.0228
1790185089029,1530,0.1179,0.0202
1790185089080,1531,0.1127,0.0078
1790185089130,1532,0.2605,0.1709
1790185089180,1533,0.0953,0.0068
1790185089230,1534,0.0936,0.0068
1790185089280,1535,0.1348,0.0072
1790185089330,1536,0.3766,0.2249
1790185089380,1537,0.2992,0.0523
1790185089430,1538,0.2007,0.0092
1790185089480,1539,0.1195,0.0086
1790185089530,1540,0.3210,0.2056
1790185089580,1541,0.0929,0.0071
1790185089630,1542,0.1006,0.0068
1790185089680,1543,0.0851,0.0062
1790185089730,1544,0.3480,0.2246
1790185089779,1545,0.1534,0.0091
1790185089830,1546,0.1619,0.0103
1790185089880,1547,0.1332,0.0087
1790185089929,1548,0.2801,0.1831
1790185089980,1549,0.1062,0.0070
1790185090030,1550,0.1268,0.0064
1790185090080,1551,0.1188,0.0073
1790185090130,1552,0.2382,0.1476
1790185090180,1553,0.0877,0.0058
1790185090230,1554,0.1205,0.0076
1790185090280,1555,0.1099,0.0054
1790185090330,1556,0.2202,0.1473
1790185090380,1557,0.1579,0.0117
1790185090430,1558,0.1651,0.0100
1790185090480,1559,0.7294,0.5859
1790185090530,1560,0.6732,13.6691
1790185090579,1561,0.3030,8.6494
1790185090630,1562,0.2135,0.0126
1790185090680,1563,0.2362,0.0153
1790185090729,1564,0.3864,0.2087
1790185090780,1565,0.2402,0.0279
1790185090830,1566,0.2887,0.0366
1790185090880,1567,0.2666,0.0183
1790185090931,1568,0.3790,0.2136
1790185090980,1569,0.1781,0.0129
1790185091030,1570,0.2052,0.0121
1790185091080,1571,0.1766,0.0126
1790185091130,1572,0.4254,0.2237
1790185091180,1573,0.2132,0.0198
1790185091230,1574,0.2553,0.0534
1790185091279,1575,0.1895,0.0268
1790185091330,1576,0.2619,0.1623
1790185091380,1577,0.0955,0.0076
1790185091430,1578,0.1682,0.0107
1790185091480,1579,0.1497,0.0107
1790185091530,1580,0.3237,0.1959
1790185091580,1581,0.0917,0.0075
1790185091630,1582,0.0961,0.0074
1790185091680,1583,0.1078,0.0076
1790185091730,1584,0.2829,0.1982
1790185091780,1585,0.1334,0.0082
1790185091830,1586,0.1846,0.0117
1790185091880,1587,0.1878,0.0121
1790185091930,1588,0.3417,0.1847
1790185091980,1589,0.1960,0.0258
1790185092030,1590,0.2393,0.0224
1790185092080,1591,0.1796,0.0224
1790185092130,1592,0.3526,0.1874
1790185092180,1593,0.1546,0.0085
1790185092230,1594,0.1116,0.0076
1790185092280,1595,0.1120,0.0072
1790185092330,1596,0.2571,0.1674
1790185092380,1597,0.0834,0.0064
1790185092430,1598,0.1183,0.0067
1790185092480,1599,0.1771,0.0274
1790185092530,1600,0.3458,0.1811
1790185092579,1601,0.1501,0.0098
1790185092630,1602,0.1177,0.0074
1790185092680,1603,0.1312,0.0084
1790185092729,1604,0.2877,0.1893
1790185092780,1605,0.1562,0.0095
1790185092829,1606,0.1205,0.0074
1790185092880,1607,0.1047,0.0071
1790185092929,1608,0.2686,0.1832
1790185092980,1609,0.0886,0.0057
1790185093029,1610,0.1265,0.0066
1790185093080,1611,0.1351,0.0056
1790185093129,1612,0.5495,0.1570
1790185093180,1613,0.1813,0.0119
1790185093230,1614,0.1905,0.0119
1790185093280,1615,0.1900,0.0108
1790185093330,1616,0.3445,0.2125
1790185093380,1617,0.1140,0.0080
1790185093429,1618,0.1017,0.0067
1790185093480,1619,0.1643,0.0110
1790185093529,1620,0.4196,0.2126
1790185093580,1621,0.1563,0.0100
1790185093630,1622,0.1626,0.0100
1790185093680,1623,0.1372,0.0095
1790185093730,1624,0.2945,0.1752
1790185093780,1625,0.1405,0.0089
1790185093830,1626,0.1266,0.0082
1790185093879,1627,0.1099,0.0131
1790185093930,1628,0.2578,0.1726
1790185093980,1629,0.0827,0.0059
1790185094030,1630,0.1220,0.0255
1790185094080,1631,0.0875,0.0058
1790185094130,1632,0.2942,0.1768
1790185094179,1633,0.0987,0.0065
1790185094229,1634,0.1031,0.0059
1790185094280,1635,0.0919,0.0055
1790185094330,1636,0.2678,0.1897
1790185094380,1637,0.1104,0.0052
1790185094430,1638,0.0925,0.0045
1790185094480,1639,0.0774,0.0043
1790185094530,1640,0.5128,0.2879
1790185094580,1641,0.1741,0.0105
1790185094630,1642,0.1890,0.0121
1790185094680,1643,0.1527,0.0101
1790185094730,1644,0.4127,0.2909
1790185094780,1645,0.1371,0.0094
1790185094830,1646,0.1381,0.0085
1790185094879,1647,0.1252,0.0072
1790185094931,1648,0.2761,0.1927
1790185094979,1649,0.4450,0.3631
1790185095030,1650,0.4510,3.7756
1790185095080,1651,0.1854,2.1302
1790185095130,1652,0.5095,0.1808
1790185095180,1653,0.2013,0.0160
1790185095230,1654,0.1890,0.0114
1790185095280,1655,0.1516,0.0094
1790185095329,1656,0.3285,0.2019
1790185095380,1657,0.1154,0.0087
1790185095430,1658,0.1311,0.0343
1790185095480,1659,0.1625,0.0176
1790185095530,1660,0.2786,0.1443
1790185095580,1661,0.1726,0.0112
1790185095631,1662,0.1816,0.0113
1790185095679,1663,0.1251,0.0084
1790185095730,1664,0.2386,0.1306
1790185095780,1665,0.1032,0.0073
1790185095830,1666,0.1367,0.0071
1790185095880,1667,0.0933,0.0062
1790185095929,1668,0.2270,0.1513
1790185095980,1669,0.0905,0.0066
1790185096030,1670,0.0980,0.0057
1790185096080,1671,0.0756,0.0051
1790185096130,1672,0.3100,0.1714
1790185096180,1673,0.0941,0.0097
1790185096230,1674,0.0836,0.0050
1790185096280,1675,0.0811,0.0050
1790185096330,1676,0.2403,0.1704
1790185096380,1677,0.1201,0.0064
1790185096430,1678,0.0932,0.0050
1790185096480,1679,0.0939,0.0054
1790185096530,1680,0.3225,0.2020
1790185096580,1681,0.0736,0.0047
1790185096630,1682,0.1664,0.0090
1790185096680,1683,0.1114,0.0068
1790185096730,1684,0.2181,0.1282
1790185096780,1685,0.0998,0.0067
1790185096829,1686,0.1532,0.0073
1790185096879,1687,0.0916,0.0069
1790185096930,1688,0.2312,0.1470
1790185096980,1689,0.1223,0.0230
1790185097029,1690,0.1100,0.0101
1790185097080,1691,0.0817,0.0056
1790185097130,1692,0.2656,0.1821
1790185097180,1693,0.1568,0.0077
1790185097230,1694,0.0921,0.0049
1790185097280,1695,0.1086,0.0040
1790185097330,1696,0.2318,0.1332
1790185097379,1697,0.0778,0.0039
1790185097430,1698,0.0807,0.0038
1790185097480,1699,0.0822,0.0038
1790185097530,1700,0.2545,0.1576
1790185097581,1701,0.0738,0.0039
1790185097629,1702,0.1895,0.0112
1790185097680,1703,0.2228,0.0123
1790185097730,1704,0.2655,0.1496
1790185097780,1705,0.1515,0.0098
1790185097830,1706,0.1538,0.0089
1790185097880,1707,0.0977,0.0078
1790185097931,1708,0.2367,0.1524
1790185097980,1709,0.9651,0.0067
1790185098029,1710,0.1196,0.0060
1790185098080,1711,0.0871,0.0065
1790185098129,1712,0.1780,0.1058
1790185098180,1713,0.4094,0.0083
1790185098230,1714,0.1173,0.0073
1790185098280,1715,0.0991,0.0061
1790185098330,1716,0.1905,0.1122
1790185098380,1717,0.0848,0.0058
1790185098430,1718,0.0869,0.0050
1790185098480,1719,0.0993,0.0062
1790185098529,1720,0.2650,0.1379
1790185098580,1721,0.0765,0.0050
1790185098630,1722,0.0851,0.0043
1790185098680,1723,0.1632,0.0103
1790185098730,1724,0.2890,0.1493
1790185098780,1725,0.1330,0.0081
1790185098829,1726,0.1083,0.0072
1790185098880,1727,0.1513,0.0080
1790185098930,1728,0.2383,0.1125
1790185098981,1729,0.0877,0.0064
1790185099030,1730,0.1171,0.0055
1790185099080,1731,0.0842,0.0073
1790185099130,1732,0.1774,0.1102
1790185099180,1733,0.1617,0.0097
1790185099230,1734,0.1220,0.0080
1790185099280,1735,0.1015,0.0068
1790185099331,1736,0.2148,0.1122
1790185099379,1737,0.0844,0.0059
1790185099429,1738,0.0925,0.0053
1790185099480,1739,0.3678,0.2693
1790185099530,1740,0.6226,2.3939
1790185099580,1741,0.2234,1.8783
1790185099630,1742,0.2362,0.0135
1790185099680,1743,0.2623,0.0117
1790185099730,1744,0.2668,0.1101
1790185099780,1745,0.1522,0.0104
1790185099830,1746,0.1327,0.0095
1790185099880,1747,0.1544,0.0107
1790185099930,1748,0.2739,0.1198
1790185099979,1749,0.1783,0.0108
1790185100031,1750,0.1390,0.0083
1790185100080,1751,0.1157,0.0077
1790185100131,1752,0.1879,0.1084
1790185100179,1753,0.1163,0.0069
1790185100230,1754,0.0972,0.0064
1790185100280,1755,0.0839,0.0052
1790185100330,1756,0.2052,0.1383
1790185100380,1757,0.0699,0.0041
1790185100430,1758,0.1312,0.0060
1790185100480,1759,0.0747,0.0047
1790185100530,1760,0.1997,0.1045
1790185100580,1761,0.0682,0.0038
1790185100630,1762,0.0790,0.0033
1790185100680,1763,0.0689,0.0035
1790185100730,1764,0.2935,0.1461
1790185100780,1765,0.1683,0.0100
1790185100830,1766,0.1393,0.0084
1790185100880,1767,0.1269,0.0088
1790185100930,1768,0.2017,0.1084
1790185100979,1769,0.0914,0.0073
1790185101030,1770,0.1282,0.0069
1790185101080,1771,0.1120,0.0055
1790185101130,1772,0.2404,0.1362
1790185101180,1773,0.1570,0.0073
1790185101230,1774,0.1016,0.0064
1790185101280,1775,0.1643,0.0092
1790185101330,1776,0.2842,0.1205
1790185101380,1777,0.1628,0.0105
1790185101430,1778,0.1431,0.0095
1790185101480,1779,0.1198,0.0222
1790185101530,1780,0.2684,0.1494
1790185101580,1781,0.1006,0.0076
1790185101630,1782,0.0950,0.0062
1790185101680,1783,0.0807,0.0063
1790185101730,1784,0.1973,0.1038
1790185101780,1785,0.2173,0.0105
1790185101830,1786,0.1809,0.0099
1790185101880,1787,0.1106,0.0080
1790185101930,1788,0.2579,0.1443
1790185101981,1789,0.0983,0.0079
1790185102030,1790,0.1113,0.0061
1790185102080,1791,0.1031,0.0065
1790185102130,1792,0.2389,0.1068
1790185102180,1793,0.2053,0.0088
1790185102230,1794,0.1646,0.0079
1790185102280,1795,0.0958,0.0062
1790185102330,1796,0.2134,0.1386
1790185102380,1797,0.0788,0.0045
1790185102431,1798,0.0828,0.0048
1790185102480,1799,0.1032,0.0279
1790185102530,1800,0.2251,0.1161
1790185102580,1801,0.3705,0.0554
1790185102630,1802,0.3713,0.0412
1790185102680,1803,0.2606,0.0106
1790185102730,1804,0.3128,0.2090
1790185102780,1805,0.1101,0.0079
1790185102830,1806,0.1674,0.0098
1790185102880,1807,0.1462,0.0107
1790185102930,1808,0.2718,0.1128
1790185102980,1809,0.1231,0.0082
1790185103030,1810,0.1091,0.0069
1790185103080,1811,0.0864,0.0069
1790185103130,1812,0.1816,0.1070
1790185103180,1813,0.4104,0.0080
1790185103230,1814,0.1191,0.0067
1790185103279,1815,0.1172,0.0068
1790185103331,1816,0.2616,0.1132
1790185103380,1817,0.1697,0.0108
1790185103429,1818,0.0945,0.0056
1790185103480,1819,0.0857,0.0058
1790185103530,1820,0.5655,0.4235
1790185103580,1821,0.3121,1.9327
1790185103630,1822,0.1580,0.7599
1790185103680,1823,0.1146,0.0046
1790185103730,1824,0.2281,0.1295
1790185103779,1825,0.1165,0.0043
1790185103830,1826,0.1716,0.0110
1790185103880,1827,0.1599,0.0106
1790185103930,1828,0.2378,0.1462
1790185103980,1829,0.1174,0.0084
1790185104030,1830,0.1171,0.0084
1790185104080,1831,0.0925,0.0077
1790185104131,1832,0.2183,0.1371
1790185104180,1833,0.1313,0.0081
1790185104230,1834,0.1066,0.0066
1790185104280,1835,0.0972,0.0060
1790185104330,1836,0.1873,0.1113
1790185104380,1837,0.0994,0.0059
1790185104430,1838,0.1192,0.0072
1790185104480,1839,0.0827,0.0054
1790185104530,1840,0.2060,0.1070
1790185104580,1841,0.0962,0.0044
1790185104630,1842,0.0778,0.0040
1790185104680,1843,0.0796,0.0047
1790185104730,1844,0.1858,0.1106
1790185104780,1845,0.0791,0.0045
1790185104830,1846,0.0971,0.0043
1790185104880,1847,0.1581,0.0106
1790185104930,1848,0.2744,0.1183
1790185104980,1849,0.1566,0.0110
1790185105030,1850,0.1390,0.0116
1790185105080,1851,0.0999,0.0076
1790185105129,1852,0.2235,0.1336
1790185105180,1853,0.1318,0.0084
1790185105230,1854,0.1074,0.0075
1790185105279,1855,0.1046,0.0074
1790185105330,1856,0.2086,0.1155
1790185105380,1857,0.1115,0.0053
1790185105430,1858,0.0858,0.0050
1790185105480,1859,0.0964,0.0063
1790185105529,1860,0.2400,0.1327
1790185105580,1861,0.0926,0.0100
1790185105630,1862,0.0822,0.0045
1790185105680,1863,0.0742,0.0050
1790185105730,1864,0.1646,0.0993
1790185105780,1865,0.0764,0.0035
1790185105830,1866,0.0954,0.0036
1790185105880,1867,0.0676,0.0035
1790185105930,1868,0.2695,0.1236
1790185105980,1869,0.1690,0.0106
1790185106030,1870,0.1271,0.0084
1790185106080,1871,0.1010,0.0079
1790185106129,1872,0.2292,0.1481
1790185106180,1873,0.0901,0.0064
1790185106229,1874,0.1039,0.0062
1790185106279,1875,0.0969,0.0058
1790185106330,1876,0.1821,0.1086
1790185106380,1877,0.0988,0.0051
1790185106430,1878,0.1152,0.0049
1790185106480,1879,0.1451,0.0054
1790185106530,1880,0.2633,0.1346
1790185106580,1881,0.1057,0.0062
1790185106630,1882,0.0909,0.0047
1790185106680,1883,0.0787,0.0051
1790185106730,1884,0.1843,0.1068
1790185106781,1885,0.0811,0.0043
1790185106830,1886,0.1115,0.0054
1790185106880,1887,0.0934,0.0053
1790185106930,1888,0.2137,0.1346
1790185106980,1889,0.1555,0.0101
1790185107030,1890,0.1771,0.0106
1790185107080,1891,0.1341,0.0087
1790185107130,1892,0.2092,0.1130
1790185107180,1893,0.0899,0.0070
1790185107230,1894,0.1359,0.0086
1790185107280,1895,0.1018,0.0074
1790185107330,1896,0.2179,0.1411
1790185107380,1897,0.0834,0.0065
1790185107430,1898,0.0853,0.0051
1790185107480,1899,0.0750,0.0049
1790185107530,1900,0.2413,0.1230
1790185107580,1901,0.3234,0.2501
1790185107631,1902,0.2911,1.2845
1790185107680,1903,0.1598,1.2074
1790185107730,1904,0.2808,0.1542
1790185107780,1905,0.1096,0.0069
1790185107830,1906,0.0957,0.0054
1790185107879,1907,0.0866,0.0061
1790185107930,1908,0.2174,0.1156
1790185107979,1909,0.1420,0.0091
1790185108030,1910,0.1794,0.0101
1790185108079,1911,0.1340,0.0089
1790185108130,1912,0.2340,0.1335
1790185108180,1913,0.0978,0.0079
1790185108230,1914,0.3936,0.0096
1790185108280,1915,0.1110,0.0077
1790185108330,1916,0.1949,0.1092
1790185108380,1917,0.0835,0.0058
1790185108430,1918,0.0891,0.0054
1790185108480,1919,0.0784,0.0053
1790185108530,1920,0.2542,0.1336
1790185108580,1921,0.0871,0.0080
1790185108630,1922,0.0915,0.0048
1790185108680,1923,0.0742,0.0047
1790185108730,1924,0.1699,0.1041
1790185108780,1925,0.1255,0.0037
1790185108830,1926,0.0732,0.0034
1790185108880,1927,0.0660,0.0033
1790185108930,1928,0.1914,0.1279
1790185108979,1929,0.0701,0.0040
1790185109030,1930,0.2070,0.0112
1790185109079,1931,0.1520,0.0099
1790185109130,1932,0.2223,0.1123
1790185109180,1933,0.1126,0.0079
1790185109229,1934,0.1261,0.0080
1790185109280,1935,0.0922,0.0070
1790185109330,1936,0.2157,0.1339
1790185109380,1937,0.0821,0.0069
1790185109430,1938,0.0842,0.0057
1790185109480,1939,0.1665,0.0114
1790185109530,1940,0.2945,0.1240
1790185109580,1941,0.1737,0.0309
1790185109630,1942,0.1100,0.0129
1790185109679,1943,0.1109,0.0085
1790185109730,1944,0.2317,0.1430
1790185109780,1945,0.1049,0.0080
1790185109830,1946,0.0890,0.0055
1790185109880,1947,0.0823,0.0066
1790185109929,1948,0.1734,0.1029
1790185109980,1949,0.0818,0.0054
1790185110030,1950,0.0868,0.0045
1790185110080,1951,0.1613,0.0111
1790185110130,1952,0.2882,0.1496
1790185110179,1953,0.1902,0.0100
1790185110230,1954,0.1215,0.0077
1790185110280,1955,0.0948,0.0074
1790185110330,1956,0.1883,0.1106
1790185110380,1957,0.0852,0.0069
1790185110431,1958,0.0831,0.0047
1790185110480,1959,0.0737,0.0050
1790185110530,1960,0.2077,0.1227
1790185110580,1961,0.1024,0.0067
1790185110630,1962,0.0853,0.0056
1790185110680,1963,0.0743,0.0048
1790185110730,1964,0.2076,0.1408
1790185110780,1965,0.0726,0.0039
1790185110831,1966,0.0760,0.0038
1790185110880,1967,0.0664,0.0035
1790185110930,1968,0.1551,0.0935
1790185110979,1969,0.0681,0.0032
1790185111030,1970,0.0799,0.0032
1790185111079,1971,0.1595,0.0103
1790185111130,1972,0.2838,0.1377
1790185111181,1973,0.1284,0.0088
1790185111230,1974,0.1295,0.0082
1790185111280,1975,0.0953,0.0079
1790185111330,1976,0.1889,0.1106
1790185111380,1977,0.1515,0.0100
1790185111429,1978,0.1788,0.0117
1790185111479,1979,0.1573,0.0106
1790185111530,1980,0.2585,0.1472
1790185111579,1981,0.0984,0.0085
1790185111630,1982,0.2657,0.1780
1790185111680,1983,0.2733,1.6947
1790185111730,1984,0.2355,1.1161
1790185111780,1985,0.1216,0.0059
1790185111830,1986,0.0994,0.0050
1790185111879,1987,0.0860,0.0050
1790185111930,1988,0.1888,0.1129
1790185111980,1989,0.0801,0.0041
1790185112029,1990,0.0943,0.0041
1790185112080,1991,0.1263,0.0074
1790185112130,1992,0.2597,0.1152
1790185112181,1993,0.1239,0.0089
1790185112229,1994,0.1437,0.0099
1790185112280,1995,0.1541,0.0440
1790185112330,1996,0.2657,0.1663
1790185112380,1997,0.1001,0.0198
1790185112430,1998,0.0878,0.0054
1790185112480,1999,0.0890,0.0058
1790185112529,2000,0.1978,0.1063
1790185112580,2001,0.0817,0.0059
1790185112630,2002,0.1056,0.0051
1790185112680,2003,0.0765,0.0046
1790185112729,2004,0.1754,0.1052
1790185112780,2005,0.0726,0.0041
1790185112829,2006,0.0759,0.0034
1790185112880,2007,0.0772,0.0035
1790185112930,2008,0.1579,0.0953
1790185112980,2009,0.0704,0.0033
1790185113030,2010,0.1645,0.0069
1790185113079,2011,0.1300,0.0080
1790185113130,2012,0.2398,0.1152
1790185113180,2013,0.1790,0.0104
1790185113230,2014,0.1507,0.0095
1790185113280,2015,0.3639,0.0086
1790185113330,2016,0.2101,0.1082
1790185113380,2017,0.0895,0.0069
1790185113430,2018,0.1994,0.0118
1790185113480,2019,0.1737,0.0121
1790185113530,2020,0.2515,0.1132
1790185113581,2021,0.1108,0.0139
1790185113630,2022,0.1176,0.0255
1790185113679,2023,0.0941,0.0140
1790185113730,2024,0.1924,0.1112
1790185113780,2025,0.0918,0.0053
1790185113830,2026,0.1119,0.0043
1790185113880,2027,0.0735,0.0043
1790185113930,2028,0.1603,0.0937
1790185113980,2029,0.0724,0.0038
1790185114030,2030,0.1333,0.0041
1790185114080,2031,0.0944,0.0050
1790185114129,2032,0.1934,0.1067
1790185114180,2033,0.1465,0.0095
1790185114230,2034,0.1969,0.0111
1790185114280,2035,0.1567,0.0110
1790185114331,2036,0.2446,0.1411
1790185114380,2037,0.1004,0.0079
1790185114431,2038,0.1047,0.0077
1790185114480,2039,0.0866,0.0075
1790185114530,2040,0.2181,0.1077
1790185114580,2041,0.0839,0.0070
1790185114629,2042,0.1099,0.0073
1790185114680,2043,0.0823,0.0065
1790185114730,2044,0.2042,0.1276
1790185114780,2045,0.0760,0.0046
1790185114830,2046,0.0797,0.0044
1790185114880,2047,0.0687,0.0036
1790185114930,2048,0.1763,0.1107
1790185114980,2049,0.0680,0.0037
1790185115030,2050,0.0862,0.0035
1790185115080,2051,0.0723,0.0042
1790185115130,2052,0.2196,0.1333
1790185115180,2053,0.0733,0.0042
1790185115230,2054,0.1527,0.0094
1790185115280,2055,0.1500,0.0100
1790185115330,2056,0.2397,0.1422
1790185115380,2057,0.0886,0.0065
1790185115429,2058,0.0901,0.0061
1790185115480,2059,0.1237,0.0073
1790185115530,2060,0.2252,0.1272
1790185115580,2061,0.0802,0.0052
1790185115630,2062,0.0893,0.0051
1790185115680,2063,0.4048,0.3326
1790185115730,2064,0.3626,1.7604
1790185115780,2065,0.1787,0.8841
1790185115830,2066,0.1789,0.0080
1790185115880,2067,0.0972,0.0058
1790185115930,2068,0.2069,0.1013
1790185115979,2069,0.1416,0.0050
1790185116030,2070,0.0958,0.0047
1790185116081,2071,0.0962,0.0045
1790185116130,2072,0.2166,0.1079
1790185116180,2073,0.0856,0.0050
1790185116230,2074,0.0932,0.0048
1790185116279,2075,0.1616,0.0111
1790185116330,2076,0.2565,0.1246
1790185116379,2077,0.1228,0.0081
1790185116430,2078,0.0973,0.0073
1790185116480,2079,0.1056,0.0075
1790185116530,2080,0.2268,0.1241
1790185116580,2081,0.1004,0.0053
1790185116630,2082,0.1183,0.0044
1790185116680,2083,0.1078,0.0048
1790185116730,2084,0.1749,0.1023
1790185116780,2085,0.0959,0.0048
1790185116830,2086,0.0859,0.0040
1790185116880,2087,0.0919,0.0042
1790185116931,2088,0.1621,0.0976
1790185116980,2089,0.0671,0.0032
1790185117030,2090,0.1322,0.0056
1790185117080,2091,0.0788,0.0036
1790185117130,2092,0.2123,0.1034
1790185117180,2093,0.1469,0.0060
1790185117231,2094,0.0939,0.0053
1790185117280,2095,0.1509,0.0086
1790185117330,2096,0.2721,0.1277
1790185117380,2097,0.1168,0.0083
1790185117430,2098,0.1021,0.0079
1790185117479,2099,0.1572,0.0109
1790185117530,2100,0.2614,0.1107
1790185117580,2101,0.1044,0.0078
1790185117629,2102,0.1414,0.0511
1790185117681,2103,0.1353,0.0533
1790185117730,2104,0.1905,0.1130
1790185117780,2105,0.0838,0.0059
1790185117829,2106,0.0826,0.0046
1790185117880,2107,0.0730,0.0043
1790185117930,2108,0.1789,0.0954
1790185117980,2109,0.0698,0.0046
1790185118030,2110,0.0995,0.0039
1790185118081,2111,0.1329,0.0084
1790185118130,2112,0.1940,0.1038
1790185118180,2113,0.1171,0.0076
1790185118230,2114,0.1583,0.0098
1790185118280,2115,0.1616,0.0111
1790185118330,2116,0.5286,0.1210
1790185118380,2117,0.1572,0.0104
1790185118430,2118,0.1115,0.0082
1790185118480,2119,0.1052,0.0072
1790185118530,2120,0.3000,0.1190
1790185118580,2121,0.0918,0.0072
1790185118631,2122,0.1156,0.0086
1790185118680,2123,0.0812,0.0053
1790185118730,2124,0.2405,0.1370
1790185118780,2125,0.0791,0.0051
1790185118830,2126,0.0801,0.0043
1790185118880,2127,0.0697,0.0039
1790185118930,2128,0.2208,0.1079
1790185118979,2129,0.0760,0.0047
1790185119030,2130,0.0990,0.0043
1790185119080,2131,0.0761,0.0041
1790185119130,2132,0.2006,0.1031
1790185119179,2133,0.1155,0.0070
1790185119230,2134,0.1725,0.0059
1790185119280,2135,0.1450,0.0090
1790185119330,2136,0.2163,0.1035
1790185119380,2137,0.1666,0.0121
1790185119430,2138,0.2320,0.0104
1790185119480,2139,0.1080,0.0086
1790185119530,2140,0.2756,0.1326
1790185119580,2141,0.0886,0.0079
1790185119631,2142,0.0824,0.0065
1790185119680,2143,0.0744,0.0054
1790185119730,2144,0.4222,0.3420
1790185119780,2145,0.2549,1.5035
1790185119830,2146,0.1630,0.8491
1790185119880,2147,0.0973,0.0043
1790185119930,2148,0.2790,0.1745
1790185119980,2149,0.1086,0.0065
1790185120030,2150,0.0942,0.0048
1790185120080,2151,0.0829,0.0050
1790185120130,2152,0.1809,0.0986
1790185120179,2153,0.0960,0.0058
1790185120229,2154,0.1129,0.0064
1790185120280,2155,0.0960,0.0057
1790185120330,2156,0.2023,0.1249
1790185120380,2157,0.0753,0.0057
1790185120430,2158,0.1300,0.0072
1790185120480,2159,0.1220,0.0079
1790185120530,2160,0.2023,0.1028
1790185120580,2161,0.1136,0.0057
1790185120630,2162,0.0822,0.0046
1790185120680,2163,0.0867,0.0089
1790185120729,2164,0.1991,0.1224
1790185120780,2165,0.0710,0.0045
1790185120829,2166,0.0746,0.0042
1790185120880,2167,0.0627,0.0032
1790185120930,2168,0.1581,0.0902
1790185120980,2169,0.0612,0.0033
1790185121030,2170,0.0729,0.0032
1790185121079,2171,0.0710,0.0039
1790185121130,2172,0.1696,0.1104
1790185121180,2173,0.0680,0.0032
1790185121229,2174,0.1360,0.0061
1790185121280,2175,0.0985,0.0067
1790185121330,2176,0.1786,0.0995
1790185121380,2177,0.1258,0.0052
1790185121430,2178,0.1550,0.0097
1790185121480,2179,0.1578,0.0126
1790185121530,2180,0.2862,0.1324
1790185121580,2181,0.1409,0.0111
1790185121630,2182,0.1528,0.0110
1790185121680,2183,0.1053,0.0112
1790185121730,2184,0.2117,0.1185
1790185121780,2185,0.1432,0.0173
1790185121829,2186,0.1130,0.0086
1790185121880,2187,0.0925,0.0074
1790185121930,2188,0.2091,0.1332
1790185121980,2189,0.1027,0.0079
1790185122030,2190,0.1020,0.0065
1790185122079,2191,0.1570,0.0094
1790185122130,2192,0.1738,0.0992
1790185122179,2193,0.0764,0.0054
1790185122230,2194,0.0833,0.0055
1790185122280,2195,0.0942,0.0059
1790185122330,2196,0.2114,0.1052
1790185122380,2197,0.1002,0.0049
1790185122430,2198,0.0771,0.0048
1790185122480,2199,0.1679,0.0111
1790185122530,2200,0.2272,0.1062
1790185122580,2201,0.1181,0.0088
1790185122630,2202,0.0952,0.0072
1790185122680,2203,0.0736,0.0056
1790185122730,2204,0.1873,0.1178
1790185122780,2205,0.1060,0.0048
1790185122830,2206,0.0782,0.0047
1790185122879,2207,0.0661,0.0047
1790185122930,2208,0.1582,0.0970
1790185122980,2209,0.0639,0.0042
1790185123030,2210,0.0732,0.0034
1790185123080,2211,0.0619,0.0034
1790185123130,2212,0.1742,0.1162
1790185123180,2213,0.1171,0.0076
1790185123230,2214,0.1391,0.0069
1790185123280,2215,0.1135,0.0074
1790185123330,2216,0.2444,0.1312
1790185123380,2217,0.3022,0.0060
1790185123430,2218,0.0823,0.0059
1790185123480,2219,0.1347,0.0057
1790185123530,2220,0.2814,0.1217
1790185123580,2221,0.1852,0.0120
1790185123629,2222,0.1682,0.0099
1790185123680,2223,0.0857,0.0079
1790185123730,2224,0.1756,0.1032
1790185123780,2225,0.2647,0.1794
1790185123829,2226,0.2604,1.6209
1790185123880,2227,0.1197,0.9050
1790185123930,2228,0.1645,0.0860
1790185123980,2229,0.0790,0.0044
1790185124030,2230,0.0822,0.0039
1790185124080,2231,0.0702,0.0044
1790185124130,2232,0.2347,0.1258
1790185124180,2233,0.0673,0.0038
1790185124229,2234,0.0804,0.0043
1790185124280,2235,0.0989,0.0059
1790185124330,2236,0.1933,0.0996
1790185124380,2237,0.1195,0.0056
1790185124430,2238,0.0761,0.0051
1790185124480,2239,0.0773,0.0053
1790185124531,2240,0.1788,0.0989
1790185124580,2241,0.1639,0.0122
1790185124630,2242,0.1369,0.0101
1790185124679,2243,0.0800,0.0079
1790185124730,2244,0.1946,0.1011
1790185124780,2245,0.0745,0.0071
1790185124830,2246,0.0809,0.0068
1790185124880,2247,0.0678,0.0053
1790185124930,2248,0.1661,0.0969
1790185124980,2249,0.0625,0.0044
1790185125030,2250,0.0969,0.0047
1790185125080,2251,0.0607,0.0042
1790185125130,2252,0.1463,0.0920
1790185125180,2253,0.0633,0.0042
1790185125230,2254,0.0722,0.0041
1790185125279,2255,0.0596,0.0032
1790185125330,2256,0.2245,0.1062
1790185125380,2257,0.1053,0.0088
1790185125430,2258,0.0801,0.0073
1790185125479,2259,0.0926,0.0067
1790185125530,2260,0.1999,0.1093
1790185125580,2261,0.1148,0.0076
1790185125630,2262,0.1467,0.0109
1790185125679,2263,0.0932,0.0078
1790185125730,2264,0.1750,0.1037
1790185125780,2265,0.0861,0.0202
1790185125830,2266,0.0831,0.0121
1790185125880,2267,0.0679,0.0065
1790185125930,2268,0.2013,0.1167
1790185125980,2269,0.0626,0.0045
1790185126029,2270,0.1690,0.0049
1790185126080,2271,0.0618,0.0044
1790185126129,2272,0.1696,0.1145
1790185126180,2273,0.0620,0.0040
1790185126230,2274,0.0676,0.0034
1790185126279,2275,0.0659,0.0035
1790185126330,2276,0.2611,0.1416
1790185126379,2277,0.1080,0.0089
1790185126430,2278,0.0845,0.0073
1790185126480,2279,0.0763,0.0068
1790185126530,2280,0.1806,0.1034
1790185126579,2281,0.0867,0.0072
1790185126630,2282,0.1479,0.0101
1790185126680,2283,0.1396,0.0113
1790185126730,2284,0.2648,0.1396
1790185126780,2285,0.1529,0.0115
1790185126830,2286,0.1503,0.0115
1790185126880,2287,0.1555,0.0109
1790185126930,2288,0.2260,0.1099
1790185126980,2289,0.1276,0.0103
1790185127030,2290,0.1425,0.0102
1790185127080,2291,0.1112,0.0089
1790185127130,2292,0.2406,0.1352
1790185127180,2293,0.0977,0.0088
1790185127231,2294,0.1418,0.0097
1790185127280,2295,0.0830,0.0073
1790185127331,2296,0.2523,0.1110
1790185127380,2297,0.1130,0.0095
1790185127429,2298,0.1101,0.0084
1790185127480,2299,0.1143,0.0106
1790185127530,2300,0.2610,0.1325
1790185127580,2301,0.0886,0.0077
1790185127630,2302,0.0800,0.0070
1790185127680,2303,0.1332,0.0105
1790185127730,2304,0.2242,0.1102
1790185127780,2305,0.0784,0.0070
1790185127830,2306,0.4074,0.3127
1790185127880,2307,0.2340,1.4564
1790185127930,2308,0.2199,0.8234
1790185127980,2309,0.0873,0.0041
1790185128030,2310,0.0963,0.0039
1790185128080,2311,0.0978,0.0065
1790185128129,2312,0.1980,0.1275
1790185128180,2313,0.0787,0.0051
1790185128230,2314,0.0758,0.0050
1790185128280,2315,0.1418,0.0120
1790185128330,2316,0.2211,0.1063
1790185128380,2317,0.3133,0.0107
1790185128430,2318,0.0853,0.0075
1790185128479,2319,0.1086,0.0088
1790185128530,2320,0.2099,0.1038
1790185128580,2321,0.0703,0.0071
1790185128630,2322,0.0805,0.0065
1790185128680,2323,0.0730,0.0069
1790185128730,2324,0.2743,0.1313
1790185128780,2325,0.0912,0.0081
1790185128830,2326,0.0888,0.0076
1790185128880,2327,0.0689,0.0060
1790185128930,2328,0.1595,0.0984
1790185128980,2329,0.0642,0.0056
1790185129029,2330,0.0996,0.0064
1790185129080,2331,0.0691,0.0053
1790185129130,2332,0.1638,0.1018
1790185129180,2333,0.0639,0.0054
1790185129230,2334,0.1148,0.0053
1790185129280,2335,0.0770,0.0049
1790185129330,2336,0.1824,0.1136
1790185129380,2337,0.1118,0.0073
1790185129430,2338,0.0746,0.0057
1790185129480,2339,0.0630,0.0054
1790185129530,2340,0.1736,0.0990
1790185129580,2341,0.0620,0.0055
1790185129630,2342,0.0663,0.0044
1790185129680,2343,0.0586,0.0044
1790185129730,2344,0.2651,0.1404
1790185129780,2345,0.1321,0.0129
1790185129830,2346,0.1227,0.0235
1790185129879,2347,0.0741,0.0109
1790185129930,2348,0.1604,0.0985
1790185129979,2349,0.0657,0.0055
1790185130029,2350,0.0755,0.0047
1790185130080,2351,0.0804,0.0060
1790185130130,2352,0.1490,0.0913
1790185130180,2353,0.0672,0.0045
1790185130230,2354,0.0665,0.0040
1790185130280,2355,0.0635,0.0034
1790185130330,2356,0.1795,0.1231
1790185130380,2357,0.0996,0.0068
1790185130429,2358,0.1214,0.0079
1790185130480,2359,0.1250,0.0106
1790185130530,2360,0.2026,0.1159
1790185130580,2361,0.0792,0.0071
1790185130630,2362,0.1048,0.0059
1790185130680,2363,0.0664,0.0054
1790185130730,2364,0.1878,0.1188
1790185130780,2365,0.1352,0.0118
1790185130830,2366,0.1146,0.0084
1790185130880,2367,0.0942,0.0065
1790185130930,2368,0.1673,0.1006
1790185130980,2369,0.0777,0.0058
1790185131030,2370,0.0852,0.0064
1790185131080,2371,0.1009,0.0061
1790185131130,2372,0.1610,0.0983
1790185131180,2373,0.0716,0.0052
1790185131230,2374,0.0717,0.0046
1790185131280,2375,0.0680,0.0048
1790185131330,2376,0.1793,0.1214
1790185131380,2377,0.1104,0.0080
1790185131430,2378,0.1213,0.0078
1790185131480,2379,0.0760,0.0060
1790185131530,2380,0.1874,0.1019
1790185131579,2381,0.1172,0.0095
1790185131630,2382,0.1518,0.0113
1790185131680,2383,0.1306,0.0107
1790185131730,2384,0.2046,0.1033
1790185131780,2385,0.1024,0.0080
1790185131830,2386,0.1427,0.0106
1790185131879,2387,0.3035,0.2231
1790185131930,2388,0.4003,1.5715
1790185131980,2389,0.1198,0.5221
1790185132029,2390,0.0906,0.0044
1790185132080,2391,0.0792,0.0045
1790185132129,2392,0.1689,0.1050
1790185132180,2393,0.0657,0.0039
1790185132230,2394,0.0779,0.0035
1790185132280,2395,0.0688,0.0038
1790185132330,2396,0.1483,0.0900
1790185132380,2397,0.1185,0.0088
1790185132430,2398,0.1253,0.0083
1790185132480,2399,0.0779,0.0070
1790185132530,2400,0.1912,0.1066
1790185132580,2401,0.0844,0.0067
1790185132630,2402,0.1278,0.0072
1790185132680,2403,0.0637,0.0046
1790185132730,2404,0.1809,0.0959
1790185132780,2405,0.0665,0.0041
1790185132830,2406,0.1322,0.0087
1790185132880,2407,0.1220,0.0090
1790185132930,2408,0.1821,0.1022
1790185132980,2409,0.0732,0.0065
1790185133030,2410,0.9308,0.0058
1790185133080,2411,0.1098,0.0065
1790185133130,2412,0.1749,0.0982
1790185133180,2413,0.0656,0.0053
1790185133229,2414,0.0728,0.0052
1790185133280,2415,0.0670,0.0053
1790185133330,2416,0.1493,0.0926
1790185133380,2417,0.1311,0.0107
1790185133430,2418,0.3305,0.0091
1790185133480,2419,0.1339,0.0089
1790185133530,2420,0.2193,0.1050
1790185133580,2421,0.0741,0.0076
1790185133630,2422,0.1070,0.0075
1790185133680,2423,0.1393,0.0122
1790185133731,2424,0.2642,0.1339
1790185133780,2425,0.1122,0.0099
1790185133830,2426,0.1061,0.0107
1790185133879,2427,0.1458,0.0255
1790185133930,2428,0.2074,0.1110
1790185133980,2429,0.1007,0.0074
1790185134030,2430,0.0917,0.0076
1790185134080,2431,0.0687,0.0068
1790185134130,2432,0.1673,0.0987
1790185134180,2433,0.0663,0.0059
1790185134229,2434,0.1052,0.0057
1790185134280,2435,0.0657,0.0050
1790185134330,2436,0.1565,0.0978
1790185134379,2437,0.1040,0.0067
1790185134430,2438,0.0840,0.0053
1790185134480,2439,0.0937,0.0063
1790185134529,2440,0.2145,0.1230
1790185134580,2441,0.0689,0.0050
1790185134629,2442,0.0715,0.0047
1790185134680,2443,0.0618,0.0041
1790185134730,2444,0.1614,0.0979
1790185134780,2445,0.0615,0.0034
1790185134829,2446,0.0695,0.0041
1790185134880,2447,0.0577,0.0031
1790185134930,2448,0.2376,0.1123
1790185134980,2449,0.1018,0.0087
1790185135030,2450,0.0966,0.0078
1790185135080,2451,0.0779,0.0074
1790185135130,2452,0.1854,0.1194
1790185135180,2453,0.0678,0.0063
1790185135230,2454,0.0788,0.0059
1790185135280,2455,0.0678,0.0053
1790185135330,2456,0.1576,0.0981
1790185135379,2457,0.0675,0.0048
1790185135429,2458,0.1343,0.0089
1790185135480,2459,0.1464,0.0126
1790185135530,2460,0.2649,0.1147
1790185135580,2461,0.0912,0.0081
1790185135630,2462,0.0836,0.0078
1790185135679,2463,0.0712,0.0070
1790185135730,2464,0.1762,0.1017
1790185135780,2465,0.0920,0.0061
1790185135830,2466,0.0814,0.0066
1790185135880,2467,0.0665,0.0065
1790185135929,2468,0.4150,0.3570
1790185135980,2469,0.2388,1.3628
1790185136030,2470,0.1385,0.8234
1790185136080,2471,0.1148,0.0047
1790185136130,2472,0.1727,0.0892
1790185136180,2473,0.0674,0.0040
1790185136230,2474,0.0731,0.0036
1790185136280,2475,0.0718,0.0041
1790185136330,2476,0.1546,0.0924
1790185136380,2477,0.0675,0.0040
1790185136430,2478,0.1162,0.0068
1790185136480,2479,0.0735,0.0062
1790185136530,2480,0.2367,0.1398
1790185136580,2481,0.0976,0.0077
1790185136629,2482,0.0767,0.0055
1790185136679,2483,0.0659,0.0051
1790185136730,2484,0.1650,0.1013
1790185136780,2485,0.0670,0.0050
1790185136830,2486,0.0933,0.0064
1790185136880,2487,0.0846,0.0064
1790185136930,2488,0.1562,0.0977
1790185136980,2489,0.1195,0.0085
1790185137030,2490,0.1493,0.0086
1790185137080,2491,0.0931,0.0070
1790185137130,2492,0.1683,0.1012
1790185137180,2493,0.0696,0.0070
1790185137230,2494,0.0765,0.0069
1790185137280,2495,0.0743,0.0059
1790185137330,2496,0.1655,0.0994
1790185137380,2497,0.0692,0.0057
1790185137430,2498,0.1208,0.0085
1790185137479,2499,0.0742,0.0066
1790185137530,2500,0.2452,0.1352
1790185137580,2501,0.0956,0.0277
1790185137630,2502,0.0926,0.0239
1790185137680,2503,0.0755,0.0165
1790185137731,2504,0.1587,0.0981
1790185137780,2505,0.0651,0.0042
1790185137830,2506,0.0690,0.0039
1790185137880,2507,0.0685,0.0072
1790185137931,2508,0.1677,0.1114
1790185137980,2509,0.0629,0.0085
1790185138030,2510,0.1474,0.0102
1790185138080,2511,0.1096,0.0081
1790185138130,2512,0.1961,0.1276
1790185138179,2513,0.0680,0.0063
1790185138230,2514,0.0737,0.0053
1790185138279,2515,0.0688,0.0052
1790185138330,2516,0.1537,0.0950
1790185138379,2517,0.0638,0.0047
1790185138430,2518,0.3667,0.0070
1790185138480,2519,0.1163,0.0080
1790185138530,2520,0.2126,0.1050
1790185138580,2521,0.1050,0.0076
1790185138630,2522,0.0776,0.0065
1790185138679,2523,0.0668,0.0060
1790185138730,2524,0.1770,0.0983
1790185138780,2525,0.0684,0.0046
1790185138829,2526,0.0669,0.0043
1790185138880,2527,0.0667,0.0043
1790185138930,2528,0.1516,0.0966
1790185138980,2529,0.0566,0.0032
1790185139030,2530,0.0667,0.0034
1790185139080,2531,0.1312,0.0092
1790185139130,2532,0.1827,0.1042
1790185139180,2533,0.0735,0.0070
1790185139230,2534,0.0775,0.0062
1790185139280,2535,0.0792,0.0057
1790185139330,2536,0.1595,0.0966
1790185139380,2537,0.0670,0.0050
1790185139430,2538,0.0977,0.0065
1790185139479,2539,0.0715,0.0054
1790185139530,2540,0.1934,0.1187
1790185139580,2541,0.1238,0.0097
1790185139630,2542,0.0976,0.0069
1790185139680,2543,0.0725,0.0060
1790185139730,2544,0.1678,0.1010
1790185139780,2545,0.0685,0.0052
1790185139830,2546,0.0706,0.0043
1790185139880,2547,0.0610,0.0040
1790185139930,2548,0.1530,0.0932
1790185139980,2549,0.2913,0.2350
1790185140029,2550,0.4015,1.7363
1790185140080,2551,0.1561,0.7756
1790185140130,2552,0.2611,0.1296
1790185140180,2553,0.0941,0.0073
1790185140230,2554,0.1018,0.0058
1790185140280,2555,0.0711,0.0053
1790185140330,2556,0.1976,0.1264
1790185140380,2557,0.0654,0.0052
1790185140430,2558,0.1008,0.0064
1790185140480,2559,0.0963,0.0064
1790185140530,2560,0.2252,0.1064
1790185140580,2561,0.0980,0.0070
1790185140629,2562,0.0742,0.0048
1790185140680,2563,0.0630,0.0052
1790185140730,2564,0.1524,0.0957
1790185140780,2565,0.0626,0.0038
1790185140830,2566,0.0656,0.0044
1790185140880,2567,0.0784,0.0032
1790185140931,2568,0.1457,0.0888
1790185140980,2569,0.1047,0.0054
1790185141030,2570,0.0897,0.0031
1790185141079,2571,0.0545,0.0030
1790185141130,2572,0.2239,0.1042
1790185141180,2573,0.1138,0.0073
1790185141230,2574,0.0821,0.0062
1790185141280,2575,0.0703,0.0064
1790185141330,2576,0.1645,0.0974
1790185141380,2577,0.0666,0.0054
1790185141430,2578,0.0828,0.0062
1790185141480,2579,0.1070,0.0076
1790185141530,2580,0.2268,0.1003
1790185141579,2581,0.0703,0.0064
1790185141630,2582,0.0892,0.0062
1790185141680,2583,0.1214,0.0084
1790185141730,2584,0.2359,0.1083
1790185141781,2585,0.1257,0.0107
1790185141830,2586,0.0954,0.0079
1790185141879,2587,0.0741,0.0069
1790185141930,2588,0.2174,0.1551
1790185141980,2589,0.1000,0.0336
1790185142030,2590,0.0796,0.0092
1790185142080,2591,0.0619,0.0043
1790185142129,2592,0.1566,0.0999
1790185142180,2593,0.1290,0.0093
1790185142230,2594,0.1075,0.0077
1790185142280,2595,0.0886,0.0068
1790185142330,2596,0.1617,0.0997
1790185142379,2597,0.0703,0.0053
1790185142429,2598,0.0715,0.0062
1790185142480,2599,0.1449,0.0118
1790185142530,2600,0.2842,0.1411
1790185142580,2601,0.1626,0.0114
1790185142630,2602,0.1399,0.0099
1790185142679,2603,0.0761,0.0078
1790185142730,2604,0.1868,0.1039
1790185142780,2605,0.0800,0.0077
1790185142830,2606,0.0786,0.0064
1790185142880,2607,0.0793,0.0063
1790185142930,2608,0.1752,0.1172
1790185142980,2609,0.0655,0.0047
1790185143030,2610,0.0871,0.0039
1790185143080,2611,0.0590,0.0040
1790185143131,2612,0.1451,0.0910
1790185143180,2613,0.1311,0.0093
1790185143230,2614,0.1371,0.0094
1790185143280,2615,0.0801,0.0066
1790185143330,2616,0.1844,0.0981
1790185143380,2617,0.1238,0.0085
1790185143430,2618,0.0736,0.0057
1790185143480,2619,0.4355,0.0082
1790185143530,2620,0.2188,0.1035
1790185143581,2621,0.3217,0.2172
1790185143630,2622,0.2145,1.2202
1790185143680,2623,0.1270,0.5650
1790185143730,2624,0.1667,0.0969
1790185143781,2625,0.1509,0.0121
1790185143830,2626,0.1482,0.0109
1790185143880,2627,0.1126,0.0092
1790185143930,2628,0.1696,0.1018
1790185143980,2629,0.0666,0.0055
1790185144030,2630,0.0922,0.0051
1790185144080,2631,0.0641,0.0043
1790185144130,2632,0.1506,0.0941
1790185144180,2633,0.0584,0.0032
1790185144230,2634,0.1426,0.0105
1790185144280,2635,0.1244,0.0083
1790185144330,2636,0.1775,0.1035
1790185144380,2637,0.0808,0.0069
1790185144431,2638,0.0753,0.0068
1790185144480,2639,0.1157,0.0089
1790185144530,2640,0.1764,0.1005
1790185144581,2641,0.0849,0.0067
1790185144630,2642,0.0760,0.0060
1790185144679,2643,0.0828,0.0066
1790185144730,2644,0.1980,0.1193
1790185144780,2645,0.0751,0.0058
1790185144830,2646,0.0864,0.0059
1790185144880,2647,0.0609,0.0046
1790185144930,2648,0.1514,0.0966
1790185144980,2649,0.0580,0.0041
1790185145030,2650,0.0721,0.0042
1790185145080,2651,0.0589,0.0042
1790185145129,2652,0.1743,0.1105
1790185145180,2653,0.0568,0.0035
1790185145230,2654,0.0765,0.0044
1790185145280,2655,0.1374,0.0103
1790185145330,2656,0.2042,0.1278
1790185145380,2657,0.0972,0.0085
1790185145430,2658,0.0837,0.0072
1790185145480,2659,0.1115,0.0089
1790185145530,2660,0.1788,0.1003
1790185145580,2661,0.1034,0.0247
1790185145630,2662,0.0840,0.0113
1790185145680,2663,0.0924,0.0076
1790185145730,2664,0.1598,0.0974
1790185145780,2665,0.0679,0.0053
1790185145830,2666,0.1056,0.0047
1790185145880,2667,0.0618,0.0041
1790185145930,2668,0.1782,0.0914
1790185145980,2669,0.0630,0.0068
1790185146030,2670,0.0686,0.0038
1790185146080,2671,0.0779,0.0050
1790185146130,2672,0.1541,0.0942
1790185146180,2673,0.0587,0.0033
1790185146230,2674,0.0660,0.0040
1790185146281,2675,0.0625,0.0036
1790185146330,2676,0.2243,0.1042
1790185146380,2677,0.1261,0.0087
1790185146430,2678,0.0993,0.0076
1790185146480,2679,0.1441,0.0424
1790185146530,2680,0.2487,0.1053
1790185146580,2681,0.1367,0.0109
1790185146629,2682,0.1629,0.0455
1790185146680,2683,0.1337,0.0189
1790185146730,2684,0.2387,0.1257
1790185146780,2685,0.0768,0.0051
1790185146830,2686,0.0771,0.0050
1790185146880,2687,0.0653,0.0046
1790185146930,2688,0.1861,0.1208
1790185146980,2689,0.0680,0.0042
1790185147029,2690,0.0776,0.0038
1790185147080,2691,0.0632,0.0034
1790185147130,2692,0.1705,0.1142
1790185147180,2693,0.2437,0.1873
1790185147230,2694,0.2200,1.5310
1790185147280,2695,0.1366,0.6394
1790185147330,2696,0.2762,0.1038
1790185147379,2697,0.1356,0.0077
1790185147430,2698,0.1228,0.0069
1790185147480,2699,0.1212,0.0067
1790185147530,2700,0.2360,0.1240
1790185147580,2701,0.0755,0.0050
1790185147630,2702,0.0953,0.0046
1790185147680,2703,0.0656,0.0040
1790185147730,2704,0.1877,0.1007
1790185147780,2705,0.0704,0.0040
1790185147830,2706,0.0718,0.0042
1790185147880,2707,0.0591,0.0035
1790185147930,2708,0.1450,0.0899
1790185147979,2709,0.0590,0.0030
1790185148030,2710,0.0998,0.0024
1790185148079,2711,0.0833,0.0023
1790185148130,2712,0.1395,0.0866
1790185148180,2713,0.0547,0.0020
1790185148230,2714,0.0628,0.0022
1790185148280,2715,0.0572,0.0021
1790185148330,2716,0.1373,0.0848
1790185148380,2717,0.1328,0.0075
1790185148430,2718,0.1387,0.0073
1790185148480,2719,0.3228,0.0063
1790185148530,2720,0.2340,0.1259
1790185148580,2721,0.0742,0.0054
1790185148630,2722,0.0928,0.0053
1790185148680,2723,0.0767,0.0052
1790185148730,2724,0.1812,0.1009
1790185148780,2725,0.0682,0.0045
1790185148829,2726,0.0719,0.0041
1790185148880,2727,0.0612,0.0036
1790185148929,2728,0.1453,0.0890
1790185148980,2729,0.0590,0.0037
1790185149030,2730,0.0676,0.0030
1790185149080,2731,0.0616,0.0035
1790185149130,2732,0.1497,0.0903
1790185149180,2733,0.0736,0.0194
1790185149231,2734,0.0797,0.0078
1790185149280,2735,0.0575,0.0022
1790185149330,2736,0.1381,0.0859
1790185149380,2737,0.0587,0.0023
1790185149430,2738,0.1331,0.0071
1790185149480,2739,0.1349,0.0078
1790185149530,2740,0.2389,0.1028
1790185149580,2741,0.1008,0.0060
1790185149630,2742,0.0827,0.0049
1790185149679,2743,0.0961,0.0049
1790185149730,2744,0.1870,0.0993
1790185149779,2745,0.0707,0.0046
1790185149830,2746,0.0846,0.0061
1790185149880,2747,0.0622,0.0039
1790185149930,2748,0.1464,0.0896
1790185149980,2749,0.0592,0.0029
1790185150030,2750,0.0686,0.0048
1790185150080,2751,0.0566,0.0026
1790185150130,2752,0.1888,0.1144
1790185150179,2753,0.1355,0.0060
1790185150230,2754,0.1556,0.0076
1790185150280,2755,0.1000,0.0057
1790185150330,2756,0.1723,0.1011
1790185150380,2757,0.0704,0.0055
1790185150430,2758,0.1370,0.0073
1790185150480,2759,0.1256,0.0070
1790185150529,2760,0.2338,0.1019
1790185150580,2761,0.0811,0.0050
1790185150630,2762,0.0754,0.0044
1790185150680,2763,0.0970,0.0052
1790185150730,2764,0.1894,0.1242
1790185150780,2765,0.2752,0.1869
1790185150830,2766,0.2309,1.2286
1790185150880,2767,0.1261,0.6846
1790185150930,2768,0.1461,0.0763
1790185150980,2769,0.0711,0.0038
1790185151030,2770,0.0747,0.0033
1790185151080,2771,0.0629,0.0034
1790185151130,2772,0.1352,0.0775
1790185151180,2773,0.0657,0.0024
1790185151230,2774,0.0655,0.0027
1790185151279,2775,0.0782,0.0022
1790185151330,2776,0.1357,0.0806
1790185151380,2777,0.0576,0.0026
1790185151430,2778,0.0623,0.0021
1790185151480,2779,0.1349,0.0077
1790185151530,2780,0.2416,0.1022
1790185151580,2781,0.0900,0.0063
1790185151631,2782,0.0938,0.0055
1790185151680,2783,0.0774,0.0050
1790185151730,2784,0.1623,0.0974
1790185151780,2785,0.1340,0.0077
1790185151830,2786,0.1579,0.0086
1790185151880,2787,0.1411,0.0080
1790185151930,2788,0.2485,0.0996
1790185151980,2789,0.1331,0.0080
1790185152030,2790,0.1440,0.0081
1790185152080,2791,0.1267,0.0078
1790185152130,2792,0.2124,0.0973
1790185152180,2793,0.1778,0.0189
1790185152230,2794,0.0998,0.0058
1790185152280,2795,0.0734,0.0049
1790185152330,2796,0.1646,0.0985
1790185152379,2797,0.0627,0.0037
1790185152430,2798,0.0676,0.0037
1790185152480,2799,0.0642,0.0037
1790185152529,2800,0.2547,0.1020
1790185152579,2801,0.1436,0.0073
1790185152630,2802,0.0908,0.0057
1790185152680,2803,0.0797,0.0056
1790185152730,2804,0.1730,0.1014
1790185152780,2805,0.1130,0.0199
1790185152830,2806,0.0892,0.0106
1790185152880,2807,0.0843,0.0042
1790185152930,2808,0.1831,0.1209
1790185152980,2809,0.1161,0.0056
1790185153030,2810,0.1048,0.0048
1790185153080,2811,0.0736,0.0041
1790185153130,2812,0.1469,0.0906
1790185153179,2813,0.0908,0.0045
1790185153229,2814,0.0743,0.0036
1790185153280,2815,0.0637,0.0031
1790185153330,2816,0.1470,0.0936
1790185153381,2817,0.0590,0.0028
1790185153430,2818,0.0656,0.0034
1790185153480,2819,0.0579,0.0025
1790185153530,2820,0.5410,0.1458
1790185153579,2821,0.1323,0.0075
1790185153630,2822,0.1216,0.0083
1790185153680,2823,0.0929,0.0056
1790185153730,2824,0.2155,0.1016
1790185153780,2825,0.0797,0.0049
1790185153830,2826,0.0993,0.0053
1790185153879,2827,0.1377,0.0082
1790185153930,2828,0.2418,0.1109
1790185153980,2829,0.1329,0.0079
1790185154030,2830,0.1308,0.0071
1790185154080,2831,0.0912,0.0057
1790185154130,2832,0.1636,0.0951
1790185154180,2833,0.1237,0.0046
1790185154230,2834,0.0833,0.0045
1790185154280,2835,0.0743,0.0044
1790185154330,2836,0.1581,0.0963
1790185154380,2837,0.2512,0.1905
1790185154430,2838,0.2048,1.4611
1790185154479,2839,0.1261,0.6162
1790185154530,2840,0.2490,0.1154
1790185154580,2841,0.1342,0.0077
1790185154630,2842,0.1439,0.0072
1790185154680,2843,0.0724,0.0050
1790185154730,2844,0.1698,0.0993
1790185154780,2845,0.0677,0.0042
1790185154830,2846,0.0981,0.0050
1790185154880,2847,0.0697,0.0049
1790185154930,2848,0.1605,0.0998
1790185154980,2849,0.0723,0.0045
1790185155030,2850,0.0717,0.0035
1790185155080,2851,0.0589,0.0030
1790185155130,2852,0.1671,0.1140
1790185155181,2853,0.0568,0.0024
1790185155230,2854,0.0667,0.0023
1790185155280,2855,0.0682,0.0025
1790185155330,2856,0.1443,0.0916
1790185155380,2857,0.0535,0.0021
1790185155430,2858,0.0607,0.0021
1790185155479,2859,0.0540,0.0020
1790185155529,2860,0.1740,0.0932
1790185155580,2861,0.1018,0.0047
1790185155630,2862,0.1435,0.0081
1790185155680,2863,0.1020,0.0062
1790185155730,2864,0.1873,0.1189
1790185155779,2865,0.0733,0.0050
1790185155830,2866,0.1002,0.0050
1790185155879,2867,0.0684,0.0042
1790185155929,2868,0.1580,0.0963
1790185155980,2869,0.0638,0.0036
1790185156030,2870,0.0723,0.0033
1790185156080,2871,0.0600,0.0035
1790185156130,2872,0.1747,0.1181
1790185156180,2873,0.0585,0.0026
1790185156230,2874,0.0686,0.0026
1790185156279,2875,0.0597,0.0028
1790185156330,2876,0.1447,0.0913
1790185156381,2877,0.0741,0.0196
1790185156430,2878,0.0764,0.0100
1790185156480,2879,0.1044,0.0050
1790185156530,2880,0.1957,0.1026
1790185156580,2881,0.0994,0.0051
1790185156630,2882,0.1002,0.0053
1790185156680,2883,0.1280,0.0077
1790185156730,2884,0.2220,0.1256
1790185156780,2885,0.0789,0.0048
1790185156830,2886,0.0977,0.0053
1790185156880,2887,0.0707,0.0050
1790185156930,2888,0.1583,0.0964
1790185156980,2889,0.0634,0.0042
1790185157030,2890,0.0763,0.0040
1790185157080,2891,0.0607,0.0039
1790185157130,2892,0.1503,0.0952
1790185157180,2893,0.0579,0.0030
1790185157230,2894,0.0657,0.0056
1790185157280,2895,0.0661,0.0023
1790185157330,2896,0.1657,0.1124
1790185157380,2897,0.0560,0.0023
1790185157430,2898,0.0639,0.0021
1790185157480,2899,0.0898,0.0038
1790185157530,2900,0.1931,0.0983
1790185157580,2901,0.1224,0.0050
1790185157630,2902,0.0729,0.0039
1790185157680,2903,0.1381,0.0081
1790185157729,2904,0.2249,0.1046
1790185157780,2905,0.1014,0.0069
1790185157829,2906,0.0767,0.0048
1790185157880,2907,0.0843,0.0049
1790185157930,2908,0.1879,0.1246
1790185157980,2909,0.2267,0.1647
1790185158030,2910,0.2097,1.5063
1790185158080,2911,0.1260,0.5350
1790185158130,2912,0.1576,0.0816
1790185158180,2913,0.0678,0.0037
1790185158231,2914,0.0756,0.0038
1790185158280,2915,0.0678,0.0033
1790185158330,2916,0.1598,0.1000
1790185158379,2917,0.0605,0.0027
1790185158430,2918,0.0684,0.0034
1790185158480,2919,0.0647,0.0030
1790185158530,2920,0.1703,0.0907
1790185158580,2921,0.3796,0.0054
1790185158630,2922,0.0777,0.0047
1790185158680,2923,0.0664,0.0039
1790185158729,2924,0.3648,0.1370
1790185158780,2925,0.0983,0.0054
1790185158829,2926,0.1110,0.0055
1790185158880,2927,0.1076,0.0063
1790185158931,2928,0.1910,0.1221
1790185158980,2929,0.0672,0.0048
1790185159029,2930,0.0764,0.0048
1790185159080,2931,0.0633,0.0040
1790185159130,2932,0.1527,0.0954
1790185159179,2933,0.0589,0.0032
1790185159230,2934,0.0654,0.0029
1790185159280,2935,0.0677,0.0029
1790185159329,2936,0.1485,0.0899
1790185159380,2937,0.0552,0.0021
1790185159430,2938,0.0623,0.0022
1790185159480,2939,0.0570,0.0021
1790185159530,2940,0.1924,0.1204
1790185159580,2941,0.0972,0.0040
1790185159630,2942,0.0709,0.0031
1790185159680,2943,0.0619,0.0034
1790185159731,2944,0.1632,0.0996
1790185159779,2945,0.1508,0.0065
1790185159831,2946,0.1602,0.0049
1790185159880,2947,0.0843,0.0043
1790185159930,2948,0.1814,0.0988
1790185159979,2949,0.0880,0.0238
1790185160030,2950,0.1139,0.0094
1790185160080,2951,0.0614,0.0034
1790185160130,2952,0.1725,0.1152
1790185160180,2953,0.0588,0.0030
1790185160230,2954,0.0674,0.0030
1790185160280,2955,0.0711,0.0024
1790185160330,2956,0.1507,0.0925
1790185160380,2957,0.0559,0.0025
1790185160430,2958,0.0625,0.0022
1790185160480,2959,0.0560,0.0023
1790185160530,2960,0.1528,0.0903
1790185160580,2961,0.1272,0.0067
1790185160630,2962,0.0780,0.0046
1790185160680,2963,0.0694,0.0049
1790185160730,2964,0.1870,0.1236
1790185160780,2965,0.1475,0.0069
1790185160830,2966,0.1294,0.0098
1790185160880,2967,0.0769,0.0047
1790185160929,2968,0.1770,0.0970
1790185160980,2969,0.0710,0.0047
1790185161029,2970,0.0787,0.0041
1790185161080,2971,0.0634,0.0039
1790185161130,2972,0.1531,0.0953
1790185161180,2973,0.0592,0.0033
1790185161230,2974,0.0633,0.0029
1790185161280,2975,0.0596,0.0027
1790185161330,2976,0.1613,0.1070
1790185161380,2977,0.0604,0.0024
1790185161429,2978,0.0613,0.0023
1790185161480,2979,0.0560,0.0024
1790185161530,2980,0.1973,0.0940
1790185161580,2981,0.2284,0.1700
1790185161630,2982,0.3212,2.6563
1790185161680,2983,0.1262,0.7788
1790185161730,2984,0.2385,0.0914
1790185161780,2985,0.0740,0.0038
1790185161830,2986,0.1346,0.0068
1790185161880,2987,0.1531,0.0078
1790185161930,2988,0.2772,0.1492
1790185161979,2989,0.1197,0.0072
1790185162030,2990,0.0926,0.0052
1790185162080,2991,0.0715,0.0049
1790185162130,2992,0.1639,0.0976
1790185162180,2993,0.0673,0.0042
1790185162230,2994,0.0658,0.0037
1790185162280,2995,0.0612,0.0034
1790185162330,2996,0.1479,0.0897
1790185162380,2997,0.0634,0.0032
1790185162430,2998,0.0653,0.0026
1790185162480,2999,0.0606,0.0031
1790185162530,3000,0.1736,0.1095
1790185162580,3001,0.0795,0.0037
1790185162629,3002,0.1010,0.0045
1790185162680,3003,0.1048,0.0034
1790185162729,3004,0.1644,0.0986
1790185162779,3005,0.0914,0.0031
1790185162830,3006,0.0722,0.0032
1790185162880,3007,0.1277,0.0071
1790185162930,3008,0.2428,0.1287
1790185162980,3009,0.0909,0.0055
1790185163030,3010,0.0830,0.0045
1790185163080,3011,0.0677,0.0049
1790185163130,3012,0.1567,0.0957
1790185163180,3013,0.0622,0.0032
1790185163230,3014,0.0676,0.0037
1790185163280,3015,0.0612,0.0034
1790185163330,3016,0.1468,0.0909
1790185163380,3017,0.0632,0.0032
1790185163429,3018,0.0785,0.0028
1790185163480,3019,0.0837,0.0043
1790185163530,3020,0.1918,0.1157
1790185163580,3021,0.0773,0.0176
1790185163630,3022,0.3701,0.0161
1790185163680,3023,0.0720,0.0049
1790185163730,3024,0.1640,0.0988
1790185163780,3025,0.0714,0.0045
1790185163830,3026,0.0691,0.0040
1790185163880,3027,0.1401,0.0081
1790185163930,3028,0.2279,0.1065
1790185163980,3029,0.1485,0.0087
1790185164030,3030,0.1969,0.0081
1790185164080,3031,0.1316,0.0076
1790185164129,3032,0.1833,0.1129
1790185164180,3033,0.0646,0.0038
1790185164230,3034,0.0705,0.0033
1790185164279,3035,0.0675,0.0031
1790185164330,3036,0.1540,0.0959
1790185164380,3037,0.0596,0.0028
1790185164430,3038,0.0752,0.0054
1790185164479,3039,0.0595,0.0030
1790185164530,3040,0.1850,0.0960
1790185164580,3041,0.0642,0.0036
1790185164630,3042,0.1053,0.0051
1790185164680,3043,0.0631,0.0036
1790185164730,3044,0.1849,0.1224
1790185164780,3045,0.0652,0.0036
1790185164830,3046,0.0690,0.0033
1790185164880,3047,0.0701,0.0033
1790185164930,3048,0.2278,0.1029
1790185164979,3049,0.1293,0.0076
1790185165030,3050,0.1085,0.0052
1790185165080,3051,0.0711,0.0049
1790185165129,3052,0.1577,0.0958
1790185165180,3053,0.2579,0.1972
1790185165231,3054,0.2816,1.5781
1790185165279,3055,0.1257,0.6925
1790185165330,3056,0.1649,0.0820
1790185165380,3057,0.0720,0.0040
1790185165430,3058,0.0818,0.0037
1790185165479,3059,0.0664,0.0036
1790185165530,3060,0.1714,0.0903
1790185165581,3061,0.0646,0.0034
1790185165630,3062,0.1243,0.0065
1790185165679,3063,0.0756,0.0049
1790185165730,3064,0.1865,0.1238
1790185165780,3065,0.0725,0.0039
1790185165830,3066,0.0778,0.0039
1790185165881,3067,0.0620,0.0037
1790185165930,3068,0.1634,0.0998
1790185165980,3069,0.1354,0.0079
1790185166029,3070,0.0879,0.0057
1790185166080,3071,0.0711,0.0055
1790185166130,3072,0.2017,0.1016
1790185166181,3073,0.1899,0.0057
1790185166229,3074,0.1006,0.0041
1790185166281,3075,0.0681,0.0039
1790185166330,3076,0.1731,0.1140
1790185166381,3077,0.0614,0.0035
1790185166430,3078,0.0728,0.0031
1790185166481,3079,0.1098,0.0045
1790185166530,3080,0.1810,0.0985
1790185166580,3081,0.0559,0.0025
1790185166630,3082,0.1316,0.0065
1790185166680,3083,0.0760,0.0049
1790185166730,3084,0.1794,0.0997
1790185166779,3085,0.0916,0.0049
1790185166830,3086,0.0998,0.0052
1790185166880,3087,0.1016,0.0058
1790185166930,3088,0.1985,0.1309
1790185166980,3089,0.1055,0.0061
1790185167030,3090,0.1399,0.0064
1790185167080,3091,0.0982,0.0062
1790185167130,3092,0.1963,0.1047
1790185167180,3093,0.0855,0.0214
1790185167230,3094,0.0784,0.0095
1790185167280,3095,0.0667,0.0039
1790185167330,3096,0.1544,0.0908
1790185167379,3097,0.0597,0.0033
1790185167430,3098,0.0791,0.0037
1790185167479,3099,0.1370,0.0085
1790185167531,3100,0.3525,0.1667
1790185167580,3101,0.0826,0.0053
1790185167630,3102,0.0799,0.0050
1790185167680,3103,0.1044,0.0057
1790185167730,3104,0.1978,0.1181
1790185167780,3105,0.0778,0.0047
1790185167830,3106,0.0793,0.0049
1790185167880,3107,0.0793,0.0048
1790185167930,3108,0.2518,0.1329
1790185167980,3109,0.0714,0.0046
1790185168030,3110,0.1473,0.0099
1790185168080,3111,0.1198,0.0059
1790185168130,3112,0.2061,0.1221
1790185168180,3113,0.0965,0.0057
1790185168230,3114,0.1247,0.0060
1790185168280,3115,0.0878,0.0050
1790185168330,3116,0.2018,0.1345
1790185168380,3117,0.0677,0.0043
1790185168430,3118,0.0742,0.0042
1790185168480,3119,0.0935,0.0051
1790185168530,3120,0.2072,0.1187
1790185168580,3121,0.0757,0.0046
1790185168630,3122,0.2600,0.0041
1790185168680,3123,0.0924,0.0046
1790185168730,3124,0.1926,0.1013
1790185168780,3125,0.2817,0.2004
1790185168830,3126,0.2141,1.6110
1790185168880,3127,0.1281,0.6342
1790185168929,3128,0.1660,0.0837
1790185168980,3129,0.0966,0.0043
1790185169030,3130,0.1066,0.0050
1790185169080,3131,0.1321,0.0074
1790185169130,3132,0.2088,0.1018
1790185169180,3133,0.0759,0.0055
1790185169230,3134,0.0785,0.0048
1790185169280,3135,0.0836,0.0051
1790185169330,3136,0.2181,0.1298
1790185169380,3137,0.0836,0.0046
1790185169429,3138,0.0804,0.0042
1790185169480,3139,0.0673,0.0039
1790185169530,3140,0.1754,0.0937
1790185169580,3141,0.0662,0.0037
1790185169629,3142,0.0699,0.0035
1790185169680,3143,0.0998,0.0052
1790185169730,3144,0.1795,0.0992
1790185169780,3145,0.0981,0.0055
1790185169831,3146,0.0909,0.0043
1790185169880,3147,0.0992,0.0036
1790185169930,3148,0.1930,0.1322
1790185169980,3149,0.0620,0.0035
1790185170030,3150,0.0717,0.0030
1790185170080,3151,0.1327,0.0077
1790185170130,3152,0.2259,0.1032
1790185170180,3153,0.1037,0.0065
1790185170230,3154,0.0818,0.0051
1790185170280,3155,0.0726,0.0053
1790185170330,3156,0.1605,0.0983
1790185170380,3157,0.0666,0.0044
1790185170429,3158,0.0730,0.0040
1790185170480,3159,0.1152,0.0065
1790185170530,3160,0.2238,0.1226
1790185170580,3161,0.0923,0.0054
1790185170630,3162,0.0780,0.0045
1790185170679,3163,0.1014,0.0054
1790185170730,3164,0.1922,0.1186
1790185170780,3165,0.0863,0.0197
1790185170830,3166,0.0773,0.0095
1790185170880,3167,0.0909,0.0040
1790185170930,3168,0.1794,0.1176
1790185170980,3169,0.0616,0.0037
1790185171030,3170,0.0726,0.0031
1790185171080,3171,0.0888,0.0042
1790185171130,3172,0.2576,0.1339
1790185171180,3173,0.1191,0.0066
1790185171230,3174,0.0958,0.0050
1790185171280,3175,0.0764,0.0042
1790185171330,3176,0.1742,0.0979
1790185171380,3177,0.0673,0.0037
1790185171429,3178,0.0732,0.0039
1790185171480,3179,0.0634,0.0034
1790185171530,3180,0.1589,0.0889
1790185171580,3181,0.0833,0.0040
1790185171630,3182,0.0812,0.0065
1790185171679,3183,0.1314,0.0055
1790185171730,3184,0.1928,0.1219
1790185171780,3185,0.0696,0.0041
1790185171830,3186,0.0705,0.0036
1790185171879,3187,0.0611,0.0030
1790185171930,3188,0.1541,0.0956
1790185171980,3189,0.1422,0.0076
1790185172029,3190,0.1535,0.0081
1790185172080,3191,0.1309,0.0077
1790185172131,3192,0.2055,0.1023
1790185172179,3193,0.1312,0.0074
1790185172230,3194,0.1025,0.0065
1790185172281,3195,0.0759,0.0048
1790185172330,3196,0.1936,0.1303
1790185172379,3197,0.2673,0.2040
1790185172430,3198,0.2270,1.2722
1790185172480,3199,0.1481,0.6311
1790185172531,3200,0.1659,0.0784
1790185172580,3201,0.1498,0.0037
1790185172629,3202,0.0888,0.0040
1790185172680,3203,0.1025,0.0056
1790185172729,3204,0.1939,0.0985
1790185172781,3205,0.0748,0.0046
1790185172830,3206,0.0737,0.0038
1790185172881,3207,0.0661,0.0037
1790185172930,3208,0.1778,0.1186
1790185172980,3209,0.0826,0.0039
1790185173030,3210,0.0759,0.0039
1790185173081,3211,0.0898,0.0043
1790185173130,3212,0.1653,0.0942
1790185173181,3213,0.1248,0.0058
1790185173230,3214,0.1369,0.0072
1790185173281,3215,0.0920,0.0051
1790185173329,3216,0.1618,0.0953
1790185173380,3217,0.0676,0.0044
1790185173430,3218,0.0731,0.0039
1790185173481,3219,0.0652,0.0039
1790185173530,3220,0.1972,0.1111
1790185173580,3221,0.0730,0.0038
1790185173631,3222,0.2614,0.0036
1790185173681,3223,0.1264,0.0046
1790185173729,3224,0.1718,0.0965
1790185173781,3225,0.1118,0.0064
1790185173830,3226,0.0781,0.0048
1790185173880,3227,0.0667,0.0042
1790185173930,3228,0.1570,0.0967
1790185173980,3229,0.0684,0.0038
1790185174030,3230,0.0725,0.0035
1790185174080,3231,0.1280,0.0063
1790185174130,3232,0.2623,0.1124
1790185174180,3233,0.1305,0.0077
1790185174230,3234,0.1499,0.0079
1790185174280,3235,0.1525,0.0072
1790185174330,3236,0.2080,0.1357
1790185174380,3237,0.0918,0.0174
1790185174430,3238,0.0801,0.0086
1790185174480,3239,0.0680,0.0040
1790185174530,3240,0.1796,0.1004
1790185174580,3241,0.0731,0.0043
1790185174630,3242,0.0688,0.0028
1790185174680,3243,0.0670,0.0027
1790185174730,3244,0.1863,0.0997
1790185174780,3245,0.1241,0.0049
1790185174830,3246,0.0711,0.0030
1790185174880,3247,0.0608,0.0025
1790185174931,3248,0.1765,0.1155
1790185174979,3249,0.0636,0.0028
1790185175030,3250,0.0732,0.0021
1790185175080,3251,0.0580,0.0021
1790185175130,3252,0.1948,0.0986
1790185175180,3253,0.0688,0.0030
1790185175230,3254,0.0781,0.0057
1790185175279,3255,0.1346,0.0066
1790185175330,3256,0.1995,0.1012
1790185175381,3257,0.0792,0.0048
1790185175430,3258,0.0835,0.0050
1790185175479,3259,0.0833,0.0048
1790185175530,3260,0.1863,0.1114
1790185175581,3261,0.0995,0.0059
1790185175629,3262,0.0864,0.0045
1790185175680,3263,0.0704,0.0039
1790185175730,3264,0.2374,0.1039
1790185175780,3265,0.0992,0.0044
1790185175830,3266,0.0899,0.0036
1790185175880,3267,0.0655,0.0032
1790185175930,3268,0.1457,0.0866
1790185175979,3269,0.2373,0.1704
1790185176030,3270,0.2141,1.4545
1790185176080,3271,0.1364,0.6260
1790185176130,3272,0.2720,0.1371
1790185176180,3273,0.1540,0.0084
1790185176230,3274,0.1404,0.0079
1790185176280,3275,0.1438,0.0081
1790185176329,3276,0.2240,0.0990
1790185176380,3277,0.0869,0.0057
1790185176430,3278,0.0934,0.0063
1790185176480,3279,0.0677,0.0051
1790185176530,3280,0.1622,0.0912
1790185176580,3281,0.0702,0.0047
1790185176630,3282,0.1052,0.0044
1790185176680,3283,0.0598,0.0034
1790185176730,3284,0.2323,0.1251
1790185176779,3285,0.0737,0.0041
1790185176830,3286,0.0710,0.0035
1790185176879,3287,0.0632,0.0037
1790185176930,3288,0.1451,0.0866
1790185176979,3289,0.0634,0.0036
1790185177030,3290,0.0738,0.0035
1790185177081,3291,0.1094,0.0040
1790185177130,3292,0.1519,0.0920
1790185177180,3293,0.0831,0.0038
1790185177230,3294,0.0697,0.0029
1790185177280,3295,0.0761,0.0028
1790185177330,3296,0.2530,0.1365
1790185177380,3297,0.1289,0.0065
1790185177430,3298,0.0971,0.0055
1790185177480,3299,0.1512,0.0060
1790185177530,3300,0.1885,0.1049
1790185177580,3301,0.0823,0.0053
1790185177630,3302,0.0826,0.0042
1790185177680,3303,0.0653,0.0039
1790185177730,3304,0.2074,0.1013
1790185177780,3305,0.0754,0.0045
1790185177830,3306,0.0737,0.0039
1790185177880,3307,0.0636,0.0037
1790185177929,3308,0.1478,0.0896
1790185177980,3309,0.0930,0.0191
1790185178030,3310,0.0790,0.0094
1790185178080,3311,0.0577,0.0029
1790185178130,3312,0.1485,0.0905
1790185178180,3313,0.0871,0.0035
1790185178230,3314,0.0705,0.0036
1790185178280,3315,0.0620,0.0026
1790185178330,3316,0.1454,0.0897
1790185178380,3317,0.1403,0.0073
1790185178430,3318,0.1408,0.0060
1790185178480,3319,0.1046,0.0060
1790185178531,3320,0.1870,0.1055
1790185178581,3321,0.0745,0.0046
1790185178630,3322,0.1058,0.0046
1790185178680,3323,0.2440,0.0039
1790185178729,3324,0.2162,0.1015
1790185178781,3325,0.0739,0.0044
1790185178830,3326,0.0777,0.0068
1790185178879,3327,0.0657,0.0040
1790185178930,3328,0.1492,0.0856
1790185178980,3329,0.0695,0.0034
1790185179030,3330,0.0950,0.0032
1790185179080,3331,0.0709,0.0050
1790185179130,3332,0.2211,0.0981
1790185179180,3333,0.2843,0.1764
1790185179230,3334,0.2067,1.1780
1790185179281,3335,0.1286,0.5772
1790185179330,3336,0.1779,0.1039
1790185179379,3337,0.0877,0.0035
1790185179430,3338,0.1383,0.0071
1790185179480,3339,0.1027,0.0054
1790185179531,3340,0.1849,0.1057
1790185179580,3341,0.0756,0.0047
1790185179630,3342,0.0774,0.0046
1790185179681,3343,0.1174,0.0055
1790185179730,3344,0.2090,0.1052
1790185179780,3345,0.0722,0.0050
1790185179830,3346,0.0735,0.0043
1790185179881,3347,0.0627,0.0036
1790185179931,3348,0.1687,0.1105
1790185179981,3349,0.0624,0.0033
1790185180030,3350,0.0738,0.0029
1790185180080,3351,0.0585,0.0030
1790185180130,3352,0.1452,0.0894
1790185180181,3353,0.0596,0.0027
1790185180230,3354,0.1007,0.0038
1790185180281,3355,0.0675,0.0035
1790185180329,3356,0.1531,0.0958
1790185180380,3357,0.0598,0.0032
1790185180429,3358,0.1349,0.0071
1790185180480,3359,0.1242,0.0067
1790185180530,3360,0.2018,0.0973
1790185180579,3361,0.0846,0.0055
1790185180630,3362,0.0996,0.0048
1790185180680,3363,0.1034,0.0045
1790185180730,3364,0.1643,0.0946
1790185180779,3365,0.1059,0.0054
1790185180830,3366,0.0785,0.0043
1790185180880,3367,0.0646,0.0033
1790185180930,3368,0.1539,0.0946
1790185180980,3369,0.0595,0.0034
1790185181030,3370,0.0749,0.0032
1790185181080,3371,0.0670,0.0031
1790185181130,3372,0.1531,0.0958
1790185181180,3373,0.0754,0.0188
1790185181230,3374,0.1033,0.0130
1790185181280,3375,0.0673,0.0032
1790185181330,3376,0.1683,0.0934
1790185181380,3377,0.0616,0.0028
1790185181430,3378,0.0660,0.0032
1790185181480,3379,0.1471,0.0081
1790185181530,3380,0.2452,0.1027
1790185181580,3381,0.1385,0.0076
1790185181630,3382,0.1334,0.0072
1790185181680,3383,0.1094,0.0063
1790185181729,3384,0.2011,0.1024
1790185181780,3385,0.1274,0.0067
1790185181830,3386,0.1279,0.0068
1790185181880,3387,0.0964,0.0054
1790185181930,3388,0.2039,0.1284
1790185181979,3389,0.1091,0.0066
1790185182030,3390,0.1010,0.0052
1790185182081,3391,0.1466,0.0085
1790185182130,3392,0.2396,0.1062
1790185182180,3393,0.1138,0.0071
1790185182230,3394,0.1150,0.0069
1790185182281,3395,0.1287,0.0074
1790185182329,3396,0.2194,0.0991
1790185182381,3397,0.2879,0.2005
1790185182430,3398,0.1990,1.2328
1790185182480,3399,0.1250,0.6001
1790185182530,3400,0.2397,0.1007
1790185182580,3401,0.1783,0.0084
1790185182630,3402,0.0927,0.0058
1790185182680,3403,0.0779,0.0053
1790185182730,3404,0.1736,0.1012
1790185182781,3405,0.1924,0.0064
1790185182830,3406,0.0926,0.0051
1790185182881,3407,0.0826,0.0054
1790185182930,3408,0.1727,0.1021
1790185182980,3409,0.0716,0.0049
1790185183030,3410,0.0781,0.0043
1790185183080,3411,0.0729,0.0045
1790185183130,3412,0.1584,0.0972
1790185183180,3413,0.0625,0.0034
1790185183230,3414,0.0751,0.0039
1790185183280,3415,0.0917,0.0042
1790185183330,3416,0.1606,0.0957
1790185183380,3417,0.0792,0.0047
1790185183430,3418,0.1385,0.0072
1790185183481,3419,0.1406,0.0062
1790185183530,3420,0.2338,0.1071
1790185183581,3421,0.1381,0.0080
1790185183630,3422,0.0930,0.0056
1790185183680,3423,0.2700,0.0053
1790185183731,3424,0.1837,0.1061
1790185183780,3425,0.1093,0.0061
1790185183830,3426,0.0817,0.0051
1790185183881,3427,0.0715,0.0046
1790185183930,3428,0.1764,0.1032
1790185183980,3429,0.0660,0.0039
1790185184030,3430,0.0716,0.0031
1790185184081,3431,0.0662,0.0036
1790185184130,3432,0.1925,0.1219
1790185184180,3433,0.0688,0.0036
1790185184230,3434,0.1518,0.0077
1790185184281,3435,0.1444,0.0081
1790185184330,3436,0.1788,0.0984
1790185184380,3437,0.0900,0.0202
1790185184430,3438,0.1079,0.0154
1790185184480,3439,0.0733,0.0044
1790185184530,3440,0.1713,0.0966
1790185184581,3441,0.1446,0.0082
1790185184631,3442,0.1414,0.0076
1790185184681,3443,0.1024,0.0059
1790185184730,3444,0.2250,0.1465
1790185184780,3445,0.1061,0.0060
1790185184830,3446,0.0811,0.0049
1790185184881,3447,0.0690,0.0044
1790185184929,3448,0.1640,0.1004
1790185184981,3449,0.0657,0.0037
1790185185030,3450,0.0751,0.0033
1790185185081,3451,0.0633,0.0034
1790185185129,3452,0.1623,0.0957
1790185185180,3453,0.0627,0.0033
1790185185229,3454,0.0674,0.0028
1790185185281,3455,0.0665,0.0030
1790185185330,3456,0.1992,0.1264
1790185185380,3457,0.0601,0.0023
1790185185430,3458,0.0673,0.0023
1790185185481,3459,0.0591,0.0026
1790185185530,3460,0.1597,0.0937
1790185185581,3461,0.2367,0.1709
1790185185630,3462,0.2496,1.1943
1790185185680,3463,0.1330,0.7267
1790185185729,3464,0.1596,0.0794
1790185185780,3465,0.1102,0.0054
1790185185829,3466,0.0891,0.0043
1790185185880,3467,0.0727,0.0042
1790185185930,3468,0.1829,0.1177
1790185185980,3469,0.0656,0.0031
1790185186030,3470,0.0797,0.0059
1790185186080,3471,0.0617,0.0026
1790185186130,3472,0.1835,0.1009
1790185186180,3473,0.0716,0.0034
1790185186230,3474,0.0697,0.0034
1790185186280,3475,0.0663,0.0033
1790185186330,3476,0.1801,0.0966
1790185186380,3477,0.0701,0.0035
1790185186430,3478,0.0864,0.0036
1790185186480,3479,0.0691,0.0034
1790185186529,3480,0.1870,0.1136
1790185186580,3481,0.0705,0.0037
1790185186630,3482,0.0817,0.0038
1790185186681,3483,0.1749,0.0080
1790185186730,3484,0.1847,0.1017
1790185186780,3485,0.1233,0.0062
1790185186830,3486,0.1356,0.0072
1790185186881,3487,0.1249,0.0073
1790185186930,3488,0.1718,0.1009
1790185186980,3489,0.0705,0.0045
1790185187030,3490,0.0779,0.0042
1790185187080,3491,0.0628,0.0035
1790185187129,3492,0.1829,0.1173
1790185187180,3493,0.0646,0.0035
1790185187230,3494,0.0683,0.0035
1790185187281,3495,0.0637,0.0030
1790185187329,3496,0.2136,0.1313
1790185187380,3497,0.0717,0.0038
1790185187429,3498,0.0734,0.0037
1790185187480,3499,0.0654,0.0033
1790185187530,3500,0.2016,0.1197
1790185187580,3501,0.0944,0.0211
1790185187630,3502,0.0724,0.0070
1790185187680,3503,0.0649,0.0030
1790185187730,3504,0.2353,0.1086
1790185187780,3505,0.1219,0.0070
1790185187830,3506,0.1379,0.0073
1790185187880,3507,0.0894,0.0055
1790185187930,3508,0.1927,0.1262
1790185187980,3509,0.0674,0.0037
1790185188030,3510,0.0729,0.0033
1790185188079,3511,0.0616,0.0027
1790185188130,3512,0.2092,0.1005
1790185188180,3513,0.1028,0.0056
1790185188230,3514,0.0894,0.0041
1790185188280,3515,0.0913,0.0047
1790185188330,3516,0.1644,0.0961
1790185188380,3517,0.0982,0.0040
1790185188430,3518,0.0907,0.0042
1790185188480,3519,0.0726,0.0038
1790185188530,3520,0.1922,0.1209
1790185188580,3521,0.0753,0.0039
1790185188630,3522,0.0667,0.0030
1790185188681,3523,0.2238,0.0027
1790185188730,3524,0.2252,0.1073
1790185188780,3525,0.3082,0.1821
1790185188830,3526,0.2511,1.4534
1790185188880,3527,0.1601,0.7205
1790185188930,3528,0.1555,0.0837
1790185188980,3529,0.0727,0.0032
1790185189030,3530,0.0791,0.0029
1790185189080,3531,0.0660,0.0031
1790185189129,3532,0.1629,0.0999
1790185189180,3533,0.0634,0.0031
1790185189229,3534,0.0854,0.0052
1790185189280,3535,0.0624,0.0022
1790185189330,3536,0.1860,0.0962
1790185189380,3537,0.0957,0.0042
1790185189431,3538,0.0887,0.0039
1790185189480,3539,0.0682,0.0033
1790185189530,3540,0.1812,0.1005
1790185189579,3541,0.1078,0.0044
1790185189630,3542,0.0725,0.0032
1790185189680,3543,0.0609,0.0033
1790185189730,3544,0.1836,0.1238
1790185189780,3545,0.1352,0.0069
1790185189830,3546,0.1395,0.0073
1790185189879,3547,0.0897,0.0051
1790185189930,3548,0.1700,0.1025
1790185189980,3549,0.0699,0.0044
1790185190029,3550,0.0766,0.0038
1790185190080,3551,0.0624,0.0032
1790185190130,3552,0.1461,0.0882
1790185190179,3553,0.0629,0.0033
1790185190230,3554,0.0748,0.0031
1790185190279,3555,0.0809,0.0038
1790185190330,3556,0.1882,0.1282
1790185190379,3557,0.1031,0.0047
1790185190429,3558,0.0881,0.0040
1790185190480,3559,0.0691,0.0034
1790185190530,3560,0.1653,0.0941
1790185190580,3561,0.0715,0.0037
1790185190630,3562,0.0902,0.0029
1790185190680,3563,0.0591,0.0029
1790185190730,3564,0.1500,0.0943
1790185190780,3565,0.0810,0.0209
1790185190829,3566,0.1503,0.0161
1790185190880,3567,0.0922,0.0053
1790185190930,3568,0.1726,0.0977
1790185190979,3569,0.0704,0.0042
1790185191030,3570,0.0756,0.0036
1790185191080,3571,0.1107,0.0047
1790185191130,3572,0.1527,0.0934
1790185191180,3573,0.1093,0.0044
1790185191230,3574,0.0832,0.0027
1790185191279,3575,0.0634,0.0023
1790185191330,3576,0.1637,0.0908
1790185191380,3577,0.0588,0.0026
1790185191430,3578,0.1414,0.0073
1790185191480,3579,0.0772,0.0050
1790185191530,3580,0.1755,0.0977
1790185191580,3581,0.0692,0.0040
1790185191630,3582,0.0782,0.0042
1790185191680,3583,0.0644,0.0037
1790185191730,3584,0.1620,0.0946
1790185191780,3585,0.0649,0.0030
1790185191830,3586,0.1462,0.0079
1790185191880,3587,0.1217,0.0061
1790185191930,3588,0.2280,0.1355
1790185191980,3589,0.2371,0.1700
1790185192030,3590,0.2711,1.4626
1790185192079,3591,0.1373,0.7909
1790185192130,3592,0.2629,0.1051
1790185192180,3593,0.1438,0.0085
1790185192231,3594,0.1562,0.0086
1790185192280,3595,0.1417,0.0082
1790185192330,3596,0.2270,0.0991
1790185192379,3597,0.1595,0.0081
1790185192430,3598,0.1460,0.0097
1790185192480,3599,0.1093,0.0066
1790185192530,3600,0.1787,0.0950
1790185192580,3601,0.0767,0.0048
1790185192630,3602,0.1013,0.0050
1790185192680,3603,0.0697,0.0043
1790185192730,3604,0.1533,0.0928
1790185192779,3605,0.0679,0.0040
1790185192830,3606,0.1121,0.0047
1790185192880,3607,0.1244,0.0071
1790185192930,3608,0.1836,0.0976
1790185192980,3609,0.0767,0.0046
1790185193030,3610,0.0708,0.0039
1790185193079,3611,0.0609,0.0038
1790185193130,3612,0.1556,0.0935
1790185193180,3613,0.0803,0.0033
1790185193229,3614,0.0667,0.0032
1790185193280,3615,0.0691,0.0036
1790185193330,3616,0.2211,0.1644
1790185193380,3617,0.0942,0.0042
1790185193429,3618,0.1202,0.0053
1790185193480,3619,0.0843,0.0048
1790185193530,3620,0.2129,0.1396
1790185193580,3621,0.0790,0.0040
1790185193630,3622,0.0692,0.0031
1790185193680,3623,0.0614,0.0030
1790185193729,3624,0.3069,0.1011
1790185193780,3625,0.0630,0.0031
1790185193830,3626,0.1010,0.0030
1790185193880,3627,0.1323,0.0070
1790185193930,3628,0.2152,0.0935
1790185193979,3629,0.1112,0.0226
1790185194030,3630,0.0846,0.0086
1790185194080,3631,0.0673,0.0039
1790185194129,3632,0.1568,0.0856
1790185194180,3633,0.0637,0.0036
1790185194230,3634,0.0699,0.0039
1790185194280,3635,0.0802,0.0041
1790185194330,3636,0.2314,0.0974
1790185194380,3637,0.1433,0.0081
1790185194430,3638,0.1745,0.0138
1790185194480,3639,0.1271,0.0074
1790185194530,3640,0.1957,0.0891
1790185194580,3641,0.0917,0.0060
1790185194630,3642,0.0777,0.0045
1790185194680,3643,0.0764,0.0043
1790185194729,3644,0.1516,0.0870
1790185194780,3645,0.0706,0.0042
1790185194830,3646,0.0677,0.0034
1790185194880,3647,0.1026,0.0049
1790185194930,3648,0.2159,0.0931
1790185194979,3649,0.1240,0.0061
1790185195030,3650,0.1333,0.0052
1790185195080,3651,0.0746,0.0043
1790185195130,3652,0.1536,0.0882
1790185195180,3653,0.2317,0.1685
1790185195230,3654,0.2104,1.3516
1790185195280,3655,0.1532,0.5867
1790185195330,3656,0.1571,0.0750
1790185195380,3657,0.0733,0.0037
1790185195430,3658,0.0792,0.0034
1790185195480,3659,0.1000,0.0051
1790185195531,3660,0.1647,0.0831
1790185195580,3661,0.1312,0.0061
1790185195630,3662,0.0792,0.0060
1790185195680,3663,0.0666,0.0037
1790185195730,3664,0.1692,0.1090
1790185195780,3665,0.0689,0.0036
1790185195830,3666,0.0689,0.0035
1790185195880,3667,0.0980,0.0043
1790185195930,3668,0.1469,0.0845
1790185195980,3669,0.1322,0.0067
1790185196030,3670,0.1131,0.0057
1790185196080,3671,0.0767,0.0051
1790185196130,3672,0.1558,0.0875
1790185196180,3673,0.0693,0.0040
1790185196230,3674,0.0749,0.0038
1790185196280,3675,0.0762,0.0040
1790185196330,3676,0.1468,0.0872
1790185196381,3677,0.0626,0.0033
1790185196429,3678,0.0796,0.0037
1790185196480,3679,0.1487,0.0072
1790185196530,3680,0.2053,0.1178
1790185196580,3681,0.0816,0.0045
1790185196630,3682,0.0728,0.0037
1790185196681,3683,0.0650,0.0033
1790185196729,3684,0.1543,0.0857
1790185196780,3685,0.0689,0.0036
1790185196830,3686,0.0946,0.0041
1790185196880,3687,0.1124,0.0054
1790185196930,3688,0.1620,0.0867
1790185196980,3689,0.1208,0.0057
1790185197030,3690,0.1575,0.0076
1790185197080,3691,0.0938,0.0058
1790185197130,3692,0.1829,0.1091
1790185197179,3693,0.0896,0.0206
1790185197231,3694,0.0820,0.0097
1790185197280,3695,0.0897,0.0041
1790185197330,3696,0.1520,0.0855
1790185197380,3697,0.0631,0.0032
1790185197431,3698,0.0750,0.0033
1790185197480,3699,0.1182,0.0067
1790185197530,3700,0.1673,0.0880
1790185197580,3701,0.0699,0.0043
1790185197630,3702,0.0822,0.0044
1790185197681,3703,0.0674,0.0039
1790185197730,3704,0.1496,0.0892
1790185197780,3705,0.0680,0.0039
1790185197830,3706,0.0775,0.0037
1790185197879,3707,0.1065,0.0056
1790185197930,3708,0.2019,0.0946
1790185197980,3709,0.0718,0.0041
1790185198029,3710,0.1138,0.0045
1790185198080,3711,0.1247,0.0063
1790185198130,3712,0.1661,0.0873
1790185198180,3713,0.0757,0.0043
1790185198230,3714,0.0770,0.0040
1790185198280,3715,0.0729,0.0042
1790185198330,3716,0.1524,0.0872
1790185198380,3717,0.3082,0.2338
1790185198431,3718,0.2432,1.3591
1790185198480,3719,0.1345,0.7428
1790185198530,3720,0.2413,0.1110
1790185198580,3721,0.0910,0.0044
1790185198630,3722,0.0905,0.0041
1790185198680,3723,0.0827,0.0041
1790185198730,3724,0.3060,0.0861
1790185198780,3725,0.0746,0.0038
1790185198830,3726,0.0762,0.0063
1790185198880,3727,0.1017,0.0043
1790185198930,3728,0.1882,0.0910
1790185198980,3729,0.0661,0.0037
1790185199030,3730,0.0733,0.0030
1790185199080,3731,0.1367,0.0078
1790185199129,3732,0.2218,0.1150
1790185199180,3733,0.0856,0.0052
1790185199230,3734,0.0824,0.0049
1790185199280,3735,0.1052,0.0061
1790185199330,3736,0.1546,0.0891
1790185199379,3737,0.0672,0.0041
1790185199430,3738,0.0714,0.0038
1790185199481,3739,0.1062,0.0059
1790185199530,3740,0.2059,0.0907
1790185199580,3741,0.0988,0.0056
1790185199630,3742,0.0788,0.0041
1790185199681,3743,0.0678,0.0039
1790185199730,3744,0.1499,0.0849
1790185199780,3745,0.0847,0.0040
1790185199830,3746,0.1026,0.0029
1790185199880,3747,0.0713,0.0028
1790185199931,3748,0.1483,0.0901
1790185199980,3749,0.0596,0.0030
1790185200030,3750,0.1507,0.0077
1790185200080,3751,0.0872,0.0060
1790185200130,3752,0.2176,0.0935
1790185200180,3753,0.0978,0.0056
1790185200230,3754,0.0828,0.0050
1790185200280,3755,0.0731,0.0054
1790185200330,3756,0.1533,0.0881
1790185200380,3757,0.0942,0.0209
1790185200429,3758,0.0783,0.0093
1790185200480,3759,0.0681,0.0038
1790185200530,3760,0.2185,0.1203
1790185200580,3761,0.0886,0.0044
1790185200630,3762,0.0717,0.0037
1790185200680,3763,0.0626,0.0030
1790185200730,3764,0.1431,0.0862
1790185200780,3765,0.0624,0.0029
1790185200830,3766,0.0621,0.0028
1790185200879,3767,0.0557,0.0022
1790185200930,3768,0.1842,0.0898
1790185200980,3769,0.0655,0.0034
1790185201029,3770,0.0713,0.0028
1790185201080,3771,0.0597,0.0023
1790185201129,3772,0.2417,0.1199
1790185201180,3773,0.1244,0.0069
1790185201230,3774,0.0898,0.0045
1790185201281,3775,0.0718,0.0041
1790185201330,3776,0.1509,0.0867
1790185201380,3777,0.0691,0.0032
1790185201430,3778,0.0831,0.0038
1790185201480,3779,0.0748,0.0037
1790185201530,3780,0.2005,0.1220
1790185201580,3781,0.3388,0.2206
1790185201630,3782,0.2076,1.2521
1790185201680,3783,0.1414,0.6601
1790185201730,3784,0.1442,0.0705
1790185201780,3785,0.0733,0.0033
1790185201830,3786,0.0835,0.0037
1790185201880,3787,0.0653,0.0029
1790185201930,3788,0.2066,0.0852
1790185201979,3789,0.0683,0.0032
1790185202030,3790,0.0776,0.0056
1790185202080,3791,0.0620,0.0031
1790185202130,3792,0.1611,0.1033
1790185202180,3793,0.1543,0.0072
1790185202231,3794,0.1159,0.0060
1790185202280,3795,0.1376,0.0074
1790185202329,3796,0.2366,0.0981
1790185202380,3797,0.1359,0.0078
1790185202429,3798,0.0921,0.0052
1790185202480,3799,0.0901,0.0052
1790185202530,3800,0.1867,0.0919
1790185202580,3801,0.1396,0.0079
1790185202630,3802,0.0902,0.0050
1790185202680,3803,0.0794,0.0048
1790185202730,3804,0.1892,0.1180
1790185202780,3805,0.0738,0.0041
1790185202830,3806,0.0769,0.0040
1790185202880,3807,0.0619,0.0031
1790185202929,3808,0.1813,0.0898
1790185202980,3809,0.0714,0.0033
1790185203029,3810,0.0872,0.0036
1790185203080,3811,0.0874,0.0040
1790185203129,3812,0.1427,0.0839
1790185203180,3813,0.0816,0.0036
1790185203230,3814,0.1632,0.0067
1790185203280,3815,0.0924,0.0048
1790185203330,3816,0.1806,0.1121
1790185203380,3817,0.0757,0.0049
1790185203430,3818,0.0826,0.0050
1790185203480,3819,0.0740,0.0044
1790185203530,3820,0.1679,0.0893
1790185203580,3821,0.1453,0.0233
1790185203629,3822,0.0858,0.0107
1790185203680,3823,0.0743,0.0046
1790185203730,3824,0.1522,0.0889
1790185203780,3825,0.2048,0.0039
1790185203830,3826,0.0679,0.0039
1790185203880,3827,0.0612,0.0034
1790185203930,3828,0.1837,0.0887
1790185203980,3829,0.0677,0.0040
1790185204029,3830,0.0908,0.0035
1790185204080,3831,0.0610,0.0030
1790185204130,3832,0.1349,0.0794
1790185204180,3833,0.0604,0.0024
1790185204230,3834,0.1371,0.0067
1790185204279,3835,0.1281,0.0063
1790185204330,3836,0.1700,0.0899
1790185204380,3837,0.0769,0.0047
1790185204430,3838,0.1532,0.0079
1790185204481,3839,0.1869,0.0088
1790185204530,3840,0.2145,0.0915
1790185204580,3841,0.1254,0.0076
1790185204630,3842,0.1442,0.0073
1790185204680,3843,0.0831,0.0048
1790185204730,3844,0.1914,0.1144
1790185204780,3845,0.2373,0.1691
1790185204830,3846,0.2019,1.3306
1790185204880,3847,0.1348,0.7054
1790185204930,3848,0.2077,0.0846
1790185204980,3849,0.0895,0.0046
1790185205030,3850,0.0823,0.0041
1790185205080,3851,0.0711,0.0038
1790185205130,3852,0.1716,0.1083
1790185205180,3853,0.0633,0.0025
1790185205230,3854,0.0746,0.0057
1790185205280,3855,0.1324,0.0070
1790185205330,3856,0.1813,0.0892
1790185205380,3857,0.0773,0.0054
1790185205430,3858,0.0882,0.0045
1790185205480,3859,0.0714,0.0045
1790185205530,3860,0.1776,0.0887
1790185205580,3861,0.0750,0.0047
1790185205630,3862,0.1239,0.0058
1790185205680,3863,0.0717,0.0044
1790185205730,3864,0.1791,0.1136
1790185205780,3865,0.0666,0.0037
1790185205830,3866,0.0684,0.0033
1790185205879,3867,0.0571,0.0025
1790185205929,3868,0.1900,0.0933
1790185205980,3869,0.0768,0.0042
1790185206030,3870,0.0713,0.0036
1790185206079,3871,0.0598,0.0034
1790185206130,3872,0.1398,0.0835
1790185206180,3873,0.0581,0.0031
1790185206230,3874,0.0677,0.0027
1790185206280,3875,0.0915,0.0039
1790185206330,3876,0.2109,0.0914
1790185206380,3877,0.1122,0.0057
1790185206430,3878,0.0863,0.0048
1790185206480,3879,0.0710,0.0046
1790185206530,3880,0.1643,0.0894
1790185206580,3881,0.0889,0.0043
1790185206630,3882,0.1326,0.0063
1790185206680,3883,0.0752,0.0042
1790185206730,3884,0.1603,0.0895
1790185206780,3885,0.0885,0.0181
1790185206830,3886,0.0784,0.0100
1790185206880,3887,0.0974,0.0051
1790185206930,3888,0.1859,0.0924
1790185206980,3889,0.1009,0.0049
1790185207030,3890,0.0831,0.0037
1790185207080,3891,0.0742,0.0034
1790185207130,3892,0.1691,0.1104
1790185207180,3893,0.0607,0.0024
1790185207230,3894,0.0740,0.0033
1790185207280,3895,0.0668,0.0030
1790185207330,3896,0.2218,0.0969
1790185207380,3897,0.1359,0.0074
1790185207429,3898,0.1426,0.0077
1790185207480,3899,0.1442,0.0096
1790185207531,3900,0.1936,0.0926
1790185207580,3901,0.0837,0.0052
1790185207630,3902,0.0850,0.0049
1790185207680,3903,0.1237,0.0067
1790185207730,3904,0.2215,0.1309
1790185207780,3905,0.0802,0.0052
1790185207830,3906,0.0784,0.0048
1790185207881,3907,0.0722,0.0046
1790185207930,3908,0.1417,0.0847
1790185207980,3909,0.2944,0.1937
1790185208030,3910,0.2441,1.3473
1790185208080,3911,0.1359,0.4840
1790185208130,3912,0.1440,0.0723
1790185208180,3913,0.0701,0.0031
1790185208230,3914,0.0724,0.0035
1790185208281,3915,0.0732,0.0032
1790185208330,3916,0.1524,0.0906
1790185208380,3917,0.1336,0.0071
1790185208430,3918,0.1335,0.0088
1790185208480,3919,0.1298,0.0065
1790185208530,3920,0.2015,0.0900
1790185208580,3921,0.1185,0.0052
1790185208629,3922,0.0787,0.0046
1790185208680,3923,0.0881,0.0045
1790185208730,3924,0.1585,0.0922
1790185208780,3925,0.2162,0.0037
1790185208830,3926,0.0686,0.0036
1790185208880,3927,0.0752,0.0032
1790185208930,3928,0.1584,0.1020
1790185208979,3929,0.1045,0.0051
1790185209030,3930,0.0746,0.0035
1790185209080,3931,0.0625,0.0032
1790185209130,3932,0.1425,0.0856
1790185209180,3933,0.0615,0.0033
1790185209230,3934,0.0637,0.0032
1790185209280,3935,0.0635,0.0031
1790185209330,3936,0.1342,0.0801
1790185209380,3937,0.0565,0.0023
1790185209429,3938,0.1382,0.0069
1790185209480,3939,0.1516,0.0071
1790185209529,3940,0.1747,0.0884
1790185209580,3941,0.0793,0.0054
1790185209630,3942,0.1020,0.0062
1790185209680,3943,0.1151,0.0064
1790185209729,3944,0.1599,0.0878
1790185209780,3945,0.0700,0.0039
1790185209830,3946,0.0723,0.0038
1790185209880,3947,0.0660,0.0037
1790185209930,3948,0.1459,0.0860
1790185209979,3949,0.1152,0.0186
1790185210030,3950,0.0811,0.0089
1790185210080,3951,0.0648,0.0037
1790185210130,3952,0.1473,0.0875
1790185210180,3953,0.0603,0.0033
1790185210230,3954,0.0635,0.0028
1790185210280,3955,0.0607,0.0025
1790185210330,3956,0.1644,0.1058
1790185210380,3957,0.0578,0.0025
1790185210430,3958,0.1387,0.0066
1790185210480,3959,0.1371,0.0079
1790185210530,3960,0.1830,0.0904
1790185210580,3961,0.0747,0.0051
1790185210630,3962,0.0860,0.0045
1790185210680,3963,0.1383,0.0075
1790185210730,3964,0.1599,0.0884
1790185210780,3965,0.0744,0.0047
1790185210830,3966,0.2373,0.1678
1790185210879,3967,0.2577,1.1862
1790185210930,3968,0.1982,0.5989
1790185210980,3969,0.1355,0.0053
1790185211029,3970,0.0965,0.0042
1790185211080,3971,0.0762,0.0038
1790185211129,3972,0.1585,0.0889
1790185211180,3973,0.0716,0.0036
1790185211230,3974,0.0703,0.0033
1790185211280,3975,0.0634,0.0031
1790185211330,3976,0.1683,0.1064
1790185211380,3977,0.0614,0.0032
1790185211430,3978,0.0653,0.0028
1790185211480,3979,0.1449,0.0086
1790185211530,3980,0.2272,0.0933
1790185211580,3981,0.1125,0.0065
1790185211630,3982,0.0937,0.0082
1790185211681,3983,0.0807,0.0050
1790185211730,3984,0.1718,0.0912
1790185211781,3985,0.0737,0.0045
1790185211830,3986,0.0721,0.0033
1790185211879,3987,0.0675,0.0036
1790185211930,3988,0.1669,0.1084
1790185211980,3989,0.1101,0.0062
1790185212030,3990,0.1186,0.0053
1790185212080,3991,0.0718,0.0042
1790185212130,3992,0.1565,0.0893
1790185212180,3993,0.0659,0.0039
1790185212230,3994,0.0734,0.0037
1790185212280,3995,0.0627,0.0034
1790185212330,3996,0.1601,0.0897
1790185212380,3997,0.1356,0.0074
1790185212430,3998,0.1954,0.0090
1790185212480,3999,0.1306,0.0076
1790185212529,4000,0.2358,0.0942
1790185212580,4001,0.1125,0.0052
1790185212630,4002,0.1097,0.0054
1790185212680,4003,0.1292,0.0086
1790185212729,4004,0.1954,0.0919
1790185212780,4005,0.1144,0.0064
1790185212830,4006,0.1051,0.0205
1790185212880,4007,0.0828,0.0101
1790185212930,4008,0.1524,0.0893
1790185212980,4009,0.1028,0.0056
1790185213029,4010,0.0853,0.0042
1790185213080,4011,0.0709,0.0043
1790185213130,4012,0.1715,0.1092
1790185213180,4013,0.0644,0.0035
1790185213230,4014,0.0682,0.0031
1790185213280,4015,0.0713,0.0028
1790185213330,4016,0.1352,0.0805
1790185213380,4017,0.0660,0.0027
1790185213430,4018,0.0636,0.0026
1790185213480,4019,0.0957,0.0050
1790185213530,4020,0.2374,0.0965
1790185213580,4021,0.1309,0.0072
1790185213629,4022,0.1549,0.0081
1790185213680,4023,0.3245,0.1820
1790185213730,4024,0.4028,2.6629
1790185213780,4025,0.3470,2.7395
1790185213830,4026,0.1470,0.0081
1790185213880,4027,0.1424,0.0076
1790185213931,4028,0.2176,0.1010
1790185213980,4029,0.0967,0.0059
1790185214030,4030,0.1109,0.0052
1790185214080,4031,0.0780,0.0050
1790185214130,4032,0.1474,0.0826
1790185214180,4033,0.0662,0.0038
1790185214230,4034,0.0735,0.0037
1790185214280,4035,0.0814,0.0038
1790185214330,4036,0.1609,0.0819
1790185214380,4037,0.0690,0.0033
1790185214429,4038,0.0660,0.0023
1790185214480,4039,0.0618,0.0029
1790185214530,4040,0.2341,0.0909
1790185214580,4041,0.1938,0.0092
1790185214630,4042,0.1448,0.0079
1790185214680,4043,0.1318,0.0077
1790185214731,4044,0.2232,0.0926
1790185214780,4045,0.1243,0.0068
1790185214830,4046,0.1181,0.0102
1790185214880,4047,0.0832,0.0055
1790185214931,4048,0.1751,0.1078
1790185214980,4049,0.0685,0.0046
1790185215030,4050,0.0923,0.0048
1790185215079,4051,0.0974,0.0060
1790185215130,4052,0.1840,0.0899
1790185215180,4053,0.0902,0.0050
1790185215230,4054,0.0852,0.0043
1790185215279,4055,0.0700,0.0037
1790185215330,4056,0.1437,0.0837
1790185215380,4057,0.0617,0.0029
1790185215430,4058,0.0713,0.0029
1790185215480,4059,0.0610,0.0028
1790185215530,4060,0.1729,0.1040
1790185215580,4061,0.1227,0.0103
1790185215630,4062,0.1449,0.0077
1790185215679,4063,0.1391,0.0162
1790185215730,4064,0.1934,0.1128
1790185215780,4065,0.1124,0.0064
1790185215830,4066,0.0798,0.0049
1790185215880,4067,0.0674,0.0042
1790185215930,4068,0.1468,0.0841
1790185215980,4069,0.0650,0.0034
1790185216030,4070,0.1662,0.0077
1790185216080,4071,0.1403,0.0083
1790185216130,4072,0.2221,0.0921
1790185216180,4073,0.0730,0.0045
1790185216229,4074,0.0771,0.0041
1790185216280,4075,0.0672,0.0039
1790185216330,4076,0.1738,0.1053
1790185216380,4077,0.0596,0.0034
1790185216430,4078,0.0718,0.0030
1790185216480,4079,0.1147,0.0065
1790185216530,4080,0.3752,0.2705
1790185216580,4081,0.2245,1.3410
1790185216630,4082,0.1504,0.7442
1790185216680,4083,0.1399,0.0079
1790185216730,4084,0.1942,0.0915
1790185216780,4085,0.1365,0.0066
1790185216830,4086,0.0929,0.0055
1790185216880,4087,0.0740,0.0054
1790185216930,4088,0.1565,0.0903
1790185216980,4089,0.1013,0.0046
1790185217030,4090,0.1370,0.0076
1790185217080,4091,0.1107,0.0059
1790185217130,4092,0.1904,0.0896
1790185217180,4093,0.1191,0.0086
1790185217230,4094,0.0761,0.0042
1790185217279,4095,0.0690,0.0039
1790185217330,4096,0.1493,0.0868
1790185217380,4097,0.0660,0.0032
1790185217429,4098,0.0663,0.0034
1790185217480,4099,0.0639,0.0029
1790185217530,4100,0.1721,0.0891
1790185217580,4101,0.0848,0.0042
1790185217630,4102,0.0993,0.0047
1790185217680,4103,0.0972,0.0051
1790185217729,4104,0.2382,0.0934
1790185217780,4105,0.1729,0.0086
1790185217830,4106,0.1345,0.0074
1790185217880,4107,0.0749,0.0052
1790185217930,4108,0.1582,0.0911
1790185217980,4109,0.0695,0.0042
1790185218030,4110,0.1106,0.0078
1790185218080,4111,0.0868,0.0046
1790185218130,4112,0.2185,0.1039
1790185218180,4113,0.0975,0.0052
1790185218230,4114,0.0805,0.0040
1790185218279,4115,0.1022,0.0046
1790185218330,4116,0.1800,0.1178
1790185218380,4117,0.0660,0.0031
1790185218430,4118,0.0646,0.0028
1790185218480,4119,0.0645,0.0029
1790185218530,4120,0.1680,0.0961
1790185218580,4121,0.0914,0.0126
1790185218630,4122,0.1131,0.0046
1790185218680,4123,0.0613,0.0026
1790185218730,4124,0.1610,0.0911
1790185218780,4125,0.1919,0.0096
1790185218830,4126,0.3328,0.0073
1790185218880,4127,0.0944,0.0060
1790185218931,4128,0.2024,0.1248
1790185218980,4129,0.0711,0.0049
1790185219030,4130,0.1001,0.0049
1790185219080,4131,0.0726,0.0043
1790185219130,4132,0.1506,0.0886
1790185219180,4133,0.0715,0.0038
1790185219230,4134,0.0679,0.0030
1790185219279,4135,0.0618,0.0026
1790185219330,4136,0.1391,0.0851
1790185219380,4137,0.2149,0.1597
1790185219430,4138,0.2066,1.2360
1790185219480,4139,0.1701,0.7393
1790185219531,4140,0.1899,0.0998
1790185219580,4141,0.0841,0.0040
1790185219630,4142,0.0848,0.0037
1790185219680,4143,0.0682,0.0037
1790185219730,4144,0.1492,0.0821
1790185219780,4145,0.1417,0.0070
1790185219830,4146,0.1405,0.0075
1790185219879,4147,0.0864,0.0053
1790185219930,4148,0.1563,0.0895
1790185219980,4149,0.0701,0.0042
1790185220030,4150,0.0760,0.0041
1790185220080,4151,0.0963,0.0046
1790185220130,4152,0.1738,0.1119
1790185220180,4153,0.0637,0.0032
1790185220229,4154,0.0675,0.0031
1790185220280,4155,0.0628,0.0033
1790185220330,4156,0.1371,0.0810
1790185220380,4157,0.0563,0.0022
1790185220430,4158,0.0645,0.0021
1790185220480,4159,0.1439,0.0082
1790185220530,4160,0.2380,0.0946
1790185220579,4161,0.1026,0.0057
1790185220630,4162,0.1138,0.0066
1790185220680,4163,0.0897,0.0058
1790185220730,4164,0.1613,0.0900
1790185220780,4165,0.0750,0.0044
1790185220830,4166,0.1470,0.0080
1790185220880,4167,0.1140,0.0089
1790185220930,4168,0.1616,0.0891
1790185220980,4169,0.0741,0.0053
1790185221030,4170,0.0799,0.0046
1790185221080,4171,0.1021,0.0060
1790185221130,4172,0.1556,0.0895
1790185221180,4173,0.0659,0.0040
1790185221230,4174,0.0681,0.0036
1790185221280,4175,0.0661,0.0033
1790185221330,4176,0.1397,0.0811
1790185221380,4177,0.0785,0.0230
1790185221429,4178,0.0676,0.0078
1790185221480,4179,0.0778,0.0034
1790185221530,4180,0.1789,0.1097
1790185221580,4181,0.0650,0.0031
1790185221630,4182,0.0743,0.0032
1790185221680,4183,0.0637,0.0030
1790185221729,4184,0.1442,0.0879
1790185221780,4185,0.0603,0.0025
1790185221830,4186,0.0934,0.0036
1790185221880,4187,0.1263,0.0067
1790185221930,4188,0.1755,0.0897
1790185221980,4189,0.0766,0.0044
1790185222030,4190,0.0763,0.0042
1790185222080,4191,0.0854,0.0042
1790185222130,4192,0.1825,0.1121
1790185222179,4193,0.0641,0.0036
1790185222230,4194,0.2236,0.1585
1790185222280,4195,0.1950,1.2319
1790185222330,4196,0.1961,0.6613
1790185222380,4197,0.0813,0.0040
1790185222430,4198,0.1109,0.0050
1790185222480,4199,0.1434,0.0083
1790185222530,4200,0.2381,0.0959
1790185222580,4201,0.1289,0.0072
1790185222630,4202,0.1013,0.0058
1790185222679,4203,0.0910,0.0057
1790185222730,4204,0.1910,0.0957
1790185222780,4205,0.0887,0.0057
1790185222830,4206,0.0804,0.0048
1790185222880,4207,0.1609,0.0073
1790185222930,4208,0.2168,0.0939
1790185222979,4209,0.1024,0.0065
1790185223029,4210,0.0840,0.0047
1790185223080,4211,0.1027,0.0060
1790185223130,4212,0.1823,0.1152
1790185223180,4213,0.0662,0.0038
1790185223229,4214,0.0736,0.0036
1790185223280,4215,0.0731,0.0039
1790185223329,4216,0.1457,0.0866
1790185223380,4217,0.0609,0.0027
1790185223430,4218,0.0642,0.0028
1790185223480,4219,0.0641,0.0033
1790185223530,4220,0.1516,0.0853
1790185223580,4221,0.0670,0.0031
1790185223630,4222,0.0876,0.0023
1790185223679,4223,0.0680,0.0033
1790185223730,4224,0.1546,0.0899
1790185223780,4225,0.0607,0.0025
1790185223830,4226,0.0629,0.0020
1790185223879,4227,0.3590,0.0051
1790185223930,4228,0.2219,0.0957
1790185223980,4229,0.1092,0.0065
1790185224030,4230,0.1033,0.0066
1790185224080,4231,0.0950,0.0060
1790185224130,4232,0.1601,0.0922
1790185224180,4233,0.0705,0.0049
1790185224230,4234,0.0912,0.0227
1790185224281,4235,0.0726,0.0076
1790185224330,4236,0.1687,0.1083
1790185224380,4237,0.0609,0.0032
1790185224430,4238,0.0642,0.0033
1790185224480,4239,0.0620,0.0025
1790185224530,4240,0.1449,0.0798
1790185224580,4241,0.0739,0.0033
1790185224630,4242,0.0910,0.0038
1790185224680,4243,0.1430,0.0082
1790185224730,4244,0.3147,0.1475
1790185224780,4245,0.1073,0.0064
1790185224830,4246,0.0866,0.0055
1790185224880,4247,0.1029,0.0056
1790185224930,4248,0.2744,0.1518
1790185224980,4249,0.1354,0.0073
1790185225030,4250,0.0922,0.0051
1790185225080,4251,0.2600,0.1717
1790185225130,4252,0.2936,1.3137
1790185225180,4253,0.1316,0.4796
1790185225230,4254,0.0875,0.0042
1790185225281,4255,0.0734,0.0030
1790185225330,4256,0.1393,0.0742
1790185225380,4257,0.0643,0.0032
1790185225430,4258,0.0670,0.0025
1790185225480,4259,0.0633,0.0024
1790185225530,4260,0.1772,0.1044
1790185225579,4261,0.0954,0.0047
1790185225629,4262,0.0897,0.0039
1790185225680,4263,0.0727,0.0032
1790185225730,4264,0.1495,0.0872
1790185225781,4265,0.0682,0.0030
1790185225830,4266,0.0666,0.0031
1790185225880,4267,0.0614,0.0028
1790185225929,4268,0.1718,0.0864
1790185225980,4269,0.1402,0.0078
1790185226030,4270,0.1352,0.0077
1790185226079,4271,0.1250,0.0074
1790185226130,4272,0.1729,0.0927
1790185226180,4273,0.0972,0.0050
1790185226230,4274,0.0800,0.0046
1790185226280,4275,0.0692,0.0039
1790185226330,4276,0.1439,0.0828
1790185226380,4277,0.0631,0.0035
1790185226429,4278,0.0743,0.0029
1790185226480,4279,0.0608,0.0034
1790185226530,4280,0.1452,0.0782
1790185226579,4281,0.0770,0.0066
1790185226630,4282,0.0853,0.0041
1790185226680,4283,0.0725,0.0035
1790185226730,4284,0.1511,0.0876
1790185226780,4285,0.0658,0.0028
1790185226830,4286,0.0988,0.0042
1790185226880,4287,0.0782,0.0036
1790185226930,4288,0.2313,0.0918
1790185226979,4289,0.1160,0.0062
1790185227030,4290,0.1432,0.0073
1790185227080,4291,0.1459,0.0234
1790185227129,4292,0.2159,0.1022
1790185227181,4293,0.0780,0.0047
1790185227230,4294,0.0805,0.0051
1790185227280,4295,0.0699,0.0041
1790185227330,4296,0.1443,0.0831
1790185227380,4297,0.0613,0.0031
1790185227430,4298,0.0663,0.0033
1790185227480,4299,0.0641,0.0034
1790185227530,4300,0.1824,0.1102
1790185227580,4301,0.0627,0.0034
1790185227630,4302,0.0773,0.0036
1790185227680,4303,0.1111,0.0043
1790185227730,4304,0.1429,0.0866
1790185227779,4305,0.0833,0.0037
1790185227829,4306,0.0693,0.0031
1790185227880,4307,0.0582,0.0026
1790185227930,4308,0.3258,0.2505
1790185227980,4309,0.2004,1.2078
1790185228030,4310,0.1530,0.5413
1790185228080,4311,0.1357,0.0073
1790185228130,4312,0.2430,0.1182
1790185228180,4313,0.1204,0.0063
1790185228230,4314,0.0950,0.0058
1790185228279,4315,0.1242,0.0063
1790185228330,4316,0.1497,0.0869
1790185228380,4317,0.0645,0.0040
1790185228431,4318,0.1178,0.0051
1790185228480,4319,0.0725,0.0033
1790185228530,4320,0.1869,0.0883
1790185228580,4321,0.0692,0.0034
1790185228631,4322,0.0658,0.0028
1790185228679,4323,0.0600,0.0031
1790185228730,4324,0.1484,0.0866
1790185228780,4325,0.0938,0.0033
1790185228830,4326,0.0754,0.0029
1790185228880,4327,0.2842,0.0031
1790185228930,4328,0.1597,0.0848
1790185228979,4329,0.0949,0.0041
1790185229030,4330,0.0834,0.0038
1790185229079,4331,0.1321,0.0069
1790185229130,4332,0.2205,0.0945
1790185229180,4333,0.0847,0.0049
1790185229230,4334,0.0846,0.0046
1790185229280,4335,0.0706,0.0039
1790185229329,4336,0.1503,0.0866
1790185229380,4337,0.0666,0.0038
1790185229430,4338,0.0757,0.0065
1790185229479,4339,0.0692,0.0035
1790185229529,4340,0.1738,0.0850
1790185229580,4341,0.0807,0.0039
1790185229630,4342,0.0837,0.0039
1790185229680,4343,0.0605,0.0031
1790185229730,4344,0.1775,0.1120
1790185229780,4345,0.1007,0.0029
1790185229829,4346,0.0712,0.0030
1790185229880,4347,0.0705,0.0032
1790185229930,4348,0.1559,0.1006
1790185229980,4349,0.1422,0.0197
1790185230030,4350,0.0974,0.0054
1790185230080,4351,0.0714,0.0046
1790185230130,4352,0.2342,0.0948
1790185230180,4353,0.1265,0.0071
1790185230230,4354,0.0841,0.0051
1790185230280,4355,0.0953,0.0235
1790185230330,4356,0.1986,0.1291
1790185230380,4357,0.0969,0.0163
1790185230430,4358,0.0723,0.0032
1790185230480,4359,0.0647,0.0033
1790185230531,4360,0.1871,0.1095
1790185230580,4361,0.0627,0.0033
1790185230630,4362,0.0791,0.0033
1790185230680,4363,0.0742,0.0030
1790185230730,4364,0.1497,0.0855
1790185230780,4365,0.2592,0.1934
1790185230830,4366,0.2065,1.2779
1790185230880,4367,0.1290,0.6246
1790185230930,4368,0.1713,0.0857
1790185230980,4369,0.1098,0.0050
1790185231030,4370,0.0997,0.0045
1790185231080,4371,0.0751,0.0038
1790185231130,4372,0.2055,0.0997
1790185231180,4373,0.1344,0.0079
1790185231230,4374,0.1077,0.0053
1790185231280,4375,0.0762,0.0044
1790185231330,4376,0.1557,0.0906
1790185231380,4377,0.0667,0.0039
1790185231430,4378,0.0711,0.0038
1790185231480,4379,0.0837,0.0035
1790185231530,4380,0.2099,0.1189
1790185231580,4381,0.1208,0.0054
1790185231630,4382,0.0881,0.0043
1790185231680,4383,0.0649,0.0038
1790185231730,4384,0.1573,0.0880
1790185231780,4385,0.0728,0.0034
1790185231830,4386,0.0718,0.0034
1790185231880,4387,0.0631,0.0035
1790185231930,4388,0.1439,0.0864
1790185231980,4389,0.0603,0.0025
1790185232030,4390,0.1185,0.0053
1790185232080,4391,0.0943,0.0050
1790185232130,4392,0.1978,0.0971
1790185232179,4393,0.1327,0.0071
1790185232231,4394,0.1683,0.0073
1790185232280,4395,0.0986,0.0078
1790185232330,4396,0.1561,0.0893
1790185232379,4397,0.0890,0.0045
1790185232430,4398,0.0711,0.0038
1790185232480,4399,0.0685,0.0042
1790185232530,4400,0.2412,0.0936
1790185232580,4401,0.1420,0.0087
1790185232630,4402,0.1500,0.0081
1790185232680,4403,0.1071,0.0065
1790185232730,4404,0.1655,0.0924
1790185232779,4405,0.1048,0.0234
1790185232830,4406,0.0901,0.0110
1790185232881,4407,0.0789,0.0048
1790185232930,4408,0.1818,0.1149
1790185232979,4409,0.0679,0.0042
1790185233030,4410,0.1273,0.0061
1790185233080,4411,0.0828,0.0051
1790185233130,4412,0.1853,0.0906
1790185233179,4413,0.0845,0.0050
1790185233230,4414,0.1376,0.0073
1790185233280,4415,0.1223,0.0074
1790185233330,4416,0.1591,0.0880
1790185233380,4417,0.0725,0.0046
1790185233430,4418,0.0762,0.0042
1790185233480,4419,0.0702,0.0043
1790185233530,4420,0.1574,0.0850
1790185233580,4421,0.0819,0.0048
1790185233630,4422,0.2639,0.1935
1790185233680,4423,0.2012,1.2854
1790185233729,4424,0.1962,0.5784
1790185233781,4425,0.1025,0.0037
1790185233831,4426,0.0884,0.0035
1790185233879,4427,0.0851,0.0034
1790185233930,4428,0.3281,0.0782
1790185233980,4429,0.0685,0.0034
1790185234030,4430,0.1053,0.0040
1790185234080,4431,0.0850,0.0038
1790185234130,4432,0.1800,0.0875
1790185234180,4433,0.0805,0.0040
1790185234229,4434,0.0793,0.0039
1790185234280,4435,0.1323,0.0070
1790185234329,4436,0.1678,0.0864
1790185234380,4437,0.0710,0.0045
1790185234430,4438,0.0702,0.0037
1790185234480,4439,0.0655,0.0037
1790185234529,4440,0.1703,0.1000
1790185234579,4441,0.0632,0.0036
1790185234630,4442,0.0837,0.0037
1790185234680,4443,0.0617,0.0030
1790185234729,4444,0.1445,0.0816
1790185234780,4445,0.1477,0.0089
1790185234830,4446,0.1488,0.0082
1790185234880,4447,0.1107,0.0066
1790185234930,4448,0.1871,0.0952
1790185234980,4449,0.0772,0.0046
1790185235030,4450,0.0809,0.0045
1790185235080,4451,0.1189,0.0059
1790185235130,4452,0.2308,0.1190
1790185235180,4453,0.0948,0.0053
1790185235230,4454,0.0787,0.0041
1790185235281,4455,0.1333,0.0072
1790185235330,4456,0.2665,0.0987
1790185235380,4457,0.1436,0.0088
1790185235430,4458,0.1513,0.0085
1790185235480,4459,0.1303,0.0071
1790185235530,4460,0.1786,0.0874
1790185235581,4461,0.0794,0.0058
1790185235630,4462,0.1087,0.0202
1790185235681,4463,0.0869,0.0110
1790185235730,4464,0.1557,0.0866
1790185235781,4465,0.0756,0.0042
1790185235830,4466,0.0860,0.0042
1790185235880,4467,0.0704,0.0040
1790185235930,4468,0.1728,0.1110
1790185235980,4469,0.0689,0.0036
1790185236030,4470,0.0711,0.0034
1790185236080,4471,0.0964,0.0043
1790185236130,4472,0.1972,0.0948
1790185236180,4473,0.0866,0.0045
1790185236230,4474,0.0750,0.0033
1790185236280,4475,0.0685,0.0032
1790185236330,4476,0.2368,0.0934
1790185236380,4477,0.1010,0.0064
1790185236430,4478,0.0820,0.0048
1790185236480,4479,0.2293,0.1625
1790185236530,4480,0.3363,1.2829
1790185236580,4481,0.1354,0.5839
1790185236630,4482,0.1315,0.0051
1790185236680,4483,0.1161,0.0046
1790185236730,4484,0.1687,0.0890
1790185236780,4485,0.0819,0.0042
1790185236830,4486,0.0905,0.0041
1790185236880,4487,0.0926,0.0041
1790185236930,4488,0.1523,0.0854
1790185236981,4489,0.0734,0.0037
1790185237031,4490,0.0770,0.0028
1790185237080,4491,0.0924,0.0044
1790185237130,4492,0.1594,0.0872
1790185237180,4493,0.1098,0.0050
1790185237230,4494,0.1521,0.0059
1790185237281,4495,0.0702,0.0039
1790185237330,4496,0.1790,0.0963
1790185237381,4497,0.1275,0.0065
1790185237431,4498,0.0942,0.0055
1790185237481,4499,0.0781,0.0056
1790185237530,4500,0.1667,0.0903
1790185237579,4501,0.0679,0.0039
1790185237630,4502,0.0828,0.0044
1790185237679,4503,0.0682,0.0041
1790185237730,4504,0.1473,0.0875
1790185237780,4505,0.0693,0.0032
1790185237831,4506,0.0672,0.0035
1790185237880,4507,0.0645,0.0029
1790185237929,4508,0.1628,0.1062
1790185237980,4509,0.0648,0.0048
1790185238030,4510,0.0676,0.0025
1790185238080,4511,0.0569,0.0022
1790185238130,4512,0.1680,0.0857
1790185238179,4513,0.1234,0.0061
1790185238230,4514,0.0748,0.0036
1790185238281,4515,0.0670,0.0037
1790185238331,4516,0.1473,0.0896
1790185238379,4517,0.1324,0.0069
1790185238430,4518,0.1434,0.0075
1790185238481,4519,0.1641,0.0309
1790185238530,4520,0.1962,0.1151
1790185238580,4521,0.0742,0.0053
1790185238630,4522,0.0763,0.0047
1790185238680,4523,0.0763,0.0049
1790185238730,4524,0.1514,0.0870
1790185238779,4525,0.0695,0.0045
1790185238830,4526,0.0696,0.0040
1790185238881,4527,0.0665,0.0037
1790185238929,4528,0.1466,0.0882
1790185238981,4529,0.2093,0.0033
1790185239030,4530,0.2271,0.1581
1790185239080,4531,0.1979,0.9180
1790185239129,4532,0.2114,0.6653
1790185239181,4533,0.1360,0.0068
1790185239230,4534,0.0895,0.0050
1790185239280,4535,0.0766,0.0047
1790185239329,4536,0.1701,0.0917
1790185239381,4537,0.0677,0.0041
1790185239430,4538,0.1407,0.0074
1790185239481,4539,0.1323,0.0070
1790185239530,4540,0.2063,0.1138
1790185239581,4541,0.0764,0.0046
1790185239630,4542,0.0850,0.0051
1790185239680,4543,0.0782,0.0045
1790185239730,4544,0.1740,0.0887
1790185239779,4545,0.0761,0.0042
1790185239830,4546,0.0717,0.0037
1790185239881,4547,0.0753,0.0033
1790185239930,4548,0.1420,0.0827
1790185239981,4549,0.0604,0.0027
1790185240030,4550,0.0716,0.0028
1790185240079,4551,0.0611,0.0028
1790185240130,4552,0.1891,0.1116
1790185240179,4553,0.1345,0.0074
1790185240230,4554,0.1225,0.0067
1790185240279,4555,0.0805,0.0047
1790185240330,4556,0.1559,0.0897
1790185240380,4557,0.0679,0.0039
1790185240431,4558,0.0697,0.0034
1790185240481,4559,0.1382,0.0078
1790185240530,4560,0.1960,0.0879
1790185240580,4561,0.0828,0.0047
1790185240630,4562,0.0794,0.0047
1790185240680,4563,0.0830,0.0050
1790185240730,4564,0.1536,0.0870
1790185240781,4565,0.0927,0.0045
1790185240830,4566,0.0744,0.0063
1790185240881,4567,0.0672,0.0047
1790185240930,4568,0.1460,0.0874
1790185240980,4569,0.0598,0.0026
1790185241030,4570,0.0963,0.0180
1790185241080,4571,0.0848,0.0085
1790185241130,4572,0.1592,0.0898
1790185241180,4573,0.1136,0.0055
1790185241230,4574,0.1104,0.0048
1790185241280,4575,0.0833,0.0039
1790185241330,4576,0.1677,0.0930
1790185241380,4577,0.0662,0.0033
1790185241430,4578,0.0679,0.0034
1790185241480,4579,0.1476,0.0086
1790185241529,4580,0.2332,0.0934
1790185241580,4581,0.4234,0.2408
1790185241630,4582,0.2115,0.9690
1790185241680,4583,0.1336,0.6376
1790185241730,4584,0.2120,0.0979
1790185241781,4585,0.1069,0.0040
1790185241829,4586,0.1007,0.0039
1790185241881,4587,0.0836,0.0030
1790185241929,4588,0.1751,0.0805
1790185241981,4589,0.0742,0.0027
1790185242030,4590,0.0775,0.0027
1790185242080,4591,0.1197,0.0045
1790185242130,4592,0.1540,0.0861
1790185242180,4593,0.1337,0.0079
1790185242229,4594,0.1164,0.0059
1790185242280,4595,0.0867,0.0054
1790185242330,4596,0.1834,0.1113
1790185242381,4597,0.0781,0.0041
1790185242429,4598,0.0691,0.0029
1790185242481,4599,0.0635,0.0034
1790185242529,4600,0.2247,0.0922
1790185242581,4601,0.1351,0.0074
1790185242630,4602,0.1502,0.0084
1790185242681,4603,0.1509,0.0102
1790185242729,4604,0.2247,0.0957
1790185242780,4605,0.1198,0.0072
1790185242830,4606,0.0955,0.0052
1790185242879,4607,0.0762,0.0041
1790185242930,4608,0.1793,0.1079
1790185242979,4609,0.0723,0.0037
1790185243030,4610,0.0748,0.0030
1790185243079,4611,0.0699,0.0031
1790185243129,4612,0.2026,0.1294
1790185243179,4613,0.1100,0.0053
1790185243230,4614,0.1074,0.0051
1790185243279,4615,0.0772,0.0040
1790185243330,4616,0.1598,0.0888
1790185243380,4617,0.0667,0.0037
1790185243430,4618,0.0693,0.0036
1790185243480,4619,0.0715,0.0038
1790185243530,4620,0.1564,0.0850
1790185243579,4621,0.1502,0.0200
1790185243630,4622,0.1516,0.0175
1790185243680,4623,0.0970,0.0066
1790185243730,4624,0.1956,0.1202
1790185243781,4625,0.1320,0.0065
1790185243830,4626,0.0824,0.0040
1790185243880,4627,0.0654,0.0032
1790185243930,4628,0.1474,0.0858
1790185243981,4629,0.2302,0.0026
1790185244030,4630,0.0783,0.0031
1790185244081,4631,0.0610,0.0023
1790185244130,4632,0.3120,0.2471
1790185244181,4633,0.2567,1.4250
1790185244230,4634,0.2318,0.7623
1790185244281,4635,0.0976,0.0039
1790185244330,4636,0.1559,0.0771
1790185244381,4637,0.0722,0.0034
1790185244430,4638,0.0823,0.0037
1790185244481,4639,0.0787,0.0043
1790185244530,4640,0.1762,0.0783
1790185244579,4641,0.0859,0.0041
1790185244630,4642,0.1433,0.0078
1790185244681,4643,0.0902,0.0057
1790185244730,4644,0.1694,0.0895
1790185244781,4645,0.0859,0.0054
1790185244830,4646,0.0829,0.0042
1790185244880,4647,0.1392,0.0081
1790185244929,4648,0.2321,0.0995
1790185244980,4649,0.1367,0.0080
1790185245030,4650,0.1463,0.0060
1790185245079,4651,0.0841,0.0048
1790185245130,4652,0.1908,0.1121
1790185245179,4653,0.0732,0.0044
1790185245230,4654,0.1204,0.0062
1790185245279,4655,0.1470,0.0071
1790185245330,4656,0.1634,0.0902
1790185245380,4657,0.0680,0.0041
1790185245431,4658,0.0769,0.0039
1790185245480,4659,0.1351,0.0080
1790185245530,4660,0.2024,0.0911
1790185245579,4661,0.1088,0.0055
1790185245630,4662,0.1454,0.0075
1790185245680,4663,0.1368,0.0079
1790185245730,4664,0.2058,0.1137
1790185245780,4665,0.0997,0.0049
1790185245830,4666,0.0806,0.0049
1790185245880,4667,0.0715,0.0043
1790185245930,4668,0.1483,0.0862
1790185245980,4669,0.1124,0.0048
1790185246030,4670,0.0699,0.0029
1790185246080,4671,0.1262,0.0048
1790185246130,4672,0.2117,0.1062
1790185246180,4673,0.1396,0.0145
1790185246230,4674,0.1495,0.0065
1790185246280,4675,0.1769,0.0081
1790185246329,4676,0.2448,0.0925
1790185246380,4677,0.0895,0.0051
1790185246430,4678,0.0811,0.0044
1790185246480,4679,0.1419,0.0061
1790185246530,4680,0.1622,0.0867
1790185246580,4681,0.0669,0.0039
1790185246630,4682,0.0809,0.0041
1790185246679,4683,0.2899,0.1651
1790185246731,4684,0.2823,1.0400
1790185246780,4685,0.1394,0.5212
1790185246830,4686,0.1045,0.0046
1790185246880,4687,0.0729,0.0043
1790185246930,4688,0.1500,0.0855
1790185246980,4689,0.0665,0.0033
1790185247030,4690,0.0971,0.0046
1790185247079,4691,0.1012,0.0052
1790185247131,4692,0.1958,0.1167
1790185247179,4693,0.0805,0.0039
1790185247230,4694,0.0926,0.0042
1790185247281,4695,0.1015,0.0051
1790185247330,4696,0.1601,0.0895
1790185247381,4697,0.0662,0.0040
1790185247429,4698,0.0699,0.0036
1790185247480,4699,0.0623,0.0037
1790185247531,4700,0.1742,0.0868
1790185247580,4701,0.0591,0.0024
1790185247630,4702,0.0980,0.0042
1790185247680,4703,0.1432,0.0080
1790185247730,4704,0.2497,0.1176
1790185247781,4705,0.1156,0.0063
1790185247830,4706,0.1658,0.0078
1790185247881,4707,0.1301,0.0062
1790185247930,4708,0.1557,0.0903
1790185247981,4709,0.0669,0.0037
1790185248030,4710,0.0716,0.0031
1790185248080,4711,0.0611,0.0034
1790185248130,4712,0.1647,0.0933
1790185248179,4713,0.0752,0.0038
1790185248230,4714,0.1125,0.0043
1790185248280,4715,0.0971,0.0046
1790185248330,4716,0.1718,0.0918
1790185248381,4717,0.0837,0.0038
1790185248430,4718,0.1192,0.0042
1790185248480,4719,0.1042,0.0052
1790185248530,4720,0.1908,0.0925
1790185248581,4721,0.0665,0.0038
1790185248630,4722,0.0769,0.0037
1790185248680,4723,0.0851,0.0184
1790185248730,4724,0.2241,0.1031
1790185248780,4725,0.1426,0.0084
1790185248830,4726,0.1095,0.0067
1790185248880,4727,0.0809,0.0050
1790185248930,4728,0.1704,0.0939
1790185248980,4729,0.0688,0.0040
1790185249030,4730,0.2199,0.0037
1790185249079,4731,0.0660,0.0057
1790185249130,4732,0.1682,0.0841
1790185249179,4733,0.0699,0.0038
1790185249230,4734,0.2466,0.1568
1790185249280,4735,0.2003,1.1662
1790185249330,4736,0.1972,0.6323
1790185249380,4737,0.0797,0.0033
1790185249429,4738,0.0773,0.0038
1790185249480,4739,0.0672,0.0028
1790185249529,4740,0.1667,0.0828
1790185249580,4741,0.0640,0.0030
1790185249630,4742,0.0823,0.0038
1790185249680,4743,0.0689,0.0032
1790185249730,4744,0.1832,0.1079
1790185249780,4745,0.2104,0.0092
1790185249830,4746,0.1338,0.0068
1790185249880,4747,0.1322,0.0067
1790185249930,4748,0.1566,0.0901
1790185249980,4749,0.0681,0.0044
1790185250030,4750,0.0782,0.0040
1790185250079,4751,0.0641,0.0033
1790185250130,4752,0.1464,0.0852
1790185250180,4753,0.0655,0.0032
1790185250230,4754,0.1056,0.0048
1790185250280,4755,0.1248,0.0056
1790185250330,4756,0.1882,0.0975
1790185250379,4757,0.1001,0.0040
1790185250430,4758,0.0687,0.0034
1790185250480,4759,0.0605,0.0031
1790185250530,4760,0.1848,0.0888
1790185250579,4761,0.0759,0.0032
1790185250630,4762,0.0816,0.0041
1790185250680,4763,0.0648,0.0037
1790185250731,4764,0.1686,0.0868
1790185250781,4765,0.0662,0.0033
1790185250830,4766,0.1373,0.0065
1790185250880,4767,0.0923,0.0050
1790185250930,4768,0.1838,0.0890
1790185250980,4769,0.0707,0.0047
1790185251030,4770,0.0764,0.0041
1790185251079,4771,0.0741,0.0040
1790185251130,4772,0.1566,0.0823
1790185251180,4773,0.0720,0.0036
1790185251230,4774,0.1254,0.0211
1790185251280,4775,0.1259,0.0129
1790185251330,4776,0.1892,0.0900
1790185251381,4777,0.0854,0.0045
1790185251430,4778,0.0804,0.0043
1790185251481,4779,0.0715,0.0039
1790185251530,4780,0.1874,0.0860
1790185251581,4781,0.0629,0.0034
1790185251631,4782,0.1123,0.0069
1790185251680,4783,0.1127,0.0055
1790185251730,4784,0.1988,0.1102
1790185251781,4785,0.2360,0.1559
1790185251830,4786,0.2111,1.1299
1790185251879,4787,0.1381,0.7017
1790185251930,4788,0.1875,0.1049
1790185251979,4789,0.0795,0.0051
1790185252030,4790,0.0847,0.0044
1790185252080,4791,0.0687,0.0038
1790185252130,4792,0.1391,0.0747
1790185252180,4793,0.0848,0.0043
1790185252230,4794,0.0868,0.0042
1790185252279,4795,0.0950,0.0046
1790185252331,4796,0.1812,0.0866
1790185252380,4797,0.0826,0.0045
1790185252430,4798,0.0709,0.0036
1790185252480,4799,0.0630,0.0035
1790185252530,4800,0.1800,0.1094
1790185252580,4801,0.0626,0.0033
1790185252629,4802,0.1185,0.0058
1790185252680,4803,0.1173,0.0060
1790185252730,4804,0.2186,0.0923
1790185252780,4805,0.1396,0.0083
1790185252830,4806,0.1411,0.0077
1790185252880,4807,0.1354,0.0080
1790185252930,4808,0.2365,0.0886
1790185252980,4809,0.0907,0.0051
1790185253031,4810,0.0820,0.0047
1790185253080,4811,0.0871,0.0043
1790185253130,4812,0.1667,0.1059
1790185253180,4813,0.0711,0.0044
1790185253231,4814,0.0771,0.0034
1790185253280,4815,0.1181,0.0065
1790185253330,4816,0.2040,0.0936
1790185253379,4817,0.0870,0.0054
1790185253430,4818,0.0763,0.0042
1790185253480,4819,0.0676,0.0048
1790185253530,4820,0.1568,0.0840
1790185253580,4821,0.0637,0.0034
1790185253631,4822,0.0720,0.0049
1790185253680,4823,0.0679,0.0036
1790185253729,4824,0.1757,0.1169
1790185253780,4825,0.0826,0.0181
1790185253830,4826,0.0703,0.0077
1790185253880,4827,0.0565,0.0021
1790185253930,4828,0.2152,0.0915
1790185253980,4829,0.1085,0.0062
1790185254030,4830,0.0914,0.0051
1790185254080,4831,0.2201,0.0044
1790185254130,4832,0.1476,0.0848
1790185254180,4833,0.0725,0.0065
1790185254230,4834,0.0807,0.0040
1790185254279,4835,0.1153,0.0061
1790185254330,4836,0.3552,0.2833
1790185254380,4837,0.2180,1.1964
1790185254430,4838,0.1392,0.5539
1790185254480,4839,0.0928,0.0040
1790185254531,4840,0.1573,0.0732
1790185254579,4841,0.0711,0.0034
1790185254630,4842,0.0852,0.0037
1790185254681,4843,0.0720,0.0035
1790185254730,4844,0.1474,0.0791
1790185254781,4845,0.0718,0.0033
1790185254830,4846,0.0870,0.0029
1790185254881,4847,0.0619,0.0026
1790185254930,4848,0.1588,0.0864
1790185254981,4849,0.1478,0.0086
1790185255030,4850,0.1644,0.0090
1790185255079,4851,0.1352,0.0078
1790185255130,4852,0.1586,0.0898
1790185255180,4853,0.1240,0.0053
1790185255229,4854,0.0797,0.0039
1790185255280,4855,0.1005,0.0056
1790185255331,4856,0.1685,0.0916
1790185255380,4857,0.0876,0.0045
1790185255430,4858,0.1007,0.0049
1790185255480,4859,0.1082,0.0056
1790185255529,4860,0.2411,0.0899
1790185255580,4861,0.1185,0.0059
1790185255631,4862,0.0856,0.0041
1790185255680,4863,0.0738,0.0040
1790185255730,4864,0.1530,0.0885
1790185255780,4865,0.0699,0.0036
1790185255830,4866,0.0690,0.0034
1790185255880,4867,0.0592,0.0030
1790185255930,4868,0.1369,0.0824
1790185255980,4869,0.1454,0.0083
1790185256030,4870,0.1230,0.0056
1790185256080,4871,0.0899,0.0049
1790185256130,4872,0.1778,0.1107
1790185256180,4873,0.0711,0.0043
1790185256230,4874,0.0723,0.0039
1790185256280,4875,0.1316,0.0071
1790185256329,4876,0.2401,0.1473
1790185256380,4877,0.1139,0.0136
1790185256430,4878,0.0882,0.0053
1790185256480,4879,0.0712,0.0044
1790185256530,4880,0.1651,0.0889
1790185256580,4881,0.0737,0.0039
1790185256630,4882,0.0688,0.0035
1790185256679,4883,0.0646,0.0037
1790185256730,4884,0.1643,0.0898
1790185256780,4885,0.0727,0.0034
1790185256830,4886,0.1182,0.0040
1790185256880,4887,0.2324,0.1562
1790185256930,4888,0.2986,1.3718
1790185256981,4889,0.1334,0.5975
1790185257030,4890,0.1484,0.0067
1790185257080,4891,0.1140,0.0064
1790185257130,4892,0.1613,0.0892
1790185257180,4893,0.0767,0.0046
1790185257230,4894,0.0715,0.0039
1790185257280,4895,0.1168,0.0058
1790185257330,4896,0.2077,0.0912
1790185257381,4897,0.0804,0.0046
1790185257429,4898,0.0946,0.0048
1790185257481,4899,0.0899,0.0042
1790185257530,4900,0.1943,0.1142
1790185257581,4901,0.0654,0.0039
1790185257630,4902,0.0694,0.0032
1790185257680,4903,0.0616,0.0031
1790185257731,4904,0.1655,0.0910
1790185257780,4905,0.0767,0.0033
1790185257829,4906,0.0668,0.0031
1790185257880,4907,0.0624,0.0032
1790185257930,4908,0.1458,0.0895
1790185257980,4909,0.1095,0.0039
1790185258030,4910,0.0978,0.0041
1790185258080,4911,0.1243,0.0060
1790185258130,4912,0.1630,0.0873
1790185258180,4913,0.0698,0.0041
1790185258230,4914,0.1031,0.0043
1790185258280,4915,0.0789,0.0041
1790185258331,4916,0.1535,0.0885
1790185258381,4917,0.0667,0.0034
1790185258430,4918,0.0888,0.0042
1790185258479,4919,0.1070,0.0055
1790185258530,4920,0.1936,0.0900
1790185258580,4921,0.0775,0.0040
1790185258629,4922,0.1197,0.0060
1790185258680,4923,0.0855,0.0050
1790185258731,4924,0.1677,0.0923
1790185258779,4925,0.0821,0.0039
1790185258830,4926,0.0718,0.0040
1790185258880,4927,0.0803,0.0200
1790185258930,4928,0.1696,0.1120
1790185258980,4929,0.0600,0.0036
1790185259030,4930,0.0860,0.0025
1790185259080,4931,0.1405,0.0080
1790185259130,4932,0.4015,0.0924
1790185259180,4933,0.0865,0.0055
1790185259229,4934,0.0819,0.0057
1790185259280,4935,0.0775,0.0067
1790185259329,4936,0.1947,0.0912
1790185259381,4937,0.0891,0.0053
1790185259430,4938,0.2906,0.1999
1790185259480,4939,0.2209,1.2389
1790185259530,4940,0.2345,0.5397
1790185259580,4941,0.0778,0.0038
1790185259631,4942,0.0994,0.0042
1790185259680,4943,0.0715,0.0035
1790185259729,4944,0.1443,0.0753
1790185259780,4945,0.0688,0.0031
1790185259830,4946,0.0680,0.0032
1790185259880,4947,0.0613,0.0024
1790185259930,4948,0.1314,0.0745
1790185259980,4949,0.0576,0.0026
1790185260030,4950,0.1695,0.0076
1790185260080,4951,0.0883,0.0055
1790185260130,4952,0.2032,0.0927
1790185260180,4953,0.1060,0.0058
1790185260230,4954,0.0955,0.0049
1790185260280,4955,0.0716,0.0040
1790185260330,4956,0.2040,0.0955
1790185260380,4957,0.1070,0.0054
1790185260431,4958,0.1261,0.0054
1790185260480,4959,0.0941,0.0046
1790185260530,4960,0.2013,0.0930
1790185260580,4961,0.0960,0.0039
1790185260629,4962,0.0799,0.0035
1790185260680,4963,0.0663,0.0034
1790185260730,4964,0.1658,0.0855
1790185260780,4965,0.0656,0.0031
1790185260829,4966,0.0829,0.0036
1790185260880,4967,0.0642,0.0035
1790185260930,4968,0.1413,0.0854
1790185260980,4969,0.0873,0.0025
1790185261030,4970,0.0798,0.0028
1790185261080,4971,0.0565,0.0026
1790185261130,4972,0.1359,0.0819
1790185261180,4973,0.1323,0.0074
1790185261230,4974,0.1102,0.0065
1790185261281,4975,0.0773,0.0050
1790185261330,4976,0.2243,0.1165
1790185261379,4977,0.1006,0.0053
1790185261430,4978,0.1114,0.0196
1790185261480,4979,0.1081,0.0140
1790185261530,4980,0.1815,0.0893
1790185261580,4981,0.0715,0.0044
1790185261630,4982,0.0836,0.0047
1790185261680,4983,0.0736,0.0041
1790185261730,4984,0.1793,0.1148
1790185261780,4985,0.0682,0.0038
1790185261829,4986,0.0731,0.0058
1790185261880,4987,0.0606,0.0034
1790185261930,4988,0.1369,0.0813
1790185261980,4989,0.2587,0.2036
1790185262029,4990,0.2518,1.3066
1790185262080,4991,0.1311,0.5313
1790185262130,4992,0.1564,0.0752
1790185262180,4993,0.1234,0.0057
1790185262230,4994,0.1364,0.0069
1790185262280,4995,0.0924,0.0047
1790185262330,4996,0.2158,0.1196
1790185262380,4997,0.0829,0.0046
1790185262431,4998,0.0872,0.0046
1790185262480,4999,0.0921,0.0046
1790185262530,5000,0.1776,0.0900
1790185262580,5001,0.0770,0.0041
1790185262630,5002,0.1047,0.0050
1790185262680,5003,0.0709,0.0039
1790185262730,5004,0.1577,0.0914
1790185262780,5005,0.1017,0.0044
1790185262830,5006,0.1418,0.0078
1790185262880,5007,0.1373,0.0080
1790185262930,5008,0.2041,0.0927
1790185262980,5009,0.0927,0.0050
1790185263030,5010,0.0891,0.0046
1790185263080,5011,0.0770,0.0049
1790185263130,5012,0.1493,0.0828
1790185263180,5013,0.0644,0.0035
1790185263230,5014,0.1448,0.0080
1790185263281,5015,0.1411,0.0069
1790185263330,5016,0.2036,0.0901
1790185263380,5017,0.0926,0.0049
1790185263430,5018,0.0890,0.0056
1790185263480,5019,0.0732,0.0050
1790185263529,5020,0.2074,0.0912
1790185263580,5021,0.0790,0.0047
1790185263630,5022,0.0899,0.0045
1790185263680,5023,0.0689,0.0036
1790185263730,5024,0.1535,0.0886
1790185263781,5025,0.0670,0.0034
1790185263830,5026,0.0678,0.0031
1790185263880,5027,0.0907,0.0028
1790185263930,5028,0.1363,0.0817
1790185263980,5029,0.0732,0.0195
1790185264030,5030,0.0669,0.0060
1790185264080,5031,0.0549,0.0020
1790185264129,5032,0.1540,0.1018
1790185264180,5033,0.2425,0.0020
1790185264230,5034,0.2199,0.1534
1790185264280,5035,0.2504,1.0590
1790185264329,5036,0.2379,0.5615
1790185264380,5037,0.0875,0.0056
1790185264430,5038,0.1044,0.0042
1790185264480,5039,0.0741,0.0041
1790185264529,5040,0.1944,0.0896
1790185264581,5041,0.0805,0.0048
1790185264630,5042,0.0792,0.0042
1790185264680,5043,0.0750,0.0038
1790185264730,5044,0.1623,0.0881
1790185264780,5045,0.0675,0.0038
1790185264830,5046,0.0707,0.0033
1790185264880,5047,0.0602,0.0029
1790185264930,5048,0.1485,0.0818
1790185264980,5049,0.1088,0.0038
1790185265030,5050,0.0877,0.0027
1790185265079,5051,0.0639,0.0025
1790185265130,5052,0.2323,0.0987
1790185265180,5053,0.1383,0.0079
1790185265230,5054,0.0911,0.0050
1790185265280,5055,0.1307,0.0071
1790185265330,5056,0.2218,0.0960
1790185265379,5057,0.1138,0.0065
1790185265430,5058,0.0846,0.0048
1790185265480,5059,0.0778,0.0047
1790185265530,5060,0.1757,0.0904
1790185265580,5061,0.0850,0.0044
1790185265630,5062,0.1104,0.0056
1790185265680,5063,0.0694,0.0041
1790185265729,5064,0.1846,0.1110
1790185265780,5065,0.0717,0.0039
1790185265830,5066,0.0733,0.0036
1790185265880,5067,0.0779,0.0031
1790185265930,5068,0.1408,0.0821
1790185265979,5069,0.0589,0.0027
1790185266030,5070,0.0703,0.0027
1790185266081,5071,0.0581,0.0025
1790185266130,5072,0.1359,0.0809
1790185266179,5073,0.0556,0.0022
1790185266230,5074,0.0772,0.0172
1790185266280,5075,0.0614,0.0065
1790185266330,5076,0.2614,0.1210
1790185266380,5077,0.1214,0.0075
1790185266430,5078,0.0928,0.0054
1790185266480,5079,0.2252,0.1473
1790185266532,5080,1.8346,2.0444
1790185266580,5081,0.4117,1.8897
1790185266630,5082,0.2698,2.7412
1790185266680,5083,0.4515,1.9678
1790185266730,5084,0.3648,1.3059
1790185266779,5085,0.2128,1.9193
1790185266830,5086,0.1498,0.2662
1790185266880,5087,0.1370,0.0075
1790185266929,5088,0.2330,0.1086
1790185266980,5089,0.0922,0.0050
1790185267030,5090,0.0789,0.0049
1790185267080,5091,0.0861,0.0049
1790185267130,5092,0.2059,0.0996
1790185267180,5093,0.0700,0.0044
1790185267230,5094,0.0690,0.0039
1790185267280,5095,0.0655,0.0039
1790185267330,5096,0.1778,0.1080
1790185267380,5097,0.1390,0.0083
1790185267430,5098,0.1115,0.0051
1790185267480,5099,0.1217,0.0066
1790185267529,5100,0.1801,0.1056
1790185267580,5101,0.0675,0.0047
1790185267630,5102,0.1115,0.0053
1790185267680,5103,0.0799,0.0045
1790185267730,5104,0.1787,0.0957
1790185267780,5105,0.1096,0.0056
1790185267830,5106,0.0650,0.0033
1790185267880,5107,0.0576,0.0033
1790185267930,5108,0.1620,0.1051
1790185267979,5109,0.0684,0.0034
1790185268030,5110,0.0765,0.0022
1790185268080,5111,0.1058,0.0036
1790185268130,5112,0.1411,0.0883
1790185268179,5113,0.0550,0.0020
1790185268230,5114,0.0588,0.0020
1790185268280,5115,0.0572,0.0021
1790185268330,5116,0.1526,0.0897
1790185268379,5117,0.1389,0.0083
1790185268430,5118,0.1401,0.0070
1790185268479,5119,0.1101,0.0116
1790185268529,5120,0.2216,0.1203
1790185268580,5121,0.0761,0.0077
1790185268630,5122,0.1255,0.0127
1790185268680,5123,0.0966,0.0096
1790185268729,5124,0.3747,0.2868
1790185268780,5125,0.2494,1.8898
1790185268830,5126,0.1479,0.7824
1790185268880,5127,0.1352,0.0076
1790185268930,5128,0.2566,0.1226
1790185268980,5129,0.1361,0.0078
1790185269030,5130,0.1105,0.0058
1790185269080,5131,0.0722,0.0047
1790185269130,5132,0.1678,0.1070
1790185269180,5133,0.0618,0.0038
1790185269230,5134,0.2275,0.0034
1790185269280,5135,0.0717,0.0039
1790185269331,5136,0.1468,0.0955
1790185269380,5137,0.1090,0.0037
1790185269429,5138,0.1899,0.0289
1790185269480,5139,0.1346,0.0089
1790185269530,5140,0.2335,0.1137
1790185269580,5141,0.0774,0.0055
1790185269630,5142,0.1246,0.0054
1790185269680,5143,0.0839,0.0050
1790185269730,5144,0.2079,0.1164
1790185269780,5145,0.0892,0.0041
1790185269830,5146,0.0948,0.0038
1790185269879,5147,0.0952,0.0037
1790185269930,5148,0.1682,0.0973
1790185269981,5149,0.0598,0.0026
1790185270029,5150,0.0665,0.0026
1790185270080,5151,0.0906,0.0022
1790185270130,5152,0.1387,0.0862
1790185270180,5153,0.0551,0.0021
1790185270231,5154,0.0597,0.0023
1790185270279,5155,0.0757,0.0022
1790185270331,5156,0.1580,0.0930
1790185270380,5157,0.0599,0.0020
1790185270431,5158,0.0919,0.0022
1790185270481,5159,0.1348,0.0079
1790185270530,5160,0.2377,0.1129
1790185270581,5161,0.0758,0.0045
1790185270630,5162,0.1092,0.0062
1790185270680,5163,0.1258,0.0067
1790185270730,5164,0.2049,0.1242
1790185270780,5165,0.0784,0.0101
1790185270829,5166,0.0711,0.0037
1790185270880,5167,0.0774,0.0037
1790185270930,5168,0.1700,0.0996
1790185270980,5169,0.2074,0.1485
1790185271030,5170,0.2580,0.0099
1790185271081,5171,0.2876,0.0117
1790185271130,5172,0.7114,0.6529
1790185271180,5173,0.2581,4.0106
1790185271229,5174,0.2438,0.0109
1790185271281,5175,0.7759,3.5093
1790185271329,5176,0.4355,0.3252
1790185271380,5177,0.2473,0.2465
1790185271429,5178,0.2784,2.3742
1790185271480,5179,0.2565,0.0129
1790185271530,5180,0.4608,1.5848
1790185271580,5181,0.2602,0.0111
1790185271630,5182,0.2767,1.2494
1790185271680,5183,0.3102,0.1581
1790185271729,5184,0.4564,0.9453
1790185271780,5185,0.2717,0.7437
1790185271829,5186,0.2781,0.2737
1790185271880,5187,0.2545,1.2565
1790185271931,5188,0.4701,0.2073
1790185271979,5189,0.1706,1.3392
1790185272029,5190,0.1518,0.1978
1790185272080,5191,0.1634,0.0083
1790185272130,5192,0.2975,0.1547
1790185272180,5193,0.1686,0.0080
1790185272230,5194,0.1621,0.0085
1790185272280,5195,0.1937,0.0093
1790185272330,5196,0.2458,0.1404
1790185272380,5197,0.0818,0.0041
1790185272430,5198,0.1124,0.0056
1790185272480,5199,0.0953,0.0045
1790185272530,5200,0.2260,0.1426
1790185272580,5201,0.1642,0.0077
1790185272630,5202,0.1462,0.0072
1790185272680,5203,0.1082,0.0059
1790185272731,5204,0.3022,0.1672
1790185272780,5205,0.0855,0.0045
1790185272830,5206,0.0793,0.0042
1790185272880,5207,0.0653,0.0039
1790185272930,5208,0.2824,0.1449
1790185272980,5209,0.1587,0.0093
1790185273029,5210,0.1112,0.0061
1790185273080,5211,0.0878,0.0072
1790185273129,5212,0.1907,0.1275
1790185273180,5213,0.0750,0.0035
1790185273230,5214,0.2670,0.1951
1790185273282,5215,0.2351,0.0124
1790185273330,5216,0.4156,1.3099
1790185273380,5217,0.3758,1.0875
1790185273430,5218,0.2490,0.6669
1790185273481,5219,0.2727,1.4916
1790185273530,5220,0.4197,0.6085
1790185273579,5221,0.2824,1.1128
1790185273630,5222,0.2622,1.6853
1790185273680,5223,0.2401,0.4007
1790185273730,5224,0.3521,1.6409
1790185273780,5225,0.2636,1.6110
1790185273829,5226,0.2766,0.4986
1790185273880,5227,0.1560,1.0319
1790185273929,5228,0.2750,0.4401
1790185273980,5229,0.1263,0.0055
1790185274029,5230,0.0983,0.0050
1790185274079,5231,0.0966,0.0049
1790185274130,5232,0.1742,0.1083
1790185274180,5233,0.0679,0.0034
1790185274230,5234,0.0699,0.0032
1790185274279,5235,0.2758,0.0042
1790185274330,5236,0.1735,0.1119
1790185274381,5237,0.0623,0.0025
1790185274430,5238,0.1110,0.0047
1790185274480,5239,0.0757,0.0036
1790185274530,5240,0.2139,0.1247
1790185274580,5241,0.0680,0.0034
1790185274630,5242,0.0942,0.0039
1790185274680,5243,0.1465,0.0060
1790185274730,5244,0.2676,0.1368
1790185274780,5245,0.1197,0.0056
1790185274830,5246,0.0961,0.0042
1790185274880,5247,0.0744,0.0046
1790185274930,5248,0.2001,0.1332
1790185274980,5249,0.0682,0.0036
1790185275030,5250,0.0763,0.0033
1790185275080,5251,0.0625,0.0030
1790185275130,5252,0.1705,0.1116
1790185275180,5253,0.0648,0.0022
1790185275230,5254,0.1948,0.0095
1790185275280,5255,0.1572,0.0117
1790185275330,5256,0.2193,0.1258
1790185275381,5257,0.0758,0.0066
1790185275430,5258,0.1293,0.0104
1790185275480,5259,0.2876,0.2058
1790185275530,5260,0.4261,0.1796
1790185275581,5261,2.0160,0.1422
1790185275630,5262,0.2678,1.0645
1790185275681,5263,0.2459,0.4004
1790185275729,5264,0.4363,1.0023
1790185275780,5265,0.3319,0.1884
1790185275830,5266,0.2898,1.1543
1790185275880,5267,0.4147,0.1835
1790185275930,5268,0.4882,1.6172
1790185275979,5269,0.2512,0.1638
1790185276030,5270,0.2683,1.5104
1790185276081,5271,0.3973,0.3656
1790185276130,5272,0.5322,1.6653
1790185276180,5273,0.2297,0.0102
1790185276230,5274,0.2828,3.2214
1790185276281,5275,0.2703,0.0113
1790185276330,5276,0.3177,1.4547
1790185276380,5277,0.1422,0.2625
1790185276430,5278,0.1745,0.0082
1790185276479,5279,0.1694,0.0088
1790185276530,5280,0.2873,0.1335
1790185276580,5281,0.1584,0.0079
1790185276630,5282,0.1654,0.0078
1790185276679,5283,0.1064,0.0054
1790185276730,5284,0.2155,0.1410
1790185276780,5285,0.1580,0.0079
1790185276831,5286,0.1594,0.0076
1790185276880,5287,0.0901,0.0054
1790185276930,5288,0.2173,0.1305
1790185276980,5289,0.0963,0.0052
1790185277029,5290,0.0895,0.0044
1790185277080,5291,0.0981,0.0044
1790185277130,5292,0.2348,0.1512
1790185277180,5293,0.0784,0.0035
1790185277230,5294,0.0698,0.0031
1790185277280,5295,0.0671,0.0024
1790185277330,5296,0.1992,0.1337
1790185277380,5297,0.0579,0.0019
1790185277430,5298,0.1183,0.0040
1790185277480,5299,0.1189,0.0057
1790185277530,5300,0.2456,0.1461
1790185277580,5301,0.0725,0.0060
1790185277630,5302,0.0794,0.0046
1790185277680,5303,0.0812,0.0067
1790185277730,5304,0.4229,0.3559
1790185277781,5305,0.4556,0.0204
1790185277830,5306,0.2957,0.1869
1790185277880,5307,0.3333,32.8313
1790185277931,5308,1.5645,1.2227
1790185277980,5309,0.2810,6.9278
1790185278029,5310,0.2664,0.6062
1790185278080,5311,0.2548,2.7983
1790185278130,5312,0.8251,2.7976
1790185278180,5313,0.2342,0.0196
1790185278229,5314,0.2917,3.8819
1790185278280,5315,0.2838,0.4319
1790185278331,5316,1.0301,3.8157
1790185278380,5317,0.2526,0.4127
1790185278430,5318,0.2706,3.1255
1790185278481,5319,0.1934,0.4806
1790185278530,5320,1.1369,4.3646
1790185278580,5321,0.2381,0.4985
1790185278629,5322,0.2448,3.1067
1790185278681,5323,0.1667,0.5947
1790185278730,5324,0.7595,1.2432
1790185278780,5325,0.1362,0.0068
1790185278830,5326,0.1580,0.0076
1790185278881,5327,0.1343,0.0065
1790185278930,5328,0.7304,0.6472
1790185278980,5329,0.0815,0.0048
1790185279030,5330,0.0789,0.0041
1790185279080,5331,0.0694,0.0040
1790185279130,5332,0.6286,0.5666
1790185279180,5333,0.0701,0.0030
1790185279229,5334,0.0726,0.0027
1790185279280,5335,0.2430,0.0023
1790185279330,5336,0.6949,0.6336
1790185279380,5337,0.0635,0.0026
1790185279430,5338,0.0628,0.0020
1790185279480,5339,0.1148,0.0042
1790185279531,5340,0.5739,0.4884
1790185279580,5341,0.0725,0.0027
1790185279630,5342,0.0890,0.0029
1790185279680,5343,0.0669,0.0029
1790185279730,5344,0.5688,0.5021
1790185279780,5345,0.0848,0.0055
1790185279831,5346,0.0968,0.0075
1790185279879,5347,0.1541,0.0077
1790185279930,5348,0.5975,0.5066
1790185279980,5349,0.1235,0.0075
1790185280030,5350,0.1480,0.0112
1790185280079,5351,0.0788,0.0060
1790185280130,5352,0.6488,0.5775
1790185280180,5353,0.1221,0.0097
1790185280230,5354,0.0979,0.0050
1790185280281,5355,0.0823,0.0085
1790185280330,5356,0.4759,0.4131
1790185280379,5357,0.0680,0.0073
1790185280430,5358,0.0701,0.0035
1790185280480,5359,0.1054,0.0083
1790185280529,5360,0.4384,0.3420
1790185280580,5361,0.0770,0.0049
1790185280630,5362,0.1040,0.0035
1790185280679,5363,0.0979,0.0033
1790185280730,5364,0.4265,0.3596
1790185280781,5365,0.0705,0.0028
1790185280830,5366,0.1150,0.0049
1790185280880,5367,0.1256,0.0051
1790185280930,5368,0.5295,0.3932
1790185280981,5369,0.1080,0.0055
1790185281030,5370,0.1144,0.0050
1790185281080,5371,0.0747,0.0036
1790185281130,5372,0.4239,0.3568
1790185281180,5373,0.0696,0.0024
1790185281230,5374,0.0711,0.0023
1790185281280,5375,0.0803,0.0023
1790185281330,5376,0.4238,0.3417
1790185281381,5377,0.0964,0.0129
1790185281429,5378,0.0821,0.0045
1790185281481,5379,0.1183,0.0038
1790185281530,5380,0.5517,0.4603
1790185281581,5381,0.0834,0.0030
1790185281630,5382,0.0919,0.0029
1790185281680,5383,0.0790,0.0030
1790185281730,5384,0.4938,0.4217
1790185281780,5385,0.0738,0.0028
1790185281830,5386,0.0972,0.0030
1790185281880,5387,0.0704,0.0022
1790185281929,5388,0.5924,0.4372
1790185281980,5389,0.1418,0.0050
1790185282029,5390,0.0939,0.0029
1790185282080,5391,0.0750,0.0032
1790185282130,5392,0.4514,0.3811
1790185282180,5393,0.0702,0.0026
1790185282231,5394,0.0812,0.0028
1790185282280,5395,0.0732,0.0026
1790185282331,5396,0.4352,0.3374
1790185282380,5397,0.1186,0.0028
1790185282430,5398,0.0647,0.0014
1790185282480,5399,0.0924,0.0027
1790185282530,5400,0.4122,0.3206
1790185282580,5401,0.0711,0.0022
1790185282630,5402,0.0738,0.0021
1790185282680,5403,0.0755,0.0019
1790185282730,5404,0.5009,0.4223
1790185282780,5405,0.0964,0.0020
1790185282830,5406,0.0744,0.0021
1790185282880,5407,0.0883,0.0030
1790185282930,5408,0.3686,0.3015
1790185282980,5409,0.1786,0.0056
1790185283030,5410,0.1694,0.0063
1790185283080,5411,0.1583,0.0066
1790185283129,5412,0.3334,0.2399
1790185283181,5413,0.0824,0.0034
1790185283230,5414,0.0809,0.0027
1790185283280,5415,0.0779,0.0027
1790185283330,5416,0.2891,0.2123
1790185283380,5417,0.0792,0.0019
1790185283430,5418,0.0732,0.0022
1790185283480,5419,0.1601,0.0062
1790185283530,5420,0.4048,0.2316
1790185283580,5421,0.2029,0.0430
1790185283631,5422,0.1429,0.0242
1790185283680,5423,0.1290,0.0243
1790185283730,5424,0.1257,0.0290
1790185283780,5425,0.1090,0.0191
1790185283830,5426,0.0885,0.0077
1790185283880,5427,0.0942,0.0061
1790185283929,5428,0.0911,0.0054
1790185283980,5429,0.1318,0.0087
1790185284030,5430,0.1447,0.0087
1790185284080,5431,0.1032,0.0065
1790185284130,5432,0.0821,0.0054
1790185284180,5433,0.0888,0.0052
1790185284230,5434,0.0729,0.0040
1790185284280,5435,0.0749,0.0038
1790185284330,5436,0.2352,0.0036
1790185284380,5437,0.0713,0.0038
1790185284429,5438,0.0694,0.0035
1790185284484,5439,4.2817,4.1854
1790185284530,5440,0.1107,0.0055
1790185284579,5441,0.1245,0.0072
1790185284630,5442,0.0807,0.0056
1790185284680,5443,0.0686,0.0045
1790185284729,5444,0.0696,0.0037
1790185284780,5445,0.0751,0.0042
1790185284830,5446,0.0742,0.0042
1790185284880,5447,0.1432,0.0075
1790185284930,5448,0.0715,0.0048
1790185284980,5449,0.0710,0.0046
1790185285029,5450,0.1668,0.0109
1790185285080,5451,0.1393,0.0092
1790185285130,5452,0.0928,0.0061
1790185285180,5453,0.0805,0.0053
1790185285230,5454,0.0760,0.0050
1790185285280,5455,0.0776,0.0045
1790185285330,5456,0.1510,0.0115
1790185285380,5457,0.1466,0.0114
1790185285430,5458,0.1155,0.0083
1790185285480,5459,0.1491,0.0084
1790185285530,5460,0.1039,0.0064
1790185285580,5461,0.0853,0.0065
1790185285630,5462,0.0898,0.0060
1790185285680,5463,0.1067,0.0070
1790185285729,5464,0.0841,0.0055
1790185285779,5465,0.1441,0.0072
1790185285830,5466,0.0891,0.0056
1790185285880,5467,0.0886,0.0056
1790185285930,5468,0.0950,0.0054
1790185285980,5469,0.1115,0.0065
1790185286030,5470,0.0826,0.0049
1790185286080,5471,0.1560,0.0109
1790185286130,5472,0.1510,0.0089
1790185286180,5473,0.1044,0.0065
1790185286230,5474,0.0831,0.0054
1790185286281,5475,0.0847,0.0076
1790185286330,5476,0.0683,0.0055
1790185286380,5477,0.0673,0.0049
1790185286429,5478,0.1019,0.0032
1790185286480,5479,0.0677,0.0035
1790185286530,5480,0.0861,0.0044
1790185286580,5481,0.0668,0.0035
1790185286630,5482,0.0858,0.0069
1790185286681,5483,0.0680,0.0033
1790185286730,5484,0.3278,0.2570
1790185286779,5485,0.3401,1.6941
1790185286832,5486,0.2393,1.5064
1790185286880,5487,0.2297,1.5194
1790185286930,5488,0.2602,1.5172
1790185286980,5489,0.1399,0.1093
1790185287031,5490,0.2240,0.0180
1790185287080,5491,0.1466,0.0118
1790185287129,5492,0.2599,0.1275
1790185287179,5493,0.1483,0.0124
1790185287230,5494,0.1961,0.0170
1790185287280,5495,0.1495,0.0126
1790185287330,5496,0.3284,0.1327
1790185287380,5497,0.1109,0.0084
1790185287429,5498,0.1092,0.0060
1790185287480,5499,0.1148,0.0081
1790185287530,5500,0.2137,0.1141
1790185287580,5501,0.0674,0.0052
1790185287629,5502,0.0839,0.0050
1790185287680,5503,0.0603,0.0046
1790185287731,5504,0.2069,0.1070
1790185287780,5505,0.0966,0.0053
1790185287830,5506,0.0987,0.0048
1790185287879,5507,0.0697,0.0053
1790185287931,5508,0.1716,0.1138
1790185287979,5509,0.0786,0.0045
1790185288030,5510,0.1129,0.0065
1790185288080,5511,0.0575,0.0040
1790185288130,5512,0.2324,0.1168
1790185288180,5513,0.1488,0.0094
1790185288230,5514,0.0807,0.0061
1790185288280,5515,0.0708,0.0050
1790185288330,5516,0.1727,0.1123
1790185288379,5517,0.1347,0.0069
1790185288430,5518,0.0709,0.0051
1790185288480,5519,0.0628,0.0047
1790185288530,5520,0.2458,0.1323
1790185288580,5521,0.0757,0.0067
1790185288630,5522,0.0719,0.0046
1790185288680,5523,0.0642,0.0044
1790185288729,5524,0.2341,0.1319
1790185288780,5525,0.0869,0.0121
1790185288830,5526,0.0865,0.0118
1790185288880,5527,0.0766,0.0099
1790185288930,5528,0.1701,0.0925
1790185288980,5529,0.2557,0.1782
1790185289030,5530,0.2896,6.1440
1790185289080,5531,0.1366,1.8963
1790185289130,5532,0.3254,0.2002
1790185289180,5533,0.1457,0.0132
1790185289230,5534,0.1445,0.0114
1790185289280,5535,0.1982,0.0126
1790185289330,5536,0.3647,0.2215
1790185289380,5537,0.3427,0.0138
1790185289430,5538,0.1461,0.0118
1790185289480,5539,0.1310,0.0107
1790185289530,5540,0.3398,0.1886
1790185289580,5541,0.1107,0.0089
1790185289630,5542,0.0773,0.0068
1790185289680,5543,0.0650,0.0053
1790185289730,5544,0.2504,0.1812
1790185289781,5545,0.0810,0.0062
1790185289830,5546,0.0726,0.0050
1790185289879,5547,0.0613,0.0049
1790185289931,5548,0.2567,0.2008
1790185289981,5549,0.0800,0.0095
1790185290030,5550,0.1150,0.0365
1790185290080,5551,0.0574,0.0037
1790185290130,5552,0.2183,0.1599
1790185290181,5553,0.0542,0.0033
1790185290230,5554,0.1458,0.0080
1790185290280,5555,0.1118,0.0054
1790185290330,5556,0.2413,0.1788
1790185290381,5557,0.0733,0.0045
1790185290430,5558,0.0734,0.0044
1790185290480,5559,0.1097,0.0059
1790185290530,5560,0.3246,0.1790
1790185290580,5561,0.0723,0.0043
1790185290629,5562,0.0852,0.0045
1790185290680,5563,0.0697,0.0039
1790185290730,5564,0.2580,0.1963
1790185290780,5565,0.0704,0.0035
1790185290829,5566,0.0706,0.0032
1790185290879,5567,0.0664,0.0032
1790185290930,5568,0.2433,0.1837
1790185290979,5569,0.1037,0.0218
1790185291030,5570,0.0929,0.0121
1790185291081,5571,0.0883,0.0041
1790185291129,5572,0.2383,0.1795
1790185291179,5573,0.0612,0.0034
1790185291230,5574,0.0800,0.0025
1790185291279,5575,0.1802,0.0086
1790185291330,5576,0.2835,0.1921
1790185291380,5577,0.0735,0.0043
1790185291430,5578,0.0731,0.0045
1790185291479,5579,0.0762,0.0041
1790185291530,5580,0.2762,0.1760
1790185291580,5581,0.0692,0.0039
1790185291629,5582,0.0715,0.0040
1790185291680,5583,0.0610,0.0028
1790185291730,5584,0.2878,0.2023
1790185291780,5585,0.1190,0.0043
1790185291829,5586,0.0709,0.0030
1790185291880,5587,0.0577,0.0030
1790185291930,5588,0.2873,0.2297
1790185291979,5589,0.0753,0.0026
1790185292030,5590,0.0867,0.0031
1790185292081,5591,0.0638,0.0030
1790185292129,5592,0.2525,0.1977
1790185292180,5593,0.0611,0.0029
1790185292230,5594,0.0771,0.0027
1790185292280,5595,0.0715,0.0025
1790185292330,5596,0.3087,0.1981
1790185292380,5597,0.1272,0.0051
1790185292430,5598,0.0743,0.0035
1790185292480,5599,0.1286,0.0047
1790185292530,5600,0.2717,0.1722
1790185292580,5601,0.0908,0.0041
1790185292630,5602,0.0778,0.0040
1790185292680,5603,0.0726,0.0036
1790185292730,5604,0.2423,0.1588
1790185292780,5605,0.0846,0.0031
1790185292830,5606,0.0640,0.0029
1790185292881,5607,0.0592,0.0022
1790185292930,5608,0.2360,0.1800
1790185292979,5609,0.0596,0.0025
1790185293030,5610,0.1044,0.0036
1790185293079,5611,0.0997,0.0046
1790185293130,5612,0.3358,0.2064
1790185293181,5613,0.1385,0.0078
1790185293229,5614,0.0860,0.0056
1790185293281,5615,0.0955,0.0050
1790185293330,5616,0.3055,0.1841
1790185293380,5617,0.1188,0.0055
1790185293430,5618,0.0987,0.0051
1790185293481,5619,0.1150,0.0051
1790185293530,5620,0.2453,0.1552
1790185293581,5621,0.1183,0.0054
1790185293631,5622,0.0771,0.0042
1790185293679,5623,0.0759,0.0044
1790185293730,5624,0.2464,0.1839
1790185293780,5625,0.0823,0.0041
1790185293830,5626,0.0677,0.0036
1790185293880,5627,0.0619,0.0033
1790185293931,5628,0.2375,0.1745
1790185293981,5629,0.0623,0.0028
1790185294031,5630,0.0818,0.0026
1790185294081,5631,0.0945,0.0044
1790185294130,5632,0.0998,0.0040
1790185294180,5633,0.1700,0.0047
1790185294230,5634,0.0743,0.0030
1790185294280,5635,0.1262,0.0038
1790185294330,5636,0.0560,0.0024
1790185294380,5637,0.1299,0.0072
1790185294430,5638,0.2854,0.0058
1790185294479,5639,0.0835,0.0040
1790185294531,5640,0.0773,0.0039
1790185294581,5641,0.1506,0.0058
1790185294630,5642,0.0679,0.0036
1790185294681,5643,0.0915,0.0037
1790185294730,5644,0.0683,0.0035
1790185294780,5645,0.0698,0.0030
1790185294829,5646,0.0604,0.0026
1790185294880,5647,0.0590,0.0030
1790185294930,5648,0.0741,0.0029
1790185294981,5649,0.0613,0.0025
1790185295030,5650,0.0636,0.0023
1790185295081,5651,0.0804,0.0036
1790185295130,5652,0.0863,0.0026
1790185295181,5653,0.0806,0.0037
1790185295230,5654,0.0634,0.0027
1790185295280,5655,0.0643,0.0027
1790185295330,5656,0.0590,0.0023
1790185295380,5657,0.1090,0.0038
1790185295430,5658,0.1899,0.0088
1790185295480,5659,0.1424,0.0083
1790185295530,5660,0.1402,0.0076
1790185295580,5661,0.1564,0.0075
1790185295630,5662,0.0765,0.0054
1790185295680,5663,0.0765,0.0051
1790185295730,5664,0.0936,0.0049
1790185295781,5665,0.0719,0.0043
1790185295830,5666,0.0664,0.0039
1790185295881,5667,0.0638,0.0033
1790185295929,5668,0.0827,0.0036
1790185295980,5669,0.0886,0.0039
1790185296030,5670,0.0721,0.0031
1790185296080,5671,0.0764,0.0042
1790185296129,5672,0.0664,0.0036
1790185296180,5673,0.1363,0.0065
1790185296230,5674,0.0780,0.0041
1790185296280,5675,0.0838,0.0043
1790185296330,5676,0.0834,0.0194
1790185296381,5677,0.1563,0.0289
1790185296429,5678,0.1472,0.0236
1790185296480,5679,0.1211,0.0058
1790185296530,5680,0.0935,0.0047
1790185296580,5681,0.0990,0.0049
1790185296630,5682,0.0881,0.0040
1790185296680,5683,0.0663,0.0041
1790185296730,5684,0.0717,0.0041
1790185296780,5685,0.0660,0.0034
1790185296830,5686,0.0866,0.0030
1790185296880,5687,0.0632,0.0058
1790185296930,5688,0.0593,0.0030
1790185296979,5689,0.0643,0.0024
1790185297030,5690,0.0624,0.0028
1790185297080,5691,0.0787,0.0030
1790185297130,5692,0.0996,0.0041
1790185297180,5693,0.0915,0.0056
1790185297230,5694,0.0618,0.0034
1790185297280,5695,0.0913,0.0031
1790185297330,5696,0.0561,0.0023
1790185297381,5697,0.0566,0.0026
1790185297429,5698,0.0552,0.0022
1790185297480,5699,0.1366,0.0076
1790185297529,5700,0.1372,0.0066
1790185297580,5701,0.1092,0.0062
1790185297630,5702,0.0832,0.0055
1790185297680,5703,0.0728,0.0044
1790185297729,5704,0.0985,0.0045
1790185297780,5705,0.0718,0.0041
1790185297830,5706,0.0686,0.0037
1790185297880,5707,0.0644,0.0036
1790185297931,5708,0.1099,0.0047
1790185297980,5709,0.0676,0.0035
1790185298029,5710,0.0636,0.0027
1790185298080,5711,0.0598,0.0028
1790185298131,5712,0.0888,0.0041
1790185298180,5713,0.0945,0.0034
1790185298230,5714,0.0669,0.0034
1790185298280,5715,0.0635,0.0032
1790185298330,5716,0.0588,0.0028
1790185298381,5717,0.0573,0.0032
1790185298430,5718,0.0566,0.0028
1790185298480,5719,0.0943,0.0039
1790185298530,5720,0.1379,0.0056
1790185298580,5721,0.1224,0.0060
1790185298630,5722,0.1100,0.0047
1790185298680,5723,0.0714,0.0043
1790185298730,5724,0.0722,0.0041
1790185298780,5725,0.0709,0.0038
1790185298829,5726,0.0856,0.0038
1790185298880,5727,0.0643,0.0035
1790185298930,5728,0.0613,0.0031
1790185298980,5729,0.0612,0.0030
1790185299030,5730,0.2183,0.1576
1790185299080,5731,0.0989,0.0173
1790185299130,5732,0.0912,0.0174
1790185299179,5733,0.0714,0.0059
1790185299230,5734,0.0647,0.0043
1790185299280,5735,0.0787,0.0041
1790185299330,5736,0.0584,0.0038
1790185299380,5737,0.0581,0.0040
1790185299430,5738,0.0553,0.0032
1790185299480,5739,0.2367,0.0027
1790185299530,5740,0.1486,0.0122
1790185299580,5741,0.1319,0.0114
1790185299630,5742,0.1190,0.0090
1790185299679,5743,0.0738,0.0061
1790185299729,5744,0.0938,0.0046
1790185299780,5745,0.0689,0.0054
1790185299830,5746,0.0672,0.0052
1790185299880,5747,0.0636,0.0048
1790185299930,5748,0.1069,0.0046
1790185299980,5749,0.0615,0.0039
1790185300031,5750,0.0627,0.0038
1790185300079,5751,0.0587,0.0042
1790185300130,5752,0.0585,0.0040
1790185300180,5753,0.0850,0.0056
1790185300230,5754,0.0738,0.0046
1790185300280,5755,0.0683,0.0045
1790185300330,5756,0.0604,0.0046
1790185300380,5757,0.0809,0.0039
1790185300430,5758,0.0577,0.0041
1790185300479,5759,0.0574,0.0039
1790185300530,5760,0.0692,0.0036
1790185300580,5761,0.1748,0.0380
1790185300630,5762,0.1406,0.0113
1790185300681,5763,0.1318,0.0108
1790185300731,5764,0.1391,0.0103
1790185300779,5765,0.0807,0.0067
1790185300831,5766,0.0998,0.0062
1790185300880,5767,0.0719,0.0055
1790185300930,5768,0.0665,0.0059
1790185300979,5769,0.0670,0.0045
1790185301030,5770,0.0821,0.0044
1790185301080,5771,0.0685,0.0048
1790185301130,5772,0.0650,0.0044
1790185301180,5773,0.0879,0.0060
1790185301229,5774,0.0685,0.0053
1790185301280,5775,0.1227,0.0069
1790185301329,5776,0.0709,0.0056
1790185301381,5777,0.0812,0.0059
1790185301430,5778,0.0631,0.0049
1790185301480,5779,0.1628,0.0132
1790185301530,5780,0.1466,0.0122
1790185301579,5781,0.1482,0.0139
1790185301630,5782,0.1414,0.0130
1790185301680,5783,0.1393,0.0127
1790185301729,5784,0.1584,0.0122
1790185301780,5785,0.1048,0.0078
1790185301830,5786,0.1053,0.0081
1790185301880,5787,0.0876,0.0070
1790185301930,5788,0.1148,0.0060
1790185301979,5789,0.0745,0.0053
1790185302030,5790,0.0812,0.0059
1790185302080,5791,0.0734,0.0049
1790185302130,5792,0.0675,0.0052
1790185302180,5793,0.1246,0.0082
1790185302230,5794,0.0793,0.0062
1790185302280,5795,0.0771,0.0051
1790185302330,5796,0.0710,0.0047
1790185302380,5797,0.0893,0.0044
1790185302430,5798,0.0633,0.0041
1790185302480,5799,0.0621,0.0039
1790185302530,5800,0.0722,0.0048
1790185302580,5801,0.0604,0.0040
1790185302630,5802,0.1110,0.0054
1790185302680,5803,0.1377,0.0121
1790185302729,5804,0.1048,0.0087
1790185302780,5805,0.1138,0.0069
1790185302829,5806,0.0732,0.0057
1790185302880,5807,0.0701,0.0052
1790185302930,5808,0.0653,0.0051
1790185302980,5809,0.0642,0.0051
1790185303029,5810,0.0890,0.0048
1790185303080,5811,0.0613,0.0051
1790185303130,5812,0.0578,0.0037
1790185303180,5813,0.1424,0.0127
1790185303230,5814,0.1726,0.0139
1790185303281,5815,0.2009,0.0162
1790185303330,5816,0.1164,0.0087
1790185303379,5817,0.0803,0.0072
1790185303430,5818,0.0719,0.0062
1790185303481,5819,0.0916,0.0051
1790185303531,5820,0.0787,0.0051
1790185303581,5821,0.0639,0.0046
1790185303629,5822,0.0968,0.0073
1790185303680,5823,0.1619,0.0123
1790185303730,5824,0.1323,0.0111
1790185303779,5825,0.0917,0.0062
1790185303830,5826,0.0784,0.0058
1790185303880,5827,0.1207,0.0086
1790185303930,5828,0.0807,0.0049
1790185303980,5829,0.1140,0.0075
1790185304030,5830,0.0663,0.0049
1790185304080,5831,0.0640,0.0047
1790185304130,5832,0.1011,0.0048
1790185304180,5833,0.1065,0.0051
1790185304230,5834,0.1144,0.0096
1790185304280,5835,0.0760,0.0062
1790185304330,5836,0.0718,0.0054
1790185304380,5837,0.0845,0.0057
1790185304430,5838,0.0644,0.0050
1790185304480,5839,0.0701,0.0054
1790185304529,5840,0.2396,0.0047
1790185304580,5841,0.0728,0.0041
1790185304630,5842,0.0793,0.0052
1790185304681,5843,0.0675,0.0047
1790185304729,5844,0.1381,0.0099
1790185304781,5845,0.1348,0.0088
1790185304830,5846,0.0849,0.0065
1790185304881,5847,0.0751,0.0067
1790185304930,5848,0.0679,0.0052
1790185304980,5849,0.0681,0.0050
1790185305030,5850,0.0768,0.0051
1790185305080,5851,0.0645,0.0047
1790185305130,5852,0.0597,0.0041
1790185305180,5853,0.0583,0.0039
1790185305230,5854,0.1414,0.0099
1790185305280,5855,0.1267,0.0086
1790185305330,5856,0.0793,0.0065
1790185305380,5857,0.0681,0.0052
1790185305431,5858,0.0789,0.0186
1790185305480,5859,0.0914,0.0317
1790185305530,5860,0.1784,0.0496
1790185305580,5861,0.1360,0.0078
1790185305630,5862,0.1331,0.0079
1790185305680,5863,0.1174,0.0056
1790185305729,5864,0.0928,0.0065
1790185305781,5865,0.1717,0.0085
1790185305829,5866,0.1072,0.0060
1790185305879,5867,0.1045,0.0052
1790185305930,5868,0.0727,0.0047
1790185305980,5869,0.0703,0.0046
1790185306030,5870,0.0702,0.0037
1790185306080,5871,0.0698,0.0040
1790185306130,5872,0.0809,0.0033
1790185306179,5873,0.0608,0.0034
1790185306230,5874,0.0711,0.0033
1790185306280,5875,0.1439,0.0058
1790185306330,5876,0.0878,0.0037
1790185306380,5877,0.1030,0.0044
1790185306429,5878,0.0662,0.0036
1790185306480,5879,0.0607,0.0033
1790185306530,5880,0.0747,0.0033
1790185306579,5881,0.0737,0.0029
1790185306630,5882,0.1035,0.0039
1790185306680,5883,0.0653,0.0033
1790185306730,5884,0.0682,0.0030
1790185306780,5885,0.1537,0.0070
1790185306831,5886,0.1271,0.0072
1790185306880,5887,0.0851,0.0052
1790185306930,5888,0.0686,0.0043
1790185306979,5889,0.0663,0.0041
1790185307030,5890,0.0662,0.0036
1790185307080,5891,0.0597,0.0026
1790185307130,5892,0.0603,0.0029
1790185307180,5893,0.0575,0.0031
1790185307230,5894,0.1334,0.0063
1790185307280,5895,0.1227,0.0063
1790185307330,5896,0.0739,0.0045
1790185307379,5897,0.0699,0.0044
1790185307429,5898,0.0652,0.0044
1790185307480,5899,0.0917,0.0050
1790185307530,5900,0.1012,0.0050
1790185307580,5901,0.0724,0.0039
1790185307630,5902,0.0935,0.0053
1790185307680,5903,0.1053,0.0047
1790185307730,5904,0.0708,0.0039
1790185307780,5905,0.0643,0.0030
1790185307830,5906,0.1279,0.0069
1790185307880,5907,0.1179,0.0055
1790185307930,5908,0.0824,0.0051
1790185307981,5909,0.0680,0.0048
1790185308030,5910,0.0802,0.0042
1790185308080,5911,0.0648,0.0041
1790185308130,5912,0.0895,0.0039
1790185308180,5913,0.1112,0.0051
1790185308230,5914,0.0617,0.0035
1790185308280,5915,0.0988,0.0048
1790185308330,5916,0.0938,0.0037
1790185308380,5917,0.0684,0.0037
1790185308430,5918,0.0633,0.0031
1790185308480,5919,0.0620,0.0029
1790185308530,5920,0.0729,0.0027
1790185308580,5921,0.0855,0.0033
1790185308630,5922,0.0755,0.0028
1790185308680,5923,0.1225,0.0044
1790185308729,5924,0.0646,0.0030
1790185308780,5925,0.0777,0.0026
1790185308830,5926,0.0687,0.0024
1790185308880,5927,0.1247,0.0067
1790185308930,5928,0.0976,0.0055
1790185308980,5929,0.0904,0.0046
1790185309030,5930,0.0721,0.0044
1790185309080,5931,0.0639,0.0042
1790185309130,5932,0.0713,0.0041
1790185309180,5933,0.0604,0.0039
1790185309230,5934,0.0759,0.0038
1790185309280,5935,0.0642,0.0038
1790185309330,5936,0.0845,0.0042
1790185309379,5937,0.0614,0.0038
1790185309430,5938,0.0884,0.0039
1790185309480,5939,0.1157,0.0068
1790185309529,5940,0.2519,0.0056
1790185309580,5941,0.0734,0.0048
1790185309630,5942,0.0800,0.0040
1790185309680,5943,0.1361,0.0065
1790185309730,5944,0.0756,0.0047
1790185309780,5945,0.0684,0.0044
1790185309830,5946,0.0656,0.0041
1790185309880,5947,0.1243,0.0056
1790185309930,5948,0.1210,0.0058
1790185309980,5949,0.0888,0.0050
1790185310030,5950,0.0733,0.0044
1790185310080,5951,0.0886,0.0039
1790185310129,5952,0.0627,0.0037
1790185310180,5953,0.0910,0.0045
1790185310229,5954,0.1463,0.0072
1790185310280,5955,0.1390,0.0074
1790185310330,5956,0.1242,0.0074
1790185310380,5957,0.0763,0.0051
1790185310430,5958,0.0906,0.0047
1790185310480,5959,0.0707,0.0045
1790185310530,5960,0.0770,0.0044
1790185310580,5961,0.0703,0.0044
1790185310629,5962,0.0602,0.0035
1790185310680,5963,0.1511,0.0071
1790185310730,5964,0.0889,0.0049
1790185310780,5965,0.0725,0.0043
1790185310830,5966,0.0677,0.0042
1790185310880,5967,0.0843,0.0035
1790185310929,5968,0.1395,0.0078
1790185310980,5969,0.1131,0.0069
1790185311031,5970,0.1276,0.0066
1790185311080,5971,0.0698,0.0050
1790185311129,5972,0.0787,0.0040
1790185311180,5973,0.0617,0.0038
1790185311230,5974,0.0590,0.0034
1790185311280,5975,0.0636,0.0036
1790185311330,5976,0.1637,0.0061
1790185311380,5977,0.1381,0.0067
1790185311430,5978,0.1410,0.0085
1790185311481,5979,0.1743,0.0084
1790185311530,5980,0.0850,0.0047
1790185311580,5981,0.0850,0.0052
1790185311630,5982,0.0696,0.0048
1790185311680,5983,0.1191,0.0071
1790185311730,5984,0.1107,0.0066
1790185311780,5985,0.1121,0.0048
1790185311830,5986,0.0751,0.0049
1790185311881,5987,0.0657,0.0039
1790185311930,5988,0.0657,0.0039
1790185311980,5989,0.1297,0.0077
1790185312030,5990,0.0993,0.0075
1790185312080,5991,0.0696,0.0051
1790185312130,5992,0.0642,0.0042
1790185312180,5993,0.0636,0.0041
1790185312230,5994,0.0833,0.0042
1790185312280,5995,0.0682,0.0043
1790185312330,5996,0.0601,0.0036
1790185312380,5997,0.1049,0.0053
1790185312430,5998,0.0835,0.0040
1790185312480,5999,0.0707,0.0040
1790185312701,6000,171.1082,0.0081
1790185312701,6001,0.1397,0.0060
1790185312701,6002,0.0194,0.0007
1790185312702,6003,0.0572,0.0004
1790185312730,6004,0.1358,0.0079
1790185312779,6005,0.1646,0.0080
1790185312830,6006,0.1388,0.0084
1790185312880,6007,0.1228,0.0070
1790185312930,6008,0.1105,0.0059
1790185312979,6009,0.0884,0.0056
1790185313030,6010,0.1433,0.0065
1790185313080,6011,0.0874,0.0056
1790185313130,6012,0.0631,0.0042
1790185313180,6013,0.0611,0.0040
1790185313230,6014,0.0817,0.0041
1790185313280,6015,0.1266,0.0070
1790185313330,6016,0.1489,0.0082
1790185313381,6017,0.1287,0.0072
1790185313430,6018,0.0906,0.0059
1790185313480,6019,0.0814,0.0049
1790185313530,6020,0.0772,0.0044
1790185313580,6021,0.0665,0.0041
1790185313629,6022,0.0603,0.0058
1790185313680,6023,0.1208,0.0046
1790185313729,6024,0.0838,0.0042
1790185313781,6025,0.0653,0.0037
1790185313830,6026,0.0612,0.0037
1790185313880,6027,0.0814,0.0035
1790185313929,6028,0.0601,0.0035
1790185313980,6029,0.0584,0.0030
1790185314030,6030,0.1360,0.0070
1790185314080,6031,0.1208,0.0065
1790185314129,6032,0.1852,0.0077
1790185314180,6033,0.1230,0.0068
1790185314229,6034,0.1140,0.0059
1790185314280,6035,0.0793,0.0046
1790185314329,6036,0.0940,0.0045
1790185314380,6037,0.0741,0.0042
1790185314430,6038,0.0999,0.0052
1790185314480,6039,0.0813,0.0043
1790185314529,6040,0.2684,0.0039
1790185314580,6041,0.0669,0.0039
1790185314630,6042,0.1243,0.0049
1790185314680,6043,0.0864,0.0045
1790185314730,6044,0.0806,0.0041
1790185314780,6045,0.0845,0.0035
1790185314831,6046,0.0645,0.0035
1790185314880,6047,0.0599,0.0031
1790185314929,6048,0.0603,0.0025
1790185314979,6049,0.0847,0.0023
1790185315030,6050,0.0607,0.0026
1790185315080,6051,0.1265,0.0069
1790185315131,6052,0.0878,0.0048
1790185315180,6053,0.0696,0.0048
1790185315229,6054,0.0708,0.0048
1790185315279,6055,0.0684,0.0042
1790185315331,6056,0.0642,0.0037
1790185315379,6057,0.0623,0.0036
1790185315431,6058,0.1162,0.0040
1790185315480,6059,0.0801,0.0037
1790185315530,6060,0.0807,0.0037
1790185315580,6061,0.0681,0.0036
1790185315630,6062,0.0781,0.0042
1790185315679,6063,0.1407,0.0082
1790185315730,6064,0.1327,0.0078
1790185315780,6065,0.0824,0.0059
1790185315831,6066,0.0746,0.0049
1790185315880,6067,0.0896,0.0048
1790185315930,6068,0.0804,0.0044
1790185315980,6069,0.0650,0.0040
1790185316031,6070,0.1150,0.0051
1790185316079,6071,0.1263,0.0055
1790185316130,6072,0.1192,0.0054
1790185316179,6073,0.0833,0.0045
1790185316230,6074,0.0771,0.0046
1790185316280,6075,0.0695,0.0040
1790185316330,6076,0.0870,0.0036
1790185316380,6077,0.0829,0.0045
1790185316430,6078,0.0869,0.0041
1790185316480,6079,0.0707,0.0036
1790185316530,6080,0.1161,0.0044
1790185316580,6081,0.1063,0.0042
1790185316630,6082,0.0669,0.0035
1790185316680,6083,0.0742,0.0034
1790185316730,6084,0.1188,0.0048
1790185316780,6085,0.0924,0.0037
1790185316830,6086,0.0660,0.0037
1790185316880,6087,0.0834,0.0041
1790185316929,6088,0.0734,0.0037
1790185316980,6089,0.0827,0.0034
1790185317029,6090,0.0625,0.0031
1790185317080,6091,0.0597,0.0028
1790185317130,6092,0.1285,0.0072
1790185317180,6093,0.1375,0.0058
1790185317230,6094,0.1094,0.0053
1790185317280,6095,0.0735,0.0046
1790185317329,6096,0.0682,0.0046
1790185317380,6097,0.0697,0.0042
1790185317430,6098,0.0856,0.0038
1790185317480,6099,0.0882,0.0051
1790185317530,6100,0.0846,0.0040
1790185317580,6101,0.0691,0.0041
1790185317630,6102,0.0575,0.0025
1790185317680,6103,0.0693,0.0036
1790185317730,6104,0.1152,0.0049
1790185317780,6105,0.0649,0.0038
1790185317830,6106,0.0622,0.0033
1790185317879,6107,0.0786,0.0032
1790185317930,6108,0.0576,0.0031
1790185317980,6109,0.0567,0.0028
1790185318029,6110,0.0587,0.0021
1790185318080,6111,0.0567,0.0023
1790185318129,6112,0.0532,0.0020
1790185318180,6113,0.1287,0.0069
1790185318230,6114,0.0864,0.0055
1790185318280,6115,0.0780,0.0049
1790185318330,6116,0.0909,0.0041
1790185318379,6117,0.0681,0.0046
1790185318430,6118,0.0671,0.0037
1790185318480,6119,0.0830,0.0043
1790185318530,6120,0.1110,0.0040
1790185318580,6121,0.0696,0.0039
1790185318631,6122,0.0849,0.0034
1790185318680,6123,0.1147,0.0071
1790185318730,6124,0.1249,0.0070
1790185318780,6125,0.0968,0.0047
1790185318830,6126,0.0666,0.0042
1790185318880,6127,0.0657,0.0044
1790185318930,6128,0.0643,0.0040
1790185318979,6129,0.0790,0.0032
1790185319030,6130,0.0620,0.0034
1790185319080,6131,0.0700,0.0036
1790185319129,6132,0.0595,0.0032
1790185319180,6133,0.1168,0.0060
1790185319230,6134,0.1458,0.0071
1790185319280,6135,0.0931,0.0060
1790185319330,6136,0.0744,0.0049
1790185319380,6137,0.0870,0.0040
1790185319430,6138,0.0678,0.0040
1790185319479,6139,0.0915,0.0053
1790185319530,6140,0.2020,0.0042
1790185319580,6141,0.0901,0.0041
1790185319629,6142,0.0657,0.0040
1790185319679,6143,0.1245,0.0056
1790185319730,6144,0.1290,0.0049
1790185319781,6145,0.1685,0.0050
1790185319830,6146,0.0964,0.0041
1790185319880,6147,0.0605,0.0031
1790185319930,6148,0.0584,0.0031
1790185319980,6149,0.0565,0.0030
1790185320030,6150,0.1512,0.0070
1790185320080,6151,0.0974,0.0058
1790185320129,6152,0.0703,0.0048
1790185320181,6153,0.0696,0.0042
1790185320230,6154,0.1379,0.0072
1790185320280,6155,0.1037,0.0060
1790185320330,6156,0.0710,0.0051
1790185320380,6157,0.0623,0.0045
1790185320430,6158,0.0724,0.0051
1790185320481,6159,0.1044,0.0045
1790185320530,6160,0.0948,0.0041
1790185320580,6161,0.1151,0.0059
1790185320630,6162,0.0647,0.0041
1790185320680,6163,0.0858,0.0040
1790185320730,6164,0.0845,0.0045
1790185320780,6165,0.0684,0.0039
1790185320830,6166,0.0597,0.0036
1790185320880,6167,0.0573,0.0027
1790185320930,6168,0.1028,0.0025
1790185320980,6169,0.0961,0.0029
1790185321029,6170,0.0735,0.0027
1790185321080,6171,0.0576,0.0026
1790185321130,6172,0.0879,0.0025
1790185321181,6173,0.1105,0.0042
1790185321230,6174,0.0580,0.0027
1790185321280,6175,0.1608,0.0084
1790185321330,6176,0.0959,0.0054
1790185321380,6177,0.0861,0.0050
1790185321430,6178,0.0683,0.0046
1790185321480,6179,0.0868,0.0048
1790185321530,6180,0.1185,0.0041
1790185321580,6181,0.1348,0.0058
1790185321630,6182,0.0721,0.0045
1790185321681,6183,0.0748,0.0047
1790185321730,6184,0.0914,0.0054
1790185321780,6185,0.0700,0.0044
1790185321830,6186,0.0833,0.0043
1790185321881,6187,0.0628,0.0048
1790185321929,6188,0.0595,0.0027
1790185321981,6189,0.1030,0.0042
1790185322030,6190,0.0802,0.0024
1790185322081,6191,0.0547,0.0022
1790185322130,6192,0.0537,0.0024
1790185322180,6193,0.0536,0.0023
1790185322230,6194,0.0528,0.0022
1790185322281,6195,0.0699,0.0025
1790185322330,6196,0.1285,0.0076
1790185322380,6197,0.0801,0.0057
1790185322430,6198,0.0710,0.0044
1790185322480,6199,0.0884,0.0044
1790185322530,6200,0.0954,0.0044
1790185322581,6201,0.0771,0.0043
1790185322629,6202,0.0870,0.0048
1790185322681,6203,0.0814,0.0049
1790185322730,6204,0.1016,0.0050
1790185322781,6205,0.0780,0.0048
1790185322830,6206,0.0608,0.0040
1790185322880,6207,0.0565,0.0033
1790185322930,6208,0.0558,0.0025
1790185322980,6209,0.0776,0.0027
1790185323030,6210,0.0577,0.0024
1790185323080,6211,0.0540,0.0023
1790185323130,6212,0.0537,0.0028
1790185323181,6213,0.1190,0.0035
1790185323230,6214,0.0521,0.0021
1790185323280,6215,0.0544,0.0019
1790185323330,6216,0.1296,0.0076
1790185323380,6217,0.1325,0.0079
1790185323430,6218,0.1549,0.0080
1790185323480,6219,0.1176,0.0077
1790185323530,6220,0.1272,0.0072
1790185323581,6221,0.1228,0.0060
1790185323630,6222,0.1221,0.0062
1790185323681,6223,0.0983,0.0063
1790185323731,6224,0.0710,0.0049
1790185323781,6225,0.1188,0.0080
1790185323830,6226,0.0770,0.0050
1790185323880,6227,0.0979,0.0047
1790185323931,6228,0.0615,0.0038
1790185323980,6229,0.0600,0.0038
1790185324030,6230,0.0610,0.0034
1790185324080,6231,0.0778,0.0027
1790185324129,6232,0.0551,0.0026
1790185324180,6233,0.0651,0.0027
1790185324230,6234,0.0533,0.0023
1790185324281,6235,0.0555,0.0022
1790185324330,6236,0.0689,0.0028
1790185324380,6237,0.1258,0.0070
1790185324430,6238,0.0899,0.0058
1790185324480,6239,0.0813,0.0056
1790185324530,6240,0.1047,0.0052
1790185324581,6241,0.1925,0.0053
1790185324630,6242,0.0653,0.0045
1790185324680,6243,0.0812,0.0052
1790185324730,6244,0.0956,0.0046
1790185324780,6245,0.1167,0.0051
1790185324830,6246,0.0633,0.0043
1790185324880,6247,0.0618,0.0047
1790185324929,6248,0.0861,0.0039
1790185324980,6249,0.0584,0.0037
1790185325030,6250,0.0582,0.0026
1790185325080,6251,0.0605,0.0029
1790185325129,6252,0.0531,0.0025
1790185325180,6253,0.0682,0.0026
1790185325230,6254,0.0519,0.0020
1790185325280,6255,0.0723,0.0020
1790185325330,6256,0.0544,0.0021
1790185325379,6257,0.0519,0.0020
1790185325430,6258,0.1240,0.0072
1790185325479,6259,0.0820,0.0048
1790185325530,6260,0.1253,0.0061
1790185325580,6261,0.0754,0.0048
1790185325629,6262,0.0699,0.0045
1790185325681,6263,0.0856,0.0045
1790185325730,6264,0.0911,0.0044
1790185325781,6265,0.1378,0.0082
1790185325830,6266,0.1300,0.0080
1790185325880,6267,0.0678,0.0039
1790185325930,6268,0.0674,0.0037
1790185325981,6269,0.0735,0.0029
1790185326030,6270,0.0593,0.0034
1790185326081,6271,0.0541,0.0031
1790185326130,6272,0.0549,0.0030
1790185326180,6273,0.0768,0.0030
1790185326230,6274,0.0539,0.0027
1790185326280,6275,0.0553,0.0027
1790185326330,6276,0.0518,0.0024
1790185326380,6277,0.0546,0.0023
1790185326430,6278,0.1420,0.0071
1790185326479,6279,0.1193,0.0068
1790185326530,6280,0.1064,0.0062
1790185326580,6281,0.0917,0.0059
1790185326630,6282,0.1262,0.0060
1790185326680,6283,0.1019,0.0059
1790185326730,6284,0.0690,0.0048
1790185326780,6285,0.0917,0.0051
1790185326830,6286,0.0678,0.0048
1790185326879,6287,0.0816,0.0044
1790185326930,6288,0.0603,0.0042
1790185326980,6289,0.0614,0.0041
1790185327030,6290,0.0611,0.0033
1790185327080,6291,0.0762,0.0036
1790185327129,6292,0.0550,0.0031
1790185327180,6293,0.0546,0.0030
1790185327230,6294,0.0535,0.0025
1790185327280,6295,0.0967,0.0051
1790185327330,6296,0.1129,0.0050
1790185327380,6297,0.0712,0.0040
1790185327430,6298,0.0608,0.0036
1790185327480,6299,0.1255,0.0074
1790185327530,6300,0.1307,0.0054
1790185327580,6301,0.1137,0.0072
1790185327630,6302,0.0749,0.0045
1790185327679,6303,0.0766,0.0046
1790185327730,6304,0.0733,0.0049
1790185327780,6305,0.1079,0.0049
1790185327830,6306,0.0728,0.0045
1790185327880,6307,0.0653,0.0040
1790185327930,6308,0.0597,0.0038
1790185327980,6309,0.0812,0.0036
1790185328030,6310,0.0586,0.0027
1790185328080,6311,0.0537,0.0026
1790185328130,6312,0.0532,0.0026
1790185328179,6313,0.0530,0.0027
1790185328230,6314,0.0653,0.0024
1790185328280,6315,0.0547,0.0022
1790185328330,6316,0.0521,0.0027
1790185328380,6317,0.0546,0.0021
1790185328430,6318,0.0894,0.0024
1790185328480,6319,0.0855,0.0032
1790185328529,6320,0.1265,0.0062
1790185328580,6321,0.1202,0.0068
1790185328630,6322,0.0700,0.0045
1790185328680,6323,0.0948,0.0062
1790185328729,6324,0.0739,0.0045
1790185328780,6325,0.0861,0.0051
1790185328830,6326,0.0662,0.0046
1790185328880,6327,0.1406,0.0050
1790185328930,6328,0.0662,0.0028
1790185328980,6329,0.0567,0.0025
1790185329030,6330,0.0583,0.0024
1790185329080,6331,0.0544,0.0024
1790185329130,6332,0.0525,0.0023
1790185329180,6333,0.1009,0.0037
1790185329230,6334,0.0518,0.0020
1790185329280,6335,0.0536,0.0019
1790185329330,6336,0.0705,0.0020
1790185329380,6337,0.0514,0.0019
1790185329430,6338,0.0512,0.0019
1790185329480,6339,0.0513,0.0019
1790185329530,6340,0.1339,0.0062
1790185329580,6341,0.1308,0.0076
1790185329629,6342,0.2057,0.0050
1790185329681,6343,0.0992,0.0060
1790185329729,6344,0.0874,0.0050
1790185329781,6345,0.0692,0.0041
1790185329830,6346,0.0727,0.0049
1790185329880,6347,0.0613,0.0042
1790185329930,6348,0.0598,0.0038
1790185329980,6349,0.0823,0.0037
1790185330030,6350,0.0610,0.0036
1790185330080,6351,0.0559,0.0032
1790185330130,6352,0.0533,0.0031
1790185330180,6353,0.0533,0.0032
1790185330229,6354,0.0526,0.0027
1790185330281,6355,0.1045,0.0040
1790185330330,6356,0.0521,0.0026
1790185330380,6357,0.0569,0.0024
1790185330429,6358,0.0743,0.0023
1790185330481,6359,0.0522,0.0020
1790185330530,6360,0.0640,0.0023
1790185330581,6361,0.1275,0.0071
1790185330630,6362,0.1140,0.0064
1790185330680,6363,0.1204,0.0074
1790185330730,6364,0.1005,0.0059
1790185330780,6365,0.0821,0.0048
1790185330830,6366,0.0900,0.0058
1790185330880,6367,0.0908,0.0049
1790185330930,6368,0.0643,0.0043
1790185330980,6369,0.0620,0.0043
1790185331030,6370,0.0622,0.0037
1790185331080,6371,0.0569,0.0034
1790185331130,6372,0.0540,0.0026
1790185331180,6373,0.0653,0.0026
1790185331229,6374,0.0534,0.0027
1790185331280,6375,0.0551,0.0030
1790185331330,6376,0.0722,0.0023
1790185331381,6377,0.0522,0.0022
1790185331430,6378,0.0907,0.0021
1790185331480,6379,0.0640,0.0027
1790185331530,6380,0.0638,0.0021
1790185331581,6381,0.1712,0.0083
1790185331631,6382,0.1310,0.0078
1790185331680,6383,0.0957,0.0065
1790185331730,6384,0.1239,0.0076
1790185331781,6385,0.1353,0.0059
1790185331830,6386,0.1346,0.0082
1790185331881,6387,0.1383,0.0092
1790185331930,6388,0.1328,0.0080
1790185331981,6389,0.1343,0.0079
1790185332030,6390,0.1375,0.0085
1790185332080,6391,0.1267,0.0079
1790185332130,6392,0.1187,0.0076
1790185332179,6393,0.1043,0.0063
1790185332230,6394,0.1022,0.0049
1790185332281,6395,0.1145,0.0062
1790185332329,6396,0.0622,0.0046
1790185332380,6397,0.0604,0.0041
1790185332430,6398,0.0588,0.0039
1790185332479,6399,0.0809,0.0046
1790185332530,6400,0.1289,0.0042
1790185332579,6401,0.1751,0.0066
1790185332630,6402,0.1647,0.0078
1790185332681,6403,0.1334,0.0075
1790185332730,6404,0.1220,0.0074
1790185332781,6405,0.0764,0.0049
1790185332830,6406,0.1027,0.0064
1790185332879,6407,0.1108,0.0063
1790185332930,6408,0.0700,0.0047
1790185332981,6409,0.0663,0.0047
1790185333031,6410,0.0630,0.0040
1790185333080,6411,0.0752,0.0041
1790185333130,6412,0.0771,0.0050
1790185333181,6413,0.1014,0.0054
1790185333230,6414,0.0903,0.0050
1790185333281,6415,0.0936,0.0046
1790185333330,6416,0.0590,0.0040
1790185333380,6417,0.0568,0.0038
1790185333430,6418,0.0796,0.0045
1790185333480,6419,0.1435,0.0086
1790185333530,6420,0.1626,0.0079
1790185333581,6421,0.1022,0.0064
1790185333630,6422,0.1093,0.0054
1790185333681,6423,0.1216,0.0075
1790185333730,6424,0.1154,0.0073
1790185333780,6425,0.0897,0.0055
1790185333830,6426,0.1031,0.0063
1790185333881,6427,0.0768,0.0051
1790185333930,6428,0.0723,0.0053
1790185333979,6429,0.1108,0.0052
1790185334030,6430,0.1541,0.0057
1790185334080,6431,0.0737,0.0047
1790185334130,6432,0.0579,0.0030
1790185334180,6433,0.0566,0.0029
1790185334230,6434,0.0742,0.0028
1790185334279,6435,0.0588,0.0027
1790185334330,6436,0.0528,0.0023
1790185334379,6437,0.0520,0.0021
1790185334430,6438,0.0864,0.0029
1790185334480,6439,0.0759,0.0023
1790185334530,6440,0.0779,0.0043
1790185334580,6441,0.0543,0.0023
1790185334629,6442,0.0783,0.0028
1790185334681,6443,0.2101,0.0045
1790185334731,6444,0.1337,0.0118
1790185334780,6445,0.1041,0.0065
1790185334830,6446,0.1257,0.0061
1790185334880,6447,0.0920,0.0057
1790185334930,6448,0.1090,0.0066
1790185334980,6449,0.0726,0.0049
1790185335030,6450,0.0682,0.0042
1790185335080,6451,0.0798,0.0040
1790185335130,6452,0.0541,0.0033
1790185335180,6453,0.0531,0.0028
1790185335230,6454,0.0525,0.0026
1790185335279,6455,0.0625,0.0024
1790185335329,6456,0.1135,0.0071
1790185335379,6457,0.1223,0.0078
1790185335430,6458,0.1248,0.0084
1790185335480,6459,0.1327,0.0083
1790185335530,6460,0.1635,0.0076
1790185335581,6461,0.1204,0.0076
1790185335630,6462,0.1176,0.0076
1790185335680,6463,0.1226,0.0080
1790185335730,6464,0.1260,0.0084
1790185335779,6465,0.1461,0.0079
1790185335830,6466,0.0939,0.0071
1790185335880,6467,0.1296,0.0080
1790185335930,6468,0.1213,0.0078
1790185335980,6469,0.0821,0.0042
1790185336030,6470,0.0679,0.0040
1790185336079,6471,0.0620,0.0037
1790185336130,6472,0.0931,0.0056
1790185336181,6473,0.1226,0.0063
1790185336230,6474,0.0731,0.0043
1790185336279,6475,0.0648,0.0037
1790185336330,6476,0.0556,0.0036
1790185336379,6477,0.0603,0.0036
1790185336430,6478,0.0735,0.0032
1790185336479,6479,0.0891,0.0041
1790185336530,6480,0.0913,0.0057
1790185336580,6481,0.0800,0.0040
1790185336629,6482,0.0678,0.0032
1790185336680,6483,0.0778,0.0054
1790185336730,6484,0.0750,0.0049
1790185336780,6485,0.1246,0.0075
1790185336830,6486,0.0871,0.0061
1790185336880,6487,0.1244,0.0065
1790185336929,6488,0.1141,0.0075
1790185336980,6489,0.0863,0.0059
1790185337030,6490,0.0952,0.0056
1790185337080,6491,0.0623,0.0044
1790185337129,6492,0.0570,0.0043
1790185337180,6493,0.0587,0.0039
1790185337230,6494,0.0576,0.0038
1790185337280,6495,0.0572,0.0033
1790185337329,6496,0.0890,0.0028
1790185337380,6497,0.0537,0.0032
1790185337430,6498,0.0530,0.0029
1790185337480,6499,0.0989,0.0037
1790185337530,6500,0.1379,0.0072
1790185337580,6501,0.1137,0.0056
1790185337630,6502,0.0641,0.0044
1790185337680,6503,0.0756,0.0050
1790185337730,6504,0.0837,0.0046
1790185337780,6505,0.1052,0.0052
1790185337831,6506,0.1247,0.0073
1790185337880,6507,0.1222,0.0073
1790185337930,6508,0.0715,0.0056
1790185337980,6509,0.0866,0.0046
1790185338030,6510,0.0704,0.0042
1790185338080,6511,0.0700,0.0044
1790185338131,6512,0.1082,0.0053
1790185338180,6513,0.0856,0.0037
1790185338230,6514,0.0758,0.0031
1790185338280,6515,0.0631,0.0033
1790185338330,6516,0.0543,0.0028
1790185338380,6517,0.0526,0.0026
1790185338430,6518,0.0518,0.0021
1790185338480,6519,0.0530,0.0022
1790185338530,6520,0.0697,0.0025
1790185338580,6521,0.0555,0.0027
1790185338630,6522,0.0597,0.0021
1790185338680,6523,0.0762,0.0022
1790185338730,6524,0.0950,0.0050
1790185338780,6525,0.0746,0.0039
1790185338831,6526,0.1304,0.0074
1790185338880,6527,0.1239,0.0075
1790185338930,6528,0.1571,0.0064
1790185338980,6529,0.0900,0.0060
1790185339030,6530,0.0962,0.0054
1790185339080,6531,0.0712,0.0049
1790185339129,6532,0.0773,0.0041
1790185339180,6533,0.0532,0.0032
1790185339230,6534,0.0627,0.0034
1790185339280,6535,0.1068,0.0039
1790185339330,6536,0.0685,0.0033
1790185339380,6537,0.0699,0.0032
1790185339430,6538,0.0600,0.0031
1790185339480,6539,0.0531,0.0029
1790185339531,6540,0.1093,0.0033
1790185339579,6541,0.0715,0.0028
1790185339630,6542,0.0522,0.0026
1790185339679,6543,0.0527,0.0026
1790185339730,6544,0.2255,0.0025
1790185339779,6545,0.1182,0.0049
1790185339831,6546,0.0862,0.0039
1790185339880,6547,0.1228,0.0076
1790185339930,6548,0.1021,0.0062
1790185339980,6549,0.0674,0.0051
1790185340030,6550,0.1367,0.0053
1790185340079,6551,0.0592,0.0043
1790185340130,6552,0.0668,0.0039
1790185340179,6553,0.0555,0.0039
1790185340230,6554,0.0536,0.0031
1790185340280,6555,0.0754,0.0026
1790185340329,6556,0.0513,0.0027
1790185340380,6557,0.0502,0.0023
1790185340430,6558,0.0495,0.0020
1790185340479,6559,0.0629,0.0023
1790185340530,6560,0.0687,0.0020
1790185340579,6561,0.0835,0.0034
1790185340630,6562,0.0843,0.0029
1790185340680,6563,0.0523,0.0029
1790185340730,6564,0.0744,0.0026
1790185340780,6565,0.1044,0.0052
1790185340829,6566,0.0646,0.0042
1790185340880,6567,0.1090,0.0068
1790185340930,6568,0.1153,0.0071
1790185340980,6569,0.0835,0.0060
1790185341029,6570,0.0988,0.0047
1790185341080,6571,0.0596,0.0045
1790185341129,6572,0.0571,0.0045
1790185341180,6573,0.0754,0.0039
1790185341229,6574,0.0539,0.0036
1790185341280,6575,0.0559,0.0029
1790185341330,6576,0.0526,0.0028
1790185341380,6577,0.0518,0.0025
1790185341430,6578,0.0653,0.0024
1790185341480,6579,0.0546,0.0024
1790185341530,6580,0.0656,0.0025
1790185341580,6581,0.0545,0.0023
1790185341630,6582,0.0659,0.0021
1790185341680,6583,0.0702,0.0036
1790185341731,6584,0.0596,0.0032
1790185341780,6585,0.0815,0.0040
1790185341830,6586,0.0740,0.0037
1790185341880,6587,0.1318,0.0048
1790185341930,6588,0.1149,0.0070
1790185341980,6589,0.1128,0.0066
1790185342030,6590,0.0744,0.0047
1790185342080,6591,0.0848,0.0043
1790185342130,6592,0.0599,0.0047
1790185342180,6593,0.1184,0.0074
1790185342230,6594,0.1204,0.0079
1790185342280,6595,0.1257,0.0073
1790185342330,6596,0.0820,0.0047
1790185342380,6597,0.0581,0.0041
1790185342429,6598,0.0605,0.0040
1790185342480,6599,0.0559,0.0037
1790185342530,6600,0.0963,0.0038
1790185342580,6601,0.0702,0.0038
1790185342630,6602,0.0545,0.0038
1790185342680,6603,0.0867,0.0047
1790185342729,6604,0.0580,0.0038
1790185342780,6605,0.1244,0.0055
1790185342830,6606,0.0783,0.0045
1790185342880,6607,0.0700,0.0043
1790185342930,6608,0.1128,0.0042
1790185342979,6609,0.1138,0.0074
1790185343030,6610,0.1445,0.0065
1790185343080,6611,0.1786,0.0054
1790185343130,6612,0.0603,0.0044
1790185343179,6613,0.0592,0.0041
1790185343230,6614,0.0557,0.0034
1790185343280,6615,0.0764,0.0036
1790185343330,6616,0.0537,0.0030
1790185343381,6617,0.0985,0.0046
1790185343430,6618,0.0957,0.0025
1790185343481,6619,0.0654,0.0029
1790185343530,6620,0.1177,0.0049
1790185343580,6621,0.1285,0.0082
1790185343630,6622,0.1254,0.0077
1790185343680,6623,0.1319,0.0080
1790185343730,6624,0.0931,0.0050
1790185343780,6625,0.0979,0.0049
1790185343830,6626,0.0761,0.0052
1790185343880,6627,0.0605,0.0044
1790185343930,6628,0.0975,0.0059
1790185343980,6629,0.0784,0.0047
1790185344030,6630,0.1312,0.0079
1790185344080,6631,0.0925,0.0063
1790185344130,6632,0.0689,0.0061
1790185344180,6633,0.0847,0.0050
1790185344230,6634,0.0983,0.0043
1790185344281,6635,0.0726,0.0040
1790185344330,6636,0.0569,0.0037
1790185344380,6637,0.0551,0.0037
1790185344430,6638,0.0681,0.0030
1790185344480,6639,0.0626,0.0035
1790185344529,6640,0.0909,0.0035
1790185344580,6641,0.0739,0.0038
1790185344630,6642,0.1338,0.0048
1790185344681,6643,0.0812,0.0047
1790185344729,6644,0.0849,0.0050
1790185344780,6645,0.2590,0.0050
1790185344830,6646,0.0981,0.0042
1790185344880,6647,0.0910,0.0037
1790185344930,6648,0.0975,0.0046
1790185344980,6649,0.0753,0.0040
1790185345030,6650,0.1169,0.0062
1790185345080,6651,0.1148,0.0064
1790185345130,6652,0.0664,0.0044
1790185345180,6653,0.0579,0.0042
1790185345230,6654,0.0814,0.0039
1790185345280,6655,0.1056,0.0040
1790185345329,6656,0.0947,0.0040
1790185345381,6657,0.0964,0.0201
1790185345430,6658,0.0642,0.0022
1790185345480,6659,0.0552,0.0018
1790185345530,6660,0.0834,0.0024
1790185345580,6661,0.0514,0.0017
1790185345630,6662,0.0524,0.0019
1790185345680,6663,0.0555,0.0018
1790185345729,6664,0.1044,0.0022
1790185345780,6665,0.0626,0.0016
1790185345830,6666,0.0884,0.0031
1790185345880,6667,0.1020,0.0034
1790185345929,6668,0.1488,0.0053
1790185345980,6669,0.1241,0.0055
1790185346030,6670,0.1221,0.0048
1790185346080,6671,0.1589,0.0054
1790185346130,6672,0.1184,0.0032
1790185346179,6673,0.0948,0.0029
1790185346230,6674,0.0563,0.0026
1790185346280,6675,0.1065,0.0032
1790185346329,6676,0.0615,0.0026
1790185346380,6677,0.0527,0.0018
1790185346430,6678,0.0694,0.0018
1790185346480,6679,0.0557,0.0020
1790185346530,6680,0.0693,0.0017
1790185346580,6681,0.0516,0.0017
1790185346629,6682,0.0682,0.0015
1790185346680,6683,0.0520,0.0018
1790185346730,6684,0.0616,0.0016
1790185346779,6685,0.0929,0.0014
1790185346830,6686,0.0727,0.0017
1790185346880,6687,0.1222,0.0029
1790185346930,6688,0.1001,0.0039
1790185346979,6689,0.1052,0.0041
1790185347029,6690,0.0907,0.0033
1790185347080,6691,0.0757,0.0034
1790185347131,6692,0.1632,0.0043
1790185347180,6693,0.0756,0.0032
1790185347229,6694,0.0645,0.0024
1790185347280,6695,0.0612,0.0024
1790185347330,6696,0.0928,0.0023
1790185347380,6697,0.0996,0.0030
1790185347430,6698,0.0579,0.0023
1790185347480,6699,0.0594,0.0026
1790185347530,6700,0.0711,0.0019
1790185347580,6701,0.1260,0.0025
1790185347630,6702,0.0610,0.0020
1790185347680,6703,0.0652,0.0024
1790185347730,6704,0.0599,0.0022
1790185347780,6705,0.0589,0.0019
1790185347830,6706,0.0585,0.0019
1790185347880,6707,0.1044,0.0026
1790185347930,6708,0.0720,0.0026
1790185347980,6709,0.0659,0.0042
1790185348030,6710,0.0882,0.0018
1790185348080,6711,0.0527,0.0016
1790185348130,6712,0.1263,0.0040
1790185348180,6713,0.1076,0.0038
1790185348230,6714,0.1005,0.0036
1790185348280,6715,0.0617,0.0030
1790185348330,6716,0.0555,0.0022
1790185348380,6717,0.0546,0.0022
1790185348431,6718,0.0526,0.0020
1790185348480,6719,0.1287,0.0025
1790185348530,6720,0.0665,0.0014
1790185348580,6721,0.0508,0.0014
1790185348631,6722,0.0533,0.0014
1790185348680,6723,0.0898,0.0015
1790185348730,6724,0.0531,0.0014
1790185348780,6725,0.0703,0.0026
1790185348830,6726,0.0626,0.0020
1790185348880,6727,0.0778,0.0028
1790185348930,6728,0.0905,0.0019
1790185348980,6729,0.0893,0.0034
1790185349029,6730,0.0691,0.0024
1790185349079,6731,0.0658,0.0022
1790185349130,6732,0.0548,0.0017
1790185349180,6733,0.1459,0.0040
1790185349230,6734,0.1004,0.0039
1790185349280,6735,0.0661,0.0032
1790185349330,6736,0.0602,0.0023
1790185349379,6737,0.0800,0.0021
1790185349430,6738,0.0782,0.0020
1790185349480,6739,0.0540,0.0018
1790185349530,6740,0.0666,0.0017
1790185349580,6741,0.0520,0.0018
1790185349630,6742,0.0696,0.0014
1790185349679,6743,0.0530,0.0014
1790185349730,6744,0.0566,0.0014
1790185349780,6745,0.2104,0.0019
1790185349829,6746,0.1102,0.0023
1790185349880,6747,0.0546,0.0015
1790185349930,6748,0.0756,0.0032
1790185349980,6749,0.0863,0.0034
1790185350030,6750,0.0736,0.0026
1790185350080,6751,0.0865,0.0027
1790185350130,6752,0.0537,0.0021
1790185350179,6753,0.0518,0.0016
1790185350229,6754,0.1185,0.0086
1790185350280,6755,0.0782,0.0030
1790185350330,6756,0.0593,0.0028
1790185350380,6757,0.0578,0.0027
1790185350430,6758,0.0548,0.0025
1790185350480,6759,0.0540,0.0025
1790185350530,6760,0.0900,0.0019
1790185350580,6761,0.0528,0.0023
1790185350630,6762,0.0532,0.0024
1790185350679,6763,0.0540,0.0019
1790185350730,6764,0.0620,0.0019
1790185350780,6765,0.0727,0.0020
1790185350830,6766,0.0529,0.0020
1790185350879,6767,0.0684,0.0017
1790185350930,6768,0.1016,0.0033
1790185350980,6769,0.1078,0.0034
1790185351030,6770,0.0780,0.0029
1790185351080,6771,0.0580,0.0023
1790185351130,6772,0.0603,0.0019
1790185351180,6773,0.0515,0.0019
1790185351230,6774,0.1100,0.0039
1790185351280,6775,0.1117,0.0039
1790185351329,6776,0.0807,0.0034
1790185351380,6777,0.0591,0.0024
1790185351429,6778,0.0790,0.0022
1790185351480,6779,0.0793,0.0019
1790185351530,6780,0.0687,0.0018
1790185351580,6781,0.0543,0.0022
1790185351631,6782,0.0513,0.0015
1790185351679,6783,0.0639,0.0015
1790185351730,6784,0.0849,0.0031
1790185351780,6785,0.0720,0.0025
1790185351831,6786,0.0571,0.0022
1790185351879,6787,0.1004,0.0023
1790185351930,6788,0.0789,0.0021
1790185351980,6789,0.0806,0.0028
1790185352030,6790,0.0730,0.0027
1790185352080,6791,0.0990,0.0034
1790185352130,6792,0.0636,0.0024
1790185352179,6793,0.0541,0.0018
1790185352230,6794,0.0538,0.0018
1790185352281,6795,0.1231,0.0049
1790185352330,6796,0.1374,0.0042
1790185352380,6797,0.0628,0.0031
1790185352430,6798,0.0574,0.0030
1790185352480,6799,0.0575,0.0026
1790185352530,6800,0.0698,0.0019
1790185352580,6801,0.0568,0.0019
1790185352629,6802,0.0522,0.0018
1790185352680,6803,0.0781,0.0021
1790185352730,6804,0.0810,0.0030
1790185352779,6805,0.0598,0.0017
1790185352830,6806,0.0761,0.0020
1790185352880,6807,0.0517,0.0017
1790185352930,6808,0.0529,0.0020
1790185352980,6809,0.1055,0.0040
1790185353030,6810,0.0917,0.0038
1790185353080,6811,0.0814,0.0029
1790185353130,6812,0.0581,0.0025
1790185353180,6813,0.0673,0.0026
1790185353231,6814,0.0562,0.0023
1790185353280,6815,0.0752,0.0026
1790185353330,6816,0.1132,0.0045
1790185353380,6817,0.0841,0.0033
1790185353431,6818,0.0607,0.0026
1790185353480,6819,0.0580,0.0023
1790185353530,6820,0.0770,0.0022
1790185353580,6821,0.0562,0.0021
1790185353630,6822,0.1384,0.0045
1790185353680,6823,0.1236,0.0049
1790185353730,6824,0.1809,0.0046
1790185353780,6825,0.0853,0.0035
1790185353830,6826,0.0707,0.0032
1790185353880,6827,0.0667,0.0028
1790185353930,6828,0.0594,0.0025
1790185353980,6829,0.1344,0.0045
1790185354030,6830,0.0864,0.0036
1790185354080,6831,0.0697,0.0031
1790185354130,6832,0.0665,0.0030
1790185354180,6833,0.0915,0.0021
1790185354230,6834,0.0571,0.0019
1790185354280,6835,0.0597,0.0021
1790185354330,6836,0.0526,0.0019
1790185354380,6837,0.1083,0.0044
1790185354430,6838,0.0919,0.0031
1790185354480,6839,0.0615,0.0028
1790185354530,6840,0.0716,0.0024
1790185354581,6841,0.0554,0.0026
1790185354630,6842,0.0708,0.0025
1790185354680,6843,0.0526,0.0024
1790185354730,6844,0.0559,0.0017
1790185354780,6845,0.0716,0.0023
1790185354830,6846,0.1929,0.0021
1790185354880,6847,0.0528,0.0017
1790185354929,6848,0.0516,0.0016
1790185354980,6849,0.0860,0.0031
1790185355030,6850,0.0972,0.0032
1790185355080,6851,0.0915,0.0027
1790185355130,6852,0.0578,0.0022
1790185355180,6853,0.0921,0.0017
1790185355230,6854,0.0552,0.0016
1790185355281,6855,0.0580,0.0017
1790185355330,6856,0.0668,0.0017
1790185355380,6857,0.1081,0.0039
1790185355430,6858,0.1054,0.0039
1790185355481,6859,0.1178,0.0037
1790185355531,6860,0.0940,0.0028
1790185355581,6861,0.0602,0.0024
1790185355630,6862,0.1438,0.0034
1790185355680,6863,0.0586,0.0024
1790185355730,6864,0.0718,0.0025
1790185355779,6865,0.0599,0.0022
1790185355830,6866,0.0539,0.0018
1790185355880,6867,0.0539,0.0017
1790185355930,6868,0.0515,0.0014
1790185355980,6869,0.0745,0.0015
1790185356030,6870,0.1248,0.0042
1790185356080,6871,0.1245,0.0049
1790185356130,6872,0.1203,0.0049
1790185356180,6873,0.0604,0.0023
1790185356230,6874,0.0822,0.0022
1790185356280,6875,0.0583,0.0018
1790185356330,6876,0.0522,0.0024
1790185356380,6877,0.0518,0.0016
1790185356430,6878,0.1404,0.0047
1790185356480,6879,0.1125,0.0042
1790185356530,6880,0.0890,0.0032
1790185356580,6881,0.0648,0.0028
1790185356631,6882,0.0722,0.0023
1790185356680,6883,0.0546,0.0024
1790185356730,6884,0.0528,0.0021
1790185356780,6885,0.0782,0.0029
1790185356830,6886,0.0623,0.0024
1790185356879,6887,0.0776,0.0017
1790185356930,6888,0.0533,0.0014
1790185356980,6889,0.0513,0.0013
1790185357030,6890,0.1245,0.0051
1790185357080,6891,0.1453,0.0041
1790185357130,6892,0.0908,0.0027
1790185357180,6893,0.0648,0.0029
1790185357230,6894,0.0605,0.0029
1790185357280,6895,0.0678,0.0021
1790185357330,6896,0.0732,0.0025
1790185357380,6897,0.0620,0.0018
1790185357429,6898,0.0526,0.0022
1790185357480,6899,0.1121,0.0043
1790185357530,6900,0.1313,0.0037
1790185357580,6901,0.0696,0.0032
1790185357630,6902,0.0612,0.0026
1790185357681,6903,0.0830,0.0028
1790185357730,6904,0.0545,0.0026
1790185357780,6905,0.1059,0.0035
1790185357830,6906,0.0717,0.0032
1790185357880,6907,0.0566,0.0021
1790185357930,6908,0.0553,0.0021
1790185357980,6909,0.0829,0.0018
1790185358030,6910,0.1415,0.0049
1790185358080,6911,0.1168,0.0040
1790185358130,6912,0.0641,0.0023
1790185358180,6913,0.0605,0.0025
1790185358230,6914,0.0763,0.0026
1790185358280,6915,0.0664,0.0024
1790185358330,6916,0.0571,0.0038
1790185358379,6917,0.0548,0.0022
1790185358430,6918,0.0696,0.0018
1790185358480,6919,0.1121,0.0043
1790185358530,6920,0.1275,0.0040
1790185358580,6921,0.0837,0.0034
1790185358630,6922,0.0628,0.0025
1790185358680,6923,0.0809,0.0028
1790185358730,6924,0.0634,0.0024
1790185358780,6925,0.0612,0.0018
1790185358830,6926,0.0618,0.0020
1790185358880,6927,0.0542,0.0020
1790185358929,6928,0.0704,0.0019
1790185358980,6929,0.0945,0.0026
1790185359031,6930,0.1044,0.0032
1790185359080,6931,0.1154,0.0035
1790185359129,6932,0.0843,0.0025
1790185359180,6933,0.1043,0.0031
1790185359230,6934,0.0597,0.0022
1790185359280,6935,0.1058,0.0029
1790185359330,6936,0.0742,0.0020
1790185359380,6937,0.0535,0.0019
1790185359430,6938,0.0515,0.0016
1790185359480,6939,0.0908,0.0015
1790185359530,6940,0.1293,0.0045
1790185359580,6941,0.1108,0.0037
1790185359630,6942,0.0662,0.0031
1790185359679,6943,0.0612,0.0029
1790185359730,6944,0.0695,0.0031
1790185359780,6945,0.0612,0.0022
1790185359830,6946,0.0795,0.0021
1790185359880,6947,0.1707,0.0019
1790185359930,6948,0.0540,0.0018
1790185359981,6949,0.0520,0.0016
1790185360030,6950,0.1365,0.0044
1790185360080,6951,0.1080,0.0044
1790185360130,6952,0.0677,0.0032
1790185360180,6953,0.0729,0.0026
1790185360230,6954,0.0886,0.0027
1790185360280,6955,0.0627,0.0024
1790185360330,6956,0.0568,0.0021
1790185360380,6957,0.0537,0.0017
1790185360430,6958,0.0526,0.0019
1790185360480,6959,0.0738,0.0015
1790185360530,6960,0.0705,0.0020
1790185360579,6961,0.1112,0.0046
1790185360630,6962,0.0740,0.0032
1790185360680,6963,0.0654,0.0029
1790185360730,6964,0.0785,0.0031
1790185360780,6965,0.0638,0.0022
1790185360830,6966,0.0605,0.0023
1790185360880,6967,0.0553,0.0017
1790185360930,6968,0.0768,0.0019
1790185360980,6969,0.0568,0.0017
1790185361030,6970,0.0949,0.0035
1790185361080,6971,0.0913,0.0036
1790185361130,6972,0.0643,0.0026
1790185361180,6973,0.0751,0.0018
1790185361230,6974,0.0717,0.0022
1790185361281,6975,0.0584,0.0016
1790185361329,6976,0.0559,0.0018
1790185361380,6977,0.0693,0.0015
1790185361430,6978,0.0507,0.0017
1790185361481,6979,0.1230,0.0048
1790185361531,6980,0.1377,0.0053
1790185361580,6981,0.1254,0.0054
1790185361631,6982,0.1460,0.0048
1790185361680,6983,0.0817,0.0036
1790185361731,6984,0.0998,0.0039
1790185361779,6985,0.0900,0.0036
1790185361830,6986,0.1108,0.0036
1790185361879,6987,0.0769,0.0034
1790185361930,6988,0.0680,0.0025
1790185361980,6989,0.1208,0.0030
1790185362030,6990,0.1155,0.0029
1790185362080,6991,0.0816,0.0032
1790185362130,6992,0.0913,0.0037
1790185362179,6993,0.0668,0.0028
1790185362230,6994,0.1192,0.0290
1790185362280,6995,0.0784,0.0022
1790185362330,6996,0.0651,0.0027
1790185362380,6997,0.0581,0.0020
1790185362430,6998,0.0540,0.0017
1790185362480,6999,0.1074,0.0024
1790185362529,7000,0.0694,0.0017
1790185362581,7001,0.0702,0.0022
1790185362630,7002,0.1137,0.0048
1790185362680,7003,0.1076,0.0042
1790185362730,7004,0.1104,0.0038
1790185362780,7005,0.0704,0.0029
1790185362829,7006,0.0938,0.0031
1790185362880,7007,0.0704,0.0027
1790185362930,7008,0.0622,0.0028
1790185362980,7009,0.0843,0.0026
1790185363030,7010,0.0635,0.0023
1790185363080,7011,0.0769,0.0027
1790185363129,7012,0.0914,0.0030
1790185363180,7013,0.0608,0.0025
1790185363230,7014,0.0813,0.0026
1790185363280,7015,0.0621,0.0019
1790185363331,7016,0.0562,0.0021
1790185363380,7017,0.0585,0.0019
1790185363430,7018,0.0709,0.0019
1790185363480,7019,0.0541,0.0019
1790185363529,7020,0.0676,0.0014
1790185363580,7021,0.0517,0.0018
1790185363630,7022,0.1086,0.0014
1790185363680,7023,0.1584,0.0054
1790185363730,7024,0.1254,0.0049
1790185363780,7025,0.1319,0.0052
1790185363829,7026,0.1206,0.0049
1790185363880,7027,0.1090,0.0034
1790185363929,7028,0.0933,0.0030
1790185363980,7029,0.0624,0.0027
1790185364030,7030,0.0684,0.0029
1790185364081,7031,0.0886,0.0034
1790185364129,7032,0.1139,0.0033
1790185364180,7033,0.0815,0.0027
1790185364230,7034,0.0640,0.0029
1790185364280,7035,0.0749,0.0026
1790185364329,7036,0.0745,0.0019
1790185364380,7037,0.0588,0.0026
1790185364430,7038,0.0533,0.0022
1790185364480,7039,0.0849,0.0023
1790185364530,7040,0.0965,0.0025
1790185364581,7041,0.0515,0.0021
1790185364629,7042,0.0517,0.0017
1790185364680,7043,0.0518,0.0015
1790185364730,7044,0.1144,0.0042
1790185364780,7045,0.1319,0.0039
1790185364830,7046,0.0787,0.0029
1790185364880,7047,0.1872,0.0032
1790185364930,7048,0.0674,0.0029
1790185364980,7049,0.0811,0.0028
1790185365030,7050,0.0664,0.0028
1790185365080,7051,0.0819,0.0033
1790185365130,7052,0.0667,0.0031
1790185365180,7053,0.0830,0.0049
1790185365230,7054,0.0876,0.0026
1790185365280,7055,0.0642,0.0028
1790185365330,7056,0.0557,0.0022
1790185365380,7057,0.0540,0.0024
1790185365430,7058,0.0761,0.0032
1790185365480,7059,0.0691,0.0023
1790185365530,7060,0.0733,0.0022
1790185365580,7061,0.0527,0.0019
1790185365630,7062,0.0539,0.0019
1790185365680,7063,0.0758,0.0018
1790185365730,7064,0.1167,0.0054
1790185365780,7065,0.1143,0.0039
1790185365830,7066,0.0833,0.0038
1790185365880,7067,0.0718,0.0034
1790185365931,7068,0.0838,0.0028
1790185365980,7069,0.0643,0.0028
1790185366030,7070,0.0677,0.0026
1790185366079,7071,0.0798,0.0032
1790185366130,7072,0.1024,0.0034
1790185366180,7073,0.1240,0.0054
1790185366230,7074,0.1207,0.0051
1790185366280,7075,0.0975,0.0040
1790185366330,7076,0.0780,0.0031
1790185366380,7077,0.0823,0.0030
1790185366429,7078,0.0614,0.0026
1790185366480,7079,0.0566,0.0025
1790185366530,7080,0.0703,0.0026
1790185366580,7081,0.0740,0.0023
1790185366630,7082,0.0601,0.0025
1790185366680,7083,0.0540,0.0021
1790185366730,7084,0.0625,0.0023
1790185366781,7085,0.1152,0.0042
1790185366830,7086,0.1168,0.0039
1790185366880,7087,0.0699,0.0033
1790185366931,7088,0.0653,0.0024
1790185366980,7089,0.0578,0.0030
1790185367029,7090,0.0848,0.0023
1790185367080,7091,0.0742,0.0027
1790185367130,7092,0.1198,0.0028
1790185367180,7093,0.0651,0.0027
1790185367230,7094,0.0605,0.0027
1790185367281,7095,0.0604,0.0026
1790185367329,7096,0.0875,0.0033
1790185367380,7097,0.0603,0.0024
1790185367429,7098,0.0827,0.0030
1790185367480,7099,0.1092,0.0029
1790185367530,7100,0.1025,0.0029
1790185367579,7101,0.0609,0.0026
1790185367630,7102,0.0588,0.0022
1790185367680,7103,0.0581,0.0022
1790185367730,7104,0.0822,0.0024
1790185367780,7105,0.0567,0.0025
1790185367830,7106,0.1127,0.0043
1790185367880,7107,0.1098,0.0040
1790185367930,7108,0.0918,0.0031
1790185367981,7109,0.0670,0.0031
1790185368030,7110,0.0658,0.0026
1790185368080,7111,0.0584,0.0026
1790185368130,7112,0.1042,0.0029
1790185368180,7113,0.0848,0.0033
1790185368230,7114,0.1094,0.0048
1790185368280,7115,0.0798,0.0033
1790185368330,7116,0.0681,0.0033
1790185368380,7117,0.1011,0.0025
1790185368430,7118,0.0552,0.0025
1790185368481,7119,0.0857,0.0034
1790185368530,7120,0.1084,0.0030
1790185368580,7121,0.0600,0.0024
1790185368630,7122,0.0733,0.0027
1790185368680,7123,0.0546,0.0023
1790185368730,7124,0.0593,0.0027
1790185368780,7125,0.0574,0.0016
1790185368830,7126,0.1361,0.0047
1790185368880,7127,0.1516,0.0046
1790185368931,7128,0.0751,0.0031
1790185368979,7129,0.0665,0.0031
1790185369030,7130,0.1205,0.0032
1790185369079,7131,0.0863,0.0027
1790185369131,7132,0.0889,0.0031
1790185369180,7133,0.1182,0.0032
1790185369230,7134,0.0933,0.0034
1790185369280,7135,0.0648,0.0027
1790185369330,7136,0.0803,0.0024
1790185369380,7137,0.0559,0.0020
1790185369430,7138,0.0539,0.0024
1790185369480,7139,0.0704,0.0018
1790185369531,7140,0.1186,0.0015
1790185369580,7141,0.0514,0.0018
1790185369629,7142,0.0509,0.0013
1790185369680,7143,0.0499,0.0013
1790185369730,7144,0.0566,0.0013
1790185369780,7145,0.0809,0.0012
1790185369831,7146,0.0497,0.0016
1790185369880,7147,0.1161,0.0045
1790185369930,7148,0.2714,0.0039
1790185369979,7149,0.0988,0.0029
1790185370030,7150,0.0705,0.0032
1790185370080,7151,0.0657,0.0030
1790185370129,7152,0.1063,0.0042
1790185370180,7153,0.0632,0.0029
1790185370229,7154,0.1016,0.0033
1790185370280,7155,0.0737,0.0032
1790185370330,7156,0.0605,0.0026
1790185370380,7157,0.0587,0.0029
1790185370430,7158,0.0562,0.0024
1790185370479,7159,0.0539,0.0020
1790185370530,7160,0.0772,0.0021
1790185370579,7161,0.0613,0.0022
1790185370630,7162,0.0549,0.0018
1790185370680,7163,0.0743,0.0014
1790185370730,7164,0.0500,0.0015
1790185370780,7165,0.0647,0.0022
1790185370831,7166,0.1066,0.0025
1790185370880,7167,0.0848,0.0016
1790185370930,7168,0.1275,0.0038
1790185370980,7169,0.0870,0.0036
1790185371031,7170,0.0757,0.0029
1790185371080,7171,0.0573,0.0025
1790185371130,7172,0.0936,0.0029
1790185371180,7173,0.0626,0.0031
1790185371230,7174,0.0602,0.0031
1790185371279,7175,0.1314,0.0039
1790185371330,7176,0.0617,0.0022
1790185371380,7177,0.0578,0.0021
1790185371430,7178,0.0549,0.0023
1790185371480,7179,0.0537,0.0023
1790185371529,7180,0.0683,0.0018
1790185371580,7181,0.1037,0.0023
1790185371630,7182,0.0524,0.0015
1790185371680,7183,0.0512,0.0013
1790185371729,7184,0.0627,0.0019
1790185371780,7185,0.0567,0.0014
1790185371829,7186,0.0643,0.0015
1790185371880,7187,0.0502,0.0015
1790185371929,7188,0.1115,0.0045
1790185371980,7189,0.1066,0.0039
1790185372030,7190,0.1116,0.0037
1790185372080,7191,0.0660,0.0027
1790185372130,7192,0.7414,0.0028
1790185372180,7193,0.1072,0.0027
1790185372230,7194,0.0828,0.0029
1790185372279,7195,0.0848,0.0031
1790185372330,7196,0.0680,0.0026
1790185372379,7197,0.0562,0.0020
1790185372430,7198,0.0701,0.0025
1790185372480,7199,0.0593,0.0021
1790185372530,7200,0.0706,0.0020
1790185372580,7201,0.0585,0.0017
1790185372630,7202,0.0547,0.0018
1790185372681,7203,0.0717,0.0017
1790185372730,7204,0.0702,0.0024
1790185372780,7205,0.0604,0.0024
1790185372829,7206,0.0529,0.0024
1790185372880,7207,0.0535,0.0015
1790185372930,7208,0.0749,0.0015
1790185372980,7209,0.1219,0.0053
1790185373030,7210,0.1236,0.0047
1790185373080,7211,0.0798,0.0033
1790185373129,7212,0.1281,0.0032
1790185373181,7213,0.0788,0.0033
1790185373230,7214,0.0664,0.0028
1790185373280,7215,0.0732,0.0029
1790185373331,7216,0.0915,0.0029
1790185373380,7217,0.0731,0.0023
1790185373430,7218,0.0555,0.0017
1790185373480,7219,0.1116,0.0048
1790185373531,7220,0.0989,0.0038
1790185373580,7221,0.0897,0.0029
1790185373630,7222,0.0661,0.0043
1790185373680,7223,0.0613,0.0027
1790185373730,7224,0.0677,0.0022
1790185373780,7225,0.0934,0.0019
1790185373830,7226,0.1091,0.0039
1790185373879,7227,0.1236,0.0049
1790185373930,7228,0.1187,0.0046
1790185373979,7229,0.1011,0.0033
1790185374030,7230,0.1804,0.0047
1790185374080,7231,0.1064,0.0042
1790185374130,7232,0.1049,0.0045
1790185374180,7233,0.1105,0.0048
1790185374229,7234,0.1184,0.0049
1790185374280,7235,0.1165,0.0039
1790185374330,7236,0.1033,0.0044
1790185374379,7237,0.0654,0.0028
1790185374430,7238,0.0635,0.0026
1790185374481,7239,0.0809,0.0030
1790185374530,7240,0.0728,0.0022
1790185374580,7241,0.0664,0.0022
1790185374630,7242,0.0596,0.0020
1790185374680,7243,0.0805,0.0022
1790185374729,7244,0.0726,0.0025
1790185374780,7245,0.0865,0.0019
1790185374830,7246,0.0526,0.0018
1790185374880,7247,0.0532,0.0019
1790185374930,7248,0.1880,0.0017
1790185374980,7249,0.0506,0.0015
1790185375030,7250,0.0574,0.0018
1790185375080,7251,0.1447,0.0049
1790185375130,7252,0.1057,0.0036
1790185375180,7253,0.0946,0.0038
1790185375230,7254,0.0752,0.0029
1790185375280,7255,0.0678,0.0028
1790185375330,7256,0.0894,0.0035
1790185375380,7257,0.0889,0.0025
1790185375429,7258,0.0601,0.0022
1790185375481,7259,0.0981,0.0033
1790185375530,7260,0.1283,0.0040
1790185375580,7261,0.0841,0.0030
1790185375630,7262,0.0658,0.0029
1790185375680,7263,0.0593,0.0030
1790185375730,7264,0.0678,0.0032
1790185375780,7265,0.0638,0.0026
1790185375830,7266,0.0798,0.0022
1790185375880,7267,0.0699,0.0019
1790185375930,7268,0.0510,0.0015
1790185375980,7269,0.0503,0.0014
1790185376030,7270,0.0587,0.0013
1790185376080,7271,0.1425,0.0047
1790185376130,7272,0.1179,0.0047
1790185376180,7273,0.1154,0.0050
1790185376230,7274,0.1144,0.0041
1790185376280,7275,0.1228,0.0049
1790185376330,7276,0.1223,0.0050
1790185376380,7277,0.1177,0.0046
1790185376430,7278,0.0728,0.0033
1790185376479,7279,0.0653,0.0027
1790185376530,7280,0.0804,0.0032
1790185376580,7281,0.1027,0.0036
1790185376630,7282,0.0629,0.0029
1790185376680,7283,0.0810,0.0025
1790185376731,7284,0.0662,0.0028
1790185376780,7285,0.0695,0.0028
1790185376830,7286,0.0542,0.0016
1790185376880,7287,0.1144,0.0020
1790185376930,7288,0.0907,0.0015
1790185376981,7289,0.0551,0.0021
1790185377030,7290,0.0605,0.0015
1790185377080,7291,0.0651,0.0022
1790185377130,7292,0.1338,0.0040
1790185377180,7293,0.1437,0.0059
1790185377230,7294,0.0916,0.0041
1790185377279,7295,0.0685,0.0034
1790185377330,7296,0.0583,0.0032
1790185377379,7297,0.0906,0.0030
1790185377430,7298,0.0624,0.0031
1790185377480,7299,0.1056,0.0026
1790185377530,7300,0.0783,0.0030
1790185377580,7301,0.0821,0.0025
1790185377630,7302,0.0585,0.0027
1790185377680,7303,0.0582,0.0022
1790185377730,7304,0.0636,0.0020
1790185377780,7305,0.0600,0.0017
1790185377830,7306,0.0702,0.0019
1790185377880,7307,0.0525,0.0015
1790185377930,7308,0.0523,0.0014
1790185377980,7309,0.0497,0.0019
1790185378030,7310,0.0750,0.0021
1790185378079,7311,0.0923,0.0014
1790185378129,7312,0.0492,0.0012
1790185378180,7313,0.1192,0.0048
1790185378229,7314,0.0841,0.0037
1790185378280,7315,0.0719,0.0027
1790185378330,7316,0.0636,0.0023
1790185378380,7317,0.0792,0.0031
1790185378429,7318,0.0659,0.0031
1790185378480,7319,0.1084,0.0019
1790185378530,7320,0.0962,0.0019
1790185378579,7321,0.0586,0.0017
1790185378630,7322,0.0575,0.0022
1790185378680,7323,0.0610,0.0019
1790185378730,7324,0.0892,0.0022
1790185378780,7325,0.0649,0.0021
1790185378829,7326,0.0541,0.0022
1790185378880,7327,0.0904,0.0015
1790185378929,7328,0.0628,0.0013
1790185378980,7329,0.0502,0.0013
1790185379029,7330,0.0547,0.0012
1790185379080,7331,0.0565,0.0014
1790185379130,7332,0.0522,0.0012
1790185379180,7333,0.1123,0.0042
1790185379231,7334,0.1145,0.0047
1790185379280,7335,0.0774,0.0030
1790185379330,7336,0.1037,0.0035
1790185379379,7337,0.0795,0.0022
1790185379430,7338,0.0818,0.0027
1790185379480,7339,0.0777,0.0025
1790185379530,7340,0.0791,0.0026
1790185379579,7341,0.0623,0.0020
1790185379630,7342,0.0735,0.0025
1790185379680,7343,0.0546,0.0021
1790185379730,7344,0.0772,0.0018
1790185379780,7345,0.0649,0.0025
1790185379830,7346,0.0692,0.0015
1790185379880,7347,0.0766,0.0016
1790185379929,7348,0.0507,0.0014
1790185379980,7349,0.1857,0.0013
1790185380030,7350,0.1476,0.0052
1790185380080,7351,0.1116,0.0036
1790185380130,7352,0.0758,0.0033
1790185380180,7353,0.0893,0.0037
1790185380229,7354,0.1144,0.0045
1790185380280,7355,0.1324,0.0047
1790185380330,7356,0.0918,0.0039
1790185380380,7357,0.0639,0.0034
1790185380430,7358,0.0780,0.0036
1790185380480,7359,0.0689,0.0032
1790185380530,7360,0.0757,0.0023
1790185380580,7361,0.0572,0.0026
1790185380630,7362,0.0555,0.0022
1790185380680,7363,0.0830,0.0025
1790185380730,7364,0.0794,0.0022
1790185380780,7365,0.0666,0.0021
1790185380830,7366,0.0539,0.0021
1790185380880,7367,0.0513,0.0017
1790185380929,7368,0.0504,0.0015
1790185380980,7369,0.0660,0.0014
1790185381030,7370,0.0579,0.0015
1790185381080,7371,0.0514,0.0017
1790185381131,7372,0.0562,0.0012
1790185381180,7373,0.0729,0.0017
1790185381230,7374,0.0513,0.0012
1790185381279,7375,0.1156,0.0040
1790185381330,7376,0.0787,0.0034
1790185381380,7377,0.0633,0.0027
1790185381430,7378,0.0765,0.0034
1790185381480,7379,0.0650,0.0031
1790185381529,7380,0.0750,0.0021
1790185381580,7381,0.0579,0.0029
1790185381629,7382,0.0799,0.0022
1790185381680,7383,0.0530,0.0016
1790185381730,7384,0.0755,0.0024
1790185381780,7385,0.0877,0.0030
1790185381829,7386,0.0585,0.0025
1790185381880,7387,0.0731,0.0019
1790185381930,7388,0.0509,0.0015
1790185381979,7389,0.0511,0.0014
1790185382030,7390,0.0626,0.0015
1790185382080,7391,0.0924,0.0013
1790185382130,7392,0.0509,0.0013
1790185382180,7393,0.0513,0.0017
1790185382229,7394,0.0785,0.0028
1790185382280,7395,0.1019,0.0035
1790185382330,7396,0.1212,0.0041
1790185382379,7397,0.0769,0.0032
1790185382430,7398,0.0741,0.0034
1790185382480,7399,0.0865,0.0035
1790185382531,7400,0.1884,0.0040
1790185382579,7401,0.0968,0.0034
1790185382630,7402,0.0675,0.0030
1790185382680,7403,0.0625,0.0027
1790185382730,7404,0.0773,0.0029
1790185382780,7405,0.1186,0.0025
1790185382830,7406,0.0817,0.0023
1790185382880,7407,0.0558,0.0022
1790185382930,7408,0.0615,0.0017
1790185382979,7409,0.0521,0.0019
1790185383030,7410,0.0764,0.0018
1790185383080,7411,0.1712,0.0061
1790185383129,7412,0.1197,0.0049
1790185383180,7413,0.1227,0.0057
1790185383230,7414,0.1143,0.0044
1790185383280,7415,0.1243,0.0039
1790185383330,7416,0.0765,0.0030
1790185383380,7417,0.0652,0.0031
1790185383430,7418,0.0583,0.0023
1790185383480,7419,0.0887,0.0031
1790185383530,7420,0.0849,0.0026
1790185383580,7421,0.0599,0.0025
1790185383630,7422,0.0589,0.0026
1790185383681,7423,0.0593,0.0018
1790185383729,7424,0.0644,0.0023
1790185383781,7425,0.0661,0.0022
1790185383829,7426,0.0571,0.0024
1790185383880,7427,0.0548,0.0015
1790185383930,7428,0.1226,0.0046
1790185383980,7429,0.1496,0.0051
1790185384030,7430,0.1273,0.0047
1790185384081,7431,0.0921,0.0041
1790185384129,7432,0.0833,0.0036
1790185384180,7433,0.0784,0.0030
1790185384230,7434,0.0947,0.0040
1790185384280,7435,0.1198,0.0044
1790185384329,7436,0.1099,0.0047
1790185384380,7437,0.1215,0.0049
1790185384477,7438,0.1786,0.0126
1790185384480,7439,0.0694,0.0031
1790185384530,7440,0.1640,0.0049
1790185384580,7441,0.2282,0.0055
