epoch_ms,online_tick,tick_ms,engine_ms
1790214014829,1,15.9058,0.6218
1790214014870,2,0.8474,0.0340
1790214014924,3,15.2013,0.0358
1790214014964,4,4.9856,0.0270
1790214015015,5,6.2854,0.0314
1790214015065,6,6.2192,0.0297
1790214015114,7,5.9172,0.0274
1790214015164,8,4.7206,0.0311
1790214015209,9,0.6240,0.0329
1790214015266,10,6.7169,0.0342
1790214015310,11,0.6062,0.0258
1790214015359,12,0.6353,0.0260
1790214015410,13,0.5102,0.0235
1790214015459,14,0.4385,0.0202
1790214015509,15,0.4788,0.0207
1790214015559,16,0.3600,0.0140
1790214015610,17,0.5107,0.0212
1790214015659,18,0.4232,0.0165
1790214015710,19,0.3663,0.0162
1790214015760,20,1.2557,0.0290
1790214015810,21,0.6075,0.0272
1790214015860,22,0.5946,0.0265
1790214015910,23,0.3969,0.0147
1790214015959,24,0.4601,0.0173
1790214016010,25,0.5576,0.0297
1790214016059,26,0.6183,0.0277
1790214016110,27,0.6582,0.0276
1790214016159,28,0.5523,0.0262
1790214016210,29,0.5775,0.0240
1790214016260,30,0.3777,0.0143
1790214016310,31,0.5652,0.0275
1790214016360,32,0.4243,0.0193
1790214016410,33,0.3508,0.0137
1790214016460,34,0.4108,0.0145
1790214016510,35,0.7002,0.0270
1790214016559,36,0.2753,0.0163
1790214016610,37,0.4086,0.0223
1790214016659,38,0.4474,0.0265
1790214016709,39,0.3836,0.0235
1790214016759,40,0.5600,0.0298
1790214016810,41,0.5376,0.0284
1790214016860,42,0.5228,0.0292
1790214016909,43,0.7882,0.0195
1790214016960,44,0.3941,0.0194
1790214017009,45,0.3224,0.0215
1790214017059,46,0.3104,0.0237
1790214017109,47,0.3977,0.0364
1790214017159,48,0.3541,0.0185
1790214017209,49,0.3507,0.0181
1790214017260,50,0.3891,0.0261
1790214017310,51,0.4777,0.0279
1790214017359,52,0.3453,0.0217
1790214017410,53,0.4783,0.0288
1790214017459,54,0.3448,0.0223
1790214017509,55,0.3438,0.0218
1790214017560,56,0.2994,0.0165
1790214017609,57,0.4249,0.0260
1790214017660,58,0.3676,0.0254
1790214017709,59,0.4101,0.0249
1790214017759,60,0.5170,0.0280
1790214017810,61,0.4837,0.0299
1790214017859,62,0.3698,0.0230
1790214017909,63,0.3111,0.0204
1790214017960,64,0.4770,0.0278
1790214018010,65,0.7623,0.0345
1790214018060,66,0.4980,0.0306
1790214018110,67,0.4812,0.0322
1790214018159,68,0.4724,0.0292
1790214018210,69,0.4857,0.0294
1790214018259,70,0.4668,0.0279
1790214018309,71,0.4596,0.0283
1790214018359,72,0.4841,0.0372
1790214018409,73,0.4434,0.0292
1790214018460,74,0.4149,0.0268
1790214018510,75,0.4654,0.0363
1790214018559,76,0.4962,0.0481
1790214018609,77,0.3507,0.0277
1790214018659,78,0.4284,0.0244
1790214018709,79,0.3544,0.0216
1790214018759,80,0.5963,0.0293
1790214018810,81,0.5372,0.0306
1790214018860,82,0.3999,0.0263
1790214018909,83,0.3769,0.0320
1790214018959,84,0.4004,0.0172
1790214019010,85,0.6788,0.0561
1790214019060,86,0.4917,0.0293
1790214019109,87,0.4610,0.0262
1790214019159,88,0.2499,0.0197
1790214019209,89,0.3346,0.0232
1790214019259,90,0.2479,0.0171
1790214019309,91,0.2445,0.0194
1790214019360,92,0.2178,0.0167
1790214019409,93,0.2242,0.0159
1790214019460,94,0.1853,0.0152
1790214019509,95,0.2167,0.0169
1790214019559,96,0.1697,0.0128
1790214019609,97,0.2158,0.0209
1790214019659,98,0.1605,0.0119
1790214019710,99,0.2275,0.0170
1790214019759,100,0.4334,0.0293
1790214019810,101,0.3514,0.0303
1790214019860,102,0.5644,0.0273
1790214019910,103,0.3047,0.0231
1790214019959,104,0.2809,0.0202
1790214020010,105,0.4113,0.0286
1790214020059,106,0.3187,0.0281
1790214020110,107,0.3738,0.0295
1790214020159,108,0.3283,0.0289
1790214020209,109,0.2992,0.0248
1790214020259,110,0.3896,0.0302
1790214068740,111,15.1396,10.7778
1790214068769,112,9.0361,0.0536
1790214068815,113,6.3454,10.5177
1790214068865,114,6.0305,9.8243
1790214068915,115,4.6752,9.8653
1790214068965,116,5.9506,6.9699
1790214069013,117,3.0521,6.1433
1790214069060,118,0.9395,4.1575
1790214069110,119,0.7454,4.5318
1790214069172,120,13.4183,15.3449
1790214069211,121,0.9845,1.9780
1790214069260,122,0.9573,2.5273
1790214069310,123,0.8483,2.5256
1790214069360,124,0.7484,2.0915
1790214069410,125,0.7170,2.4801
1790214069460,126,0.7747,3.0402
1790214069510,127,0.6761,2.0904
1790214069561,128,1.7634,4.1328
1790214069610,129,1.0483,2.9146
1790214069663,130,3.0242,5.4405
1790214069709,131,0.6360,2.4071
1790214069761,132,0.7056,3.1427
1790214069810,133,0.5528,1.7557
1790214069859,134,0.6423,1.7713
1790214069909,135,0.5439,1.8584
1790214069959,136,0.6222,1.4612
1790214070010,137,0.6555,1.6254
1790214070060,138,0.6913,1.5673
1790214070109,139,0.5076,1.2522
1790214070162,140,2.3433,3.0031
1790214070209,141,0.6341,1.2446
1790214070260,142,0.6064,1.3929
1790214070309,143,0.5123,1.3279
1790214070359,144,0.7269,1.5358
1790214070409,145,0.7735,1.5525
1790214070461,146,0.9958,1.4713
1790214070510,147,0.7519,1.3463
1790214070559,148,0.7190,1.2136
1790214070610,149,0.6703,1.3389
1790214070662,150,2.4149,2.8071
1790214070709,151,0.8900,1.4483
1790214070760,152,0.7176,1.6323
1790214070810,153,0.6286,1.4977
1790214070859,154,0.6753,1.5610
1790214070909,155,0.6357,1.0772
1790214070960,156,0.6900,1.4403
1790214071009,157,0.6272,1.6165
1790214071059,158,0.7267,1.0580
1790214071109,159,0.5806,1.1299
1790214071161,160,2.1582,2.6137
1790214071209,161,0.6450,0.9514
1790214071260,162,0.5430,1.0526
1790214071309,163,0.3980,0.7573
1790214071359,164,0.5578,1.0652
1790214071410,165,0.5685,0.9417
1790214071459,166,0.4163,0.9266
1790214071510,167,0.5445,0.9360
1790214071559,168,0.5763,1.0975
1790214071609,169,0.5033,0.8977
1790214071661,170,2.0085,2.4577
1790214071709,171,0.5941,0.8804
1790214071760,172,0.8334,1.0178
1790214071809,173,0.5635,1.1681
1790214071860,174,0.4838,1.0219
1790214071909,175,0.5617,0.8254
1790214071960,176,0.5628,0.9279
1790214072009,177,0.5756,0.9233
1790214072060,178,0.4480,0.9085
1790214072110,179,0.6483,1.0562
1790214072161,180,1.8655,2.2863
1790214072209,181,0.4763,0.7885
1790214072260,182,0.6005,1.0197
1790214072310,183,0.5384,1.1228
1790214072359,184,0.6225,1.4255
1790214072409,185,0.6009,0.9724
1790214072460,186,0.6809,1.2513
1790214072509,187,0.5585,0.9936
1790214072560,188,0.6355,1.0631
1790214072610,189,0.5779,1.1737
1790214072660,190,1.8998,2.4498
1790214072709,191,0.3624,0.7816
1790214072759,192,0.4924,1.0189
1790214072809,193,0.4738,0.9188
1790214072859,194,0.4134,0.9912
1790214072911,195,0.5009,0.9526
1790214072959,196,0.4145,0.8696
1790214073009,197,0.4698,0.8237
1790214073060,198,0.5268,0.9602
1790214073109,199,0.4440,1.0600
1790214073160,200,1.8019,2.2803
1790214073210,201,0.5167,0.9036
1790214073259,202,0.4244,0.8279
1790214073309,203,0.3612,0.7557
1790214073360,204,0.3376,0.9359
1790214073409,205,0.5215,0.8842
1790214073459,206,0.2289,0.8691
1790214073509,207,0.2449,0.0337
1790214073559,208,0.2098,0.0324
1790214073610,209,0.1989,0.0347
1790214073659,210,1.2972,1.1414
1790214073709,211,0.2082,0.0300
1790214073760,212,0.5717,0.0418
1790214073809,213,0.2790,0.0405
1790214073860,214,0.2404,0.0409
1790214073910,215,0.3089,0.0440
1790214073959,216,0.3231,0.0417
1790214074009,217,0.2698,0.0430
1790214074059,218,0.2379,0.0359
1790214074109,219,0.2448,0.0368
1790214074160,220,1.4164,1.1889
1790214074210,221,0.2328,0.0348
1790214074260,222,0.2756,0.0388
1790214074310,223,0.2843,0.0407
1790214074359,224,0.2106,0.0325
1790214074409,225,0.2552,0.0351
1790214074460,226,0.2278,0.0352
1790214074509,227,0.2685,0.0403
1790214074559,228,0.2489,0.0346
1790214074609,229,0.2145,0.0333
1790214074661,230,1.4091,1.2429
1790214074709,231,0.1779,0.0285
1790214074759,232,0.3130,0.0429
1790214074809,233,0.2989,0.0453
1790214074860,234,0.2399,0.0371
1790214074909,235,0.2530,0.0363
1790214074959,236,0.2321,0.0433
1790214075010,237,1.3199,1.0627
1790214075059,238,0.4503,1.2573
1790214075109,239,0.3955,1.5704
1790214075161,240,1.9566,2.7045
1790214075210,241,0.3671,0.8884
1790214075259,242,0.3803,0.9772
1790214075309,243,0.4261,1.0990
1790214075359,244,0.3712,0.9925
1790214075409,245,0.4212,1.1530
1790214075460,246,0.3603,1.4481
1790214075509,247,0.3183,0.9397
1790214075560,248,0.3348,1.0375
1790214075609,249,0.2903,0.7630
1790214075661,250,1.7698,2.2224
1790214075710,251,0.4023,1.0243
1790214075759,252,0.3378,0.8651
1790214075809,253,0.2703,0.5708
1790214075859,254,0.2127,0.0169
1790214075909,255,0.2283,0.0165
1790214075959,256,0.2536,0.0166
1790214076009,257,0.2572,0.0183
1790214076059,258,0.2081,0.0157
1790214076109,259,0.2607,0.0184
1790214076160,260,1.2209,1.0005
1790214076210,261,0.1814,0.0124
1790214076260,262,0.1764,0.0108
1790214076309,263,0.1381,0.0092
1790214076359,264,0.1342,0.0098
1790214076410,265,0.2173,0.0126
1790214076459,266,0.1598,0.0120
1790214076509,267,0.1516,0.0100
1790214076559,268,0.2632,0.0209
1790214076609,269,0.2169,0.0180
1790214076661,270,1.2244,0.9976
1790214076709,271,0.2104,0.0145
1790214076759,272,0.2769,0.0218
1790214076810,273,0.2732,0.0206
1790214076859,274,0.2229,0.0169
1790214076909,275,0.2265,0.0173
1790214076959,276,0.2745,0.0208
1790214077009,277,0.3990,0.0563
1790214077059,278,0.2801,0.0458
1790214077109,279,0.3119,0.0424
1790214077161,280,1.2859,1.0064
1790214077210,281,0.2587,0.0411
1790214077259,282,0.2612,0.0324
1790214077310,283,0.1706,0.0266
1790214077359,284,0.1700,0.0275
1790214077409,285,0.1930,0.0297
1790214077459,286,0.1828,0.0309
1790214077509,287,0.1812,0.0311
1790214077559,288,0.2473,0.0390
1790214077609,289,0.2118,0.0300
1790214077660,290,1.3077,1.0702
1790214077709,291,0.2320,0.0370
1790214077760,292,0.3412,0.0384
1790214077809,293,0.2622,0.0203
1790214077859,294,0.2465,0.0189
1790214077909,295,0.2412,0.0184
1790214077960,296,0.1972,0.0150
1790214078009,297,0.2376,0.0166
1790214078059,298,0.2313,0.0157
1790214078110,299,0.2947,0.0195
1790214078160,300,1.3107,1.0451
1790214078210,301,0.2729,0.0190
1790214078260,302,0.1787,0.0124
1790214078309,303,0.1664,0.0129
1790214078359,304,0.1734,0.0147
1790214078409,305,0.2177,0.0180
1790214078461,306,0.2299,0.0170
1790214078510,307,0.2587,0.0214
1790214078560,308,0.2314,0.0196
1790214078610,309,0.1700,0.0141
1790214078660,310,1.1916,1.0244
1790214078710,311,0.1470,0.0112
1790214078759,312,0.2791,0.0214
1790214078809,313,0.5784,0.0199
1790214078859,314,0.4079,0.0208
1790214078910,315,0.3040,0.0200
1790214078959,316,0.2600,0.0199
1790214079010,317,0.2697,0.0207
1790214079059,318,0.2581,0.0188
1790214079109,319,0.2708,0.0190
1790214079161,320,1.2598,0.9981
1790214079209,321,0.2043,0.0166
1790214079259,322,0.2148,0.0144
1790214079310,323,0.2037,0.0174
1790214079359,324,0.1641,0.0139
1790214079410,325,0.1967,0.0151
1790214079459,326,0.2094,0.0164
1790214079509,327,0.1762,0.0138
1790214079559,328,0.2945,0.0181
1790214079609,329,0.1593,0.0130
1790214079660,330,1.1628,1.0009
1790214079709,331,0.1614,0.0120
1790214079760,332,0.2568,0.0192
1790214079810,333,0.2552,0.0211
1790214079860,334,0.2455,0.0202
1790214079909,335,0.2568,0.0163
1790214079960,336,0.2310,0.0190
1790214080009,337,0.8947,0.7115
1790214080059,338,0.3596,0.8345
1790214080110,339,0.3033,0.9039
1790214080161,340,1.4600,1.9643
1790214080209,341,0.3022,0.8119
1790214080259,342,0.3106,0.7622
1790214080310,343,0.3589,0.9101
1790214080359,344,0.2334,0.9100
1790214080410,345,0.3338,0.8373
1790214080459,346,0.3734,5.9668
1790214080509,347,0.2967,0.8009
1790214080560,348,0.2962,0.8654
1790214080609,349,0.2783,0.7500
1790214080660,350,1.5821,2.0773
1790214080709,351,0.4520,0.9091
1790214080760,352,0.4167,1.0321
1790214080809,353,0.2510,1.1224
1790214080859,354,0.2445,0.0197
1790214080909,355,0.2466,0.0188
1790214080960,356,0.2903,0.0226
1790214081009,357,0.2846,0.0196
1790214081059,358,0.2406,0.0196
1790214081110,359,0.2608,0.0208
1790214081160,360,1.1926,0.9483
1790214081209,361,0.2226,0.0181
1790214081259,362,0.2138,0.0119
1790214081309,363,0.2096,0.0166
1790214081359,364,0.1715,0.0132
1790214081409,365,0.1755,0.0128
1790214081459,366,0.1530,0.0111
1790214081510,367,0.1907,0.0148
1790214081559,368,0.2072,0.0137
1790214081610,369,0.2290,0.0234
1790214081660,370,1.2599,1.0425
1790214081710,371,0.2055,0.0156
1790214081759,372,0.2520,0.0180
1790214081809,373,0.2379,0.0191
1790214081859,374,0.2389,0.0186
1790214081910,375,0.2178,0.0158
1790214081960,376,0.1703,0.0117
1790214082010,377,0.2748,0.0472
1790214082059,378,0.2537,0.0424
1790214082110,379,0.2489,0.0426
1790214082160,380,1.2676,1.0421
1790214082210,381,0.1732,0.0275
1790214082259,382,0.1742,0.0317
1790214082310,383,0.2392,0.0378
1790214082359,384,0.3260,0.0371
1790214082410,385,0.4173,0.0413
1790214082459,386,0.3248,0.0386
1790214082510,387,0.2266,0.0419
1790214082559,388,0.1909,0.0314
1790214082610,389,0.2650,0.0427
1790214082660,390,1.1505,0.9455
1790214082709,391,0.2090,0.0253
1790214082759,392,0.2498,0.0226
1790214082810,393,0.2793,0.0256
1790214082859,394,0.1887,0.0168
1790214082909,395,0.2180,0.0230
1790214082960,396,0.1652,0.0192
1790214083010,397,0.2227,0.0202
1790214083060,398,0.2155,0.0211
1790214083110,399,0.2088,0.0180
1790214083160,400,1.2280,0.9909
1790214083210,401,0.1946,0.0138
1790214083259,402,0.1919,0.0107
1790214083310,403,0.1256,0.0093
1790214083359,404,0.1138,0.0085
1790214083410,405,0.2069,0.0182
1790214083459,406,0.2318,0.0225
1790214083510,407,0.2389,0.0237
1790214083560,408,0.2193,0.0208
1790214083610,409,0.2192,0.0208
1790214083661,410,1.1511,0.9820
1790214083710,411,0.1743,0.0130
1790214083759,412,0.2326,0.0203
1790214083810,413,0.3874,0.0193
1790214083859,414,0.2098,0.0205
1790214083910,415,0.2052,0.0183
1790214083959,416,0.1670,0.0152
1790214084010,417,0.2190,0.0161
1790214084060,418,0.2000,0.0178
1790214084109,419,0.1946,0.0177
1790214084161,420,1.1596,0.9549
1790214084209,421,0.1741,0.0157
1790214084259,422,0.1648,0.0122
1790214084310,423,0.1709,0.0166
1790214084359,424,0.1500,0.0131
1790214084410,425,0.1583,0.0128
1790214084459,426,0.1563,0.0132
1790214084509,427,0.1555,0.0132
1790214084559,428,0.1463,0.0117
1790214084609,429,0.1836,0.0172
1790214084661,430,1.1816,0.9985
1790214084709,431,0.1858,0.0170
1790214084759,432,0.2348,0.0202
1790214084809,433,0.2143,0.0201
1790214084860,434,0.2581,0.0204
1790214084909,435,0.1950,0.0172
1790214084960,436,0.1705,0.0149
1790214085010,437,0.8773,0.7158
1790214085059,438,0.3156,6.5319
1790214085109,439,0.2932,3.1219
1790214085161,440,2.0287,4.1962
1790214085209,441,0.2579,1.9283
1790214085259,442,0.2666,1.5957
1790214085310,443,0.2507,1.5930
1790214085359,444,0.2458,1.6765
1790214085410,445,0.2547,1.5837
1790214085459,446,0.3023,1.5025
1790214085510,447,0.2925,1.5913
1790214085559,448,0.2524,1.5076
1790214085610,449,0.5130,7.4464
1790214085662,450,2.4922,3.6837
1790214085710,451,0.2758,1.5485
1790214085759,452,0.3279,1.5420
1790214085810,453,0.2142,0.9264
1790214085859,454,0.2022,0.0179
1790214085909,455,0.1871,0.0160
1790214085959,456,0.2084,0.0193
1790214086010,457,0.1721,0.0153
1790214086060,458,0.1615,0.0144
1790214086110,459,0.1819,0.0164
1790214086161,460,1.5437,1.3607
1790214086209,461,0.1915,0.0157
1790214086259,462,0.2324,0.0181
1790214086309,463,0.1987,0.0183
1790214086360,464,0.1780,0.0164
1790214086409,465,0.1974,0.0165
1790214086459,466,0.2216,0.0199
1790214086509,467,0.2177,0.0198
1790214086560,468,0.1957,0.0187
1790214086610,469,0.2110,0.0196
1790214086661,470,1.9096,1.6362
1790214086709,471,0.2021,0.0165
1790214086759,472,0.2528,0.0219
1790214086810,473,0.2229,0.0220
1790214086859,474,0.2197,0.0201
1790214086909,475,0.2426,0.0219
1790214086959,476,0.2184,0.0206
1790214087009,477,0.2469,0.0414
1790214087060,478,0.2473,0.0369
1790214087109,479,0.2314,0.0323
1790214087161,480,1.6325,1.4079
1790214087209,481,0.2895,0.0330
1790214087259,482,0.2468,0.0311
1790214087309,483,0.2381,0.0313
1790214087359,484,0.2350,0.0333
1790214087409,485,0.2372,0.0326
1790214087459,486,0.2298,0.0315
1790214087509,487,0.2509,0.0338
1790214087560,488,0.2072,0.0286
1790214087609,489,0.2270,0.0312
1790214087660,490,1.5598,1.3503
1790214087709,491,0.2232,0.0290
1790214087760,492,0.2376,0.0235
1790214087809,493,0.2160,0.0212
1790214087859,494,0.2107,0.0204
1790214087910,495,0.2171,0.0189
1790214087959,496,0.2171,0.0200
1790214088010,497,0.2251,0.0218
1790214088059,498,0.2093,0.0206
1790214088110,499,0.2180,0.0213
1790214088160,500,1.4823,1.2583
1790214088209,501,0.2118,0.0197
1790214088259,502,0.2482,0.0207
1790214088309,503,0.2152,0.0198
1790214088359,504,0.2168,0.0189
1790214088410,505,0.2235,0.0207
1790214088459,506,0.2176,0.0204
1790214088509,507,0.2226,0.0219
1790214088559,508,0.2143,0.0224
1790214088609,509,0.2178,0.0213
1790214088660,510,1.4811,1.2705
1790214088709,511,0.2291,0.0215
1790214088759,512,0.3380,0.0390
1790214088809,513,0.3226,0.0716
1790214088859,514,0.4063,0.0107
1790214088910,515,0.2139,0.0117
1790214088959,516,0.2030,0.0119
1790214089009,517,0.2186,0.0139
1790214089060,518,0.2006,0.0117
1790214089110,519,0.1977,0.0115
1790214089160,520,1.4952,1.2743
1790214089210,521,0.2496,0.0130
1790214089259,522,0.2244,0.0116
1790214089309,523,0.2015,0.0117
1790214089360,524,0.1962,0.0117
1790214089409,525,0.2220,0.0116
1790214089459,526,0.1991,0.0113
1790214089510,527,0.2390,0.0118
1790214089559,528,0.2204,0.0115
1790214089610,529,0.2037,0.0111
1790214089660,530,1.5245,1.3151
1790214089709,531,0.1970,0.0116
1790214089760,532,0.2193,0.0114
1790214089809,533,0.2012,0.0116
1790214089859,534,0.1946,0.0113
1790214089909,535,0.2048,0.0114
1790214089960,536,0.2003,0.0115
1790214090009,537,0.1997,0.0118
1790214090060,538,0.2364,0.0122
1790214090110,539,0.2533,0.0118
1790214090160,540,1.2890,1.0478
1790214090209,541,0.1855,0.0104
1790214090260,542,0.2221,0.0116
1790214090310,543,0.2025,0.0114
1790214090360,544,0.2067,0.0114
1790214090409,545,0.2105,0.0118
1790214090460,546,0.2108,0.0113
1790214090509,547,0.2019,0.0117
1790214090560,548,0.2003,0.0116
1790214090610,549,0.1968,0.0115
1790214090659,550,0.5144,0.3165
1790214090710,551,0.2204,0.0120
1790214090759,552,0.2212,0.0125
1790214090810,553,0.2030,0.0112
1790214090860,554,0.2013,0.0116
1790214090909,555,0.2220,0.0119
1790214090959,556,0.1982,0.0116
1790214091010,557,0.1957,0.0111
1790214091059,558,0.2417,0.0117
1790214091109,559,0.1965,0.0115
1790214091159,560,0.2450,0.0128
1790214091209,561,0.1945,0.0112
1790214091259,562,0.1954,0.0113
1790214091309,563,0.1992,0.0114
1790214091359,564,0.2660,0.0118
1790214091410,565,0.2104,0.0110
1790214091459,566,0.2340,0.0120
1790214091509,567,0.2407,0.0114
1790214091560,568,0.2035,0.0126
1790214091609,569,0.1958,0.0115
1790214091660,570,0.2484,0.0111
1790214091710,571,0.2034,0.0111
1790214091759,572,0.2049,0.0116
1790214091810,573,0.1978,0.0119
1790214091859,574,0.1969,0.0107
1790214091910,575,0.2581,0.0136
1790214091959,576,0.2061,0.0118
1790214092010,577,0.1994,0.0115
1790214092059,578,0.1948,0.0109
1790214092109,579,0.2018,0.0115
1790214092159,580,0.2385,0.0118
1790214092210,581,0.2083,0.0112
1790214092259,582,0.2007,0.0115
1790214092310,583,0.1983,0.0119
1790214092359,584,0.2135,0.0124
1790214092409,585,0.2063,0.0114
1790214092459,586,0.2055,0.0109
1790214092510,587,0.1956,0.0112
1790214092559,588,0.2051,0.0111
1790214092610,589,0.2269,0.0112
1790214092659,590,0.2137,0.0116
1790214092710,591,0.2158,0.0128
1790214092760,592,0.1961,0.0115
1790214092810,593,0.2004,0.0117
1790214092859,594,0.2007,0.0115
1790214092910,595,0.2102,0.0113
1790214092959,596,0.1947,0.0118
1790214093010,597,0.2032,0.0116
1790214093060,598,0.2273,0.0113
1790214093110,599,0.3907,0.0123
1790214093160,600,0.2232,0.0111
1790214093212,601,2.1762,0.0106
1790214093259,602,0.1963,0.0113
1790214093309,603,0.1962,0.0109
1790214093359,604,0.2080,0.0119
1790214093409,605,0.2192,0.0120
1790214093459,606,0.1947,0.0112
1790214093509,607,0.1973,0.0115
1790214093560,608,0.1892,0.0113
1790214093609,609,0.2078,0.0114
1790214093660,610,0.2305,0.0115
1790214093709,611,0.1991,0.0119
1790214093759,612,0.2018,0.0110
1790214093809,613,0.1994,0.0119
1790214093859,614,0.1911,0.0107
1790214093909,615,0.3352,0.0109
1790214093960,616,0.2541,0.0114
1790214094009,617,0.2000,0.0119
1790214094059,618,0.1950,0.0107
1790214094109,619,0.2006,0.0120
1790214094159,620,0.2441,0.0127
1790214094209,621,0.2001,0.0115
1790214094259,622,0.1972,0.0112
1790214094310,623,0.2021,0.0112
1790214094359,624,0.1885,0.0114
1790214094409,625,0.1949,0.0112
1790214094459,626,0.1987,0.0109
1790214094509,627,0.2613,0.0137
1790214094559,628,0.2306,0.0117
1790214094610,629,0.2462,0.0122
1790214094660,630,0.2268,0.0110
1790214094709,631,0.2031,0.0119
1790214094759,632,0.2477,0.0136
1790214094809,633,0.3173,0.0122
1790214094859,634,0.2010,0.0112
1790214094909,635,0.2035,0.0112
1790214094959,636,0.1908,0.0108
1790214095010,637,0.1905,0.0109
1790214095059,638,0.1917,0.0110
1790214095109,639,0.3500,0.0137
1790214095160,640,0.2438,0.0112
1790214095209,641,0.2688,0.0113
1790214095259,642,0.2033,0.0119
1790214095310,643,0.1911,0.0110
1790214095360,644,0.1848,0.0112
1790214095409,645,0.2409,0.0121
1790214095459,646,0.1966,0.0114
1790214095509,647,0.1919,0.0118
1790214095560,648,0.1867,0.0116
1790214095610,649,0.1829,0.0115
1790214095659,650,0.2532,0.0120
1790214095709,651,0.2216,0.0123
1790214095759,652,0.3341,0.1522
1790214095809,653,0.2606,0.0402
1790214095859,654,0.2078,0.0334
1790214095909,655,0.1987,0.0122
1790214095960,656,0.1892,0.0135
1790214096009,657,0.1880,0.0139
1790214096059,658,0.1860,0.0132
1790214096109,659,0.1943,0.0144
1790214096160,660,0.2977,0.0153
1790214096209,661,0.1901,0.0137
1790214096259,662,0.2002,0.0145
1790214096309,663,0.1894,0.0144
1790214096360,664,0.1956,0.0139
1790214096409,665,0.2020,0.0133
1790214096459,666,0.2021,0.0146
1790214096509,667,0.1987,0.0144
1790214096560,668,0.1921,0.0135
1790214096610,669,0.1867,0.0145
1790214096659,670,0.1958,0.0123
1790214096710,671,0.1878,0.0131
1790214096759,672,0.1937,0.0126
1790214096809,673,0.1884,0.0141
1790214096861,674,0.2104,0.0135
1790214096910,675,0.2007,0.0130
1790214096960,676,0.2008,0.0152
1790214097010,677,0.1940,0.0143
1790214097059,678,0.1757,0.0133
1790214097110,679,0.1904,0.0141
1790214097159,680,0.2309,0.0132
1790214097210,681,0.2037,0.0151
1790214097259,682,0.1981,0.0140
1790214097310,683,0.1871,0.0140
1790214097359,684,0.1871,0.0138
1790214097409,685,0.1970,0.0128
1790214097460,686,0.2026,0.0174
1790214097509,687,0.1892,0.0138
1790214097560,688,0.1893,0.0138
1790214097609,689,0.1877,0.0144
1790214097659,690,0.2009,0.0128
1790214097710,691,0.1886,0.0141
1790214097759,692,0.1951,0.0138
1790214097810,693,0.1946,0.0130
1790214097859,694,0.1894,0.0139
1790214097909,695,0.2008,0.0133
1790214097959,696,0.1880,0.0138
1790214098010,697,0.1918,0.0145
1790214098059,698,0.1959,0.0145
1790214098109,699,0.1859,0.0141
1790214098160,700,0.2133,0.0133
1790214098209,701,0.2321,0.0142
1790214098259,702,0.1908,0.0137
1790214098309,703,0.1839,0.0136
1790214098360,704,0.1948,0.0144
1790214098409,705,0.2088,0.0131
1790214098459,706,0.2005,0.0150
1790214098510,707,0.2193,0.0152
1790214098560,708,0.1885,0.0143
1790214098609,709,0.2072,0.0149
1790214098659,710,0.2049,0.0129
1790214098709,711,0.1908,0.0147
1790214098759,712,0.2018,0.0149
1790214098809,713,0.1948,0.0140
1790214098860,714,0.2412,0.0130
1790214098910,715,0.3345,0.0124
1790214098960,716,0.1923,0.0136
1790214099010,717,0.2012,0.0147
1790214099059,718,0.1882,0.0144
1790214099110,719,0.1908,0.0144
1790214099160,720,0.2294,0.0135
1790214099210,721,0.1900,0.0133
1790214099259,722,0.1910,0.0144
1790214099309,723,0.2009,0.0152
1790214099359,724,0.1980,0.0139
1790214099409,725,0.2028,0.0133
1790214099460,726,0.2000,0.0137
1790214099510,727,0.1912,0.0143
1790214099560,728,0.1865,0.0139
1790214099610,729,0.2219,0.0146
1790214099659,730,0.2005,0.0128
1790214099710,731,0.1910,0.0143
1790214099759,732,0.2456,0.0167
1790214099809,733,0.2062,0.0147
1790214099859,734,0.1880,0.0139
1790214099910,735,0.2086,0.0134
1790214099959,736,0.1933,0.0145
1790214100009,737,0.1964,0.0146
1790214100059,738,0.1942,0.0143
1790214100110,739,0.2134,0.0148
1790214100159,740,0.2168,0.0129
1790214100210,741,0.1848,0.0138
1790214100259,742,0.1877,0.0138
1790214100310,743,0.1973,0.0144
1790214100360,744,0.1982,0.0137
1790214100409,745,0.2002,0.0131
1790214100459,746,0.2062,0.0149
1790214100510,747,0.2031,0.0148
1790214100559,748,0.1919,0.0140
1790214100610,749,0.1858,0.0143
1790214100660,750,0.1988,0.0126
1790214100709,751,0.1872,0.0138
1790214100759,752,0.1930,0.0145
1790214100810,753,0.2048,0.0145
1790214100859,754,0.1946,0.0137
1790214100910,755,0.2122,0.0136
1790214100960,756,0.2033,0.0133
1790214101010,757,0.1950,0.0140
1790214101060,758,0.2038,0.0147
1790214101110,759,0.2723,0.0177
1790214101160,760,0.2338,0.0131
1790214101210,761,0.1894,0.0144
1790214101260,762,0.1919,0.0137
1790214101310,763,0.1847,0.0129
1790214101360,764,0.1881,0.0146
1790214101409,765,0.1990,0.0136
1790214101460,766,0.2161,0.0355
1790214101510,767,0.2200,0.0359
1790214101560,768,0.2342,0.0356
1790214101610,769,0.2074,0.0145
1790214101659,770,0.1990,0.0127
1790214101710,771,0.2193,0.0144
1790214101759,772,0.1977,0.0147
1790214101810,773,0.2074,0.0150
1790214101859,774,0.1929,0.0142
1790214101909,775,0.2006,0.0134
1790214101959,776,0.2122,0.0304
1790214102010,777,0.2266,0.0195
1790214102060,778,0.2432,0.0472
1790214102109,779,0.1902,0.0115
1790214102159,780,0.2181,0.0112
1790214102210,781,0.1867,0.0116
1790214102259,782,0.1934,0.0118
1790214102310,783,0.2746,0.0140
1790214102359,784,0.1869,0.0116
1790214102409,785,0.1882,0.0107
1790214102459,786,0.1852,0.0117
1790214102510,787,0.1859,0.0114
1790214102560,788,0.1878,0.0113
1790214102610,789,0.2020,0.0115
1790214102659,790,0.1940,0.0109
1790214102710,791,0.1798,0.0113
1790214102759,792,0.1954,0.0132
1790214102810,793,0.1905,0.0117
1790214102859,794,0.1969,0.0118
1790214102909,795,0.1957,0.0115
1790214102959,796,0.1867,0.0112
1790214103010,797,0.1881,0.0116
1790214103059,798,0.2001,0.0122
1790214103109,799,0.1962,0.0124
1790214103159,800,0.2127,0.0112
1790214103210,801,0.2224,0.0119
1790214103259,802,0.1964,0.0115
1790214103310,803,0.1918,0.0119
1790214103359,804,0.1911,0.0111
1790214103410,805,0.2010,0.0117
1790214103459,806,0.1884,0.0118
1790214103510,807,0.1857,0.0116
1790214103559,808,0.1808,0.0108
1790214103610,809,0.1909,0.0116
1790214103659,810,0.1980,0.0108
1790214103709,811,0.2011,0.0112
1790214103759,812,0.2507,0.0120
1790214103809,813,0.1899,0.0120
1790214103860,814,0.1879,0.0116
1790214103909,815,0.1971,0.0112
1790214103960,816,0.3304,0.0113
1790214104010,817,0.1853,0.0117
1790214104059,818,0.1948,0.0122
1790214104110,819,0.1945,0.0116
1790214104159,820,0.2149,0.0115
1790214104210,821,0.1899,0.0117
1790214104259,822,0.2129,0.0116
1790214104310,823,0.2301,0.0116
1790214104359,824,0.1851,0.0115
1790214104410,825,0.2037,0.0111
1790214104459,826,0.1971,0.0124
1790214104509,827,0.1928,0.0120
1790214104560,828,0.1874,0.0113
1790214104609,829,0.1963,0.0112
1790214104659,830,0.1987,0.0105
1790214104709,831,0.3930,0.0117
1790214104759,832,0.2335,0.0121
1790214104810,833,0.1879,0.0116
1790214104859,834,0.1918,0.0119
1790214104909,835,0.2254,0.0117
1790214104960,836,0.1881,0.0111
1790214105009,837,0.1921,0.0116
1790214105059,838,0.1972,0.0117
1790214105110,839,0.1905,0.0120
1790214105159,840,0.2199,0.0118
1790214105210,841,0.1947,0.0116
1790214105259,842,0.1940,0.0120
1790214105310,843,0.1960,0.0122
1790214105360,844,0.1929,0.0116
1790214105410,845,0.1923,0.0112
1790214105459,846,0.1931,0.0119
1790214105509,847,0.2110,0.0118
1790214105559,848,0.1868,0.0117
1790214105609,849,0.1863,0.0115
1790214105660,850,0.2017,0.0116
1790214105710,851,0.1999,0.0119
1790214105759,852,0.1906,0.0115
1790214105810,853,0.1877,0.0108
1790214105861,854,0.1941,0.0116
1790214105910,855,0.1990,0.0116
1790214105960,856,0.1968,0.0133
1790214106010,857,0.1971,0.0117
1790214106059,858,0.1855,0.0116
1790214106109,859,0.2306,0.0118
1790214106160,860,0.2410,0.0128
1790214106210,861,0.2091,0.0121
1790214106259,862,0.1926,0.0117
1790214106310,863,0.1918,0.0119
1790214106359,864,0.1919,0.0117
1790214106410,865,0.1969,0.0112
1790214106459,866,0.1893,0.0115
1790214106510,867,0.1854,0.0117
1790214106559,868,0.1820,0.0112
1790214106610,869,0.1826,0.0116
1790214106659,870,0.1993,0.0112
1790214106709,871,0.2134,0.0118
1790214106759,872,0.2018,0.0117
1790214106810,873,0.1887,0.0118
1790214106859,874,0.1869,0.0118
1790214106909,875,0.2031,0.0115
1790214106959,876,0.1863,0.0116
1790214107010,877,0.1919,0.0117
1790214107059,878,0.1847,0.0116
1790214107110,879,0.1884,0.0115
1790214107159,880,0.2205,0.0116
1790214107209,881,0.1789,0.0111
1790214107260,882,0.1889,0.0109
1790214107309,883,0.1904,0.0111
1790214107359,884,0.1870,0.0110
1790214107409,885,0.1890,0.0114
1790214107461,886,0.1979,0.0118
1790214107510,887,0.1984,0.0121
1790214107559,888,0.2249,0.0116
1790214107609,889,0.2272,0.0117
1790214107659,890,0.1922,0.0110
1790214107709,891,0.1856,0.0110
1790214107759,892,0.2008,0.0121
1790214107809,893,0.1912,0.0114
1790214107860,894,0.1942,0.0116
1790214107909,895,0.2010,0.0108
1790214107959,896,0.2224,0.0115
1790214108010,897,0.2374,0.0120
1790214108059,898,0.1882,0.0109
1790214108109,899,0.1918,0.0110
1790214108160,900,0.2178,0.0115
1790214108209,901,0.1910,0.0114
1790214108259,902,0.1988,0.0117
1790214108309,903,0.2056,0.0119
1790214108360,904,0.1889,0.0115
1790214108409,905,0.1935,0.0104
1790214108459,906,0.1906,0.0117
1790214108510,907,0.2096,0.0118
1790214108559,908,0.2087,0.0118
1790214108609,909,0.4995,0.0122
1790214108660,910,0.2031,0.0109
1790214108709,911,0.1903,0.0116
1790214108760,912,0.2028,0.0126
1790214108809,913,0.1976,0.0118
1790214108859,914,0.1856,0.0114
1790214108909,915,0.2091,0.0120
1790214108960,916,0.1874,0.0117
1790214109009,917,0.3362,0.0123
1790214109060,918,0.2114,0.0122
1790214109110,919,0.2223,0.0115
1790214109159,920,0.2143,0.0117
1790214109210,921,0.1866,0.0116
1790214109259,922,0.1887,0.0110
1790214109309,923,0.1898,0.0119
1790214109359,924,0.1924,0.0108
1790214109409,925,0.1865,0.0111
1790214109459,926,0.1914,0.0117
1790214109510,927,0.1885,0.0107
1790214109560,928,0.1829,0.0114
1790214109610,929,0.2484,0.0106
1790214109659,930,0.1852,0.0107
1790214109709,931,0.1836,0.0113
1790214109760,932,0.1910,0.0115
1790214109810,933,0.2500,0.0117
1790214109859,934,0.1854,0.0116
1790214109909,935,0.1938,0.0110
1790214109959,936,0.1956,0.0116
1790214110009,937,0.1872,0.0111
1790214110060,938,0.1969,0.0119
1790214110109,939,0.2009,0.0111
1790214110159,940,0.2278,0.0115
1790214110210,941,0.1846,0.0116
1790214110260,942,0.1965,0.0116
1790214110310,943,0.1884,0.0108
1790214110359,944,0.1891,0.0112
1790214110409,945,0.1996,0.0114
1790214110460,946,0.1888,0.0115
1790214110510,947,0.1844,0.0110
1790214110560,948,0.1827,0.0113
1790214110610,949,0.1852,0.0114
1790214110659,950,0.2017,0.0111
1790214110710,951,0.1785,0.0104
1790214110760,952,0.1867,0.0115
1790214110810,953,0.1851,0.0115
1790214110859,954,0.1963,0.0116
1790214110910,955,0.1970,0.0115
1790214110959,956,0.2027,0.0116
1790214111010,957,0.1936,0.0119
1790214111059,958,0.1903,0.0115
1790214111110,959,0.1834,0.0111
1790214111159,960,0.2525,0.0116
1790214111210,961,0.1904,0.0120
1790214111260,962,0.2335,0.0119
1790214111309,963,0.1946,0.0111
1790214111359,964,0.2064,0.0149
1790214111410,965,0.1908,0.0109
1790214111459,966,0.1894,0.0112
1790214111510,967,0.1855,0.0113
1790214111559,968,0.1826,0.0108
1790214111610,969,0.1906,0.0116
1790214111659,970,0.2059,0.0109
1790214111709,971,0.1871,0.0107
1790214111760,972,0.1888,0.0113
1790214111809,973,0.2171,0.0118
1790214111859,974,0.1970,0.0121
1790214111910,975,0.1971,0.0114
1790214111960,976,0.2554,0.0143
1790214112010,977,0.1900,0.0116
1790214112060,978,0.1907,0.0116
1790214112109,979,0.1888,0.0109
1790214112161,980,0.2158,0.0114
1790214112210,981,0.1828,0.0140
1790214112260,982,0.1867,0.0112
1790214112309,983,0.1848,0.0110
1790214112359,984,0.1852,0.0114
1790214112410,985,0.1975,0.0107
1790214112459,986,0.1882,0.0124
1790214112509,987,0.1905,0.0110
1790214112560,988,0.1952,0.0119
1790214112610,989,0.2004,0.0108
1790214112659,990,0.2015,0.0117
1790214112710,991,0.1838,0.0105
1790214112759,992,0.2053,0.0116
1790214112809,993,0.2221,0.0110
1790214112860,994,0.2009,0.0122
1790214112909,995,0.1993,0.0115
1790214112960,996,0.1936,0.0125
1790214113010,997,0.1859,0.0114
1790214113059,998,0.1854,0.0115
1790214113109,999,0.1862,0.0114
1790214113160,1000,0.2159,0.0119
1790214113210,1001,0.1987,0.0110
1790214113259,1002,0.1895,0.0109
1790214113310,1003,0.2360,0.0124
1790214113359,1004,0.1859,0.0115
1790214113410,1005,0.2003,0.0119
1790214113459,1006,0.1908,0.0113
1790214113510,1007,0.1996,0.0109
1790214113559,1008,0.1907,0.0114
1790214113609,1009,0.1817,0.0111
1790214113660,1010,0.2146,0.0116
1790214113710,1011,0.1802,0.0108
1790214113759,1012,0.2212,0.0124
1790214113809,1013,0.2055,0.0109
1790214113859,1014,0.1870,0.0110
1790214113909,1015,0.1966,0.0117
1790214113959,1016,0.1756,0.0108
1790214114009,1017,0.1942,0.0121
1790214114060,1018,0.3905,0.0110
1790214114109,1019,0.1859,0.0112
1790214114160,1020,0.2195,0.0115
1790214114210,1021,0.1808,0.0109
1790214114259,1022,0.1759,0.0105
1790214114310,1023,0.1848,0.0109
1790214114359,1024,0.1823,0.0109
1790214114409,1025,0.2201,0.0361
1790214114460,1026,0.2125,0.0385
1790214114509,1027,0.2078,0.0271
1790214114559,1028,0.1800,0.0097
1790214114609,1029,0.1751,0.0089
1790214114659,1030,0.1935,0.0096
1790214114710,1031,0.2196,0.0131
1790214114760,1032,0.1911,0.0109
1790214114809,1033,0.1967,0.0115
1790214114860,1034,0.2000,0.0112
1790214114909,1035,0.1976,0.0098
1790214114959,1036,0.1839,0.0092
1790214115009,1037,0.1959,0.0098
1790214115060,1038,0.1828,0.0099
1790214115109,1039,0.2019,0.0105
1790214115159,1040,0.2124,0.0098
1790214115209,1041,0.1951,0.0097
1790214115260,1042,0.1827,0.0102
1790214115309,1043,0.2057,0.0105
1790214115360,1044,0.1895,0.0096
1790214115409,1045,0.1953,0.0099
1790214115460,1046,0.1717,0.0089
1790214115509,1047,0.1828,0.0094
1790214115559,1048,0.1854,0.0091
1790214115609,1049,0.1952,0.0087
1790214115660,1050,0.1822,0.0080
1790214115710,1051,0.1693,0.0087
1790214115759,1052,0.1934,0.0100
1790214115809,1053,0.1868,0.0093
1790214115860,1054,0.1908,0.0097
1790214115909,1055,0.2000,0.0099
1790214115959,1056,0.1942,0.0103
1790214116009,1057,0.1917,0.0109
1790214116059,1058,0.1869,0.0099
1790214116109,1059,0.1869,0.0098
1790214116159,1060,0.2324,0.0100
1790214116210,1061,0.1977,0.0112
1790214116259,1062,0.1935,0.0095
1790214116310,1063,0.1889,0.0093
1790214116360,1064,0.1829,0.0100
1790214116409,1065,0.2024,0.0094
1790214116460,1066,0.1957,0.0102
1790214116509,1067,0.2447,0.0097
1790214116560,1068,0.2050,0.0085
1790214116609,1069,0.1392,0.0067
1790214116660,1070,0.1423,0.0073
1790214116709,1071,0.1256,0.0070
1790214116760,1072,0.1620,0.0096
1790214116810,1073,0.1856,0.0096
1790214116859,1074,0.1740,0.0092
1790214116910,1075,0.1850,0.0099
1790214116959,1076,0.1570,0.0081
1790214117010,1077,0.1809,0.0095
1790214117060,1078,0.1730,0.0095
1790214117109,1079,0.1657,0.0088
1790214117160,1080,0.1937,0.0094
1790214117209,1081,0.1576,0.0081
1790214117259,1082,0.1841,0.0094
1790214117309,1083,0.1848,0.0099
1790214117359,1084,0.1835,0.0104
1790214117409,1085,0.1918,0.0101
1790214117459,1086,0.2065,0.0098
1790214117510,1087,0.2051,0.0116
1790214117559,1088,0.5242,0.0116
1790214117610,1089,0.2158,0.0098
1790214117660,1090,0.2721,0.0222
1790214117709,1091,0.1467,0.0070
1790214117759,1092,0.1649,0.0077
1790214117809,1093,0.1791,0.0092
1790214117859,1094,0.1692,0.0102
1790214117909,1095,0.1443,0.0074
1790214117959,1096,0.1500,0.0080
1790214118010,1097,0.1399,0.0075
1790214118059,1098,0.1777,0.0093
1790214118109,1099,0.1711,0.0096
1790214118159,1100,0.1750,0.0082
1790214118209,1101,0.1335,0.0073
1790214118260,1102,0.1160,0.0062
1790214118309,1103,0.1433,0.0071
1790214118360,1104,0.1772,0.0078
1790214118409,1105,0.1686,0.0081
1790214118459,1106,0.1496,0.0087
1790214118509,1107,0.1790,0.0088
1790214118559,1108,0.1572,0.0085
1790214118610,1109,0.1533,0.0080
1790214118660,1110,0.1722,0.0079
1790214118709,1111,0.1341,0.0069
1790214118759,1112,0.1629,0.0091
1790214118810,1113,0.1897,0.0105
1790214118859,1114,0.2277,0.0115
1790214118909,1115,0.1570,0.0082
1790214118959,1116,0.1534,0.0073
1790214119009,1117,0.1341,0.0067
1790214119059,1118,0.1984,0.0109
1790214119109,1119,0.3269,0.0099
1790214119160,1120,0.1927,0.0087
1790214119209,1121,0.1377,0.0065
1790214119259,1122,0.1227,0.0069
1790214119309,1123,0.1160,0.0070
1790214119360,1124,0.1341,0.0075
1790214119409,1125,0.1820,0.0094
1790214119459,1126,0.1798,0.0098
1790214119510,1127,0.1924,0.0108
1790214119559,1128,0.1791,0.0096
1790214119609,1129,0.1772,0.0101
1790214119659,1130,0.1821,0.0088
1790214119709,1131,0.1339,0.0076
1790214119760,1132,0.1584,0.0090
1790214119809,1133,0.1719,0.0093
1790214119859,1134,0.1841,0.0097
1790214119909,1135,0.1977,0.0150
1790214119960,1136,0.1774,0.0098
1790214120009,1137,0.2010,0.0105
1790214120059,1138,0.1965,0.0114
1790214120109,1139,0.1831,0.0103
1790214120159,1140,0.2061,0.0095
1790214120209,1141,0.1844,0.0106
1790214120259,1142,0.1774,0.0094
1790214120310,1143,0.1954,0.0100
1790214120360,1144,0.1811,0.0100
1790214120409,1145,0.1933,0.0104
1790214120459,1146,0.1802,0.0094
1790214120509,1147,0.1831,0.0103
1790214120559,1148,0.1791,0.0097
1790214120609,1149,0.1908,0.0107
1790214120660,1150,0.1926,0.0099
1790214120710,1151,0.1883,0.0094
1790214120760,1152,0.1940,0.0095
1790214120809,1153,0.1858,0.0098
1790214120859,1154,0.1853,0.0100
1790214120909,1155,0.1978,0.0099
1790214120959,1156,0.1818,0.0100
1790214121009,1157,0.1785,0.0096
1790214121059,1158,0.1885,0.0100
1790214121109,1159,0.1944,0.0102
1790214121160,1160,0.2179,0.0098
1790214121209,1161,0.1842,0.0103
1790214121260,1162,0.1879,0.0099
1790214121309,1163,0.1839,0.0099
1790214121359,1164,0.1740,0.0093
1790214121410,1165,0.2458,0.0096
1790214121459,1166,0.1854,0.0106
1790214121509,1167,0.1880,0.0105
1790214121560,1168,0.1787,0.0094
1790214121609,1169,0.1864,0.0102
1790214121659,1170,0.1886,0.0100
1790214121710,1171,0.2087,0.0110
1790214121759,1172,0.2195,0.0099
1790214121810,1173,0.1986,0.0102
1790214121859,1174,0.1943,0.0110
1790214121910,1175,0.1974,0.0103
1790214121959,1176,0.1857,0.0103
1790214122010,1177,0.1796,0.0100
1790214122059,1178,0.1823,0.0096
1790214122109,1179,0.1982,0.0101
1790214122160,1180,0.2117,0.0098
1790214122209,1181,0.1779,0.0099
1790214122261,1182,0.1722,0.0090
1790214122309,1183,0.1696,0.0098
1790214122359,1184,0.1753,0.0097
1790214122409,1185,0.2124,0.0093
1790214122460,1186,0.1800,0.0104
1790214122509,1187,0.1862,0.0103
1790214122560,1188,0.1737,0.0094
1790214122609,1189,0.1896,0.0094
1790214122659,1190,0.1851,0.0094
1790214122709,1191,0.2141,0.0111
1790214122759,1192,0.2093,0.0108
1790214122809,1193,0.2776,0.0126
1790214122859,1194,0.2055,0.0101
1790214122909,1195,0.2032,0.0096
1790214122959,1196,0.1918,0.0108
1790214123009,1197,0.1869,0.0096
1790214123060,1198,0.1806,0.0106
1790214123110,1199,0.1910,0.0101
1790214123159,1200,0.2101,0.0105
1790214123210,1201,0.1896,0.0105
1790214123259,1202,0.1977,0.0099
1790214123310,1203,0.1793,0.0103
1790214123359,1204,0.1756,0.0094
1790214123411,1205,0.1889,0.0095
1790214123459,1206,0.1791,0.0102
1790214123510,1207,0.2072,0.0102
1790214123559,1208,0.2335,0.0105
1790214123610,1209,0.1911,0.0102
1790214123659,1210,0.1944,0.0096
1790214123710,1211,0.1761,0.0102
1790214123760,1212,0.1803,0.0120
1790214123809,1213,0.1858,0.0099
1790214123859,1214,0.1872,0.0103
1790214123909,1215,0.1955,0.0105
1790214123960,1216,0.1770,0.0101
1790214124009,1217,0.1917,0.0100
1790214124059,1218,0.1845,0.0105
1790214124110,1219,0.3637,0.0104
1790214124160,1220,0.2440,0.0349
1790214124210,1221,0.2061,0.0391
1790214124260,1222,0.2010,0.0263
1790214124310,1223,0.1798,0.0079
1790214124359,1224,0.1774,0.0081
1790214124409,1225,0.2191,0.0079
1790214124459,1226,0.2039,0.0081
1790214124510,1227,0.2228,0.0079
1790214124559,1228,0.2150,0.0081
1790214124610,1229,0.1899,0.0081
1790214124659,1230,0.2122,0.0084
1790214124709,1231,0.1770,0.0077
1790214124760,1232,0.1908,0.0084
1790214124809,1233,0.2014,0.0085
1790214124859,1234,0.1779,0.0078
1790214124910,1235,0.2479,0.0090
1790214124960,1236,0.1710,0.0077
1790214125010,1237,0.1930,0.0084
1790214125060,1238,0.1767,0.0080
1790214125110,1239,0.1883,0.0080
1790214125159,1240,0.2104,0.0080
1790214125210,1241,0.1765,0.0078
1790214125259,1242,0.1729,0.0075
1790214125309,1243,0.1815,0.0079
1790214125359,1244,0.1944,0.0082
1790214125410,1245,0.1926,0.0085
1790214125459,1246,0.1951,0.0089
1790214125509,1247,0.1765,0.0078
1790214125559,1248,0.1767,0.0077
1790214125609,1249,0.2324,0.0095
1790214125659,1250,0.2173,0.0120
1790214125709,1251,0.1768,0.0077
1790214125760,1252,0.1811,0.0082
1790214125810,1253,0.1792,0.0080
1790214125859,1254,0.1831,0.0087
1790214125910,1255,0.1886,0.0079
1790214125959,1256,0.1790,0.0080
1790214126009,1257,0.1775,0.0079
1790214126059,1258,0.1759,0.0079
1790214126110,1259,0.1776,0.0079
1790214126159,1260,0.2162,0.0080
1790214126209,1261,0.1857,0.0085
1790214126259,1262,0.1779,0.0078
1790214126309,1263,0.1775,0.0079
1790214126360,1264,0.1787,0.0079
1790214126409,1265,0.1834,0.0079
1790214126460,1266,0.1993,0.0082
1790214126510,1267,0.2318,0.0099
1790214126559,1268,0.1775,0.0079
1790214126610,1269,0.1813,0.0079
1790214126660,1270,0.1983,0.0078
1790214126710,1271,0.1721,0.0077
1790214126759,1272,0.1768,0.0077
1790214126810,1273,0.1902,0.0088
1790214126859,1274,0.1766,0.0079
1790214126910,1275,0.1949,0.0078
1790214126960,1276,0.1737,0.0079
1790214127010,1277,0.1842,0.0085
1790214127059,1278,0.1756,0.0079
1790214127110,1279,0.1816,0.0079
1790214127159,1280,0.2484,0.0089
1790214127210,1281,0.1911,0.0087
1790214127259,1282,0.1781,0.0080
1790214127310,1283,0.1751,0.0078
1790214127360,1284,0.2374,0.0080
1790214127410,1285,0.2395,0.0080
1790214127460,1286,0.1766,0.0084
1790214127510,1287,0.1786,0.0079
1790214127559,1288,0.1791,0.0079
1790214127610,1289,0.1783,0.0078
1790214127660,1290,0.2312,0.0081
1790214127709,1291,0.1828,0.0082
1790214127759,1292,0.1915,0.0083
1790214127809,1293,0.1814,0.0081
1790214127859,1294,0.1783,0.0079
1790214127910,1295,0.1790,0.0077
1790214127960,1296,0.1747,0.0081
1790214128010,1297,0.1886,0.0080
1790214128059,1298,0.1771,0.0083
1790214128110,1299,0.1753,0.0078
1790214128159,1300,0.1977,0.0080
1790214128210,1301,0.1889,0.0090
1790214128259,1302,0.1879,0.0081
1790214128310,1303,0.1816,0.0078
1790214128359,1304,0.1727,0.0076
1790214128409,1305,0.1807,0.0079
1790214128459,1306,0.1793,0.0080
1790214128509,1307,0.2622,0.0080
1790214128559,1308,0.1754,0.0079
1790214128610,1309,0.1771,0.0081
1790214128661,1310,0.1814,0.0077
1790214128709,1311,0.1816,0.0081
1790214128760,1312,0.1755,0.0079
1790214128809,1313,0.2678,0.0084
1790214128859,1314,0.1813,0.0079
1790214128910,1315,0.1849,0.0080
1790214128959,1316,0.1793,0.0079
1790214129010,1317,0.1893,0.0081
1790214129059,1318,0.1872,0.0086
1790214129110,1319,0.3026,0.0078
1790214129159,1320,0.2057,0.0081
1790214129210,1321,0.2341,0.0088
1790214129259,1322,0.1807,0.0079
1790214129310,1323,0.1958,0.0083
1790214129360,1324,0.1805,0.0079
1790214129411,1325,0.2338,0.0092
1790214129459,1326,0.1798,0.0080
1790214129510,1327,0.1777,0.0078
1790214129559,1328,0.1769,0.0075
1790214129610,1329,0.1754,0.0079
1790214129659,1330,0.1909,0.0076
1790214129710,1331,0.1738,0.0079
1790214129760,1332,0.1803,0.0078
1790214129810,1333,0.1935,0.0085
1790214129860,1334,0.1844,0.0079
1790214129910,1335,0.1763,0.0079
1790214129959,1336,0.1898,0.0078
1790214130009,1337,0.1817,0.0085
1790214130059,1338,0.1828,0.0081
1790214130109,1339,0.1881,0.0088
1790214130159,1340,0.2015,0.0079
1790214130210,1341,0.1915,0.0082
1790214130260,1342,0.1802,0.0078
1790214130309,1343,0.1730,0.0080
1790214130359,1344,0.1840,0.0077
1790214130410,1345,0.1687,0.0077
1790214130459,1346,0.1760,0.0078
1790214130510,1347,0.2100,0.0078
1790214130560,1348,0.1804,0.0078
1790214130610,1349,0.2105,0.0085
1790214130660,1350,0.1905,0.0080
1790214130710,1351,0.1772,0.0077
1790214130760,1352,0.1761,0.0077
1790214130810,1353,0.1967,0.0088
1790214130859,1354,0.1762,0.0078
1790214130910,1355,0.1845,0.0084
1790214130959,1356,0.1821,0.0080
1790214131010,1357,0.1943,0.0084
1790214131059,1358,0.1779,0.0079
1790214131110,1359,0.2327,0.0078
1790214131159,1360,0.2033,0.0085
1790214131210,1361,0.1866,0.0090
1790214131259,1362,0.1844,0.0083
1790214131310,1363,0.1873,0.0086
1790214131359,1364,0.1768,0.0079
1790214131410,1365,0.1849,0.0078
1790214131459,1366,0.1933,0.0083
1790214131511,1367,0.1817,0.0083
1790214131560,1368,0.1806,0.0078
1790214131609,1369,0.1795,0.0082
1790214131659,1370,0.1996,0.0078
1790214131709,1371,0.1683,0.0075
1790214131760,1372,0.1824,0.0081
1790214131809,1373,0.1839,0.0081
1790214131860,1374,0.1880,0.0082
1790214131909,1375,0.1828,0.0078
1790214131959,1376,0.2075,0.0073
1790214132009,1377,0.1764,0.0079
1790214132060,1378,0.1766,0.0077
1790214132109,1379,0.1781,0.0080
1790214132159,1380,0.2027,0.0078
1790214132209,1381,0.1854,0.0077
1790214132259,1382,0.2419,0.0090
1790214132309,1383,0.1806,0.0080
1790214132359,1384,0.1762,0.0079
1790214132409,1385,0.1749,0.0077
1790214132459,1386,0.1790,0.0078
1790214132509,1387,0.1776,0.0081
1790214132559,1388,0.1721,0.0075
1790214132609,1389,0.2234,0.0086
1790214132659,1390,0.1904,0.0080
1790214132709,1391,0.1720,0.0077
1790214132759,1392,0.1785,0.0081
1790214132810,1393,0.1774,0.0078
1790214132859,1394,0.1788,0.0080
1790214132909,1395,0.1876,0.0078
1790214132960,1396,0.1722,0.0078
1790214133010,1397,0.1883,0.0086
1790214133059,1398,0.1925,0.0082
1790214133110,1399,0.1790,0.0077
1790214133159,1400,0.2085,0.0079
1790214133210,1401,0.1907,0.0093
1790214133259,1402,0.1770,0.0077
1790214133310,1403,0.1825,0.0080
1790214133359,1404,0.1924,0.0087
1790214133410,1405,0.2063,0.0089
1790214133460,1406,0.2017,0.0092
1790214133510,1407,0.2175,0.0082
1790214133616,1408,1.6761,0.0627
1790214133619,1409,2.4568,0.0436
1790214133662,1410,2.2267,0.0946
1790214133715,1411,1.6833,0.0416
1790214133760,1412,1.2054,0.1418
1790214133810,1413,1.4124,0.0623
1790214133859,1414,0.6251,0.0466
1790214133910,1415,0.4618,0.0298
1790214133959,1416,0.5385,0.0396
1790214134009,1417,0.6602,0.0279
1790214134060,1418,0.6194,0.0272
1790214134109,1419,0.5660,0.0362
1790214134160,1420,1.2024,0.0340
1790214134210,1421,0.5491,0.0319
1790214134259,1422,0.5617,0.0265
1790214134310,1423,0.4938,0.0367
1790214134360,1424,0.6079,0.0229
1790214134410,1425,0.7463,0.0253
1790214134459,1426,0.6036,0.0275
1790214134510,1427,0.7014,0.0226
1790214134559,1428,0.5795,0.0288
1790214134609,1429,0.6412,0.0247
1790214134660,1430,0.3990,0.0234
1790214134709,1431,0.3642,0.0288
1790214134759,1432,0.3831,0.0283
1790214134809,1433,0.3356,0.0401
1790214134860,1434,0.3602,0.0525
1790214134909,1435,0.3052,0.0223
1790214134959,1436,0.2960,0.0216
1790214135009,1437,0.3312,0.0204
1790214135059,1438,0.2415,0.0188
1790214135109,1439,0.3051,0.0198
1790214135160,1440,0.3321,0.0182
1790214135209,1441,0.3410,0.0187
1790214135259,1442,0.3606,0.0233
1790214135309,1443,0.3717,0.0189
1790214135359,1444,0.2779,0.0421
1790214135409,1445,0.2609,0.0371
1790214135459,1446,0.3013,0.0234
1790214135509,1447,0.3176,0.0249
1790214135560,1448,0.2730,0.0576
1790214135609,1449,0.3405,0.0242
1790214135660,1450,0.3898,0.0246
1790214135710,1451,0.3503,0.0208
1790214135760,1452,0.3607,0.0191
1790214135809,1453,0.2850,0.0192
1790214135859,1454,0.2730,0.0203
1790214135909,1455,0.2516,0.0216
1790214135960,1456,0.2411,0.0212
1790214136009,1457,0.2566,0.0193
1790214136059,1458,0.2888,0.0192
1790214136109,1459,0.2390,0.0270
1790214136159,1460,0.2796,0.0262
1790214136210,1461,0.2412,0.0240
1790214136259,1462,0.2943,0.0219
1790214136310,1463,0.2471,0.0188
1790214136359,1464,0.2327,0.0201
1790214136410,1465,0.2171,0.0182
1790214136459,1466,0.2128,0.0194
1790214136510,1467,0.2666,0.0295
1790214136559,1468,0.2623,0.0389
1790214136610,1469,0.2793,0.0276
1790214136659,1470,0.2505,0.0162
1790214136710,1471,0.2335,0.0233
1790214136759,1472,0.2613,0.0392
1790214136809,1473,0.2156,0.0174
1790214136859,1474,0.2412,0.0168
1790214136909,1475,0.2109,0.0155
1790214136959,1476,0.2606,0.0224
1790214137010,1477,0.2483,0.0178
1790214137060,1478,0.2036,0.0155
1790214137110,1479,0.2442,0.0174
1790214137159,1480,0.2765,0.0150
1790214137210,1481,0.1823,0.0145
1790214137260,1482,0.1725,0.0126
1790214137309,1483,0.2510,0.0168
1790214137360,1484,0.2049,0.0150
1790214137409,1485,0.2032,0.0139
1790214137459,1486,0.2034,0.0154
1790214137510,1487,0.2578,0.0175
1790214137559,1488,0.2794,0.0166
1790214137610,1489,0.2326,0.0168
1790214137659,1490,0.2453,0.0152
1790214137709,1491,0.2214,0.0144
1790214137760,1492,0.2124,0.0163
1790214137810,1493,0.2469,0.0175
1790214137859,1494,0.2352,0.0182
1790214137910,1495,0.2264,0.0170
1790214137960,1496,0.2061,0.0165
1790214138010,1497,0.2030,0.0161
1790214138059,1498,0.1993,0.0161
1790214138110,1499,0.2021,0.0170
1790214138159,1500,0.2585,0.0167
1790214138210,1501,0.2042,0.0163
1790214138259,1502,0.2022,0.0158
1790214138309,1503,0.2200,0.0169
1790214138360,1504,0.2030,0.0172
1790214138410,1505,0.2076,0.0153
1790214138459,1506,0.1950,0.0155
1790214138510,1507,0.2178,0.0166
1790214138560,1508,0.2011,0.0161
1790214138610,1509,0.2021,0.0160
1790214138659,1510,0.2193,0.0163
1790214138710,1511,0.2287,0.0168
1790214138760,1512,0.2105,0.0163
1790214138809,1513,0.2246,0.0168
1790214138859,1514,0.1979,0.0158
1790214138909,1515,0.2010,0.0144
1790214138959,1516,0.2048,0.0163
1790214139009,1517,0.2009,0.0163
1790214139059,1518,0.2035,0.0164
1790214139109,1519,0.2298,0.0415
1790214139160,1520,0.7125,0.0247
1790214139209,1521,0.2335,0.0456
1790214139260,1522,0.1991,0.0152
1790214139310,1523,0.2128,0.0337
1790214139359,1524,0.1967,0.0197
1790214139410,1525,0.1994,0.0152
1790214139460,1526,0.1996,0.0143
1790214139509,1527,0.2077,0.0151
1790214139559,1528,0.2042,0.0145
1790214139610,1529,0.2020,0.0148
1790214139659,1530,0.2196,0.0141
1790214139710,1531,0.2003,0.0137
1790214139759,1532,0.2036,0.0148
1790214139809,1533,0.2206,0.0141
1790214139859,1534,0.1988,0.0141
1790214139910,1535,0.3353,0.0320
1790214139959,1536,0.3199,0.0185
1790214140009,1537,0.2502,0.0247
1790214140059,1538,0.1888,0.0121
1790214140110,1539,0.2251,0.0188
1790214140160,1540,0.2745,0.0066
1790214140210,1541,0.1787,0.0071
1790214140260,1542,0.1816,0.0070
1790214140310,1543,0.2202,0.0079
1790214140359,1544,0.2388,0.0077
1790214140409,1545,0.1985,0.0068
1790214140460,1546,0.1789,0.0074
1790214140510,1547,0.1840,0.0067
1790214140560,1548,0.1811,0.0073
1790214140609,1549,0.1811,0.0071
1790214140659,1550,0.2455,0.0078
1790214140709,1551,0.1747,0.0080
1790214140759,1552,0.1762,0.0070
1790214140810,1553,0.1847,0.0067
1790214140859,1554,0.2109,0.0071
1790214140909,1555,0.2097,0.0071
1790214140959,1556,0.1712,0.0068
1790214141010,1557,0.1786,0.0067
1790214141059,1558,0.1764,0.0070
1790214141109,1559,0.1774,0.0069
1790214141159,1560,0.2092,0.0109
1790214141210,1561,0.1768,0.0065
1790214141259,1562,0.2106,0.0071
1790214141309,1563,0.2448,0.0070
1790214141359,1564,0.2155,0.0067
1790214141410,1565,0.1891,0.0071
1790214141459,1566,0.1761,0.0103
1790214141510,1567,0.1781,0.0067
1790214141559,1568,0.2120,0.0068
1790214141610,1569,0.1875,0.0067
1790214141659,1570,0.1927,0.0071
1790214141710,1571,0.1792,0.0072
1790214141759,1572,0.1869,0.0070
1790214141810,1573,0.1828,0.0070
1790214141859,1574,0.1910,0.0070
1790214141909,1575,0.1944,0.0071
1790214141959,1576,0.1749,0.0071
1790214142009,1577,0.1879,0.0068
1790214142059,1578,0.1769,0.0069
1790214142109,1579,0.1780,0.0073
1790214142160,1580,0.2103,0.0066
1790214142209,1581,0.1740,0.0068
1790214142259,1582,0.2159,0.0068
1790214142309,1583,0.2145,0.0071
1790214142359,1584,0.1837,0.0072
1790214142409,1585,0.1924,0.0070
1790214142459,1586,0.1785,0.0067
1790214142510,1587,0.1782,0.0071
1790214142559,1588,0.1758,0.0068
1790214142609,1589,0.1754,0.0061
1790214142659,1590,0.2003,0.0071
1790214142709,1591,0.1772,0.0070
1790214142759,1592,0.1782,0.0070
1790214142809,1593,0.1822,0.0074
1790214142860,1594,0.1888,0.0071
1790214142909,1595,0.2179,0.0068
1790214142960,1596,0.1803,0.0069
1790214143009,1597,0.1764,0.0067
1790214143059,1598,0.1773,0.0067
1790214143110,1599,0.1953,0.0071
1790214143160,1600,0.2334,0.0069
1790214143210,1601,0.1820,0.0065
1790214143260,1602,0.1810,0.0072
1790214143309,1603,0.2179,0.0080
1790214143360,1604,0.1653,0.0050
1790214143411,1605,0.2351,0.0067
1790214143460,1606,0.1786,0.0073
1790214143510,1607,0.1812,0.0069
1790214143559,1608,0.2135,0.0066
1790214143609,1609,0.1798,0.0066
1790214143660,1610,0.2118,0.0066
1790214143709,1611,0.1690,0.0067
1790214143759,1612,0.1681,0.0064
1790214143809,1613,0.1804,0.0072
1790214143860,1614,0.1790,0.0071
1790214143909,1615,0.1990,0.0066
1790214143959,1616,0.1813,0.0070
1790214144009,1617,0.1875,0.0069
1790214144060,1618,0.1870,0.0072
1790214144109,1619,0.1752,0.0070
1790214144159,1620,0.2063,0.0071
1790214144210,1621,0.4786,0.0079
1790214144260,1622,0.1717,0.0064
1790214144309,1623,0.2067,0.0068
1790214144359,1624,0.1801,0.0068
1790214144410,1625,0.1894,0.0070
1790214144459,1626,0.1822,0.0071
1790214144510,1627,0.1868,0.0073
1790214144559,1628,0.1814,0.0067
1790214144610,1629,0.1811,0.0069
1790214144659,1630,0.1883,0.0066
1790214144710,1631,0.1748,0.0066
1790214144759,1632,0.1810,0.0065
1790214144810,1633,0.2208,0.0073
1790214144859,1634,0.1808,0.0068
1790214144910,1635,0.1907,0.0072
1790214144959,1636,0.2112,0.0076
1790214145010,1637,0.1898,0.0067
1790214145059,1638,0.1975,0.0074
1790214145110,1639,0.1880,0.0077
1790214145159,1640,0.2079,0.0068
1790214145210,1641,0.1932,0.0070
1790214145259,1642,0.1777,0.0070
1790214145309,1643,0.1621,0.0064
1790214145359,1644,0.1520,0.0060
1790214145410,1645,0.1589,0.0054
1790214145459,1646,0.1850,0.0070
1790214145510,1647,0.1814,0.0071
1790214145560,1648,0.1824,0.0066
1790214145610,1649,0.1812,0.0068
1790214145660,1650,0.1958,0.0068
1790214145710,1651,0.1819,0.0071
1790214145760,1652,0.1779,0.0065
1790214145809,1653,0.1808,0.0066
1790214145860,1654,0.1915,0.0065
1790214145909,1655,0.1836,0.0064
1790214145960,1656,0.1748,0.0057
1790214146010,1657,0.1719,0.0065
1790214146059,1658,0.1814,0.0069
1790214146109,1659,0.1870,0.0069
1790214146159,1660,0.2007,0.0069
1790214146210,1661,0.1871,0.0074
1790214146260,1662,0.1809,0.0071
1790214146310,1663,0.1808,0.0067
1790214146359,1664,0.1814,0.0069
1790214146409,1665,0.1897,0.0072
1790214146460,1666,0.1798,0.0070
1790214146509,1667,0.1839,0.0069
1790214146559,1668,0.1859,0.0073
1790214146610,1669,0.1834,0.0062
1790214146660,1670,0.1946,0.0070
1790214146709,1671,0.1862,0.0074
1790214146759,1672,0.1721,0.0068
1790214146809,1673,0.1874,0.0073
1790214146859,1674,0.1771,0.0070
1790214146910,1675,0.2309,0.0084
1790214146960,1676,0.1768,0.0071
1790214147009,1677,0.1568,0.0060
1790214147059,1678,0.1803,0.0068
1790214147109,1679,0.1664,0.0063
1790214147159,1680,0.2100,0.0069
1790214147209,1681,0.1806,0.0068
1790214147259,1682,0.1799,0.0070
1790214147310,1683,0.1819,0.0068
1790214147360,1684,0.1792,0.0067
1790214147409,1685,0.1975,0.0067
1790214147459,1686,0.2051,0.0076
1790214147509,1687,0.2210,0.0071
1790214147559,1688,0.1872,0.0073
1790214147609,1689,0.1804,0.0065
1790214147659,1690,0.1984,0.0072
1790214147709,1691,0.1788,0.0080
1790214147759,1692,0.1741,0.0101
1790214147810,1693,0.1812,0.0070
1790214147859,1694,0.1821,0.0073
1790214147910,1695,0.1988,0.0068
1790214147960,1696,0.1800,0.0070
1790214148009,1697,0.1808,0.0070
1790214148059,1698,0.1851,0.0069
1790214148109,1699,0.1799,0.0069
1790214148160,1700,0.2520,0.0079
1790214148209,1701,0.1819,0.0083
1790214148259,1702,0.1837,0.0067
1790214148309,1703,0.1806,0.0070
1790214148359,1704,0.1792,0.0072
1790214148410,1705,0.1860,0.0068
1790214148459,1706,0.1867,0.0072
1790214148509,1707,0.1919,0.0070
1790214148559,1708,0.1813,0.0071
1790214148610,1709,0.1787,0.0072
1790214148659,1710,0.1921,0.0069
1790214148710,1711,0.1793,0.0066
1790214148759,1712,0.1626,0.0064
1790214148810,1713,0.1765,0.0069
1790214148859,1714,0.1763,0.0069
1790214148910,1715,0.1909,0.0070
1790214148959,1716,0.1640,0.0064
1790214149009,1717,0.1733,0.0061
1790214149059,1718,0.2209,0.0071
1790214149110,1719,0.1811,0.0069
1790214149159,1720,0.2368,0.0072
1790214149209,1721,0.1821,0.0070
1790214149260,1722,0.4532,0.0071
1790214149309,1723,0.2264,0.0071
1790214149359,1724,0.1986,0.0070
1790214149409,1725,0.2236,0.0068
1790214149460,1726,0.2496,0.0075
1790214149509,1727,0.2287,0.0071
1790214149560,1728,0.2191,0.0072
1790214149610,1729,0.1759,0.0061
1790214149659,1730,0.1947,0.0064
1790214149710,1731,0.1809,0.0071
1790214149759,1732,0.1779,0.0068
1790214149810,1733,0.1832,0.0061
1790214149860,1734,0.1792,0.0072
1790214149910,1735,0.1872,0.0070
1790214149960,1736,0.1721,0.0068
1790214150010,1737,0.2233,0.0070
1790214150059,1738,0.1788,0.0068
1790214150110,1739,0.1779,0.0070
1790214150159,1740,0.2852,0.0076
1790214150209,1741,0.2049,0.0064
1790214150260,1742,0.2087,0.0074
1790214150309,1743,0.1914,0.0071
1790214150360,1744,0.1822,0.0065
1790214150409,1745,0.1836,0.0063
1790214150460,1746,0.1691,0.0070
1790214150509,1747,0.1754,0.0072
1790214150560,1748,0.2113,0.0074
1790214150611,1749,1.1982,0.0062
1790214150659,1750,0.2192,0.0069
1790214150709,1751,0.1725,0.0069
1790214150761,1752,0.1775,0.0072
1790214150810,1753,0.1911,0.0071
1790214150859,1754,0.2263,0.0070
1790214150910,1755,0.1879,0.0068
1790214150960,1756,0.1747,0.0066
1790214151010,1757,0.1785,0.0065
1790214151059,1758,0.1814,0.0069
1790214151110,1759,0.1806,0.0072
1790214151160,1760,0.2106,0.0069
1790214151209,1761,0.1783,0.0072
1790214151260,1762,0.1854,0.0067
1790214151309,1763,0.1772,0.0070
1790214151359,1764,0.2882,0.0075
1790214151410,1765,0.2454,0.0088
1790214151459,1766,0.2227,0.0074
1790214151509,1767,0.2098,0.0071
1790214151559,1768,0.1794,0.0072
1790214151609,1769,0.1837,0.0074
1790214151659,1770,0.2068,0.0074
1790214151709,1771,0.2075,0.0070
1790214151759,1772,0.2152,0.0075
1790214151810,1773,0.2192,0.0075
1790214151859,1774,0.2112,0.0073
1790214151909,1775,0.1928,0.0069
1790214151959,1776,0.1757,0.0073
1790214152009,1777,0.1781,0.0071
1790214152059,1778,0.1786,0.0074
1790214152110,1779,0.1778,0.0072
1790214152160,1780,0.2154,0.0072
1790214152210,1781,0.1702,0.0067
1790214152259,1782,0.1728,0.0070
1790214152309,1783,0.1816,0.0074
1790214152359,1784,0.2083,0.0088
1790214152410,1785,0.2226,0.0072
1790214152460,1786,0.1757,0.0063
1790214152509,1787,0.1752,0.0071
1790214152559,1788,0.1749,0.0071
1790214152610,1789,0.1712,0.0066
1790214152659,1790,0.1865,0.0062
1790214152709,1791,0.1915,0.0068
1790214152759,1792,0.2302,0.0072
1790214152810,1793,0.2478,0.0074
1790214152860,1794,0.2109,0.0077
1790214152909,1795,0.1804,0.0070
1790214152959,1796,0.1624,0.0069
1790214153010,1797,0.1646,0.0070
1790214153060,1798,0.1684,0.0062
1790214153109,1799,0.1700,0.0067
1790214153160,1800,0.2185,0.0074
1790214153209,1801,0.1898,0.0292
1790214153259,1802,0.1824,0.0274
1790214153309,1803,0.2966,0.0072
1790214153359,1804,0.1748,0.0070
1790214153409,1805,0.1820,0.0069
1790214153460,1806,0.2202,0.0085
1790214153510,1807,0.1670,0.0072
1790214153560,1808,0.1712,0.0072
1790214153609,1809,0.1676,0.0072
1790214153659,1810,0.1864,0.0075
1790214153709,1811,0.1623,0.0069
1790214153760,1812,0.2105,0.0078
1790214153809,1813,0.1715,0.0069
1790214153859,1814,0.1698,0.0073
1790214153909,1815,0.2348,0.0081
1790214153959,1816,0.1999,0.0070
1790214154009,1817,0.1760,0.0074
1790214154059,1818,0.1801,0.0074
1790214154109,1819,0.1661,0.0072
1790214154159,1820,0.2535,0.0109
1790214154209,1821,0.2287,0.0073
1790214154260,1822,0.5128,0.0079
1790214154309,1823,0.1751,0.0072
1790214154360,1824,0.1731,0.0073
1790214154409,1825,0.1954,0.0075
1790214154459,1826,0.1740,0.0075
1790214154509,1827,0.1764,0.0070
1790214154559,1828,0.1725,0.0073
1790214154609,1829,0.1686,0.0072
1790214154659,1830,0.1820,0.0070
1790214154709,1831,0.1662,0.0070
1790214154759,1832,0.1731,0.0067
1790214154809,1833,0.1887,0.0079
1790214154860,1834,0.1765,0.0071
1790214154909,1835,0.2324,0.0070
1790214154959,1836,0.2318,0.0078
1790214155010,1837,0.1988,0.0067
1790214155060,1838,0.1640,0.0072
1790214155109,1839,0.1826,0.0068
1790214155160,1840,0.1969,0.0072
1790214155210,1841,0.1531,0.0065
1790214155259,1842,0.1495,0.0067
1790214155310,1843,0.1610,0.0063
1790214155359,1844,0.1884,0.0065
1790214155410,1845,0.2504,0.0078
1790214155459,1846,0.1681,0.0074
1790214155510,1847,0.1634,0.0069
1790214155559,1848,0.2018,0.0067
1790214155609,1849,0.1636,0.0067
1790214155660,1850,1.0052,0.0065
1790214155709,1851,0.1995,0.0074
1790214155759,1852,0.1744,0.0075
1790214155810,1853,0.1900,0.0072
1790214155859,1854,0.1628,0.0072
1790214155909,1855,0.1764,0.0073
1790214155960,1856,0.1699,0.0074
1790214156009,1857,0.1988,0.0077
1790214156060,1858,0.1711,0.0074
1790214156110,1859,0.1695,0.0074
1790214156160,1860,0.1968,0.0074
1790214156209,1861,0.1641,0.0069
1790214156260,1862,0.1576,0.0066
1790214156310,1863,0.2077,0.0074
1790214156359,1864,0.1710,0.0073
1790214156409,1865,0.1707,0.0068
1790214156460,1866,0.1621,0.0069
1790214156509,1867,0.1615,0.0071
1790214156559,1868,0.1610,0.0064
1790214156610,1869,0.1797,0.0070
1790214156659,1870,0.1820,0.0072
1790214156709,1871,0.1679,0.0065
1790214156760,1872,0.1599,0.0065
1790214156809,1873,0.1626,0.0069
1790214156860,1874,0.1608,0.0067
1790214156910,1875,0.1780,0.0071
1790214156959,1876,0.1677,0.0069
1790214157010,1877,0.1663,0.0075
1790214157060,1878,0.1632,0.0069
1790214157110,1879,0.1660,0.0067
1790214157159,1880,0.1929,0.0071
1790214157210,1881,0.1666,0.0073
1790214157259,1882,0.1578,0.0060
1790214157310,1883,0.1602,0.0071
1790214157359,1884,0.1569,0.0066
1790214157409,1885,0.1635,0.0063
1790214157459,1886,0.1636,0.0073
1790214157509,1887,0.1621,0.0073
1790214157559,1888,0.1606,0.0072
1790214157609,1889,0.1597,0.0070
1790214157659,1890,0.1759,0.0066
1790214157709,1891,0.1581,0.0061
1790214157759,1892,0.1612,0.0067
1790214157810,1893,0.1614,0.0067
1790214157859,1894,0.1614,0.0065
1790214157909,1895,0.1722,0.0066
1790214157960,1896,0.1689,0.0070
1790214158009,1897,0.1712,0.0077
1790214158060,1898,0.1568,0.0067
1790214158109,1899,0.1623,0.0096
1790214158159,1900,0.1862,0.0069
1790214158209,1901,0.1608,0.0071
1790214158260,1902,0.1531,0.0068
1790214158309,1903,0.1625,0.0073
1790214158360,1904,0.1579,0.0066
1790214158409,1905,0.1719,0.0067
1790214158461,1906,0.1656,0.0073
1790214158509,1907,0.1625,0.0070
1790214158560,1908,0.1768,0.0071
1790214158609,1909,0.1671,0.0069
1790214158660,1910,0.1716,0.0067
1790214158709,1911,0.1600,0.0068
1790214158760,1912,0.1689,0.0075
1790214158809,1913,0.1640,0.0074
1790214158860,1914,0.1795,0.0066
1790214158909,1915,0.1903,0.0071
1790214158960,1916,0.1629,0.0071
1790214159009,1917,0.1646,0.0069
1790214159059,1918,0.1564,0.0066
1790214159109,1919,0.1622,0.0072
1790214159159,1920,0.2372,0.0083
1790214159209,1921,0.1633,0.0074
1790214159260,1922,0.4280,0.0072
1790214159310,1923,0.1620,0.0071
1790214159359,1924,0.1622,0.0063
1790214159410,1925,0.2327,0.0072
1790214159459,1926,0.1638,0.0068
1790214159509,1927,0.1945,0.0069
1790214159559,1928,0.1604,0.0073
1790214159609,1929,0.1608,0.0074
1790214159660,1930,0.1906,0.0062
1790214159709,1931,0.1563,0.0065
1790214159760,1932,0.1776,0.0060
1790214159809,1933,0.1770,0.0073
1790214159860,1934,0.1593,0.0070
1790214159909,1935,0.1622,0.0067
1790214159959,1936,0.1616,0.0071
1790214160009,1937,0.1614,0.0068
1790214160060,1938,0.1690,0.0073
1790214160109,1939,0.1686,0.0072
1790214160160,1940,0.1907,0.0072
1790214160209,1941,0.1654,0.0072
1790214160259,1942,0.1532,0.0069
1790214160309,1943,0.1623,0.0067
1790214160360,1944,0.1644,0.0063
1790214160410,1945,0.1581,0.0068
1790214160459,1946,0.1566,0.0061
1790214160509,1947,0.1622,0.0072
1790214160559,1948,0.1713,0.0077
1790214160609,1949,0.1660,0.0070
1790214160659,1950,0.1794,0.0070
1790214160710,1951,0.1635,0.0072
1790214160759,1952,0.1609,0.0068
1790214160809,1953,0.1944,0.0078
1790214160860,1954,0.1631,0.0068
1790214160910,1955,0.1645,0.0067
1790214160959,1956,0.1591,0.0069
1790214161009,1957,0.1643,0.0073
1790214161060,1958,0.1868,0.0076
1790214161110,1959,0.1603,0.0072
1790214161160,1960,0.2388,0.0071
1790214161209,1961,0.1588,0.0069
1790214161259,1962,0.1699,0.0070
1790214161310,1963,0.1681,0.0067
1790214161360,1964,0.1633,0.0071
1790214161409,1965,0.1726,0.0070
1790214161460,1966,0.1727,0.0072
1790214161509,1967,0.1606,0.0069
1790214161560,1968,0.1736,0.0077
1790214161609,1969,0.1702,0.0073
1790214161659,1970,0.1697,0.0071
1790214161710,1971,0.1561,0.0061
1790214161759,1972,0.1597,0.0068
1790214161809,1973,0.1642,0.0069
1790214161860,1974,0.1713,0.0072
1790214161909,1975,0.2206,0.0074
1790214161960,1976,0.1632,0.0068
1790214162010,1977,0.1656,0.0069
1790214162059,1978,0.1690,0.0071
1790214162109,1979,0.1647,0.0067
1790214162159,1980,0.1836,0.0073
1790214162210,1981,0.1631,0.0063
1790214162260,1982,0.1802,0.0078
1790214162309,1983,0.1634,0.0070
1790214162360,1984,0.1649,0.0066
1790214162410,1985,0.1696,0.0069
1790214162460,1986,0.1622,0.0067
1790214162509,1987,0.1628,0.0073
1790214162559,1988,0.1571,0.0071
1790214162609,1989,0.1733,0.0076
1790214162660,1990,0.1728,0.0070
1790214162710,1991,0.1649,0.0063
1790214162759,1992,0.1699,0.0074
1790214162809,1993,0.1625,0.0071
1790214162859,1994,0.1725,0.0079
1790214162909,1995,0.1673,0.0068
1790214162959,1996,0.1590,0.0063
1790214163009,1997,0.1891,0.0072
1790214163059,1998,0.1603,0.0071
1790214163110,1999,0.2042,0.0074
1790214163160,2000,0.1899,0.0072
1790214163209,2001,0.1926,0.0079
1790214163259,2002,0.1816,0.0062
1790214163309,2003,0.1648,0.0068
1790214163359,2004,0.1583,0.0066
1790214163410,2005,0.1756,0.0073
1790214163459,2006,0.1599,0.0068
1790214163509,2007,0.2177,0.0072
1790214163559,2008,0.1586,0.0070
1790214163609,2009,0.1735,0.0071
1790214163659,2010,0.2077,0.0084
1790214163709,2011,0.1615,0.0071
1790214163760,2012,0.1610,0.0070
1790214163809,2013,0.1787,0.0083
1790214163860,2014,0.1685,0.0077
1790214163910,2015,0.1766,0.0072
1790214163960,2016,0.1789,0.0073
1790214164009,2017,0.1617,0.0071
1790214164059,2018,0.1639,0.0086
1790214164110,2019,0.3372,0.0076
1790214164159,2020,0.1993,0.0070
1790214164210,2021,0.1644,0.0069
1790214164260,2022,0.1659,0.0067
1790214164309,2023,0.4919,0.0079
1790214164359,2024,0.1636,0.0067
1790214164410,2025,0.1684,0.0070
1790214164459,2026,0.1644,0.0071
1790214164509,2027,0.1690,0.0072
1790214164559,2028,0.1577,0.0066
1790214164609,2029,0.1735,0.0071
1790214164660,2030,0.2530,0.0067
1790214164710,2031,0.1618,0.0071
1790214164760,2032,0.1580,0.0072
1790214164809,2033,0.1730,0.0075
1790214164859,2034,0.1606,0.0070
1790214164909,2035,0.1704,0.0075
1790214164960,2036,0.1608,0.0068
1790214165009,2037,0.1691,0.0066
1790214165059,2038,0.1613,0.0067
1790214165109,2039,0.1607,0.0068
1790214165160,2040,0.1958,0.0073
1790214165210,2041,0.1596,0.0071
1790214165259,2042,0.1602,0.0068
1790214165310,2043,0.1602,0.0071
1790214165359,2044,0.1627,0.0065
1790214165410,2045,0.1557,0.0068
1790214165459,2046,0.1510,0.0068
1790214165510,2047,0.1613,0.0073
1790214165559,2048,0.1626,0.0070
1790214165609,2049,0.1649,0.0069
1790214165660,2050,0.2335,0.0077
1790214165709,2051,0.1713,0.0070
1790214165759,2052,0.1606,0.0060
1790214165809,2053,0.2167,0.0074
1790214165859,2054,0.1626,0.0069
1790214165909,2055,0.1644,0.0069
1790214165960,2056,0.1680,0.0068
1790214166009,2057,0.1736,0.0072
1790214166059,2058,0.1665,0.0071
1790214166109,2059,0.1629,0.0071
1790214166159,2060,0.1810,0.0068
1790214166209,2061,0.1572,0.0069
1790214166259,2062,0.1591,0.0065
1790214166309,2063,0.1642,0.0069
1790214166360,2064,0.1563,0.0067
1790214166409,2065,0.1698,0.0068
1790214166459,2066,0.1660,0.0072
1790214166509,2067,0.1612,0.0071
1790214166559,2068,0.1922,0.0075
1790214166609,2069,0.1633,0.0063
1790214166659,2070,0.1748,0.0074
1790214166709,2071,0.1743,0.0071
1790214166760,2072,0.1671,0.0071
1790214166809,2073,0.1610,0.0069
1790214166859,2074,0.1643,0.0068
1790214166910,2075,0.1682,0.0071
1790214166960,2076,0.1620,0.0072
1790214167010,2077,0.1627,0.0072
1790214167059,2078,0.1631,0.0067
1790214167109,2079,0.1611,0.0070
1790214167160,2080,0.1858,0.0067
1790214167210,2081,0.1780,0.0079
1790214167259,2082,0.1922,0.0073
1790214167311,2083,0.1935,0.0067
1790214167360,2084,0.1598,0.0065
1790214167410,2085,0.1813,0.0068
1790214167460,2086,0.2141,0.0074
1790214167510,2087,0.2127,0.0083
1790214167560,2088,0.1641,0.0072
1790214167610,2089,0.1623,0.0068
1790214167659,2090,0.1689,0.0073
1790214167710,2091,0.1623,0.0068
1790214167760,2092,0.1616,0.0069
1790214167810,2093,0.1754,0.0082
1790214167859,2094,0.1597,0.0068
1790214167910,2095,0.1877,0.0071
1790214167959,2096,0.1665,0.0065
1790214168009,2097,0.1696,0.0077
1790214168059,2098,0.1599,0.0072
1790214168109,2099,0.1663,0.0074
1790214168159,2100,0.2157,0.0075
1790214168210,2101,0.2186,0.0090
1790214168259,2102,0.1610,0.0069
1790214168309,2103,0.1658,0.0071
1790214168360,2104,0.1617,0.0068
1790214168410,2105,0.1632,0.0070
1790214168459,2106,0.1665,0.0071
1790214168510,2107,0.1608,0.0070
1790214168560,2108,0.1598,0.0063
1790214168610,2109,0.2072,0.0076
1790214168659,2110,0.1628,0.0068
1790214168710,2111,0.1601,0.0068
1790214168759,2112,0.1695,0.0072
1790214168810,2113,0.1689,0.0073
1790214168860,2114,0.1672,0.0071
1790214168910,2115,0.1634,0.0070
1790214168959,2116,0.1558,0.0068
1790214169010,2117,0.1592,0.0068
1790214169059,2118,0.1656,0.0074
1790214169110,2119,0.1621,0.0068
1790214169159,2120,0.2813,0.0073
1790214169209,2121,0.1644,0.0068
1790214169260,2122,0.1628,0.0067
1790214169309,2123,0.4141,0.0075
1790214169360,2124,0.1609,0.0066
1790214169410,2125,0.1872,0.0073
1790214169460,2126,0.1588,0.0070
1790214169510,2127,0.1567,0.0067
1790214169559,2128,0.1580,0.0074
1790214169610,2129,0.1651,0.0073
1790214169660,2130,0.1629,0.0070
1790214169709,2131,0.1602,0.0061
1790214169759,2132,0.1645,0.0072
1790214169809,2133,0.1596,0.0067
1790214169859,2134,0.2856,0.0079
1790214169909,2135,0.2769,0.0069
1790214169960,2136,0.1521,0.0070
1790214170009,2137,0.2512,0.0069
1790214170060,2138,0.1474,0.0068
1790214170109,2139,0.1489,0.0069
1790214170159,2140,0.2108,0.0067
1790214170210,2141,0.1420,0.0070
1790214170259,2142,0.1440,0.0065
1790214170309,2143,0.1424,0.0060
1790214170359,2144,0.1589,0.0074
1790214170410,2145,0.1479,0.0066
1790214170460,2146,0.1648,0.0076
1790214170509,2147,0.1523,0.0069
1790214170559,2148,0.1530,0.0073
1790214170610,2149,0.1511,0.0071
1790214170659,2150,0.1548,0.0070
1790214170709,2151,0.1476,0.0072
1790214170759,2152,0.1489,0.0072
1790214170809,2153,0.1938,0.0075
1790214170859,2154,0.1556,0.0073
1790214170909,2155,0.1551,0.0069
1790214170959,2156,0.1534,0.0071
1790214171010,2157,0.1525,0.0068
1790214171059,2158,0.1458,0.0070
1790214171109,2159,0.1596,0.0118
1790214171160,2160,0.1595,0.0070
1790214171209,2161,0.1466,0.0067
1790214171260,2162,0.1449,0.0070
1790214171310,2163,0.1503,0.0071
1790214171360,2164,0.1461,0.0070
1790214171410,2165,0.1459,0.0064
1790214171459,2166,0.2240,0.0068
1790214171510,2167,0.1524,0.0068
1790214171559,2168,0.1668,0.0077
1790214171609,2169,0.1501,0.0071
1790214171660,2170,0.1522,0.0070
1790214171710,2171,0.1526,0.0073
1790214171760,2172,0.1542,0.0068
1790214171810,2173,0.1647,0.0071
1790214171860,2174,0.1558,0.0074
1790214171910,2175,0.1480,0.0072
1790214171959,2176,0.2035,0.0070
1790214172010,2177,0.2125,0.0073
1790214172060,2178,0.1577,0.0075
1790214172109,2179,0.1530,0.0078
1790214172159,2180,0.1591,0.0069
1790214172210,2181,0.1405,0.0061
1790214172260,2182,0.1398,0.0070
1790214172310,2183,0.1420,0.0072
1790214172360,2184,0.1569,0.0069
1790214172410,2185,0.1482,0.0070
1790214172459,2186,0.1427,0.0062
1790214172509,2187,0.1404,0.0066
1790214172560,2188,0.1416,0.0089
1790214172610,2189,0.1419,0.0066
1790214172659,2190,0.1427,0.0064
1790214172711,2191,0.1447,0.0073
1790214172759,2192,0.1425,0.0067
1790214172810,2193,0.1561,0.0078
1790214172859,2194,0.1502,0.0075
1790214172910,2195,0.1462,0.0073
1790214172959,2196,0.1419,0.0069
1790214173010,2197,0.1415,0.0067
1790214173060,2198,0.1440,0.0073
1790214173109,2199,0.1634,0.0071
1790214173159,2200,0.1587,0.0076
1790214173209,2201,0.1417,0.0068
1790214173260,2202,0.1403,0.0065
1790214173309,2203,0.1590,0.0071
1790214173360,2204,0.1400,0.0070
1790214173410,2205,0.1378,0.0065
1790214173459,2206,0.1400,0.0071
1790214173510,2207,0.1427,0.0062
1790214173559,2208,0.1390,0.0071
1790214173610,2209,0.1422,0.0073
1790214173659,2210,0.1455,0.0069
1790214173710,2211,0.1336,0.0063
1790214173760,2212,0.1416,0.0071
1790214173810,2213,0.1454,0.0071
1790214173859,2214,0.1488,0.0068
1790214173910,2215,0.1684,0.0111
1790214173959,2216,0.1440,0.0073
1790214174009,2217,0.1462,0.0086
1790214174060,2218,0.1441,0.0073
1790214174109,2219,0.1508,0.0073
1790214174159,2220,0.1604,0.0071
1790214174209,2221,0.1413,0.0072
1790214174259,2222,0.1703,0.0076
1790214174309,2223,0.4199,0.0078
1790214174359,2224,0.1431,0.0068
1790214174409,2225,0.1426,0.0069
1790214174459,2226,0.1429,0.0069
1790214174509,2227,0.1421,0.0067
1790214174559,2228,0.1409,0.0068
1790214174609,2229,0.1482,0.0068
1790214174660,2230,0.1499,0.0070
1790214174709,2231,0.1402,0.0068
1790214174759,2232,0.1423,0.0062
1790214174810,2233,0.1439,0.0072
1790214174859,2234,0.1418,0.0067
1790214174910,2235,0.1482,0.0087
1790214174960,2236,0.1484,0.0073
1790214175010,2237,0.1509,0.0075
1790214175060,2238,0.1415,0.0071
1790214175110,2239,0.1482,0.0075
1790214175159,2240,0.1610,0.0072
1790214175209,2241,0.1432,0.0073
1790214175259,2242,0.1409,0.0068
1790214175310,2243,0.1398,0.0071
1790214175359,2244,0.1435,0.0070
1790214175410,2245,0.1383,0.0067
1790214175459,2246,0.1401,0.0070
1790214175510,2247,0.1421,0.0068
1790214175559,2248,0.1423,0.0068
1790214175611,2249,0.1957,0.0085
1790214175660,2250,0.1474,0.0073
1790214175709,2251,0.1415,0.0073
1790214175759,2252,0.1594,0.0075
1790214175809,2253,0.1606,0.0073
1790214175859,2254,0.1413,0.0071
1790214175910,2255,0.1436,0.0068
1790214175959,2256,0.1480,0.0073
1790214176009,2257,0.1475,0.0074
1790214176059,2258,0.1761,0.0069
1790214176110,2259,0.1381,0.0069
1790214176159,2260,0.1906,0.0072
1790214176209,2261,0.1482,0.0069
1790214176259,2262,0.1518,0.0078
1790214176309,2263,0.1425,0.0068
1790214176359,2264,0.1513,0.0061
1790214176410,2265,0.1512,0.0074
1790214176460,2266,0.1419,0.0073
1790214176509,2267,0.1431,0.0067
1790214176560,2268,0.1438,0.0068
1790214176610,2269,0.1430,0.0072
1790214176659,2270,0.1465,0.0067
1790214176709,2271,0.1362,0.0061
1790214176760,2272,0.1352,0.0063
1790214176810,2273,0.1465,0.0063
1790214176859,2274,0.1416,0.0069
1790214176910,2275,0.1542,0.0076
1790214176959,2276,0.1532,0.0082
1790214177009,2277,0.1571,0.0072
1790214177059,2278,0.1365,0.0072
1790214177109,2279,0.1843,0.0081
1790214177159,2280,0.1652,0.0072
1790214177210,2281,0.1390,0.0069
1790214177259,2282,0.1576,0.0074
1790214177309,2283,0.1794,0.0083
1790214177359,2284,0.1434,0.0071
1790214177409,2285,0.1469,0.0074
1790214177461,2286,0.1406,0.0070
1790214177509,2287,0.1451,0.0070
1790214177560,2288,0.1488,0.0071
1790214177609,2289,0.1483,0.0069
1790214177660,2290,0.1527,0.0067
1790214177709,2291,0.1428,0.0071
1790214177759,2292,0.1369,0.0069
1790214177810,2293,0.1415,0.0070
1790214177860,2294,0.1734,0.0069
1790214177910,2295,0.1902,0.0085
1790214177960,2296,0.1448,0.0068
1790214178010,2297,0.1482,0.0076
1790214178059,2298,0.1397,0.0063
1790214178110,2299,0.1446,0.0063
1790214178160,2300,0.1775,0.0076
1790214178209,2301,0.1517,0.0077
1790214178260,2302,0.1418,0.0072
1790214178309,2303,0.1421,0.0062
1790214178359,2304,0.1402,0.0069
1790214178409,2305,0.1433,0.0070
1790214178459,2306,0.1398,0.0069
1790214178509,2307,0.1396,0.0069
1790214178559,2308,0.1364,0.0070
1790214178610,2309,0.1453,0.0072
1790214178659,2310,0.1548,0.0073
1790214178709,2311,0.1439,0.0069
1790214178759,2312,0.1424,0.0068
1790214178810,2313,0.1421,0.0070
1790214178861,2314,0.1447,0.0069
1790214178909,2315,0.1431,0.0068
1790214178959,2316,0.1424,0.0067
1790214179009,2317,0.2120,0.0068
1790214179059,2318,0.1634,0.0073
1790214179110,2319,0.1444,0.0068
1790214179159,2320,0.1616,0.0072
1790214179210,2321,0.1422,0.0071
1790214179259,2322,0.1375,0.0063
1790214179309,2323,0.1426,0.0072
1790214179359,2324,0.3311,0.0074
1790214179410,2325,0.1422,0.0066
1790214179459,2326,0.1430,0.0072
1790214179509,2327,0.1402,0.0072
1790214179559,2328,0.1453,0.0068
1790214179610,2329,0.1484,0.0078
1790214179659,2330,0.1553,0.0075
1790214179710,2331,0.1415,0.0068
1790214179759,2332,0.1426,0.0065
1790214179810,2333,0.1445,0.0071
1790214179859,2334,0.1432,0.0067
1790214179910,2335,0.1708,0.0070
1790214179960,2336,0.1413,0.0067
1790214180010,2337,0.1477,0.0068
1790214180060,2338,0.1464,0.0074
1790214180111,2339,0.1458,0.0069
1790214180159,2340,0.1617,0.0076
1790214180209,2341,0.1818,0.0070
1790214180259,2342,0.1486,0.0075
1790214180309,2343,0.1423,0.0068
1790214180360,2344,0.1481,0.0070
1790214180409,2345,0.1464,0.0070
1790214180460,2346,0.1588,0.0066
1790214180509,2347,0.1683,0.0068
1790214180560,2348,0.1382,0.0071
1790214180609,2349,0.1436,0.0068
1790214180660,2350,0.1427,0.0070
1790214180710,2351,0.1444,0.0061
1790214180760,2352,0.1921,0.0067
1790214180809,2353,0.1423,0.0072
1790214180859,2354,0.1441,0.0074
1790214180910,2355,0.1440,0.0064
1790214180959,2356,0.1419,0.0072
1790214181010,2357,0.1497,0.0070
1790214181060,2358,0.1398,0.0066
1790214181110,2359,0.1413,0.0071
1790214181159,2360,0.1635,0.0073
1790214181210,2361,0.1449,0.0071
1790214181259,2362,0.1400,0.0068
1790214181309,2363,0.1514,0.0071
1790214181359,2364,0.1391,0.0068
1790214181410,2365,0.1524,0.0073
1790214181459,2366,0.1349,0.0068
1790214181509,2367,0.1412,0.0067
1790214181559,2368,0.1441,0.0073
1790214181609,2369,0.1498,0.0073
1790214181660,2370,0.1528,0.0072
1790214181710,2371,0.1415,0.0073
1790214181759,2372,0.1403,0.0068
1790214181809,2373,0.1557,0.0074
1790214181860,2374,0.1406,0.0067
1790214181910,2375,0.1438,0.0070
1790214181959,2376,0.1418,0.0068
1790214182010,2377,0.1416,0.0068
1790214182059,2378,0.1536,0.0071
1790214182109,2379,0.1491,0.0089
1790214182160,2380,0.1645,0.0075
1790214182209,2381,0.1872,0.0071
1790214182260,2382,0.1389,0.0069
1790214182310,2383,0.1434,0.0068
1790214182360,2384,0.1402,0.0070
1790214182409,2385,0.1442,0.0070
1790214182459,2386,0.1406,0.0071
1790214182510,2387,0.1431,0.0071
1790214182560,2388,0.1842,0.0081
1790214182610,2389,0.1421,0.0069
1790214182659,2390,0.1469,0.0071
1790214182710,2391,0.1414,0.0071
1790214182759,2392,0.1415,0.0065
1790214182809,2393,0.1428,0.0071
1790214182860,2394,0.1491,0.0073
1790214182910,2395,0.1453,0.0072
1790214182959,2396,0.1425,0.0069
1790214183010,2397,0.2127,0.0084
1790214183060,2398,0.1569,0.0076
1790214183110,2399,0.1444,0.0068
1790214183160,2400,0.1685,0.0071
1790214183210,2401,0.1414,0.0070
1790214183260,2402,0.1429,0.0071
1790214183310,2403,0.1548,0.0070
1790214183359,2404,0.1841,0.0071
1790214183410,2405,0.1454,0.0069
1790214183459,2406,0.1404,0.0072
1790214183511,2407,0.1412,0.0071
1790214183559,2408,0.1439,0.0071
1790214183610,2409,0.1426,0.0069
1790214183659,2410,0.1466,0.0061
1790214183710,2411,0.1395,0.0070
1790214183759,2412,0.1401,0.0067
1790214183810,2413,0.1530,0.0076
1790214183859,2414,0.1455,0.0075
1790214183911,2415,0.1445,0.0072
1790214183960,2416,0.1399,0.0069
1790214184009,2417,0.1417,0.0069
1790214184059,2418,0.1450,0.0069
1790214184110,2419,0.1609,0.0094
1790214184159,2420,0.1566,0.0073
1790214184211,2421,0.1450,0.0069
1790214184259,2422,0.1458,0.0068
1790214184309,2423,0.1439,0.0069
1790214184360,2424,0.4763,0.0082
1790214184409,2425,0.1582,0.0081
1790214184459,2426,0.1418,0.0067
1790214184509,2427,0.1469,0.0070
1790214184560,2428,0.1439,0.0067
1790214184609,2429,0.1519,0.0077
1790214184659,2430,0.1498,0.0073
1790214184709,2431,0.1454,0.0068
1790214184759,2432,0.1450,0.0072
1790214184809,2433,0.1420,0.0068
1790214184859,2434,0.1424,0.0072
1790214184910,2435,0.1752,0.0077
1790214184960,2436,0.1436,0.0071
1790214185010,2437,0.1454,0.0068
1790214185060,2438,0.1438,0.0069
1790214185109,2439,0.1411,0.0068
1790214185160,2440,0.1775,0.0071
1790214185210,2441,0.1493,0.0077
1790214185260,2442,0.1394,0.0071
1790214185310,2443,0.1415,0.0070
1790214185359,2444,0.1495,0.0072
1790214185410,2445,0.1481,0.0073
1790214185459,2446,0.1390,0.0068
1790214185510,2447,0.1411,0.0068
1790214185560,2448,0.1467,0.0067
1790214185610,2449,0.1522,0.0078
1790214185660,2450,0.1488,0.0071
1790214185710,2451,0.1392,0.0068
1790214185760,2452,0.1357,0.0060
1790214185809,2453,0.1416,0.0072
1790214185860,2454,0.1412,0.0062
1790214185909,2455,0.1458,0.0068
1790214185959,2456,0.1433,0.0068
1790214186009,2457,0.1443,0.0071
1790214186060,2458,0.1442,0.0073
1790214186109,2459,0.1416,0.0067
1790214186159,2460,0.1657,0.0080
1790214186209,2461,0.1395,0.0071
1790214186259,2462,0.1464,0.0069
1790214186310,2463,0.1417,0.0071
1790214186359,2464,0.1412,0.0070
1790214186409,2465,0.1471,0.0067
1790214186459,2466,0.1528,0.0072
1790214186509,2467,0.1430,0.0071
1790214186559,2468,0.1393,0.0068
1790214186609,2469,0.1464,0.0073
1790214186659,2470,0.1521,0.0070
1790214186709,2471,0.1432,0.0072
1790214186759,2472,0.1685,0.0072
1790214186810,2473,0.1453,0.0070
1790214186860,2474,0.1419,0.0069
1790214186910,2475,0.1512,0.0073
1790214186960,2476,0.1755,0.0073
1790214187009,2477,0.1654,0.0067
1790214187060,2478,0.1409,0.0070
1790214187109,2479,0.1471,0.0074
1790214187159,2480,0.1549,0.0069
1790214187210,2481,0.1464,0.0069
1790214187260,2482,0.1411,0.0070
1790214187309,2483,0.1394,0.0069
1790214187359,2484,0.1372,0.0070
1790214187410,2485,0.1454,0.0069
1790214187459,2486,0.0994,0.0047
1790214187510,2487,0.1033,0.0054
1790214187559,2488,0.1294,0.0065
1790214187610,2489,0.1391,0.0066
1790214187659,2490,0.1424,0.0071
1790214187710,2491,0.1371,0.0065
1790214187759,2492,0.1384,0.0062
1790214187809,2493,0.1431,0.0072
1790214187860,2494,0.1401,0.0068
1790214187909,2495,0.1418,0.0071
1790214187960,2496,0.1378,0.0070
1790214188009,2497,0.1456,0.0071
1790214188059,2498,0.1402,0.0072
1790214188109,2499,0.1347,0.0058
1790214188160,2500,0.1514,0.0072
1790214188209,2501,0.1465,0.0067
1790214188260,2502,0.1415,0.0069
1790214188309,2503,0.1424,0.0068
1790214188359,2504,0.1419,0.0072
1790214188409,2505,0.1425,0.0072
1790214188460,2506,0.1421,0.0074
1790214188509,2507,0.1398,0.0072
1790214188559,2508,0.1355,0.0060
1790214188609,2509,0.1411,0.0071
1790214188659,2510,0.1437,0.0068
1790214188709,2511,0.1451,0.0075
1790214188760,2512,0.1316,0.0062
1790214188809,2513,0.1527,0.0075
1790214188859,2514,0.1373,0.0068
1790214188910,2515,0.1718,0.0071
1790214188959,2516,0.1544,0.0078
1790214189009,2517,0.1452,0.0076
1790214189059,2518,0.1431,0.0071
1790214189109,2519,0.1416,0.0072
1790214189160,2520,0.1517,0.0072
1790214189209,2521,0.1403,0.0071
1790214189260,2522,0.1402,0.0071
1790214189309,2523,0.1400,0.0073
1790214189359,2524,0.1437,0.0075
1790214189409,2525,0.3966,0.0072
1790214189459,2526,0.1390,0.0069
1790214189509,2527,0.1368,0.0066
1790214189560,2528,0.1413,0.0071
1790214189609,2529,0.1376,0.0066
1790214189659,2530,0.1438,0.0066
1790214189709,2531,0.1368,0.0065
1790214189759,2532,0.1335,0.0069
1790214189809,2533,0.1415,0.0072
1790214189859,2534,0.1415,0.0072
1790214189909,2535,0.1437,0.0072
1790214189960,2536,0.1451,0.0073
1790214190009,2537,0.1840,0.0082
1790214190059,2538,0.1396,0.0071
1790214190109,2539,0.1391,0.0071
1790214190159,2540,0.1675,0.0074
1790214190209,2541,0.1371,0.0062
1790214190259,2542,0.1473,0.0076
1790214190309,2543,0.1379,0.0069
1790214190359,2544,0.1505,0.0067
1790214190409,2545,0.1493,0.0069
1790214190460,2546,0.1405,0.0068
1790214190509,2547,0.1369,0.0065
1790214190560,2548,0.1397,0.0067
1790214190610,2549,0.1378,0.0072
1790214190659,2550,0.1452,0.0073
1790214190710,2551,0.1436,0.0071
1790214190759,2552,0.1406,0.0071
1790214190810,2553,0.1397,0.0072
1790214190859,2554,0.1383,0.0070
1790214190910,2555,0.1475,0.0073
1790214190959,2556,0.1386,0.0071
1790214191010,2557,0.1427,0.0068
1790214191060,2558,0.1380,0.0074
1790214191109,2559,0.1459,0.0069
1790214191159,2560,0.1785,0.0075
1790214191209,2561,0.1350,0.0071
1790214191259,2562,0.1438,0.0066
1790214191309,2563,0.1897,0.0075
1790214191359,2564,0.1386,0.0063
1790214191409,2565,0.1514,0.0073
1790214191459,2566,0.1404,0.0067
1790214191509,2567,0.1358,0.0067
1790214191559,2568,0.1415,0.0070
1790214191609,2569,0.1666,0.0068
1790214191659,2570,0.1723,0.0067
1790214191709,2571,0.1426,0.0072
1790214191759,2572,0.1414,0.0075
1790214191809,2573,0.1435,0.0071
1790214191860,2574,0.1387,0.0068
1790214191909,2575,0.1809,0.0079
1790214191961,2576,0.1447,0.0069
1790214192009,2577,0.1773,0.0070
1790214192061,2578,0.1378,0.0070
1790214192109,2579,0.1569,0.0074
1790214192160,2580,0.1778,0.0072
1790214192209,2581,0.1708,0.0074
1790214192260,2582,0.1342,0.0069
1790214192309,2583,0.1908,0.0083
1790214192359,2584,0.1438,0.0115
1790214192409,2585,0.1464,0.0068
1790214192459,2586,0.1374,0.0068
1790214192509,2587,0.1484,0.0073
1790214192559,2588,0.1512,0.0078
1790214192609,2589,0.1453,0.0068
1790214192659,2590,0.1406,0.0063
1790214192709,2591,0.1403,0.0067
1790214192760,2592,0.1378,0.0061
1790214192809,2593,0.1641,0.0075
1790214192860,2594,0.1404,0.0073
1790214192909,2595,0.1417,0.0070
1790214192959,2596,0.1383,0.0072
1790214193009,2597,0.1391,0.0072
1790214193059,2598,0.1448,0.0074
1790214193109,2599,0.1450,0.0068
1790214193159,2600,0.1522,0.0072
1790214193210,2601,0.1421,0.0072
1790214193259,2602,0.1380,0.0067
1790214193310,2603,0.1405,0.0069
1790214193359,2604,0.1446,0.0070
1790214193410,2605,0.1366,0.0068
1790214193460,2606,0.1385,0.0071
1790214193510,2607,0.1367,0.0068
1790214193559,2608,0.1410,0.0072
1790214193610,2609,0.1366,0.0067
1790214193659,2610,0.1624,0.0072
1790214193709,2611,0.1396,0.0061
1790214193759,2612,0.1416,0.0070
1790214193810,2613,0.1664,0.0081
1790214193859,2614,0.1391,0.0067
1790214193909,2615,0.1431,0.0074
1790214193959,2616,0.1565,0.0078
1790214194009,2617,0.1437,0.0073
1790214194060,2618,0.1393,0.0066
1790214194110,2619,0.1391,0.0073
1790214194159,2620,0.1497,0.0072
1790214194210,2621,0.1368,0.0069
1790214194259,2622,0.1658,0.0069
1790214194310,2623,0.1429,0.0072
1790214194359,2624,0.1398,0.0071
1790214194409,2625,0.5387,0.0080
1790214194459,2626,0.1401,0.0073
1790214194509,2627,0.1408,0.0071
1790214194559,2628,0.1951,0.0087
1790214194644,2629,0.2877,0.0229
1790214194659,2630,0.1383,0.0053
1790214194710,2631,0.1454,0.0066
1790214194759,2632,0.1439,0.0073
1790214194810,2633,0.1373,0.0066
1790214194859,2634,0.1908,0.0083
1790214194909,2635,0.1412,0.0067
1790214194960,2636,0.1366,0.0065
1790214195010,2637,0.1395,0.0065
1790214195060,2638,0.1387,0.0070
1790214195109,2639,0.1414,0.0067
1790214195160,2640,0.1815,0.0070
1790214195210,2641,0.1404,0.0067
1790214195260,2642,0.1310,0.0067
1790214195310,2643,0.1424,0.0072
1790214195359,2644,0.1547,0.0081
1790214195410,2645,0.1380,0.0067
1790214195459,2646,0.1350,0.0071
1790214195509,2647,0.1372,0.0062
1790214195560,2648,0.1417,0.0069
1790214195609,2649,0.1513,0.0067
1790214195660,2650,0.1454,0.0068
1790214195710,2651,0.1361,0.0069
1790214195760,2652,0.1296,0.0058
1790214195809,2653,0.1421,0.0069
1790214195859,2654,0.1379,0.0070
1790214195909,2655,0.1420,0.0065
1790214195959,2656,0.1339,0.0067
1790214196010,2657,0.1375,0.0071
1790214196060,2658,0.1430,0.0071
1790214196109,2659,0.1606,0.0072
1790214196159,2660,0.1502,0.0074
1790214196209,2661,0.1395,0.0071
1790214196259,2662,0.1336,0.0067
1790214196309,2663,0.1329,0.0065
1790214196360,2664,0.1333,0.0064
1790214196409,2665,0.1401,0.0069
1790214196459,2666,0.1389,0.0064
1790214196509,2667,0.1376,0.0069
1790214196559,2668,0.1345,0.0067
1790214196609,2669,0.1354,0.0065
1790214196659,2670,0.1434,0.0070
1790214196709,2671,0.1370,0.0070
1790214196759,2672,0.1621,0.0069
1790214196810,2673,0.1428,0.0070
1790214196859,2674,0.1372,0.0067
1790214196909,2675,0.1414,0.0067
1790214196959,2676,0.1383,0.0065
1790214197009,2677,0.1810,0.0077
1790214197060,2678,0.1421,0.0071
1790214197109,2679,0.1421,0.0075
1790214197159,2680,0.1578,0.0073
1790214197210,2681,0.1443,0.0070
1790214197259,2682,0.1331,0.0065
1790214197309,2683,0.1313,0.0068
1790214197360,2684,0.1371,0.0071
1790214197409,2685,0.1455,0.0073
1790214197460,2686,0.1364,0.0068
1790214197509,2687,0.1381,0.0065
1790214197560,2688,0.1382,0.0070
1790214197609,2689,0.1356,0.0066
1790214197660,2690,0.1518,0.0071
1790214197710,2691,0.1322,0.0060
1790214197760,2692,0.1335,0.0062
1790214197810,2693,0.1411,0.0070
1790214197860,2694,0.1384,0.0066
1790214197910,2695,0.1531,0.0068
1790214197959,2696,0.1389,0.0070
1790214198009,2697,0.1412,0.0073
1790214198060,2698,0.1390,0.0067
1790214198109,2699,0.1430,0.0068
1790214198159,2700,0.1510,0.0071
1790214198209,2701,0.1406,0.0071
1790214198259,2702,0.1503,0.0072
1790214198309,2703,0.1368,0.0065
1790214198360,2704,0.1383,0.0072
1790214198410,2705,0.1928,0.0076
1790214198459,2706,0.1373,0.0072
1790214198510,2707,0.1356,0.0062
1790214198559,2708,0.1360,0.0070
1790214198610,2709,0.1407,0.0071
1790214198659,2710,0.1558,0.0077
1790214198710,2711,0.1326,0.0069
1790214198759,2712,0.1309,0.0065
1790214198810,2713,0.1370,0.0068
1790214198860,2714,0.1386,0.0071
1790214198910,2715,0.1396,0.0068
1790214198960,2716,0.1353,0.0064
1790214199010,2717,0.1393,0.0071
1790214199059,2718,0.1361,0.0062
1790214199111,2719,0.1479,0.0074
1790214199159,2720,0.1533,0.0064
1790214199209,2721,0.1662,0.0075
1790214199260,2722,0.1437,0.0061
1790214199309,2723,0.1384,0.0063
1790214199359,2724,0.1388,0.0069
1790214199409,2725,0.1819,0.0067
1790214199459,2726,0.4190,0.0071
1790214199509,2727,0.1404,0.0075
1790214199559,2728,0.1401,0.0070
1790214199609,2729,0.1422,0.0069
1790214199659,2730,0.1529,0.0067
1790214199709,2731,0.1473,0.0074
1790214199759,2732,0.1482,0.0070
1790214199810,2733,0.1487,0.0073
1790214199860,2734,0.1420,0.0070
1790214199909,2735,0.1809,0.0077
1790214199960,2736,0.1385,0.0071
1790214200009,2737,0.1444,0.0074
1790214200059,2738,0.1635,0.0071
1790214200109,2739,0.1398,0.0069
1790214200159,2740,0.1509,0.0069
1790214200209,2741,0.1415,0.0067
1790214200260,2742,0.1326,0.0064
1790214200309,2743,0.1358,0.0065
1790214200360,2744,0.1409,0.0063
1790214200410,2745,0.1470,0.0076
1790214200460,2746,0.1396,0.0070
1790214200509,2747,0.1379,0.0066
1790214200560,2748,0.1393,0.0069
1790214200609,2749,0.1405,0.0072
1790214200660,2750,0.1415,0.0068
1790214200709,2751,0.1714,0.0065
1790214200759,2752,0.1500,0.0071
1790214200810,2753,0.1981,0.0078
1790214200859,2754,0.1631,0.0069
1790214200909,2755,0.1884,0.0082
1790214200960,2756,0.1376,0.0070
1790214201010,2757,0.1390,0.0074
1790214201060,2758,0.1366,0.0066
1790214201110,2759,0.1384,0.0071
1790214201160,2760,0.3598,0.0071
1790214201210,2761,0.1402,0.0070
1790214201258,2762,0.1535,0.0073
1790214201309,2763,0.1365,0.0066
1790214201360,2764,0.1357,0.0065
1790214201410,2765,0.1411,0.0066
1790214201459,2766,0.1344,0.0068
1790214201510,2767,0.1348,0.0063
1790214201560,2768,0.1352,0.0067
1790214201610,2769,0.1409,0.0069
1790214201659,2770,0.1451,0.0072
1790214201710,2771,0.1360,0.0068
1790214201760,2772,0.1808,0.0072
1790214201810,2773,0.1940,0.0075
1790214201860,2774,0.1375,0.0070
1790214201909,2775,0.1450,0.0080
1790214201960,2776,0.1420,0.0066
1790214202010,2777,0.1406,0.0072
1790214202059,2778,0.1366,0.0071
1790214202110,2779,0.1499,0.0074
1790214202159,2780,0.1490,0.0063
1790214202210,2781,0.1382,0.0071
1790214202259,2782,0.1379,0.0075
1790214202310,2783,0.1291,0.0060
1790214202359,2784,0.1369,0.0070
1790214202409,2785,0.1379,0.0065
1790214202460,2786,0.1367,0.0070
1790214202510,2787,0.1541,0.0072
1790214202559,2788,0.1367,0.0068
1790214202609,2789,0.1462,0.0070
1790214202659,2790,0.1458,0.0071
1790214202710,2791,0.1400,0.0072
1790214202759,2792,0.1387,0.0067
1790214202809,2793,0.1753,0.0069
1790214202860,2794,0.1383,0.0067
1790214202910,2795,0.1505,0.0082
1790214202959,2796,0.1884,0.0509
1790214203010,2797,0.1534,0.0071
1790214203059,2798,0.1438,0.0073
1790214203109,2799,0.1438,0.0073
1790214203160,2800,0.1502,0.0070
1790214203209,2801,0.1403,0.0068
1790214203260,2802,0.1429,0.0065
1790214203309,2803,0.1393,0.0067
1790214203360,2804,0.1565,0.0067
1790214203409,2805,0.1352,0.0064
1790214203460,2806,0.1407,0.0061
1790214203509,2807,0.1414,0.0068
1790214203559,2808,0.1391,0.0068
1790214203609,2809,0.1377,0.0066
1790214203660,2810,0.1441,0.0073
1790214203710,2811,0.1364,0.0069
1790214203761,2812,0.1396,0.0071
1790214203810,2813,0.1372,0.0070
1790214203860,2814,0.1383,0.0071
1790214203909,2815,0.1398,0.0069
1790214203959,2816,0.1380,0.0065
1790214204009,2817,0.1361,0.0062
1790214204059,2818,0.1401,0.0068
1790214204109,2819,0.1489,0.0072
1790214204159,2820,0.1501,0.0070
1790214204210,2821,0.1912,0.0074
1790214204259,2822,0.1471,0.0076
1790214204309,2823,0.1469,0.0072
1790214204359,2824,0.1383,0.0070
1790214204410,2825,0.1430,0.0068
1790214204459,2826,0.1399,0.0072
1790214204510,2827,0.3404,0.0072
1790214204559,2828,0.1384,0.0070
1790214204610,2829,0.1365,0.0066
1790214204660,2830,0.1432,0.0066
1790214204709,2831,0.1393,0.0071
1790214204759,2832,0.1438,0.0068
1790214205000,2833,0.5341,0.3332
1790214205001,2834,0.2196,0.0197
1790214205001,2835,0.0495,0.0039
1790214205006,2836,5.6258,0.2670
1790214205018,2837,8.7080,0.1169
1790214205060,2838,0.1940,0.0083
1790214205109,2839,0.6095,0.4205
1790214205159,2840,0.1624,0.1455
1790214205209,2841,0.3982,0.0068
1790214205259,2842,0.1402,0.0065
1790214205309,2843,0.1374,0.0064
1790214205359,2844,0.2034,0.0074
1790214205410,2845,0.1410,0.0066
1790214205459,2846,0.1386,0.0067
1790214205510,2847,0.4180,0.2797
1790214205675,2848,115.7538,115.6495
1790214205675,2849,0.1001,0.0050
1790214205675,2850,0.0578,0.0005
1790214205709,2851,0.1509,0.0076
1790214205759,2852,0.1525,0.0083
1790214205810,2853,0.1507,0.0076
1790214205859,2854,0.1516,0.0081
1790214205910,2855,0.1465,0.0075
1790214205959,2856,0.1475,0.0077
1790214206009,2857,0.1615,0.0083
1790214206120,2858,0.2590,0.1405
1790214206120,2859,0.1138,0.0024
1790214206160,2860,0.4542,0.3422
1790214206209,2861,0.1501,0.1142
1790214206259,2862,0.1521,0.0083
1790214206309,2863,0.1421,0.0074
1790214206359,2864,0.4489,0.3003
1790214206409,2865,0.1614,0.1571
1790214206460,2866,0.1495,0.0079
1790214206510,2867,0.1440,0.0077
1790214206559,2868,0.1423,0.0074
1790214206610,2869,0.1935,0.0083
1790214206659,2870,0.4984,0.3055
1790214206741,2871,32.1401,32.1385
1790214206759,2872,0.1706,0.0366
1790214206809,2873,0.1732,0.0383
1790214206860,2874,0.1556,0.0075
1790214206909,2875,0.1908,0.0127
1790214206959,2876,0.1372,0.0072
1790214207010,2877,0.1390,0.0073
1790214207059,2878,0.1422,0.0073
1790214207109,2879,0.1506,0.0124
1790214207166,2880,0.3179,0.1621
1790214207210,2881,0.1752,0.1900
1790214207259,2882,0.4719,0.3331
1790214207310,2883,0.1464,0.1499
1790214207359,2884,0.1404,0.0070
1790214207409,2885,0.1444,0.0069
1790214207459,2886,0.3345,0.2068
1790214207510,2887,0.1498,0.1003
1790214207559,2888,0.1509,0.0080
1790214207610,2889,0.1421,0.0072
1790214207660,2890,0.1447,0.0073
1790214207709,2891,0.5385,0.3669
1790214207789,2892,29.8434,30.1068
1790214207809,2893,0.1394,0.0072
1790214207859,2894,0.1425,0.0100
1790214207909,2895,0.1567,0.0079
1790214207960,2896,0.1373,0.0072
1790214208010,2897,0.1582,0.0083
1790214208059,2898,0.1391,0.0093
1790214208110,2899,0.1408,0.0069
1790214208159,2900,0.1536,0.0091
1790214208209,2901,0.2803,0.1338
1790214208260,2902,0.1644,0.1079
1790214208309,2903,0.2138,0.1129
1790214208360,2904,0.1131,0.1707
1790214208409,2905,0.1057,0.0049
1790214208460,2906,0.1172,0.0047
1790214208509,2907,0.2423,0.1369
1790214208560,2908,0.3862,0.3695
1790214208610,2909,0.1448,0.0093
1790214208659,2910,0.1557,0.0073
1790214208710,2911,0.1393,0.0072
1790214208759,2912,0.3150,0.1713
1790214208836,2913,26.7046,26.9932
1790214208859,2914,0.1405,0.0068
1790214208909,2915,0.1695,0.0358
1790214208960,2916,0.1641,0.0351
1790214209009,2917,0.1634,0.0325
1790214209059,2918,0.1346,0.0058
1790214209110,2919,0.1361,0.0068
1790214209159,2920,0.1644,0.0095
1790214209209,2921,0.1388,0.0074
1790214209260,2922,0.2355,0.0910
1790214209309,2923,0.1872,0.0803
1790214209359,2924,0.2835,0.1524
1790214209410,2925,0.1428,0.1206
1790214209459,2926,0.1542,0.0102
1790214209510,2927,0.3605,0.0070
1790214209560,2928,0.3039,0.1699
1790214209609,2929,0.1324,0.2777
1790214209660,2930,0.1509,0.0098
1790214209709,2931,0.1437,0.0074
1790214209760,2932,0.2032,0.1129
1790214209836,2933,26.1110,26.1320
1790214209859,2934,0.1364,0.0068
1790214209909,2935,0.1426,0.0073
1790214209959,2936,0.1408,0.0095
1790214210009,2937,0.1406,0.0071
1790214210060,2938,0.1378,0.0070
1790214210110,2939,0.1419,0.0075
1790214210159,2940,0.1537,0.0074
1790214210210,2941,0.1486,0.0095
1790214210260,2942,0.1437,0.0077
1790214210310,2943,0.2532,0.1038
1790214210360,2944,0.2226,0.0718
1790214210409,2945,0.3053,0.1513
1790214210459,2946,0.2339,0.1322
1790214210510,2947,0.1583,0.0092
1790214210560,2948,0.1411,0.0076
1790214210609,2949,0.2914,0.1583
1790214210659,2950,0.1417,0.0794
1790214210709,2951,0.1390,0.0093
1790214210759,2952,0.1376,0.0073
1790214210809,2953,0.3252,0.1859
1790214210884,2954,24.6192,24.5680
1790214210910,2955,0.1382,0.0080
1790214210959,2956,0.1439,0.0087
1790214211009,2957,0.1644,0.0115
1790214211059,2958,0.1391,0.0081
1790214211109,2959,0.1399,0.0081
1790214211160,2960,0.1566,0.0085
1790214211209,2961,0.1400,0.0083
1790214211259,2962,0.1491,0.0106
1790214211309,2963,0.1393,0.0083
1790214211359,2964,0.3716,0.1925
1790214211409,2965,0.1640,0.0799
1790214211459,2966,0.3047,0.1707
1790214211509,2967,0.1374,0.0794
1790214211559,2968,0.1521,0.0110
1790214211610,2969,0.1407,0.0083
1790214211659,2970,0.2700,0.1311
1790214211710,2971,0.1433,0.0941
1790214211760,2972,0.1664,0.0089
1790214211810,2973,0.1452,0.0084
1790214211859,2974,0.2834,0.1518
1790214211941,2975,31.4986,31.4084
1790214211959,2976,0.2290,0.0095
1790214212010,2977,0.1513,0.0090
1790214212059,2978,0.1439,0.0111
1790214212109,2979,0.1531,0.0097
1790214212159,2980,0.1550,0.0080
1790214212209,2981,0.1412,0.0084
1790214212259,2982,0.1529,0.0088
1790214212310,2983,0.1474,0.0107
1790214212383,2984,0.1895,0.0808
1790214212410,2985,0.1637,0.0676
1790214212459,2986,0.2732,0.1427
1790214212510,2987,0.1459,0.0769
1790214212559,2988,0.1384,0.0082
1790214212609,2989,0.1420,0.0107
1790214212659,2990,0.3193,0.1808
1790214212710,2991,0.1400,0.1641
1790214212759,2992,0.1434,0.0114
1790214212809,2993,0.1460,0.0090
1790214212859,2994,0.1413,0.0080
1790214212909,2995,0.2949,0.1642
1790214212984,2996,25.7328,25.8126
1790214213010,2997,0.1885,0.0096
1790214213060,2998,0.1462,0.0113
1790214213110,2999,0.1430,0.0084
1790214213160,3000,0.1510,0.0081
1790214213210,3001,0.1462,0.0090
1790214213259,3002,0.1416,0.0080
1790214213309,3003,0.1900,0.0100
1790214213359,3004,0.1444,0.0104
1790214213422,3005,0.3760,0.0828
1790214213459,3006,0.1630,0.1041
1790214213510,3007,0.2943,0.1655
1790214213560,3008,0.1477,0.0733
1790214213609,3009,0.1411,0.0082
1790214213659,3010,0.1913,0.0540
1790214213709,3011,0.2445,0.1148
1790214213759,3012,0.1398,0.0955
1790214213810,3013,0.1428,0.0105
1790214213859,3014,0.1404,0.0085
1790214213909,3015,0.1411,0.0080
1790214213960,3016,0.3008,0.1453
1790214214033,3017,24.5557,24.6612
1790214214059,3018,0.1471,0.0155
1790214214110,3019,0.1405,0.0106
1790214214160,3020,0.1574,0.0088
1790214214209,3021,0.1382,0.0078
1790214214259,3022,0.1401,0.0082
1790214214309,3023,0.1378,0.0089
1790214214359,3024,0.1397,0.0104
1790214214409,3025,0.1429,0.0078
1790214214462,3026,0.2345,0.0939
1790214214509,3027,0.1587,0.0851
1790214214560,3028,0.4943,0.1100
1790214214610,3029,0.1465,0.0766
1790214214659,3030,0.1453,0.0098
1790214214710,3031,0.1430,0.0091
1790214214759,3032,0.2485,0.1200
1790214214809,3033,0.1431,0.0586
1790214214860,3034,0.1915,0.0106
1790214214909,3035,0.1380,0.0081
1790214214959,3036,0.1360,0.0079
1790214215011,3037,3.3465,0.1107
1790214215087,3038,28.7357,27.6450
1790214215109,3039,0.1778,0.0087
1790214215159,3040,0.1567,0.0137
1790214215209,3041,0.1417,0.0097
1790214215259,3042,0.1441,0.0091
1790214215310,3043,0.1420,0.0083
1790214215359,3044,0.1487,0.0083
1790214215410,3045,0.1497,0.0103
1790214215459,3046,0.1381,0.0080
1790214215509,3047,0.1964,0.0826
1790214215559,3048,0.1667,0.0775
1790214215609,3049,0.3190,0.1686
1790214215659,3050,0.1522,0.0803
1790214215710,3051,0.1818,0.0113
1790214215759,3052,0.1534,0.0093
1790214215809,3053,0.2516,0.1224
1790214215859,3054,0.1536,0.0801
1790214215910,3055,0.1469,0.0102
1790214215960,3056,0.1478,0.0087
1790214216010,3057,0.1632,0.0090
1790214216059,3058,0.3032,0.1636
1790214216139,3059,29.8958,30.0160
1790214216160,3060,0.2966,0.2035
1790214216209,3061,0.1558,0.0872
1790214216260,3062,0.1544,0.0090
1790214216309,3063,0.1434,0.0083
1790214216359,3064,0.2781,0.1480
1790214216410,3065,0.1464,0.0843
1790214216459,3066,0.1463,0.0097
1790214216509,3067,0.1373,0.0079
1790214216560,3068,0.2883,0.1438
1790214216637,3069,27.8132,27.7216
1790214216659,3070,0.2512,0.1798
1790214216709,3071,0.1403,0.0817
1790214216759,3072,0.1528,0.0135
1790214216809,3073,0.2458,0.0103
1790214216859,3074,0.3624,0.1183
1790214216910,3075,0.1798,0.0912
1790214216959,3076,0.1457,0.0105
1790214217009,3077,0.1414,0.0080
1790214217060,3078,0.2660,0.1348
1790214217137,3079,28.0158,27.9332
1790214217159,3080,0.3450,0.2500
1790214217210,3081,0.1506,0.0802
1790214217259,3082,0.1455,0.0110
1790214217310,3083,0.1522,0.0088
1790214217359,3084,0.2877,0.1478
1790214217410,3085,0.1432,0.0906
1790214217459,3086,0.1474,0.0081
1790214217510,3087,0.1509,0.0109
1790214217559,3088,0.3664,0.2088
1790214217634,3089,24.4984,24.3618
1790214217659,3090,0.2257,0.2431
1790214217709,3091,0.1341,0.0705
1790214217760,3092,0.1303,0.0101
1790214217809,3093,0.1685,0.0397
1790214217859,3094,0.2783,0.1450
1790214217909,3095,0.1565,0.1142
1790214217960,3096,0.1560,0.0091
1790214218009,3097,0.1756,0.0305
1790214218060,3098,0.3055,0.1643
1790214218135,3099,25.3833,25.3120
1790214218160,3100,0.2749,0.1942
1790214218210,3101,0.1420,0.1618
1790214218259,3102,0.1544,0.0120
1790214218309,3103,0.1410,0.0078
1790214218359,3104,0.2078,0.1002
1790214218409,3105,0.1209,0.0713
1790214218460,3106,0.1139,0.0066
1790214218509,3107,0.1115,0.0085
1790214218559,3108,0.2391,0.1056
1790214218633,3109,24.0191,23.9411
1790214218659,3110,0.1838,0.1144
1790214218709,3111,0.1327,0.0463
1790214218759,3112,0.1046,0.0101
1790214218809,3113,0.1170,0.0073
1790214218860,3114,0.2909,0.1626
1790214218910,3115,0.1225,0.0573
1790214218959,3116,0.1179,0.0064
1790214219009,3117,0.0972,0.0078
1790214219060,3118,0.1301,0.0068
1790214219109,3119,0.3618,0.1963
1790214219188,3120,27.3233,27.4266
1790214219210,3121,0.2180,0.1405
1790214219259,3122,0.1978,0.0672
1790214219309,3123,0.1405,0.0086
1790214219359,3124,0.1451,0.0115
1790214219409,3125,0.2328,0.0987
1790214219459,3126,0.1409,0.0641
1790214219510,3127,0.1448,0.0105
1790214219560,3128,0.0992,0.0063
1790214219609,3129,0.4347,0.1202
1790214219686,3130,26.8236,26.7342
1790214219709,3131,0.2359,0.1544
1790214219759,3132,0.1567,0.0660
1790214219809,3133,0.6748,0.5359
1790214219859,3134,0.7412,0.6099
1790214219909,3135,0.2365,0.0952
1790214219959,3136,0.1540,0.0601
1790214220009,3137,0.1498,0.0110
1790214220060,3138,0.1393,0.0082
1790214220109,3139,0.2542,0.1172
1790214220185,3140,26.3275,26.2175
1790214220209,3141,0.2002,0.1108
1790214220259,3142,0.1417,0.0529
1790214220309,3143,0.1431,0.0112
1790214220359,3144,0.1503,0.0111
1790214220410,3145,0.2308,0.0951
1790214220459,3146,0.1420,0.0671
1790214220510,3147,0.1749,0.0109
1790214220561,3148,0.1468,0.0090
1790214220609,3149,0.2460,0.0970
1790214220686,3150,27.2753,27.1757
1790214220709,3151,0.2223,0.1447
1790214220759,3152,0.1433,0.0713
1790214220810,3153,0.1566,0.0111
1790214220859,3154,0.1491,0.0109
1790214220909,3155,0.2285,0.0926
1790214220960,3156,0.1402,0.0669
1790214221010,3157,0.1361,0.0081
1790214221059,3158,0.1519,0.0110
1790214221109,3159,0.2177,0.0884
1790214221184,3160,25.6948,25.5853
1790214221209,3161,0.2425,0.1635
1790214221259,3162,0.1542,0.0700
1790214221309,3163,0.1483,0.0122
1790214221359,3164,0.1411,0.0082
1790214221409,3165,0.2280,0.0932
1790214221459,3166,0.1918,0.0726
1790214221509,3167,0.1298,0.0074
1790214221560,3168,0.1203,0.0084
1790214221609,3169,0.2410,0.1059
1790214221684,3170,25.5206,25.4126
1790214221710,3171,0.1961,0.1807
1790214221759,3172,0.1325,0.0498
1790214221810,3173,0.1392,0.0124
1790214221859,3174,0.1369,0.0078
1790214221909,3175,0.2739,0.1410
1790214221959,3176,0.1349,0.0515
1790214222010,3177,0.1465,0.0085
1790214222059,3178,0.1742,0.0109
1790214222109,3179,0.1549,0.0612
1790214222182,3180,24.1354,24.0133
1790214222209,3181,0.2038,0.1246
1790214222259,3182,0.1392,0.0396
1790214222309,3183,0.1565,0.0193
1790214222360,3184,0.1405,0.0083
1790214222409,3185,0.2364,0.1000
1790214222460,3186,0.1466,0.0464
1790214222509,3187,0.1403,0.0083
1790214222559,3188,0.1373,0.0099
1790214222610,3189,0.1394,0.0083
1790214222659,3190,0.2636,0.0927
1790214222734,3191,24.9121,24.9919
1790214222759,3192,0.1872,0.0830
1790214222810,3193,0.1439,0.0414
1790214222859,3194,0.1448,0.0084
1790214222909,3195,0.1505,0.0107
1790214222960,3196,0.2369,0.1049
1790214223009,3197,0.1443,0.0413
1790214223059,3198,0.1465,0.0110
1790214223110,3199,0.1446,0.0082
1790214223159,3200,0.2558,0.1041
1790214223235,3201,25.8093,25.6752
1790214223259,3202,0.2960,0.0852
1790214223309,3203,0.1746,0.0369
1790214223361,3204,0.1426,0.0100
1790214223409,3205,0.1491,0.0108
1790214223460,3206,0.1939,0.0625
1790214223510,3207,0.1417,0.0400
1790214223560,3208,0.1431,0.0108
1790214223610,3209,0.1410,0.0084
1790214223659,3210,0.2390,0.0757
1790214223735,3211,25.8825,25.7666
1790214223760,3212,0.1996,0.1063
1790214223809,3213,0.1432,0.0376
1790214223860,3214,0.1454,0.0115
1790214223910,3215,0.1448,0.0108
1790214223959,3216,0.2268,0.0932
1790214224009,3217,0.1341,0.0403
1790214224059,3218,0.1438,0.0105
1790214224109,3219,0.1532,0.0087
1790214224159,3220,0.2528,0.0820
1790214224235,3221,26.0072,25.8976
1790214224259,3222,0.1820,0.0824
1790214224310,3223,0.1468,0.0355
1790214224359,3224,0.1437,0.0112
1790214224410,3225,0.1297,0.0095
1790214224459,3226,0.1657,0.0572
1790214224509,3227,0.1098,0.0455
1790214224560,3228,0.0865,0.0047
1790214224610,3229,0.2325,0.0068
1790214224659,3230,0.2639,0.1031
1790214224733,3231,23.7010,23.6061
1790214224759,3232,0.1608,0.0750
1790214224810,3233,0.1342,0.0309
1790214224859,3234,0.1537,0.0232
1790214224911,3235,0.1036,0.0064
1790214224959,3236,0.1820,0.0607
1790214225009,3237,0.1242,0.0382
1790214225061,3238,1.0767,0.0071
1790214225110,3239,0.1208,0.0089
1790214225159,3240,0.2145,0.0750
1790214225233,3241,23.9611,23.8326
1790214225260,3242,0.1640,0.0792
1790214225309,3243,0.1237,0.0471
1790214225360,3244,0.1516,0.0100
1790214225409,3245,0.1070,0.0063
1790214225460,3246,0.1648,0.0773
1790214225509,3247,0.1000,0.0410
1790214225559,3248,0.0896,0.0140
1790214225609,3249,0.1067,0.0077
1790214225661,3250,1.0437,0.8776
1790214225737,3251,28.3508,28.2355
1790214225759,3252,0.1728,0.0845
1790214225809,3253,0.1539,0.0522
1790214225860,3254,0.1437,0.0123
1790214225910,3255,0.1161,0.0065
1790214225960,3256,0.1508,0.0540
1790214226009,3257,0.1048,0.0450
1790214226060,3258,0.1223,0.0067
1790214226110,3259,0.1562,0.0114
1790214226161,3260,0.1972,0.0560
1790214226234,3261,25.8245,25.6997
1790214226260,3262,0.1821,0.0849
1790214226309,3263,0.1005,0.0291
1790214226359,3264,0.1381,0.0103
1790214226409,3265,0.1276,0.0074
1790214226459,3266,0.1829,0.0529
1790214226510,3267,0.1267,0.0330
1790214226559,3268,0.0931,0.0058
1790214226609,3269,0.1011,0.0078
1790214226659,3270,0.0964,0.0057
1790214226710,3271,0.2310,0.0942
1790214226785,3272,26.5191,26.6133
1790214226810,3273,0.1879,0.0928
1790214226859,3274,0.1657,0.0599
1790214226909,3275,0.1452,0.0080
1790214226959,3276,0.1079,0.0090
1790214227009,3277,0.1496,0.0508
1790214227060,3278,0.1144,0.0533
1790214227110,3279,0.1077,0.0072
1790214227159,3280,0.1252,0.0063
1790214227209,3281,0.2194,0.0743
1790214227284,3282,25.9752,25.8406
1790214227309,3283,0.1613,0.0622
1790214227359,3284,0.1474,0.0268
1790214227409,3285,0.1127,0.0089
1790214227459,3286,0.1366,0.0105
1790214227509,3287,0.1618,0.0504
1790214227559,3288,0.1083,0.0303
1790214227610,3289,0.1058,0.0081
1790214227659,3290,0.0980,0.0053
1790214227709,3291,0.1918,0.0635
1790214227786,3292,27.4763,27.3955
1790214227809,3293,0.1754,0.0638
1790214227860,3294,0.1441,0.0321
1790214227909,3295,0.1354,0.0096
1790214227959,3296,0.1034,0.0078
1790214228010,3297,0.1909,0.0529
1790214228059,3298,0.1327,0.0320
1790214228109,3299,0.1213,0.0090
1790214228160,3300,0.1399,0.0073
1790214228210,3301,0.2580,0.0652
1790214228287,3302,27.1787,27.0791
1790214228309,3303,0.1751,0.0706
1790214228359,3304,0.1435,0.0393
1790214228409,3305,0.1529,0.0107
1790214228459,3306,0.1308,0.0099
1790214228510,3307,0.1760,0.0671
1790214228559,3308,0.1408,0.0331
1790214228609,3309,0.1253,0.0078
1790214228659,3310,0.1280,0.0086
1790214228710,3311,0.1849,0.0553
1790214228784,3312,25.9153,25.8345
1790214228809,3313,0.1946,0.0926
1790214228860,3314,0.1395,0.0363
1790214228909,3315,0.1174,0.0093
1790214228959,3316,0.1053,0.0062
1790214229009,3317,0.1544,0.0498
1790214229059,3318,0.1073,0.0390
1790214229109,3319,0.1440,0.0086
1790214229159,3320,0.1520,0.0104
1790214229209,3321,0.1355,0.0079
1790214229259,3322,0.2127,0.0641
1790214229336,3323,26.8084,26.9389
1790214229359,3324,0.1645,0.0576
1790214229409,3325,0.1452,0.0292
1790214229459,3326,0.1061,0.0059
1790214229509,3327,0.0981,0.0079
1790214229560,3328,0.1330,0.0444
1790214229609,3329,0.1110,0.0305
1790214229659,3330,0.3420,0.0111
1790214229709,3331,0.1482,0.0090
1790214229760,3332,0.1996,0.0613
1790214229836,3333,26.7958,26.6767
1790214229859,3334,0.2068,0.0590
1790214229909,3335,0.1218,0.0265
1790214229959,3336,0.1042,0.0071
1790214230010,3337,0.1099,0.0082
1790214230060,3338,0.1386,0.0448
1790214230109,3339,0.1072,0.0303
1790214230160,3340,0.1402,0.0085
1790214230209,3341,0.1306,0.0076
1790214230260,3342,0.2090,0.0558
1790214230335,3343,26.0441,25.9710
1790214230359,3344,0.1655,0.0646
1790214230410,3345,0.1458,0.0326
1790214230460,3346,0.1269,0.0099
1790214230509,3347,0.1337,0.0096
1790214230559,3348,0.1504,0.0490
1790214230610,3349,0.0948,0.0305
1790214230659,3350,0.1367,0.0095
1790214230709,3351,0.1330,0.0165
1790214230760,3352,0.2112,0.0681
1790214230836,3353,28.1232,27.9970
1790214230860,3354,0.1731,0.0703
1790214230909,3355,0.1450,0.0291
1790214230960,3356,0.1203,0.0085
1790214231009,3357,0.1125,0.0082
1790214231059,3358,0.1585,0.0486
1790214231110,3359,0.1207,0.0312
1790214231160,3360,0.1780,0.0179
1790214231209,3361,0.8435,0.7217
1790214231259,3362,0.1637,0.0485
1790214231337,3363,27.4791,27.3676
1790214231359,3364,0.1641,0.0593
1790214231409,3365,0.1042,0.0250
1790214231460,3366,0.1363,0.0112
1790214231509,3367,0.1444,0.0087
1790214231559,3368,0.1782,0.0526
1790214231609,3369,0.1255,0.0324
1790214231659,3370,0.1161,0.0055
1790214231709,3371,0.1391,0.0102
1790214231759,3372,0.1815,0.0517
1790214231838,3373,28.7274,28.6124
1790214231859,3374,0.1724,0.0698
1790214231909,3375,0.1432,0.0353
1790214231959,3376,0.1148,0.0091
1790214232009,3377,0.2075,0.0090
1790214232060,3378,0.1843,0.0529
1790214232109,3379,0.1528,0.0491
1790214232159,3380,0.1641,0.0086
1790214232210,3381,0.1459,0.0103
1790214232260,3382,0.1733,0.0504
1790214232335,3383,26.9005,26.8043
1790214232359,3384,0.1651,0.0562
1790214232410,3385,0.1366,0.0269
1790214232459,3386,0.1398,0.0115
1790214232509,3387,0.1223,0.0065
1790214232559,3388,0.1407,0.0487
1790214232609,3389,0.1058,0.0367
1790214232660,3390,0.1041,0.0050
1790214232709,3391,0.1289,0.0093
1790214232759,3392,0.1673,0.0478
1790214232837,3393,28.3116,28.1871
1790214232860,3394,0.1663,0.0636
1790214232909,3395,0.1295,0.0256
1790214232960,3396,0.1403,0.0102
1790214233009,3397,0.1482,0.0091
1790214233059,3398,0.1915,0.0542
1790214233109,3399,0.1541,0.0397
1790214233159,3400,0.1583,0.0085
1790214233209,3401,0.1486,0.0109
1790214233260,3402,0.1292,0.0075
1790214233310,3403,0.1655,0.0535
1790214233387,3404,28.7650,28.8944
1790214233409,3405,0.1580,0.0547
1790214233460,3406,0.1370,0.0285
1790214233509,3407,0.1419,0.0079
1790214233560,3408,0.1300,0.0093
1790214233609,3409,0.1577,0.0496
1790214233659,3410,0.0977,0.0348
1790214233710,3411,0.1146,0.0084
1790214233759,3412,0.0947,0.0054
1790214233810,3413,0.2061,0.0708
1790214233887,3414,28.4866,28.3827
1790214233910,3415,0.1649,0.0527
1790214233959,3416,0.1172,0.0255
1790214234009,3417,0.1327,0.0094
1790214234059,3418,0.1344,0.0101
1790214234110,3419,0.1712,0.0489
1790214234159,3420,0.1750,0.0369
1790214234209,3421,0.1406,0.0093
1790214234260,3422,0.1314,0.0076
1790214234309,3423,0.2093,0.0701
1790214234385,3424,27.0548,26.9527
1790214234410,3425,0.1762,0.0591
1790214234460,3426,0.1417,0.0298
1790214234509,3427,0.1421,0.0105
1790214234560,3428,0.1418,0.0099
1790214234609,3429,0.1943,0.0540
1790214234660,3430,0.2724,0.0304
1790214234710,3431,0.1475,0.0096
1790214234759,3432,0.1415,0.0080
1790214234809,3433,0.2029,0.0640
1790214234884,3434,24.9075,24.7831
1790214234910,3435,0.1612,0.0535
1790214234959,3436,0.0953,0.0241
1790214235009,3437,0.1437,0.0114
1790214235059,3438,0.1390,0.0102
1790214235110,3439,1.2658,0.0402
1790214235160,3440,0.1468,0.0371
1790214235210,3441,0.1420,0.0079
1790214235259,3442,0.1408,0.0099
1790214235309,3443,0.1945,0.0604
1790214235386,3444,26.4614,26.3566
1790214235410,3445,0.1701,0.0581
1790214235460,3446,0.2024,0.0292
1790214235510,3447,0.1329,0.0097
1790214235559,3448,0.1069,0.0063
1790214235610,3449,0.1491,0.0538
1790214235659,3450,0.1045,0.0364
1790214235709,3451,0.1281,0.0068
1790214235759,3452,0.1607,0.0095
1790214236285,3453,1.7995,1.0743
1790214236285,3454,0.0793,0.3462
1790214236285,3455,0.1153,0.0999
1790214236285,3456,0.0272,0.0642
1790214236285,3457,0.0152,0.0058
1790214236285,3458,0.0089,0.0005
1790214236285,3459,0.0681,0.0613
1790214236285,3460,0.0231,0.0756
1790214236285,3461,0.0129,0.0058
1790214236287,3462,1.1711,0.0177
1790214236309,3463,0.5765,0.0053
1790214236359,3464,0.1061,0.0087
1790214236409,3465,0.1051,0.0078
1790214236459,3466,0.1001,0.0053
1790214236509,3467,0.2280,0.0965
1790214236559,3468,0.1403,0.1017
1790214236609,3469,0.1575,0.0116
1790214236659,3470,0.3935,0.2550
1790214236709,3471,0.1372,0.0080
1790214236759,3472,0.3852,0.2293
1790214236852,3473,0.2119,0.1139
1790214237256,3474,396.6655,396.6385
1790214237349,3475,93.2816,93.1784
1790214237349,3476,0.0941,0.0065
1790214237349,3477,0.0092,0.0002
1790214237349,3478,0.0069,0.0002
1790214237349,3479,0.0090,0.0019
1790214237349,3480,0.0186,0.0002
1790214237349,3481,0.0065,0.0002
1790214237349,3482,0.0100,0.0008
1790214237349,3483,0.0529,0.0041
1790214237359,3484,0.1188,0.0080
1790214237843,3485,0.7927,0.0579
1790214237843,3486,0.0919,0.0507
1790214237843,3487,0.0363,0.0369
1790214237843,3488,0.0228,0.0515
1790214237843,3489,0.0080,0.0006
1790214237843,3490,0.0088,0.0002
1790214237843,3491,0.0279,0.0212
1790214237844,3492,0.0170,0.0425
1790214237844,3493,0.0535,0.0009
1790214237860,3494,0.1002,0.0038
1790214237909,3495,0.1063,0.0068
1790214237959,3496,0.1225,0.0069
1790214238009,3497,0.1089,0.0087
1790214238060,3498,0.1005,0.0055
1790214238109,3499,0.2009,0.0906
1790214238160,3500,0.1504,0.1352
1790214238209,3501,0.0996,0.0061
1790214238259,3502,0.1412,0.0088
1790214238309,3503,0.0974,0.0059
1790214238359,3504,0.0877,0.0062
1790214238409,3505,0.2444,0.1109
1790214238845,3506,385.6492,385.6043
1790214238934,3507,89.2733,89.1883
1790214239405,3508,0.5414,0.0578
1790214239405,3509,0.0987,0.0555
1790214239405,3510,0.0533,0.0366
1790214239405,3511,0.0126,0.0598
1790214239405,3512,0.0218,0.0142
1790214239405,3513,0.0074,0.0004
1790214239405,3514,0.0256,0.0191
1790214239405,3515,0.0148,0.0403
1790214239405,3516,0.0071,0.0002
1790214239405,3517,0.0064,0.0001
1790214239405,3518,0.0064,0.0001
1790214239406,3519,0.0065,0.0001
1790214239406,3520,0.0151,0.0002
1790214239406,3521,0.0068,0.0001
1790214239406,3522,0.0341,0.0278
1790214239406,3523,0.0105,0.0376
1790214239406,3524,0.0484,0.0002
1790214239410,3525,0.0567,0.0031
1790214239459,3526,0.0661,0.0025
1790214239509,3527,0.0805,0.0056
1790214239559,3528,0.1102,0.0062
1790214239609,3529,0.1264,0.0073
1790214239660,3530,0.2715,0.0057
1790214239709,3531,0.0998,0.0090
1790214239759,3532,0.1376,0.0084
1790214239809,3533,0.1405,0.0079
1790214239860,3534,0.1381,0.0080
1790214239909,3535,0.1389,0.0084
1790214239961,3536,0.1715,0.0785
1790214240384,3537,375.2955,375.2275
1790214240471,3538,87.0018,86.9152
1790214240933,3539,0.5506,0.0570
1790214240933,3540,0.1046,0.0501
1790214240933,3541,0.0413,0.0317
1790214240933,3542,0.0387,0.0287
1790214240933,3543,0.0102,0.0021
1790214240934,3544,0.0113,0.0068
1790214240934,3545,0.0255,0.0173
1790214240934,3546,0.0129,0.0446
1790214240934,3547,0.0070,0.0002
1790214240934,3548,0.0068,0.0004
1790214240934,3549,0.0074,0.0002
1790214240934,3550,0.0080,0.0004
1790214240934,3551,0.0065,0.0002
1790214240934,3552,0.0117,0.0049
1790214240934,3553,0.0240,0.0175
1790214240934,3554,0.0089,0.0366
1790214240934,3555,0.0481,0.0002
1790214240959,3556,0.1010,0.0045
1790214241009,3557,0.1456,0.0063
1790214241059,3558,0.1015,0.0056
1790214241109,3559,0.1361,0.0081
1790214241159,3560,0.1652,0.0077
1790214241209,3561,0.1383,0.0084
1790214241259,3562,0.1434,0.0124
1790214241309,3563,0.1326,0.0062
1790214241359,3564,0.0762,0.0059
1790214241410,3565,0.0768,0.0053
1790214241484,3566,0.1769,0.0810
1790214241880,3567,371.8446,371.7995
1790214241971,3568,90.0548,89.9690
1790214241971,3569,0.1299,0.0413
1790214241971,3570,0.3609,0.3455
1790214241971,3571,0.0239,0.0015
1790214241971,3572,0.0107,0.0001
1790214241971,3573,0.0067,0.0002
1790214241972,3574,0.0066,0.0002
1790214241972,3575,0.0138,0.0058
1790214241972,3576,0.0501,0.0004
1790214242472,3577,0.6663,0.0833
1790214242472,3578,0.0967,0.0542
1790214242472,3579,0.0388,0.0356
1790214242472,3580,0.0251,0.0440
1790214242472,3581,0.0098,0.0008
1790214242472,3582,0.0068,0.0001
1790214242472,3583,0.0292,0.0193
1790214242472,3584,0.0093,0.0392
1790214242472,3585,0.0090,0.0007
1790214242472,3586,0.0476,0.0002
1790214242509,3587,0.0904,0.0041
1790214242559,3588,0.0778,0.0032
1790214242610,3589,0.1176,0.0072
1790214242659,3590,0.1163,0.0068
1790214242709,3591,0.1702,0.0860
1790214242759,3592,0.1080,0.0804
1790214242809,3593,0.1326,0.0116
1790214242860,3594,0.1299,0.0079
1790214242910,3595,0.1342,0.0084
1790214242959,3596,0.0907,0.0059
1790214243018,3597,0.1727,0.0736
1790214243427,3598,368.2740,368.2093
1790214243516,3599,88.6151,88.5244
1790214243516,3600,0.1015,0.0054
1790214243518,3601,0.0623,0.0054
1790214243518,3602,0.0097,0.0002
1790214243518,3603,0.0073,0.0001
1790214243518,3604,0.0065,0.0002
1790214243518,3605,0.0119,0.0026
1790214243518,3606,0.0658,0.0007
1790214243518,3607,0.0549,0.0038
1790214243993,3608,0.8034,0.2546
1790214243993,3609,0.0581,0.0650
1790214243993,3610,0.0614,0.0461
1790214243993,3611,0.0224,0.0353
1790214243993,3612,0.0096,0.0003
1790214243993,3613,0.0068,0.0002
1790214243993,3614,0.0261,0.0180
1790214243993,3615,0.0127,0.0293
1790214243993,3616,0.0644,0.0147
1790214244009,3617,0.0918,0.0061
1790214244059,3618,0.1268,0.0076
1790214244109,3619,0.1438,0.0121
1790214244160,3620,0.1516,0.0087
1790214244209,3621,0.1261,0.0077
1790214244259,3622,0.2509,0.1254
1790214244309,3623,0.1090,0.0922
1790214244359,3624,0.0903,0.0049
1790214244409,3625,0.0879,0.0051
1790214244459,3626,0.0750,0.0043
1790214244544,3627,0.1790,0.0822
1790214244931,3628,372.2866,372.2323
1790214245021,3629,90.3038,90.0645
1790214245021,3630,0.0903,0.0054
1790214245021,3631,0.0118,0.0031
1790214245021,3632,0.0070,0.0002
1790214245021,3633,0.0071,0.0002
1790214245021,3634,0.0068,0.0001
1790214245021,3635,0.0067,0.0002
1790214245021,3636,0.0066,0.0003
1790214245022,3637,0.0488,0.0010
1790214245522,3638,0.5793,0.1184
1790214245522,3639,0.0451,0.0568
1790214245522,3640,0.0660,0.0443
1790214245522,3641,0.0206,0.0335
1790214245522,3642,0.0188,0.0103
1790214245522,3643,0.0076,0.0002
1790214245522,3644,0.0359,0.0263
1790214245523,3645,0.0210,0.0312
1790214245523,3646,0.0374,0.0293
1790214245523,3647,0.6665,0.0016
1790214245560,3648,0.1106,0.0362
1790214245609,3649,0.0920,0.0048
1790214245659,3650,0.2276,0.0946
1790214245710,3651,0.1288,0.0072
1790214245760,3652,0.2275,0.1118
1790214245809,3653,0.1465,0.1471
1790214245860,3654,0.1528,0.0131
1790214245910,3655,0.1189,0.0095
1790214245960,3656,0.1129,0.0070
1790214246009,3657,0.1073,0.0065
1790214246074,3658,0.1784,0.0841
1790214246483,3659,374.4807,374.4237
1790214246572,3660,88.4040,88.3063
1790214246572,3661,0.0907,0.0059
1790214246572,3662,0.0120,0.0030
1790214246572,3663,0.0073,0.0002
1790214246572,3664,0.0066,0.0002
1790214246572,3665,0.0091,0.0001
1790214246572,3666,0.0071,0.0005
1790214246572,3667,0.0071,0.0008
1790214246573,3668,1.1962,0.0117
1790214247062,3669,0.6216,0.0603
1790214247062,3670,0.4265,0.3744
1790214247063,3671,0.0675,0.0445
1790214247063,3672,0.0359,0.0211
1790214247063,3673,0.0128,0.0289
1790214247063,3674,0.0165,0.0084
1790214247063,3675,0.0305,0.0201
1790214247063,3676,0.0217,0.0185
1790214247063,3677,0.0094,0.0123
1790214247063,3678,0.0576,0.0109
1790214247109,3679,0.1399,0.1128
1790214247159,3680,0.3608,0.1508
1790214247210,3681,0.1382,0.0080
1790214247259,3682,0.2892,0.1550
1790214247309,3683,0.2238,0.0926
1790214247359,3684,0.1958,0.1513
1790214247409,3685,0.1020,0.0068
1790214247460,3686,0.1569,0.0611
1790214247509,3687,0.1305,0.0096
1790214247560,3688,0.1789,0.0694
1790214247609,3689,0.2215,0.0936
1790214248032,3690,372.3220,372.2205
1790214248124,3691,92.9351,92.8455
1790214248598,3692,0.5840,0.1277
1790214248598,3693,0.0432,0.0616
1790214248598,3694,0.0490,0.0395
1790214248598,3695,0.0189,0.0436
1790214248598,3696,0.0171,0.0080
1790214248598,3697,0.0080,0.0008
1790214248598,3698,0.0310,0.0231
1790214248598,3699,0.0172,0.0534
1790214248598,3700,0.0241,0.0057
1790214248598,3701,0.0074,0.0002
1790214248598,3702,0.0100,0.0030
1790214248598,3703,0.0070,0.0002
1790214248598,3704,0.0092,0.0026
1790214248598,3705,0.0079,0.0005
1790214248599,3706,0.0276,0.0210
1790214248599,3707,0.0104,0.0362
1790214248599,3708,0.0532,0.0046
1790214248609,3709,0.0670,0.0046
1790214248660,3710,0.1683,0.0628
1790214248709,3711,0.1238,0.0092
1790214248759,3712,0.1828,0.0696
1790214248810,3713,0.1390,0.0079
1790214248860,3714,0.1995,0.0744
1790214248909,3715,0.1144,0.0094
1790214248959,3716,0.1777,0.0822
1790214249010,3717,0.1148,0.0071
1790214249059,3718,0.1715,0.0727
1790214249109,3719,0.1306,0.0079
1790214249160,3720,0.2415,0.1004
1790214249577,3721,368.7475,368.6833
1790214249669,3722,91.4130,91.3281
1790214250140,3723,0.7374,0.1385
1790214250140,3724,0.0540,0.0639
1790214250140,3725,0.0405,0.0285
1790214250140,3726,0.0172,0.0584
1790214250140,3727,0.0082,0.0003
1790214250140,3728,0.0075,0.0009
1790214250140,3729,0.0313,0.0216
1790214250141,3730,0.0139,0.0460
1790214250141,3731,0.0074,0.0002
1790214250141,3732,0.0476,0.0408
1790214250141,3733,0.0081,0.0002
1790214250141,3734,0.0169,0.0068
1790214250141,3735,0.0084,0.0003
1790214250141,3736,0.0105,0.0039
1790214250141,3737,0.0276,0.0205
1790214250141,3738,0.0867,0.0777
1790214250141,3739,0.0718,0.0392
1790214250159,3740,0.1075,0.0271
1790214250209,3741,0.0734,0.0041
1790214250260,3742,0.1372,0.0495
1790214250309,3743,0.0960,0.0048
1790214250359,3744,0.1790,0.0692
1790214250409,3745,0.1271,0.0095
1790214250460,3746,0.1567,0.0662
1790214250509,3747,0.0861,0.0051
1790214250559,3748,0.1291,0.0555
1790214250609,3749,0.0811,0.0048
1790214250684,3750,0.2855,0.1868
1790214251074,3751,365.1327,365.1593
1790214251164,3752,89.7894,89.7037
1790214251164,3753,0.0960,0.0122
1790214251164,3754,0.0129,0.0003
1790214251164,3755,0.0097,0.0001
1790214251164,3756,0.0067,0.0001
1790214251164,3757,0.0065,0.0002
1790214251164,3758,0.0070,0.0002
1790214251164,3759,0.0077,0.0007
1790214251164,3760,0.0566,0.0004
1790214251209,3761,0.1286,0.0076
1790214251259,3762,0.1181,0.0076
1790214251310,3763,0.1007,0.0089
1790214251359,3764,0.1235,0.0075
1790214251410,3765,0.1481,0.0122
1790214251459,3766,0.1353,0.0105
1790214251509,3767,0.1405,0.0083
1790214251559,3768,0.1203,0.0075
1790214251609,3769,0.2108,0.0875
1790214251659,3770,0.7696,0.8439
1790214251709,3771,0.1376,0.0081
1790214251760,3772,0.1408,0.0081
1790214251810,3773,0.1452,0.0088
1790214251859,3774,0.1375,0.0087
1790214251909,3775,0.1549,0.0075
1790214251959,3776,0.1052,0.0063
1790214252009,3777,0.1294,0.0107
1790214252059,3778,0.1058,0.0081
1790214252109,3779,0.1207,0.0080
1790214252160,3780,0.1477,0.0077
1790214252209,3781,0.1088,0.0064
1790214252260,3782,0.1301,0.0076
1790214252310,3783,0.1507,0.0109
1790214252359,3784,0.1382,0.0081
1790214252410,3785,0.1278,0.0069
1790214252459,3786,0.0944,0.0056
1790214252509,3787,0.1246,0.0078
1790214252559,3788,0.1053,0.0066
1790214252610,3789,0.0990,0.0081
1790214252659,3790,0.1310,0.0100
1790214252709,3791,0.1410,0.0100
1790214252760,3792,0.1321,0.0075
1790214252809,3793,0.1368,0.0084
1790214252859,3794,0.1439,0.0090
1790214252909,3795,0.1202,0.0069
1790214252959,3796,0.1026,0.0061
1790214253010,3797,0.1053,0.0080
1790214253060,3798,0.1074,0.0063
1790214253109,3799,0.1212,0.0072
1790214253159,3800,0.1395,0.0072
1790214253209,3801,0.1205,0.0067
1790214253260,3802,0.1162,0.0063
1790214253309,3803,0.0937,0.0058
1790214253360,3804,0.1252,0.0069
1790214253409,3805,0.1338,0.0074
1790214253459,3806,0.1202,0.0068
1790214253509,3807,0.1136,0.0092
1790214253559,3808,0.0897,0.0069
1790214253609,3809,0.0840,0.0064
1790214253659,3810,0.0961,0.0065
1790214253710,3811,0.1403,0.0083
1790214253759,3812,0.1465,0.0096
1790214253809,3813,0.2028,0.0109
1790214253860,3814,0.1442,0.0108
1790214253909,3815,0.1366,0.0081
1790214253959,3816,0.1510,0.0091
1790214254010,3817,0.1165,0.0076
1790214254059,3818,0.1072,0.0063
1790214254110,3819,0.1174,0.0074
1790214254160,3820,0.1391,0.0077
