epoch_ms,online_tick,tick_ms,engine_ms
1790171618060,1,18.4464,0.5050
1790171618109,2,0.7429,0.0310
1790171618156,3,19.8420,0.0293
1790171618193,4,5.3568,0.0263
1790171618243,5,6.2569,0.0371
1790171618295,6,6.5735,0.0278
1790171618342,7,4.9513,0.0262
1790171618395,8,6.8797,0.0380
1790171618438,9,0.7142,0.0266
1790171618595,10,70.0016,0.0272
1790171618600,11,2.1019,0.0293
1790171618603,12,1.1810,0.0155
1790171618655,13,1.9750,0.0294
1790171618706,14,1.3189,0.0266
1790171618738,15,1.8149,0.0288
1790171618789,16,1.6895,0.0315
1790171618841,17,1.6945,0.0296
1790171618888,18,1.9548,0.0298
1790171618939,19,1.7069,0.0286
1790171618993,20,3.8490,0.0310
1790171619041,21,3.7059,0.0325
1790171619090,22,3.5617,0.0326
1790171619141,23,3.8720,0.0327
1790171619190,24,3.3267,0.0275
1790171619244,25,5.9139,0.0383
1790171619293,26,6.7077,0.0355
1790171619342,27,5.2228,0.0288
1790171619393,28,5.6834,0.0310
1790171619445,29,8.0767,0.0347
1790171619492,30,4.6843,0.0327
1790171619542,31,4.0748,0.0291
1790171619593,32,5.1648,0.0308
1790171619653,33,6.9966,0.0416
1790171619693,34,5.6059,0.0317
1790171619742,35,5.2240,0.0307
1790171619794,36,6.9867,0.0321
1790171619843,37,5.2499,0.0340
1790171619894,38,5.5646,0.0310
1790171619942,39,4.4158,0.0373
1790171619991,40,3.8980,0.0291
1790171620040,41,4.2519,0.0311
1790171620090,42,3.0381,0.0281
1790171620141,43,3.1540,0.0344
1790171620191,44,3.7992,0.0322
1790171620241,45,2.9760,0.0289
1790171620290,46,2.8533,0.0294
1790171620340,47,2.7255,0.0255
1790171620391,48,3.0249,0.0278
1790171620442,49,4.2385,0.0347
1790171620489,50,2.3555,0.0360
1790171620539,51,1.2196,0.0272
1790171620589,52,1.5843,0.0279
1790171620639,53,1.2747,0.0276
1790171620687,54,1.1018,0.0272
1790171620739,55,1.0636,0.0270
1790171620788,56,0.9559,0.0276
1790171620839,57,0.9910,0.0276
1790171620888,58,1.0894,0.0263
1790171620938,59,0.9101,0.0258
1790171620988,60,1.0011,0.0268
1790171621038,61,1.0376,0.0278
1790171621089,62,0.9938,0.0270
1790171621139,63,0.9533,0.0291
1790171621188,64,0.8756,0.0281
1790171621238,65,1.0215,0.0257
1790171621287,66,0.9050,0.0250
1790171621338,67,0.9134,0.0250
1790171621388,68,1.0652,0.0276
1790171621439,69,1.4297,0.0278
1790171621489,70,1.3577,0.0270
1790171621539,71,1.1635,0.0314
1790171621587,72,0.9211,0.0272
1790171621639,73,1.2524,0.0289
1790171621689,74,0.9764,0.0269
1790171621741,75,1.3206,0.0872
1790171621789,76,1.0024,0.0382
1790171621838,77,0.8573,0.0261
1790171621888,78,0.9348,0.0390
1790171621938,79,0.8471,0.0256
1790171621989,80,0.9845,0.0307
1790171622038,81,0.9017,0.0264
1790171622088,82,0.8898,0.0278
1790171622139,83,0.8799,0.0589
1790171622188,84,0.8770,0.0276
1790171622238,85,0.8380,0.0327
1790171622289,86,1.0604,0.0292
1790171622338,87,1.1144,0.0266
1790171622388,88,0.9548,0.0273
1790171622439,89,1.0107,0.0292
1790171622487,90,0.8271,0.0270
1790171622538,91,0.8599,0.0273
1790171622588,92,0.7958,0.0259
1790171622638,93,1.0010,0.0376
1790171622688,94,0.8971,0.0305
1790171622738,95,0.8303,0.0268
1790171622788,96,0.8095,0.0243
1790171622838,97,0.7813,0.0231
1790171622887,98,0.8427,0.0253
1790171622938,99,0.8180,0.0277
1790171622988,100,1.0042,0.0313
1790171623038,101,0.8985,0.0255
1790171623088,102,0.9785,0.0300
1790171623139,103,1.0000,0.0272
1790171623188,104,0.9792,0.0275
1790171623238,105,1.0258,0.0303
1790171623288,106,0.8853,0.0297
1790171623338,107,0.8329,0.0262
1790171623387,108,0.9075,0.0262
1790171623439,109,1.1164,0.0285
1790171623489,110,0.9791,0.0290
1790171623538,111,1.1181,0.0354
1790171623589,112,0.8913,0.0283
1790171623637,113,0.9250,0.0307
1790171623689,114,0.9766,0.0289
1790171623737,115,0.9040,0.0269
1790171623788,116,0.8182,0.0260
1790171623838,117,0.8963,0.0252
1790171623888,118,0.7965,0.0257
1790171623937,119,0.8118,0.0272
1790171623989,120,0.9535,0.0264
1790171624037,121,0.8821,0.0250
1790171624088,122,0.9277,0.0295
1790171624138,123,0.8116,0.0272
1790171624188,124,0.8071,0.0336
1790171624238,125,0.8170,0.0280
1790171624289,126,0.9841,0.0353
1790171624339,127,1.2421,0.0377
1790171624389,128,1.3641,0.0568
1790171624439,129,1.2634,0.0383
1790171624488,130,0.9792,0.0258
1790171624538,131,0.8050,0.0262
1790171624588,132,0.8262,0.0259
1790171624638,133,0.8611,0.0250
1790171624688,134,0.9689,0.0262
1790171624739,135,0.8091,0.0202
1790171624788,136,1.1159,0.0251
1790171624838,137,1.0052,0.0259
1790171624889,138,1.0598,0.0275
1790171624938,139,0.9228,0.0272
1790171624989,140,1.0076,0.0288
1790171625038,141,0.8221,0.0240
1790171625088,142,0.9450,0.0275
1790171625138,143,0.8911,0.0250
1790171625188,144,0.9150,0.0224
1790171625237,145,0.9671,0.0257
1790171625289,146,0.9857,0.0219
1790171625339,147,1.1170,0.0266
1790171625389,148,1.2010,0.0255
1790171625439,149,1.1644,0.0235
1790171625489,150,1.0459,0.0229
1790171625538,151,0.7637,0.0222
1790171625589,152,1.0057,0.0238
1790171625639,153,1.2044,0.0255
1790171625688,154,1.3404,0.0282
1790171625739,155,1.0768,0.0347
1790171625789,156,1.2081,0.0298
1790171625838,157,0.9223,0.0283
1790171625889,158,1.0237,0.0274
1790171625938,159,1.1326,0.0274
1790171625989,160,1.0589,0.0294
1790171626039,161,1.0554,0.0275
1790171626089,162,1.1876,0.0330
1790171626138,163,1.0659,0.0276
1790171626187,164,0.8696,0.0241
1790171626238,165,0.7980,0.0275
1790171626287,166,0.7625,0.0249
1790171626338,167,0.8509,0.0333
1790171626388,168,0.8201,0.0267
1790171626438,169,0.7713,0.0246
1790171626487,170,0.7096,0.0306
1790171626538,171,0.6801,0.0212
1790171626588,172,0.6197,0.0190
1790171626637,173,0.8637,0.0268
1790171626688,174,0.8325,0.0279
1790171626738,175,0.8310,0.0274
1790171626787,176,0.7804,0.0245
1790171626838,177,0.6917,0.0250
1790171626888,178,0.6591,0.0220
1790171626938,179,0.5866,0.0197
1790171626988,180,0.8170,0.0256
1790171627038,181,0.7796,0.0237
1790171627088,182,0.8406,0.0257
1790171627138,183,0.8254,0.0251
1790171627188,184,0.6958,0.0245
1790171627237,185,0.5703,0.0189
1790171627288,186,0.6406,0.0223
1790171627337,187,0.5272,0.0171
1790171627388,188,0.8705,0.0268
1790171627438,189,0.9564,0.0287
1790171627488,190,0.8563,0.0270
1790171627537,191,0.7421,0.0272
1790171627588,192,0.6716,0.0354
1790171627637,193,0.7147,0.0331
1790171627687,194,0.6844,0.0246
1790171627738,195,0.7064,0.0286
1790171627787,196,0.6706,0.0265
1790171627838,197,0.6807,0.0251
1790171627887,198,0.8672,0.0320
1790171627938,199,0.8124,0.0265
1790171627987,200,0.7471,0.0277
1790171628038,201,0.7055,0.0256
1790171628087,202,0.7227,0.0265
1790171628138,203,0.8989,0.0275
1790171628189,204,1.2269,0.0259
1790171628237,205,0.6824,0.0230
1790171628288,206,0.6980,0.0245
1790171628338,207,0.7410,0.0232
1790171628387,208,0.7862,0.0259
1790171628438,209,0.9585,0.0269
1790171628488,210,0.7556,0.0263
1790171628537,211,0.9525,0.0287
1790171628588,212,0.6397,0.0248
1790171628637,213,0.6728,0.0228
1790171628687,214,0.8070,0.0258
1790171628739,215,1.1121,0.0316
1790171628788,216,0.7258,0.0249
1790171628837,217,0.6705,0.0252
1790171628889,218,0.6250,0.0245
1790171628938,219,0.7349,0.0264
1790171628988,220,0.7847,0.0267
1790171629038,221,0.9086,0.0301
1790171629088,222,0.8410,0.0270
1790171629138,223,0.7837,0.0255
1790171629188,224,0.7678,0.0283
1790171629238,225,0.6956,0.0248
1790171629288,226,0.7186,0.0274
1790171629338,227,0.6764,0.0256
1790171629388,228,0.7396,0.0260
1790171629438,229,0.8378,0.0287
1790171629487,230,0.7380,0.0255
1790171629538,231,0.7084,0.0258
1790171629588,232,0.7774,0.0328
1790171629638,233,0.6362,0.0245
1790171629688,234,0.6557,0.0259
1790171629738,235,0.6956,0.0251
1790171629788,236,0.8379,0.0304
1790171629838,237,0.7362,0.0244
1790171629888,238,0.6572,0.0253
1790171629937,239,0.5871,0.0229
1790171629988,240,0.7168,0.0261
1790171630037,241,0.7603,0.0265
1790171630088,242,0.7355,0.0265
1790171630138,243,0.6844,0.0262
1790171630188,244,0.6290,0.0242
1790171630238,245,0.6196,0.0229
1790171630287,246,0.6122,0.0225
1790171630338,247,0.6775,0.0249
1790171630388,248,0.7391,0.0257
1790171630439,249,0.8251,0.0289
1790171630488,250,0.8555,0.0393
1790171630538,251,0.6164,0.0241
1790171630588,252,0.7151,0.0243
1790171630637,253,0.5775,0.0280
1790171630689,254,0.6366,0.0252
1790171630738,255,0.7351,0.0360
1790171630788,256,0.8785,0.0387
1790171630838,257,0.8781,0.0262
1790171630888,258,0.7749,0.0266
1790171630938,259,0.5872,0.0245
1790171630987,260,0.8418,0.0266
1790171631038,261,0.6718,0.0262
1790171631088,262,0.6957,0.0260
1790171631138,263,0.7172,0.0275
1790171631188,264,0.7490,0.0269
1790171631237,265,0.8848,0.0251
1790171631288,266,0.8299,0.0257
1790171631337,267,0.6177,0.0242
1790171631388,268,0.6818,0.0254
1790171631437,269,0.7848,0.0270
1790171631487,270,0.7552,0.0280
1790171631537,271,0.6272,0.0253
1790171631588,272,0.6886,0.0258
1790171631638,273,0.7111,0.0254
1790171631688,274,0.6045,0.0259
1790171631738,275,0.6648,0.0269
1790171631788,276,0.6894,0.0256
1790171631837,277,0.6659,0.0255
1790171631888,278,0.6366,0.0234
1790171631938,279,0.5623,0.0222
1790171631988,280,0.7826,0.0277
1790171632038,281,0.7294,0.0278
1790171632088,282,0.6194,0.0249
1790171632138,283,0.7106,0.0258
1790171632188,284,0.6095,0.0233
1790171632239,285,1.0701,0.0250
1790171632288,286,0.8451,0.0253
1790171632338,287,0.6818,0.0261
1790171632388,288,0.7563,0.0273
1790171632439,289,0.7396,0.0281
1790171632488,290,0.7014,0.0271
1790171632537,291,0.6559,0.0236
1790171632588,292,0.6154,0.0239
1790171632638,293,0.6220,0.0258
1790171632688,294,0.5990,0.0233
1790171632737,295,0.6575,0.0252
1790171632788,296,0.6588,0.0254
1790171632838,297,0.7971,0.0283
1790171632888,298,0.6638,0.0255
1790171632938,299,0.4982,0.0177
1790171632988,300,0.7915,0.0274
1790171633037,301,0.6595,0.0249
1790171633088,302,0.6784,0.0250
1790171633138,303,0.6219,0.0240
1790171633188,304,0.6287,0.0232
1790171633238,305,0.5285,0.0196
1790171633288,306,0.5008,0.0184
1790171633338,307,0.5212,0.0194
1790171633388,308,0.6801,0.0251
1790171633438,309,0.8934,0.0252
1790171633488,310,0.6113,0.0238
1790171633538,311,0.7161,0.0218
1790171633588,312,1.2711,0.0456
1790171633638,313,0.7883,0.0341
1790171633691,314,1.1824,0.0478
1790171633738,315,0.8478,0.0298
1790171633788,316,0.7262,0.0272
1790171633838,317,0.6939,0.0254
1790171633887,318,0.6311,0.0214
1790171635386,319,5.1233,0.0454
1790171635397,320,10.2674,9.6105
1790171635398,321,0.9269,0.0287
1790171635399,322,0.5823,0.0235
1790171635399,323,0.2902,0.0101
1790171635400,324,0.6529,0.3926
1790171635400,325,0.2197,0.0093
1790171635401,326,0.2388,0.0092
1790171635401,327,0.1810,0.0075
1790171635401,328,0.5148,0.3733
1790171635402,329,0.3429,0.0088
1790171635402,330,0.2923,0.0093
1790171635402,331,0.2425,0.0095
1790171635403,332,0.7361,0.5097
1790171635403,333,0.2268,0.0115
1790171635403,334,0.2254,0.0097
1790171635403,335,0.3050,0.0096
1790171635404,336,0.6187,0.3201
1790171635404,337,0.2466,0.0158
1790171635405,338,0.2684,0.0095
1790171635405,339,0.2925,0.0097
1790171635406,340,0.6289,0.2717
1790171635406,341,0.2280,0.0093
1790171635406,342,0.1513,0.0070
1790171635406,343,0.1565,0.0064
1790171635407,344,0.8799,0.7429
1790171635407,345,0.3104,0.0096
1790171635408,346,0.2003,0.0067
1790171635408,347,0.1551,0.0062
1790171635416,348,7.7861,0.3458
1790171635445,349,7.5609,0.0325
1790171635498,350,9.1268,0.0330
1790171635539,351,2.0977,0.0391
1790171635588,352,1.1835,0.4360
1790171635638,353,0.8025,0.0292
1790171635688,354,0.8793,0.0300
1790171635737,355,0.9683,0.0301
1790171635789,356,1.0722,0.2941
1790171635838,357,0.7684,0.0290
1790171635887,358,0.7637,0.0264
1790171635938,359,0.6638,0.0268
1790171635988,360,1.0617,0.2590
1790171636038,361,0.8346,0.0308
1790171636088,362,0.8300,0.0282
1790171636138,363,0.6614,0.0264
1790171636188,364,0.9313,0.3184
1790171636238,365,0.6720,0.0265
1790171636288,366,0.7298,0.0268
1790171636338,367,0.6237,0.0259
1790171636389,368,1.0604,0.3660
1790171636438,369,0.7365,0.0282
1790171636488,370,0.7851,0.0280
1790171636538,371,0.6817,0.0255
1790171636588,372,0.8165,0.1666
1790171636638,373,0.6156,0.0246
1790171636688,374,0.6627,0.0275
1790171636738,375,0.6137,0.0255
1790171636788,376,0.8928,0.1766
1790171636838,377,0.6685,0.0265
1790171636887,378,0.6863,0.0273
1790171636938,379,0.6265,0.0254
1790171636988,380,0.8950,0.2124
1790171637037,381,0.6053,0.0282
1790171637088,382,0.6643,0.0271
1790171637138,383,0.6909,0.0303
1790171637189,384,1.1206,0.2216
1790171637238,385,0.8651,0.0969
1790171637287,386,0.7497,0.0230
1790171637338,387,0.6153,0.0283
1790171637388,388,0.7691,0.1563
1790171637438,389,0.7030,0.0242
1790171637488,390,0.6342,0.0220
1790171637538,391,0.5308,0.0201
1790171637588,392,0.7685,0.1502
1790171637637,393,0.6424,0.0268
1790171637688,394,0.6226,0.0223
1790171637738,395,0.6746,0.0245
1790171637787,396,0.7161,0.1558
1790171637837,397,0.8090,0.0250
1790171637888,398,0.7575,0.0265
1790171637938,399,0.6723,0.0234
1790171637988,400,0.8774,0.1627
1790171638038,401,0.6948,0.0256
1790171638088,402,0.6969,0.0290
1790171638138,403,0.6781,0.0258
1790171638188,404,0.8153,0.2244
1790171638238,405,0.6403,0.0249
1790171638288,406,0.6309,0.0240
1790171638338,407,0.6192,0.0282
1790171638388,408,0.8022,0.1733
1790171638438,409,0.7400,0.0242
1790171638488,410,0.6850,0.0280
1790171638538,411,0.8875,0.0237
1790171638588,412,0.7453,0.1626
1790171638638,413,0.5651,0.0218
1790171638688,414,0.5578,0.0221
1790171638737,415,0.5394,0.0217
1790171638787,416,0.8497,0.1517
1790171638837,417,0.6610,0.0252
1790171638896,418,8.8514,8.0605
1790171638943,419,1.7010,0.0636
1790171638999,420,3.0421,0.0630
1790171639039,421,1.5019,0.0406
1790171639090,422,1.7241,0.0417
1790171639189,423,12.5658,0.0727
1790171639190,424,0.8891,0.0266
1790171639244,425,1.0729,0.0390
1790171639289,426,1.1443,0.0427
1790171639352,427,1.0836,0.0420
1790171639466,428,6.7043,0.0797
1790171639467,429,1.0367,0.0230
1790171639498,430,1.8452,0.0420
1790171639548,431,5.5869,0.0430
1790171639590,432,1.1953,0.0479
1790171639662,433,1.0738,0.0391
1790171639691,434,3.5333,0.0434
1790171639739,435,2.6783,0.0420
1790171639807,436,11.4055,0.0423
1790171639842,437,1.9145,0.0802
1790171639942,438,32.9893,0.0438
1790171639943,439,1.0036,0.0241
1790171639998,440,1.1871,0.0399
1790171640042,441,1.0479,0.0366
1790171640118,442,1.4293,0.0761
1790171640158,443,1.4419,0.0427
1790171640203,444,1.8111,0.0435
1790171640254,445,1.1661,0.0449
1790171640289,446,1.0220,0.0421
1790171640368,447,1.1150,0.0499
1790171640403,448,1.1399,0.0436
1790171640456,449,1.2253,0.0437
1790171640499,450,1.1962,0.0469
1790171640539,451,1.6947,0.0446
1790171640681,452,4.3114,0.1342
1790171640682,453,0.9104,0.0264
1790171640720,454,1.6271,0.0418
1790171640769,455,1.0806,0.0430
1790171640804,456,1.6273,0.0429
1790171640900,457,28.0727,3.9078
1790171640904,458,1.0880,2.7818
1790171640942,459,1.2070,0.0418
1790171640995,460,6.6641,0.2096
1790171641053,461,1.8668,0.0461
1790171641102,462,6.2233,0.0419
1790171641154,463,10.6878,0.0565
1790171641198,464,1.3338,0.1374
1790171641266,465,1.1518,0.0445
1790171641301,466,1.5721,0.0858
1790171641355,467,1.1170,0.0447
1790171641397,468,1.0576,0.0427
1790171641511,469,37.0256,35.6853
1790171641535,470,22.4209,0.0487
1790171641551,471,4.1204,0.0913
1790171641606,472,2.2277,0.0453
1790171641638,473,1.0577,0.0496
1790171641691,474,2.7785,0.0565
1790171641747,475,1.0703,0.0422
1790171641792,476,1.3017,0.2434
1790171641844,477,5.2436,0.0433
1790171641891,478,1.2719,0.0445
1790171641955,479,1.2251,0.0446
1790171642000,480,1.6742,0.1849
1790171642043,481,1.3508,0.0507
1790171642095,482,2.8266,0.0845
1790171642165,483,1.4698,0.0465
1790171642238,484,0.8486,0.0418
1790171642239,485,0.6736,0.0213
1790171642316,486,16.2011,0.0873
1790171642402,487,0.9177,0.0476
1790171642404,488,0.7702,0.0244
1790171642449,489,11.0543,0.0493
1790171642505,490,1.1868,0.0396
1790171642539,491,1.1434,0.0461
1790171642596,492,1.3468,0.2059
1790171642651,493,1.0983,0.0428
1790171642701,494,1.0874,0.0433
1790171642744,495,3.8059,0.0953
1790171642791,496,1.2476,0.2140
1790171642905,497,2.8861,1.8545
1790171642907,498,1.5226,0.0940
1790171642961,499,1.0828,0.0445
1790171643020,500,2.4790,0.0809
1790171643089,501,0.9155,0.0420
1790171643090,502,0.6283,0.0201
1790171643138,503,1.0580,0.0461
1790171643192,504,1.4835,0.4444
1790171643257,505,1.0730,0.0452
1790171643304,506,1.1910,0.0426
1790171643339,507,1.1126,0.0639
1790171643395,508,2.3701,0.3807
1790171643565,509,1.3027,0.0524
1790171643566,510,0.7682,0.0691
1790171643567,511,0.8621,0.0398
1790171643621,512,1.3990,0.2627
1790171643642,513,2.2348,0.1514
1790171643709,514,1.1433,0.0703
1790171643743,515,1.5401,0.0299
1790171643789,516,1.2757,0.2157
1790171643841,517,1.0330,0.0300
1790171643888,518,1.0220,0.0327
1790171643938,519,0.9718,0.0291
1790171643989,520,1.2046,0.1333
1790171644039,521,1.0586,0.0331
1790171644088,522,1.0810,0.0332
1790171644197,523,1.1934,0.0729
1790171644198,524,0.8925,0.1832
1790171644265,525,1.1015,0.0268
1790171644301,526,1.0483,0.0338
1790171644339,527,1.0283,0.0309
1790171644433,528,1.5591,0.2460
1790171644439,529,1.0760,0.0296
1790171644495,530,1.1248,0.0254
1790171644540,531,1.1901,0.0288
1790171644589,532,1.1205,0.1303
1790171644638,533,1.0844,0.0297
1790171644689,534,0.9843,0.0307
1790171644738,535,1.0285,0.0394
1790171644788,536,1.1355,0.2241
1790171644838,537,1.1607,0.0359
1790171644896,538,1.4638,0.0751
1790171644942,539,1.1248,2.2885
1790171644989,540,1.3836,0.1755
1790171645045,541,1.0069,0.0297
1790171645100,542,5.7444,0.0875
1790171645154,543,1.7087,0.0794
1790171645202,544,1.4124,0.3996
1790171645239,545,1.1158,0.0633
1790171645289,546,1.0948,0.0198
1790171645338,547,0.9552,0.0180
1790171645388,548,1.1346,0.1460
1790171645444,549,5.6440,0.0240
1790171645492,550,5.1198,0.0147
1790171645538,551,0.7836,0.0224
1790171645617,552,1.5406,0.2262
1790171645652,553,1.0299,0.0201
1790171645717,554,1.0542,0.0224
1790171645741,555,3.4959,0.0189
1790171645823,556,10.3821,9.3448
1790171645865,557,1.6348,0.3464
1790171645898,558,1.0652,0.0184
1790171645940,559,2.0749,0.0639
1790171645989,560,1.5305,0.1701
1790171646040,561,1.0364,0.0189
1790171646089,562,0.9996,0.0203
1790171646138,563,0.9987,0.0228
1790171646189,564,1.3827,0.1461
1790171646238,565,0.9379,0.0179
1790171646289,566,0.9982,0.0207
1790171646341,567,1.8158,0.0627
1790171646402,568,1.2216,0.1990
1790171646454,569,1.3340,0.0186
1790171646488,570,1.0316,0.0165
1790171646564,571,1.1836,0.0194
1790171646590,572,1.8424,0.2394
1790171646659,573,1.2022,0.0196
1790171646692,574,1.0201,0.0216
1790171646739,575,0.9970,0.0217
1790171646789,576,1.0071,0.1266
1790171646838,577,0.9422,0.0196
1790171646889,578,1.0072,0.0861
1790171646939,579,1.0908,1.2931
1790171646989,580,1.1770,0.1208
1790171647039,581,1.0070,0.0199
1790171647089,582,1.0214,0.0224
1790171647159,583,1.3820,0.0617
1790171647192,584,1.1852,0.1906
1790171647242,585,1.0958,0.0198
1790171647305,586,1.3674,0.0216
1790171647343,587,1.0139,0.0186
1790171647399,588,1.8843,0.2613
1790171647441,589,1.3283,0.0191
1790171647490,590,1.0152,0.0175
1790171647539,591,0.9737,0.0202
1790171647589,592,1.0991,0.1235
1790171647638,593,0.9627,0.0209
1790171647688,594,0.9559,0.0213
1790171647739,595,1.0538,0.0199
1790171647789,596,1.2650,0.2412
1790171647839,597,1.0708,0.0185
1790171647892,598,1.4858,0.0592
1790171647954,599,1.0492,0.0187
1790171647994,600,1.2990,0.1922
1790171648045,601,3.1148,0.0202
1790171648096,602,1.1639,0.0205
1790171648146,603,1.3651,0.0632
1790171648214,604,1.1711,0.2092
1790171648239,605,1.1292,0.0218
1790171648289,606,1.0648,0.0195
1790171648339,607,1.0476,0.0197
1790171648388,608,1.2223,0.1289
1790171648439,609,1.2235,0.0189
1790171648488,610,1.0322,0.0190
1790171648538,611,0.9416,0.0241
1790171648589,612,1.3990,0.1174
1790171648638,613,0.9947,0.0229
1790171648699,614,1.4378,0.0622
1790171648767,615,1.3753,0.0199
1790171648804,616,1.2108,0.2063
1790171648848,617,1.0079,0.0178
1790171648894,618,6.1373,0.0763
1790171648942,619,0.9823,1.4640
1790171649014,620,1.9264,0.2917
1790171649038,621,0.9420,0.0189
1790171649087,622,0.9235,0.0177
1790171649139,623,1.0462,0.0221
1790171649189,624,1.0867,0.1520
1790171649238,625,0.9752,0.0194
1790171649289,626,0.9641,0.0183
1790171649339,627,0.9625,0.0229
1790171649389,628,1.1401,0.1646
1790171649439,629,1.2365,0.0206
1790171649489,630,1.0072,0.0215
1790171649538,631,0.9046,0.0204
1790171649588,632,1.1100,0.1470
1790171649639,633,1.0226,0.0167
1790171649689,634,1.0165,0.0206
1790171649739,635,0.9760,0.0208
1790171649788,636,1.1071,0.1248
1790171649839,637,0.9786,0.0208
1790171649889,638,1.0748,0.1466
1790171649939,639,1.0311,0.0196
1790171649989,640,1.1948,0.1208
1790171650039,641,1.0225,0.0182
1790171650088,642,0.9886,0.0182
1790171650137,643,0.9642,0.0210
1790171650189,644,1.1804,0.2114
1790171650239,645,1.0347,0.0192
1790171650288,646,1.0220,0.0212
1790171650339,647,1.0697,0.0216
1790171650389,648,1.0880,0.1204
1790171650442,649,1.5874,0.0209
1790171650489,650,1.0210,0.0183
1790171650539,651,1.0702,0.0267
1790171650588,652,1.0379,0.1284
1790171650639,653,1.0568,0.0213
1790171650688,654,1.1061,0.0188
1790171650737,655,0.9623,0.0186
1790171650788,656,1.0468,0.1212
1790171650839,657,0.9758,0.0206
1790171650889,658,1.0556,0.0749
1790171650938,659,0.9851,1.0474
1790171650988,660,1.0594,0.1239
1790171651039,661,1.0082,0.0202
1790171651089,662,1.0779,0.0185
1790171651138,663,0.9562,0.0216
1790171651188,664,0.9355,0.1179
1790171651239,665,1.3229,0.0202
1790171651288,666,0.9376,0.0175
1790171651339,667,0.9993,0.0199
1790171651388,668,1.0064,0.1193
1790171651439,669,1.1096,0.0199
1790171651488,670,1.0142,0.0179
1790171651538,671,0.9327,0.0209
1790171651588,672,1.2020,0.1833
1790171651638,673,0.9654,0.0218
1790171651689,674,1.0623,0.0205
1790171651738,675,0.9927,0.0211
1790171651789,676,1.2016,0.1734
1790171651839,677,0.9177,0.0189
1790171651889,678,1.0891,0.1095
1790171651939,679,1.0278,0.0206
1790171651989,680,1.1916,0.1241
1790171652038,681,1.0952,0.0210
1790171652089,682,1.3336,0.0201
1790171652138,683,0.9513,0.0226
1790171652189,684,1.1040,0.1399
1790171652239,685,1.0329,0.0198
1790171652289,686,1.1200,0.0257
1790171652338,687,1.0280,0.0218
1790171652389,688,1.1392,0.1212
1790171652438,689,1.0427,0.0205
1790171652489,690,1.0769,0.0239
1790171652538,691,1.0515,0.0202
1790171652589,692,1.1761,0.1378
1790171652638,693,0.9731,0.0186
1790171652689,694,0.9943,0.0232
1790171652738,695,0.9620,0.0191
1790171652789,696,1.0213,0.1296
1790171652838,697,0.9472,0.0210
1790171652888,698,1.0132,0.0351
1790171652938,699,0.9575,1.1680
1790171652989,700,1.2095,0.1710
1790171653039,701,1.0507,0.0534
1790171653088,702,0.9752,0.0216
1790171653139,703,0.9722,0.0197
1790171653189,704,1.0679,0.1258
1790171653238,705,0.9619,0.0188
1790171653289,706,1.0519,0.0215
1790171653339,707,1.0041,0.0279
1790171653388,708,1.1303,0.1284
1790171653439,709,1.1087,0.0209
1790171653487,710,1.1542,0.0233
1790171653539,711,1.1010,0.0154
1790171653589,712,1.1765,0.1526
1790171653639,713,1.3296,0.0200
1790171653689,714,1.0468,0.0191
1790171653738,715,1.0596,0.0196
1790171653789,716,1.1831,0.1593
1790171653839,717,0.9791,0.0209
1790171653889,718,1.0784,0.1175
1790171653939,719,0.9792,0.0239
1790171653988,720,1.3057,0.1267
1790171654039,721,1.0325,0.0210
1790171654089,722,1.0406,0.0208
1790171654138,723,1.0046,0.0226
1790171654188,724,1.1117,0.1285
1790171654239,725,0.9785,0.0205
1790171654288,726,1.0800,0.0204
1790171654338,727,0.7902,0.0203
1790171654389,728,1.2054,0.1251
1790171654440,729,1.2571,0.0193
1790171654490,730,2.1143,0.0189
1790171654539,731,0.9830,0.0180
1790171654588,732,1.1135,0.1285
1790171654639,733,1.0071,0.0190
1790171654688,734,1.0248,0.0225
1790171654739,735,1.0216,0.0202
1790171654789,736,1.1267,0.1216
1790171654838,737,1.0137,0.0266
1790171654888,738,1.0077,0.0416
1790171654938,739,0.8753,1.3676
1790171654990,740,1.2470,0.1694
1790171655039,741,1.0181,0.0201
1790171655089,742,0.9840,0.0217
1790171655138,743,0.9755,0.0226
1790171655189,744,1.0608,0.1062
1790171655238,745,0.9616,0.0208
1790171655289,746,0.9800,0.0205
1790171655337,747,0.9704,0.0198
1790171655389,748,1.0304,0.1302
1790171655455,749,1.1334,0.0226
1790171655490,750,1.0514,0.0204
1790171655539,751,1.0081,0.0187
1790171655590,752,1.0796,0.1230
1790171655640,753,1.9975,0.0200
1790171655689,754,1.1499,0.0197
1790171655739,755,0.9912,0.0224
1790171655789,756,1.1607,0.1545
1790171655838,757,0.9664,0.0190
1790171655888,758,1.1579,0.1608
1790171655939,759,1.0282,0.0209
1790171655988,760,1.1962,0.1275
1790171656038,761,0.9302,0.0199
1790171656089,762,1.0578,0.0205
1790171656139,763,1.0768,0.0209
1790171656188,764,1.1557,0.1256
1790171656238,765,0.9393,0.0207
1790171656295,766,1.1723,0.0225
1790171656338,767,0.9848,0.0204
1790171656394,768,1.1633,0.1221
1790171656439,769,1.4047,0.0197
1790171656488,770,1.0095,0.0180
1790171656541,771,0.9848,0.0226
1790171656589,772,1.1160,0.1233
1790171656639,773,1.0413,0.0205
1790171656689,774,1.1096,0.0191
1790171656739,775,0.9903,0.0225
1790171656789,776,1.1315,0.3370
1790171656838,777,0.9795,0.2099
1790171656889,778,1.0134,0.0395
1790171656939,779,1.0079,1.1366
1790171656989,780,1.2756,0.1500
1790171657038,781,0.9267,0.0218
1790171657088,782,1.0186,0.0197
1790171657138,783,0.9857,0.0234
1790171657189,784,1.1843,0.1556
1790171657239,785,1.0734,0.0225
1790171657288,786,0.9651,0.0214
1790171657338,787,0.9296,0.0205
1790171657389,788,1.0806,0.1194
1790171657439,789,1.4073,0.0194
1790171657489,790,1.0003,0.0199
1790171657537,791,0.9642,0.0212
1790171657589,792,1.0718,0.1220
1790171657638,793,0.9692,0.0226
1790171657689,794,1.0045,0.0614
1790171657739,795,1.0735,0.0234
1790171657789,796,1.2002,0.1820
1790171657839,797,0.9713,0.0239
1790171657889,798,1.1097,0.0879
1790171657938,799,1.0201,0.0233
1790171657989,800,1.2689,0.1167
1790171658039,801,0.9814,0.0249
1790171658089,802,1.0474,0.0227
1790171658139,803,1.0184,0.0245
1790171658189,804,1.1162,0.1570
1790171658239,805,1.2181,0.0192
1790171658289,806,1.0512,0.0225
1790171658339,807,1.0039,0.0213
1790171658389,808,1.1664,0.1951
1790171658438,809,1.1359,0.4430
1790171658489,810,1.5723,0.0184
1790171658538,811,0.9518,0.0191
1790171658589,812,1.0258,0.1139
1790171658639,813,0.9517,0.0171
1790171658689,814,1.0048,0.0202
1790171658739,815,1.0656,0.0346
1790171658789,816,1.1130,0.6692
1790171658839,817,1.0027,0.4842
1790171658889,818,1.0345,0.0385
1790171658938,819,0.9988,0.8083
1790171658988,820,1.2544,0.1731
1790171659038,821,0.8841,0.0165
1790171659089,822,1.0260,0.0211
1790171659139,823,1.0719,0.0200
1790171659189,824,1.1580,0.1559
1790171659238,825,0.8284,0.0198
1790171659289,826,0.9824,0.0229
1790171659339,827,0.9796,0.0187
1790171659390,828,1.1522,0.1142
1790171659438,829,1.3009,0.0212
1790171659489,830,1.3337,0.0184
1790171659539,831,0.9499,0.0177
1790171659589,832,1.0827,0.1123
1790171659639,833,1.0053,0.0228
1790171659689,834,1.0312,0.0228
1790171659739,835,0.9517,0.0196
1790171659789,836,1.2368,0.1277
1790171659839,837,1.0283,0.0222
1790171659889,838,1.2335,0.6522
1790171659939,839,1.0569,0.0220
1790171659989,840,1.1250,0.1232
1790171660038,841,1.1256,0.0217
1790171660089,842,1.2685,0.0233
1790171660138,843,0.9547,0.4973
1790171660188,844,1.0714,0.1204
1790171660238,845,0.9710,0.5023
1790171660289,846,1.1001,0.0209
1790171660338,847,1.0135,0.0211
1790171660389,848,1.1341,0.3340
1790171660438,849,1.1593,0.2097
1790171660489,850,1.0613,0.0189
1790171660538,851,1.0975,0.0204
1790171660589,852,1.0733,0.1472
1790171660639,853,0.9954,0.0216
1790171660688,854,0.9595,0.2145
1790171660738,855,1.0106,0.0242
1790171660789,856,1.2402,0.1492
1790171660838,857,0.9259,0.5041
1790171660889,858,0.9945,0.2462
1790171660938,859,0.9392,0.9256
1790171660989,860,1.1390,0.1168
1790171661039,861,1.0555,0.0332
1790171661088,862,1.2788,0.0253
1790171661139,863,1.0047,0.0240
1790171661189,864,1.1801,0.1793
1790171661238,865,1.0062,0.0232
1790171661289,866,1.1243,0.0209
1790171661338,867,1.0196,0.0208
1790171661388,868,1.1211,0.1509
1790171661438,869,1.0658,0.0198
1790171661489,870,1.0745,0.0212
1790171661539,871,1.0304,0.0263
1790171661589,872,1.4135,0.1356
1790171661639,873,0.9267,0.0200
1790171661689,874,0.9898,0.0292
1790171661738,875,0.9548,0.0234
1790171661788,876,1.0717,0.1160
1790171661839,877,0.9975,0.0517
1790171661889,878,1.0565,0.5438
1790171661938,879,1.0116,0.0211
1790171661990,880,1.1230,0.1119
1790171662039,881,1.3528,0.0213
1790171662089,882,0.9967,0.0296
1790171662139,883,1.3767,0.4524
1790171662188,884,1.0750,0.1368
1790171662239,885,1.0421,0.5503
1790171662288,886,0.9798,0.0214
1790171662338,887,1.2136,0.0328
1790171662390,888,1.1697,0.5851
1790171662438,889,0.8640,0.5091
1790171662488,890,1.0134,0.0217
1790171662538,891,0.9579,0.0226
1790171662588,892,1.3042,0.1533
1790171662639,893,1.0298,0.0351
1790171662688,894,0.9983,0.4446
1790171662739,895,1.0238,0.0225
1790171662788,896,1.0652,0.1305
1790171662839,897,1.5874,0.5258
1790171662888,898,0.9676,0.5532
1790171662938,899,0.9195,0.6904
1790171662989,900,1.1031,0.1526
1790171663038,901,1.0233,0.0224
1790171663089,902,1.0773,0.0248
1790171663138,903,0.9834,0.0239
1790171663189,904,1.1471,0.1585
1790171663239,905,1.0398,0.0223
1790171663289,906,1.0436,0.0240
1790171663338,907,1.0191,0.0319
1790171663389,908,1.1447,0.1605
1790171663438,909,1.0864,0.0232
1790171663489,910,1.0369,0.0209
1790171663537,911,0.9726,0.0209
1790171663589,912,1.6134,0.1169
1790171663639,913,0.9792,0.0224
1790171663689,914,1.1639,0.0192
1790171663739,915,1.0816,0.0589
1790171663788,916,1.2298,0.1707
1790171663839,917,1.5200,0.0483
1790171663889,918,1.1185,0.6174
1790171663938,919,1.0271,0.0274
1790171663989,920,1.1943,0.1096
1790171664039,921,1.0764,0.0715
1790171664089,922,0.9922,0.0331
1790171664140,923,1.5582,0.5278
1790171664189,924,1.1800,0.1456
1790171664238,925,1.1618,0.4895
1790171664288,926,0.9860,0.0199
1790171664338,927,1.2078,0.0346
1790171664389,928,1.4953,0.6724
1790171664438,929,1.0752,0.4763
1790171664489,930,1.0247,0.0366
1790171664537,931,0.9554,0.0210
1790171664589,932,1.0606,0.1460
1790171664639,933,1.0441,0.0349
1790171664688,934,0.9551,0.4788
1790171664739,935,0.9977,0.0231
1790171664789,936,1.1796,0.2280
1790171664839,937,1.0230,0.5592
1790171664888,938,1.0232,0.4872
1790171664939,939,0.9803,0.7302
1790171664989,940,1.2717,0.1779
1790171665038,941,0.8701,0.0219
1790171665088,942,1.0657,0.0636
1790171665138,943,0.9667,0.0192
1790171665189,944,1.3246,0.2999
1790171665239,945,1.0344,0.0206
1790171665288,946,1.0388,0.0191
1790171665339,947,1.0029,0.0209
1790171665389,948,1.1654,0.1659
1790171665438,949,1.2567,0.0212
1790171665488,950,1.0343,0.0227
1790171665538,951,1.0171,0.0295
1790171665589,952,0.9798,0.1159
1790171665639,953,1.1048,0.0213
1790171665688,954,1.4778,0.0193
1790171665739,955,0.9992,0.0255
1790171665789,956,1.1518,0.1424
1790171665839,957,0.9836,0.0336
1790171665888,958,0.9482,0.5041
1790171665937,959,0.9524,0.0173
1790171665989,960,1.2345,0.1374
1790171666039,961,0.9991,0.0275
1790171666089,962,1.0037,0.0322
1790171666138,963,0.9529,0.0253
1790171666189,964,1.0882,0.6123
1790171666239,965,1.0270,0.5470
1790171666289,966,1.0379,0.4897
1790171666337,967,0.9643,0.0328
1790171666389,968,1.6709,0.5682
1790171666439,969,1.3183,0.4647
1790171666488,970,1.0538,0.5200
1790171666538,971,0.9540,0.0203
1790171666589,972,1.1036,0.3270
1790171666639,973,1.0089,0.0271
1790171666689,974,1.0027,0.0208
1790171666738,975,0.9905,0.0258
1790171666789,976,2.2142,0.1481
1790171666839,977,0.9976,0.0954
1790171666889,978,0.9975,0.5038
1790171666939,979,1.1116,0.6410
1790171666988,980,1.2785,0.1052
1790171667038,981,0.9964,0.0191
1790171667089,982,1.0299,0.0610
1790171667139,983,1.0645,0.0213
1790171667187,984,0.9751,0.1786
1790171667238,985,1.0332,0.0218
1790171667289,986,1.0466,0.0201
1790171667339,987,1.0542,0.0658
1790171667388,988,1.1259,0.1976
1790171667443,989,1.2546,0.0237
1790171667489,990,1.0740,0.0244
1790171667538,991,0.9454,0.0234
1790171667589,992,1.0412,0.0997
1790171667638,993,0.9647,0.0661
1790171667688,994,0.7824,0.0199
1790171667738,995,0.9476,0.0204
1790171667789,996,1.1167,0.1769
1790171667839,997,1.0079,0.0683
1790171667889,998,1.0230,0.5000
1790171667939,999,1.0764,0.0181
1790171667989,1000,1.2108,0.1409
1790171668039,1001,0.9720,0.0198
1790171668088,1002,0.9783,0.8592
1790171668138,1003,0.9788,0.0378
1790171668187,1004,0.8737,0.5241
1790171668238,1005,0.9585,0.4540
1790171668290,1006,1.0175,0.5089
1790171668338,1007,0.9992,0.0259
1790171668388,1008,0.9748,0.1152
1790171668439,1009,1.0577,0.4944
1790171668489,1010,1.0087,0.0208
1790171668539,1011,1.0149,0.0389
1790171668588,1012,1.0264,0.5744
1790171668639,1013,0.9663,0.0190
1790171668688,1014,0.9011,0.0204
1790171668740,1015,2.2285,0.0197
1790171668789,1016,1.3121,0.1303
1790171668839,1017,1.0692,0.0843
1790171668889,1018,1.0972,0.5290
1790171668937,1019,0.9743,0.6015
1790171668989,1020,1.3282,0.1107
1790171669037,1021,0.9226,0.0254
1790171669088,1022,1.0464,0.0601
1790171669139,1023,1.0050,0.0213
1790171669189,1024,1.1477,0.1372
1790171669239,1025,1.0235,0.0212
1790171669289,1026,1.0893,0.0214
1790171669339,1027,1.0020,0.0639
1790171669389,1028,1.0882,0.1405
1790171669438,1029,1.1240,0.0241
1790171669489,1030,1.4172,0.0181
1790171669538,1031,0.7636,0.0228
1790171669589,1032,1.0345,0.5930
1790171669638,1033,0.9976,0.0658
1790171669689,1034,1.0147,0.0244
1790171669739,1035,1.0125,0.4744
1790171669789,1036,1.0823,0.1468
1790171669838,1037,1.0643,0.0619
1790171669889,1038,1.0568,0.0714
1790171669939,1039,1.1032,0.4746
1790171669989,1040,1.2302,0.1004
1790171670038,1041,0.9523,0.0327
1790171670089,1042,0.9703,0.5391
1790171670139,1043,0.9900,0.4348
1790171670189,1044,1.1055,0.6261
1790171670239,1045,1.0290,0.4806
1790171670289,1046,0.9901,0.0217
1790171670338,1047,0.9619,0.0202
1790171670389,1048,1.0460,0.1146
1790171670439,1049,1.1622,0.0237
1790171670492,1050,4.2904,0.0226
1790171670539,1051,1.3221,0.0335
1790171670587,1052,1.1018,0.9786
1790171670638,1053,0.9426,0.0204
1790171670688,1054,0.8412,0.0181
1790171670739,1055,0.9963,0.0248
1790171670789,1056,1.0219,0.0934
1790171670838,1057,1.0112,0.0697
1790171670889,1058,1.0015,0.5034
1790171670938,1059,0.7630,0.5345
1790171670988,1060,1.1878,0.1207
1790171671039,1061,1.0089,0.0209
1790171671089,1062,1.0593,0.0202
1790171671140,1063,2.6525,0.0624
1790171671189,1064,1.0746,0.1243
1790171671238,1065,0.9659,0.0711
1790171671289,1066,1.0598,0.0210
1790171671339,1067,1.0383,0.0623
1790171671388,1068,1.1340,0.1455
1790171671440,1069,1.2152,0.0600
1790171671490,1070,1.1940,0.0229
1790171671539,1071,1.5469,0.0285
1790171671589,1072,1.1779,0.5988
1790171671637,1073,0.9408,0.4755
1790171671689,1074,1.0352,0.0375
1790171671738,1075,0.9779,0.5270
1790171671789,1076,1.4738,0.5242
1790171671838,1077,0.9541,0.0625
1790171671889,1078,1.0252,0.0755
1790171671938,1079,0.9564,0.0230
1790171671989,1080,1.1292,0.1121
1790171672039,1081,1.0118,0.0257
1790171672089,1082,1.0529,0.0341
1790171672139,1083,1.0399,0.5293
1790171672189,1084,1.0854,0.5391
1790171672238,1085,0.7849,0.5119
1790171672288,1086,0.9881,0.0195
1790171672338,1087,0.9527,0.0242
1790171672389,1088,1.0334,0.1024
1790171672439,1089,1.5086,0.0179
1790171672489,1090,1.0304,0.0228
1790171672539,1091,1.0093,0.0581
1790171672589,1092,1.0884,1.0063
1790171672638,1093,0.9418,0.0209
1790171672689,1094,0.9955,0.0245
1790171672739,1095,0.9261,0.0232
1790171672789,1096,1.0713,0.1098
1790171672839,1097,0.9994,0.1059
1790171672888,1098,0.9669,0.5863
1790171672938,1099,0.9366,0.5939
1790171672989,1100,1.1562,0.1468
1790171673039,1101,1.0488,0.1042
1790171673089,1102,1.0404,0.0218
1790171673139,1103,0.9917,0.0606
1790171673189,1104,1.0727,0.1320
1790171673239,1105,1.0267,0.0665
1790171673288,1106,0.9502,0.0214
1790171673337,1107,0.9650,0.0203
1790171673389,1108,1.0501,0.1440
1790171673439,1109,1.0997,0.0216
1790171673489,1110,1.0260,0.0203
1790171673539,1111,1.0266,0.0703
1790171673589,1112,1.1783,0.4991
1790171673639,1113,1.0124,0.5115
1790171673689,1114,0.9779,0.0340
1790171673739,1115,1.1061,0.5739
1790171673788,1116,1.0855,0.5363
1790171673839,1117,1.1153,0.0862
1790171673889,1118,1.0489,0.1030
1790171673938,1119,0.7907,0.0216
1790171673988,1120,1.2449,0.1158
1790171674038,1121,0.9870,0.0256
1790171674089,1122,1.1248,0.0311
1790171674139,1123,0.9737,0.5643
1790171674189,1124,1.1013,0.6794
1790171674239,1125,1.0594,0.6650
1790171674289,1126,1.0425,0.0194
1790171674339,1127,1.1014,0.0185
1790171674389,1128,1.0672,0.1375
1790171674447,1129,1.1873,0.0206
1790171674488,1130,1.0558,0.0207
1790171674538,1131,1.0325,0.0736
1790171674589,1132,1.0517,1.0934
1790171674639,1133,0.9351,0.0211
1790171674688,1134,1.0258,0.0603
1790171674738,1135,1.0882,0.0216
1790171674789,1136,1.0628,0.0931
1790171674839,1137,0.9749,0.0350
1790171674888,1138,0.9397,0.5481
1790171674937,1139,0.7395,0.5693
1790171674989,1140,1.3114,0.1459
1790171675038,1141,0.8819,0.0648
1790171675089,1142,1.0583,0.0673
1790171675138,1143,0.7632,0.0582
1790171675189,1144,1.1501,0.1473
1790171675239,1145,1.0877,0.0246
1790171675288,1146,1.0302,0.0200
1790171675338,1147,0.9387,0.0185
1790171675388,1148,1.1180,0.1175
1790171675441,1149,2.4153,0.0225
1790171675489,1150,1.0299,0.0215
1790171675539,1151,1.0271,0.0696
1790171675588,1152,1.0633,0.5930
1790171675638,1153,0.9881,0.4528
1790171675689,1154,0.9815,0.0338
1790171675737,1155,0.9657,0.5099
1790171675789,1156,1.0411,0.6331
1790171675838,1157,0.9725,0.0661
1790171675888,1158,1.1035,0.0717
1790171675938,1159,0.9663,0.0217
1790171675989,1160,1.1279,0.1046
1790171676051,1161,0.9770,0.0214
1790171676093,1162,1.1483,0.0348
1790171676139,1163,1.0499,0.4459
1790171676188,1164,1.0662,0.5167
1790171676239,1165,1.0141,0.4616
1790171676288,1166,0.9937,0.0258
1790171676339,1167,0.9923,0.0259
1790171676389,1168,1.1038,0.1341
1790171676439,1169,1.0615,0.0216
1790171676489,1170,1.0064,0.0239
1790171676537,1171,0.9707,0.0702
1790171676589,1172,1.0386,1.0420
1790171676639,1173,1.0584,0.0272
1790171676688,1174,1.0243,0.0636
1790171676739,1175,0.9944,0.0624
1790171676789,1176,1.0454,0.1111
1790171676838,1177,0.9631,0.0343
1790171676889,1178,0.9862,0.5034
1790171676938,1179,0.9194,0.6454
1790171676989,1180,1.1012,0.0995
1790171677038,1181,1.0715,0.0232
1790171677089,1182,0.9959,0.0618
1790171677139,1183,1.0132,0.0605
1790171677189,1184,1.1321,0.1714
1790171677237,1185,0.9317,0.0205
1790171677289,1186,1.0077,0.0232
1790171677338,1187,0.9385,0.0198
1790171677389,1188,1.0627,0.1460
1790171677439,1189,1.6419,0.4676
1790171677489,1190,1.0799,0.0192
1790171677538,1191,0.9764,0.0830
1790171677588,1192,1.0783,0.8018
1790171677639,1193,1.2036,0.4492
1790171677690,1194,2.1549,0.0359
1790171677738,1195,0.9663,0.4356
1790171677788,1196,1.0802,0.5768
1790171677838,1197,0.9053,0.0447
1790171677889,1198,1.0048,0.0567
1790171677939,1199,0.9655,0.0192
1790171677989,1200,1.2481,0.0971
1790171678038,1201,0.9829,0.0234
1790171678089,1202,1.0401,0.0339
1790171678140,1203,1.0651,0.5527
1790171678189,1204,1.1820,0.5672
1790171678238,1205,0.9628,0.4924
1790171678288,1206,0.9708,0.0234
1790171678338,1207,0.9616,0.0219
1790171678389,1208,1.0544,0.5762
1790171678438,1209,1.0735,0.0210
1790171678495,1210,1.2601,0.0202
1790171678539,1211,0.9791,0.0640
1790171678589,1212,1.0767,0.5965
1790171678638,1213,0.9672,0.0199
1790171678689,1214,1.2639,0.0533
1790171678740,1215,1.1837,0.0506
1790171678788,1216,1.0890,0.5605
1790171678838,1217,0.9169,0.0239
1790171678889,1218,1.0170,0.0345
1790171678938,1219,0.9195,0.4548
1790171678989,1220,1.3404,0.2037
1790171679038,1221,0.9252,0.0200
1790171679088,1222,1.0026,0.0545
1790171679139,1223,0.9786,0.0546
1790171679189,1224,1.1266,0.2122
1790171679238,1225,0.9505,0.0225
1790171679289,1226,1.0054,0.0232
1790171679338,1227,0.9239,0.0217
1790171679389,1228,1.0491,0.1163
1790171679439,1229,1.0291,0.4363
1790171679489,1230,1.0212,0.0189
1790171679539,1231,0.9697,0.0705
1790171679589,1232,1.1766,0.4966
1790171679638,1233,0.9377,0.4008
1790171679688,1234,1.0348,0.0346
1790171679739,1235,1.0304,0.4609
1790171679788,1236,1.0632,0.6069
1790171679839,1237,0.9750,0.0584
1790171679888,1238,0.9647,0.0584
1790171679939,1239,0.9810,0.0286
1790171679988,1240,1.1379,0.0981
1790171680038,1241,0.8032,0.0189
1790171680088,1242,0.9628,0.0378
1790171680138,1243,1.0156,0.4437
1790171680189,1244,1.0733,0.5595
1790171680238,1245,0.9488,0.4985
1790171680289,1246,0.9674,0.0215
1790171680338,1247,1.0124,0.0372
1790171680389,1248,1.0350,0.5458
1790171680440,1249,0.9121,0.0186
1790171680488,1250,0.9947,0.0177
1790171680539,1251,1.8300,0.0592
1790171680589,1252,1.2766,0.6415
1790171680637,1253,0.8913,0.0224
1790171680689,1254,1.0205,0.0631
1790171680739,1255,1.0051,0.4961
1790171680789,1256,1.0540,0.5946
1790171680838,1257,0.9260,0.0226
1790171680889,1258,0.9503,0.0314
1790171680938,1259,0.9739,0.5677
1790171680989,1260,1.1607,0.1644
1790171681039,1261,1.0327,0.0217
1790171681088,1262,1.0023,0.0522
1790171681139,1263,0.9724,0.0670
1790171681189,1264,1.0853,0.1404
1790171681239,1265,1.0469,0.0210
1790171681288,1266,0.9557,0.0206
1790171681339,1267,0.8003,0.0221
1790171681388,1268,1.2185,0.0935
1790171681439,1269,0.9042,0.4449
1790171681503,1270,1.0611,0.0193
1790171681538,1271,1.0051,0.0611
1790171681588,1272,1.2098,0.7998
1790171681639,1273,1.0160,0.4642
1790171681687,1274,0.9641,0.0271
1790171681738,1275,0.9341,0.4858
1790171681789,1276,1.0997,0.5195
1790171681839,1277,0.9637,0.4640
1790171681887,1278,0.9497,0.0574
1790171681938,1279,0.9396,0.0196
1790171681988,1280,1.1958,0.1342
1790171682039,1281,1.6208,0.0189
1790171682088,1282,1.0192,0.0249
1790171682139,1283,0.9889,0.0297
1790171682189,1284,1.0106,0.5205
1790171682239,1285,1.0621,0.0180
1790171682289,1286,1.3470,0.0271
1790171682339,1287,1.0298,0.4339
1790171682389,1288,1.1218,0.4973
1790171682439,1289,1.1761,0.0219
1790171682489,1290,1.1181,0.0208
1790171682539,1291,1.0070,0.0650
1790171682590,1292,1.0818,0.6495
1790171682639,1293,1.0028,0.0227
1790171682689,1294,1.1136,0.1059
1790171682739,1295,1.0565,0.4915
1790171682789,1296,1.1149,0.5294
1790171682839,1297,1.0307,0.0253
1790171682889,1298,1.0096,0.0264
1790171682939,1299,0.9777,0.0225
1790171682989,1300,1.1246,0.0962
1790171683039,1301,0.9721,0.0209
1790171683089,1302,1.0963,0.0527
1790171683139,1303,0.9926,0.0601
1790171683189,1304,1.1181,0.1248
1790171683238,1305,0.7889,0.0187
1790171683288,1306,0.9508,0.0207
1790171683340,1307,1.1208,0.0490
1790171683389,1308,1.0364,0.1172
1790171683438,1309,1.1784,0.3815
1790171683494,1310,0.9523,0.0238
1790171683540,1311,1.0560,0.0956
1790171683588,1312,0.8592,0.7929
1790171683639,1313,1.9188,0.4715
1790171683688,1314,0.9372,0.0260
1790171683740,1315,1.5296,0.0539
1790171683789,1316,1.0145,0.5420
1790171683839,1317,0.9925,0.4288
1790171683889,1318,1.0767,0.0520
1790171683938,1319,0.9895,0.0222
1790171683989,1320,1.1997,0.1936
1790171684038,1321,0.9453,0.0202
1790171684088,1322,0.9461,0.0204
1790171684139,1323,0.9836,0.0263
1790171684189,1324,1.0273,0.6024
1790171684238,1325,0.9613,0.0227
1790171684288,1326,1.1176,0.0277
1790171684338,1327,0.7581,0.4200
1790171684389,1328,1.1826,0.4774
1790171684440,1329,1.0733,0.0187
1790171684489,1330,0.9691,0.0186
1790171684540,1331,0.9571,0.0538
1790171684589,1332,1.0629,0.5087
1790171684639,1333,0.9971,0.0210
1790171684688,1334,1.0088,0.0591
1790171684739,1335,0.9935,0.4646
1790171684789,1336,1.0413,0.5249
1790171684838,1337,0.9078,0.0243
1790171684889,1338,1.1013,0.0183
1790171684938,1339,0.9971,0.0220
1790171684988,1340,1.2241,0.1086
1790171685039,1341,1.0045,0.0258
1790171685088,1342,1.0565,0.0565
1790171685139,1343,1.2145,0.0553
1790171685189,1344,1.0543,0.1332
1790171685238,1345,1.0088,0.0233
1790171685288,1346,1.0081,0.0215
1790171685338,1347,0.9810,0.0533
1790171685389,1348,1.0738,0.1527
1790171685439,1349,1.5076,0.3924
1790171685489,1350,1.3149,0.0219
1790171685540,1351,1.0429,0.0574
1790171685588,1352,1.0217,0.8229
1790171685639,1353,1.0309,0.5007
1790171685689,1354,1.0967,0.0558
1790171685739,1355,1.0420,0.0610
1790171685789,1356,1.2613,0.5710
1790171685839,1357,0.9624,0.4284
1790171685888,1358,1.0010,0.0534
1790171685939,1359,0.9289,0.0211
1790171685988,1360,1.0875,0.0211
1790171686042,1361,1.0077,0.0212
1790171686088,1362,0.8963,0.0247
1790171686140,1363,0.9974,0.0297
1790171686190,1364,1.0520,0.5798
1790171686238,1365,0.9285,0.0211
1790171686288,1366,1.0510,0.0277
1790171686338,1367,0.9309,0.4185
1790171686389,1368,1.0725,0.4935
1790171686439,1369,1.1433,0.0237
1790171686489,1370,1.0193,0.0197
1790171686539,1371,1.0088,0.0642
1790171686589,1372,1.1068,0.5090
1790171686639,1373,0.7722,0.0211
1790171686689,1374,1.0532,0.0573
1790171686738,1375,0.9449,0.4741
1790171686788,1376,1.2282,0.5656
1790171686838,1377,0.7818,0.0224
1790171686889,1378,1.0015,0.0223
1790171686940,1379,0.9865,0.0210
1790171686991,1380,1.4536,0.0963
1790171687037,1381,0.9613,0.0210
1790171687088,1382,1.0062,0.5379
1790171687138,1383,1.0302,0.0568
1790171687189,1384,1.0693,0.1436
1790171687238,1385,0.9226,0.0217
1790171687288,1386,1.0008,0.0500
1790171687338,1387,0.9905,0.0525
1790171687388,1388,0.8986,0.1080
1790171687440,1389,1.4166,0.4055
1790171687489,1390,0.9943,0.0265
1790171687539,1391,1.0839,0.0571
1790171687589,1392,1.0553,0.7733
1790171687639,1393,0.9574,0.4151
1790171687689,1394,1.1077,0.0725
1790171687738,1395,0.9642,0.0641
1790171687790,1396,1.0004,0.5027
1790171687837,1397,0.8919,0.4559
1790171687889,1398,0.9407,0.0183
1790171687940,1399,1.0674,0.0189
1790171687989,1400,1.0788,0.0911
1790171688038,1401,0.9434,0.0235
1790171688087,1402,1.0177,0.4027
1790171688138,1403,0.9022,0.0307
1790171688187,1404,1.0658,0.5490
1790171688238,1405,0.9434,0.0196
1790171688289,1406,1.0499,0.0288
1790171688337,1407,0.9376,0.4445
1790171688389,1408,1.0619,0.1197
1790171688439,1409,1.1841,0.0198
1790171688487,1410,1.0581,0.0177
1790171688538,1411,0.9613,0.0568
1790171688588,1412,1.1260,0.5318
1790171688639,1413,0.9562,0.0231
1790171688689,1414,1.0236,0.0426
1790171688739,1415,0.9761,0.4609
1790171688789,1416,1.1880,3.4284
1790171688838,1417,0.9243,0.0226
1790171688889,1418,0.9764,0.0219
1790171688939,1419,0.9495,0.0312
1790171688989,1420,1.3712,0.0992
1790171689039,1421,1.0216,0.0405
1790171689087,1422,0.9104,0.4017
1790171689138,1423,0.9295,0.0501
1790171689188,1424,1.0946,0.0936
1790171689239,1425,0.9486,0.0214
1790171689287,1426,0.9585,0.0429
1790171689339,1427,1.0243,0.0466
1790171689388,1428,1.0859,0.1496
1790171689439,1429,1.0976,0.0209
1790171689488,1430,0.9905,0.4443
1790171689538,1431,1.2798,0.0749
1790171689588,1432,1.1202,0.8000
1790171689638,1433,0.9377,0.4073
1790171689688,1434,1.0009,0.0458
1790171689739,1435,0.9351,0.0464
1790171689789,1436,1.1027,0.1114
1790171689838,1437,1.0874,0.4119
1790171689888,1438,0.8852,0.0221
1790171689939,1439,0.8761,0.0230
1790171689988,1440,1.1943,0.0953
1790171690040,1441,1.3621,0.2824
1790171690089,1442,0.9890,0.4573
1790171690138,1443,0.9516,0.0320
1790171690189,1444,1.0707,0.5090
1790171690238,1445,0.9355,0.0231
1790171690288,1446,0.9476,0.0308
1790171690338,1447,0.9964,0.4076
1790171690389,1448,1.0769,0.1182
1790171690438,1449,1.0778,0.0205
1790171690488,1450,0.8684,0.0173
1790171690538,1451,0.9749,0.0586
1790171690589,1452,1.0751,0.5105
1790171690638,1453,0.8825,0.0204
1790171690688,1454,0.9457,0.0331
1790171690739,1455,1.0693,0.4477
1790171690788,1456,1.0273,0.5209
1790171690840,1457,1.0409,0.0210
1790171690887,1458,0.9527,0.0194
1790171690938,1459,0.9509,0.0260
1790171690988,1460,1.1261,0.1256
1790171691040,1461,0.9778,0.0386
1790171691088,1462,0.9456,0.4050
1790171691138,1463,0.8674,0.4728
1790171691188,1464,1.0432,0.0926
1790171691238,1465,0.9128,0.0204
1790171691287,1466,0.9422,0.0472
1790171691338,1467,0.7486,0.0470
1790171691388,1468,1.2566,0.0885
1790171691438,1469,1.0203,0.0421
1790171691490,1470,1.0126,0.4064
1790171691538,1471,1.0311,0.0535
1790171691589,1472,1.0734,0.5241
1790171691638,1473,1.0669,0.4729
1790171691688,1474,0.9672,0.0478
1790171691739,1475,1.0728,0.0518
1790171691789,1476,1.0157,0.1040
1790171691837,1477,0.9220,0.4250
1790171691889,1478,1.0180,0.0223
1790171691937,1479,0.8301,0.0218
1790171691989,1480,1.1840,0.1019
1790171692039,1481,0.9126,0.0521
1790171692089,1482,0.9031,0.4350
1790171692138,1483,0.9718,0.0286
1790171692187,1484,0.8808,0.4400
1790171692238,1485,0.9675,0.0246
1790171692289,1486,0.9202,0.0308
1790171692337,1487,0.9228,0.4211
1790171692389,1488,1.1281,0.1510
1790171692438,1489,0.9889,0.0207
1790171692489,1490,1.1726,0.0569
1790171692539,1491,1.0129,0.0555
1790171692589,1492,1.0324,0.5455
1790171692640,1493,0.9121,0.0183
1790171692688,1494,0.9353,0.0297
1790171692738,1495,0.9228,0.4265
1790171692789,1496,1.0090,0.6731
1790171692839,1497,1.0479,0.0201
1790171692888,1498,0.9534,0.0203
1790171692939,1499,0.8957,0.0242
1790171692989,1500,1.0336,0.1220
1790171693037,1501,0.9367,0.0597
1790171693088,1502,1.0403,0.4613
1790171693140,1503,1.4425,0.4634
1790171693188,1504,1.0445,0.0993
1790171693239,1505,0.9060,0.0224
1790171693288,1506,0.9552,0.0610
1790171693338,1507,0.8830,0.0201
1790171693390,1508,1.0127,0.0983
1790171693438,1509,1.1237,0.0291
1790171693488,1510,0.8025,0.4116
1790171693538,1511,1.0177,0.0634
1790171693589,1512,0.9958,0.4967
1790171693640,1513,0.9876,0.4224
1790171693689,1514,0.9773,0.0498
1790171693738,1515,0.9400,0.0513
1790171693789,1516,1.0043,0.1028
1790171693840,1517,1.1249,0.4928
1790171693889,1518,1.0276,0.0187
1790171693939,1519,0.9122,0.0192
1790171693989,1520,1.1394,0.0991
1790171694040,1521,1.0104,0.0636
1790171694089,1522,0.9753,0.4290
1790171694140,1523,1.0191,0.0292
1790171694189,1524,0.9903,0.5107
1790171694239,1525,0.9874,0.0224
1790171694288,1526,0.9609,0.0326
1790171694339,1527,0.9335,0.5155
1790171694389,1528,1.0326,0.0994
1790171694440,1529,0.9751,0.0445
1790171694489,1530,1.0055,0.0242
1790171694538,1531,0.9282,0.0546
1790171694588,1532,1.0138,0.8676
1790171694639,1533,0.7583,0.0187
1790171694689,1534,0.9781,0.0288
1790171694738,1535,0.9685,0.4340
1790171694789,1536,0.9866,0.5323
1790171694838,1537,0.9076,0.0211
1790171694889,1538,1.0040,0.0229
1790171694939,1539,0.8985,0.0226
1790171694989,1540,1.1060,0.1031
1790171695037,1541,0.9088,0.0507
1790171695089,1542,0.9287,0.4329
1790171695137,1543,0.9443,0.5232
1790171695189,1544,0.9754,0.1261
1790171695239,1545,0.9314,0.0250
1790171695290,1546,0.9483,0.0539
1790171695338,1547,0.9553,0.0204
1790171695389,1548,0.9548,0.1064
1790171695440,1549,1.3808,0.0294
1790171695489,1550,0.9774,0.4469
1790171695538,1551,1.1226,0.0571
1790171695590,1552,1.0657,0.5288
1790171695638,1553,0.9917,0.4589
1790171695689,1554,1.0579,0.0468
1790171695740,1555,0.9934,0.0568
1790171695789,1556,1.1856,0.2054
1790171695840,1557,0.9820,0.4362
1790171695890,1558,0.9850,0.0240
1790171695937,1559,0.9857,0.0227
1790171695990,1560,1.1053,0.1761
1790171696040,1561,1.0214,0.0577
1790171696088,1562,0.9526,0.4327
1790171696138,1563,0.9399,0.0297
1790171696189,1564,1.0886,0.4264
1790171696240,1565,0.9841,0.0201
1790171696288,1566,0.9049,0.0294
1790171696337,1567,0.9308,0.3872
1790171696390,1568,1.0251,0.1977
1790171696438,1569,1.2890,0.0541
1790171696489,1570,0.9032,0.0192
1790171696539,1571,0.9591,0.0496
1790171696588,1572,1.0948,0.5516
1790171696639,1573,0.9041,0.0209
1790171696690,1574,1.0976,0.0264
1790171696740,1575,0.9662,0.3633
1790171696789,1576,1.0646,0.4703
1790171696838,1577,0.9294,0.0196
1790171696890,1578,0.9685,0.0251
1790171696939,1579,0.9207,0.0222
1790171696990,1580,1.1391,0.1315
1790171697039,1581,1.4623,0.0479
1790171697089,1582,1.5755,0.4222
1790171697139,1583,0.9702,0.4578
1790171697190,1584,1.1014,0.1225
1790171697239,1585,0.9171,0.0209
1790171697289,1586,0.9937,0.0498
1790171697339,1587,0.8064,0.0180
1790171697388,1588,1.0661,0.0776
1790171697439,1589,1.0507,0.0369
1790171697487,1590,0.9545,0.3928
1790171697539,1591,0.9931,0.0521
1790171697590,1592,1.0513,0.7206
1790171697638,1593,0.9565,0.4027
1790171697688,1594,0.8953,0.0492
1790171697737,1595,0.7551,0.0456
1790171697788,1596,1.1136,0.5974
1790171697838,1597,0.8992,0.4363
1790171697887,1598,0.7589,0.0167
1790171697937,1599,0.9452,0.0201
1790171697990,1600,1.1878,0.1494
1790171698039,1601,0.9635,0.0518
1790171698090,1602,1.0086,1.0863
1790171698137,1603,0.9295,0.0293
1790171698190,1604,1.0007,0.0766
1790171698238,1605,0.9375,0.0233
1790171698290,1606,1.0341,0.0319
1790171698338,1607,0.9701,0.4661
1790171698388,1608,0.9954,0.0839
1790171698441,1609,1.0367,0.0437
1790171698489,1610,0.9588,0.0290
1790171698539,1611,0.9898,0.0488
1790171698601,1612,1.4507,0.4621
1790171698676,1613,1.0687,0.0192
1790171698693,1614,1.5545,0.0286
1790171698789,1615,10.1191,2.1496
1790171698798,1616,9.2193,1.6910
1790171698848,1617,10.1376,0.1132
1790171698895,1618,8.3293,0.0470
1790171698945,1619,6.8877,0.0611
1790171698997,1620,7.6181,1.0443
1790171699057,1621,14.2306,1.3880
1790171699097,1622,5.1415,1.0393
1790171699141,1623,3.6058,0.6924
1790171699198,1624,11.6201,2.1911
1790171699279,1625,39.3182,0.1186
1790171699293,1626,2.9343,0.1229
1790171699342,1627,3.4816,0.0476
1790171699391,1628,4.5171,0.8316
1790171699441,1629,3.7889,0.0624
1790171699539,1630,41.1334,1.4306
1790171699542,1631,3.4239,0.5083
1790171699609,1632,20.6876,4.4105
1790171699667,1633,27.0567,1.1310
1790171699702,1634,12.6450,0.2061
1790171699749,1635,6.3154,0.1858
1790171699794,1636,6.7666,8.8284
1790171699882,1637,30.4715,0.8181
1790171699897,1638,9.9157,0.0542
1790171699947,1639,10.2658,0.0456
1790171700000,1640,10.3471,1.7058
1790171700070,1641,30.2832,1.8027
1790171700111,1642,3.3898,20.0867
1790171700191,1643,7.6071,0.0494
1790171700201,1644,9.2422,0.4966
1790171700263,1645,26.5727,0.0498
1790171700303,1646,5.6457,2.6511
1790171700342,1647,4.7787,0.1853
1790171700395,1648,3.0960,0.3669
1790171700469,1649,8.2250,0.1599
1790171700509,1650,18.9201,0.0449
1790171700634,1651,54.4436,1.5527
1790171700640,1652,5.2388,2.4661
1790171700643,1653,2.2026,0.0877
1790171700693,1654,2.6245,0.0636
1790171700738,1655,1.8544,4.0247
1790171700799,1656,9.3662,1.6902
1790171700847,1657,7.0792,0.2684
1790171700900,1658,9.8055,0.0806
1790171700988,1659,41.4470,0.7238
1790171700991,1660,2.4683,0.6650
1790171701041,1661,2.9071,0.3109
1790171701107,1662,1.8266,45.9125
1790171701143,1663,1.8141,0.0965
1790171701189,1664,2.4337,0.4051
1790171701240,1665,2.9322,0.0965
1790171701323,1666,8.2723,0.3385
1790171701386,1667,32.2317,0.0204
1790171701404,1668,8.4581,1.3811
1790171701479,1669,26.0169,1.4068
1790171701496,1670,7.3830,0.0199
1790171701560,1671,13.3033,0.2080
1790171701593,1672,4.6662,1.2776
1790171701654,1673,5.0159,12.6489
1790171701719,1674,30.0614,0.0966
1790171701757,1675,19.6362,0.1327
1790171701823,1676,2.8562,36.2055
1790171701849,1677,2.0109,0.0165
1790171701903,1678,6.7397,0.0157
1790171702014,1679,74.0131,2.3364
1790171702017,1680,2.3364,0.4445
1790171702051,1681,7.0961,1.8590
1790171702094,1682,3.5236,17.8555
1790171702141,1683,3.0468,0.0226
1790171702207,1684,5.2597,0.6901
1790171702238,1685,1.8300,0.0309
1790171702291,1686,2.9676,0.0162
1790171702344,1687,1.2097,1.4076
1790171702397,1688,8.7785,0.2292
1790171702448,1689,2.6979,0.5965
1790171702493,1690,1.3268,0.0465
1790171702547,1691,5.6708,0.0820
1790171702591,1692,2.9809,0.2497
1790171702648,1693,2.6709,0.7522
1790171702704,1694,1.2824,0.0363
1790171702753,1695,3.5389,0.7245
1790171702788,1696,1.7136,0.2773
1790171702839,1697,1.2404,0.7220
1790171702890,1698,1.2314,0.0175
1790171702977,1699,1.1576,0.0139
1790171702990,1700,1.6045,0.2314
1790171703039,1701,1.3151,0.1867
1790171703089,1702,1.1140,0.0178
1790171703143,1703,3.1064,1.9815
1790171703260,1704,1.2366,0.1949
1790171703262,1705,1.8458,0.0248
1790171703291,1706,1.4380,0.1311
1790171703350,1707,1.1111,0.0159
1790171703390,1708,1.4755,0.3620
1790171703439,1709,1.2990,0.0173
1790171703488,1710,1.1283,1.6579
1790171703538,1711,1.2271,0.0926
1790171703617,1712,30.3428,0.3685
1790171703657,1713,2.3918,1.2292
1790171703765,1714,33.6977,0.0954
1790171703767,1715,1.1033,0.0766
1790171703802,1716,1.5874,0.3655
1790171703875,1717,11.4520,21.2837
1790171703903,1718,1.1407,0.0159
1790171703942,1719,1.5362,0.0183
1790171703992,1720,1.6437,0.4358
1790171704041,1721,1.0968,1.8091
1790171704087,1722,1.6194,0.5463
1790171704143,1723,1.1613,1.5105
1790171704196,1724,7.1680,0.1960
1790171704240,1725,1.0161,0.0247
1790171704292,1726,1.4358,0.0588
1790171704343,1727,2.9632,1.4419
1790171704391,1728,1.2545,0.2306
1790171704440,1729,3.3428,0.0755
1790171704489,1730,1.0607,0.0156
1790171704538,1731,1.1222,0.0189
1790171704592,1732,1.5286,0.2850
1790171704642,1733,1.1377,0.0176
1790171704689,1734,1.1379,0.6953
1790171704739,1735,1.1110,0.0894
1790171704793,1736,3.2528,1.9543
1790171704843,1737,1.8337,0.8375
1790171704893,1738,2.6128,0.0185
1790171704940,1739,1.1558,0.0164
1790171704989,1740,2.7892,0.2595
1790171705038,1741,1.2327,0.0676
1790171705089,1742,1.3502,0.0299
1790171705138,1743,1.1179,1.3310
1790171705189,1744,1.6649,0.2312
1790171705239,1745,1.1223,0.0721
1790171705289,1746,1.0340,0.0172
1790171705340,1747,1.0846,0.0138
1790171705389,1748,1.2160,0.1839
1790171705441,1749,1.2002,0.0262
1790171705488,1750,1.2907,0.8429
1790171705538,1751,1.0861,0.0159
1790171705589,1752,1.4220,0.1923
1790171705640,1753,1.0625,0.0177
1790171705689,1754,1.1763,0.6588
1790171705738,1755,1.1601,0.0174
1790171705789,1756,1.2925,0.2637
1790171705838,1757,0.9492,0.0144
1790171705889,1758,1.1690,0.6397
1790171705940,1759,1.0410,0.0167
1790171705989,1760,1.8978,0.2376
1790171706039,1761,1.2949,1.0300
1790171706089,1762,1.3978,0.4553
1790171706139,1763,1.0279,0.8401
1790171706189,1764,1.2991,0.9611
1790171706252,1765,10.6671,0.0279
1790171706288,1766,1.0808,0.0191
1790171706339,1767,1.1409,0.6420
1790171706393,1768,1.4240,0.3249
1790171706439,1769,1.3335,0.0278
1790171706489,1770,1.1670,0.0164
1790171706542,1771,4.5001,0.0181
1790171706588,1772,1.3236,4.0317
1790171706642,1773,0.9701,0.0221
1790171706690,1774,1.2120,0.0145
1790171706740,1775,2.4437,0.0616
1790171706789,1776,1.4795,0.4742
1790171706840,1777,1.0755,0.5704
1790171706888,1778,1.0986,0.0264
1790171706939,1779,1.0914,0.0678
1790171706990,1780,1.4321,0.1666
1790171707038,1781,1.1426,0.0757
1790171707090,1782,0.9742,0.0294
1790171707139,1783,1.0677,1.3046
1790171707190,1784,1.3425,0.2559
1790171707240,1785,1.4191,0.0154
1790171707289,1786,1.1601,0.1090
1790171707339,1787,1.1184,0.0200
1790171707388,1788,1.2769,0.2190
1790171707438,1789,1.4773,0.0574
1790171707489,1790,1.2219,0.8194
1790171707540,1791,1.0942,0.0166
1790171707590,1792,1.7023,0.4479
1790171707641,1793,1.1642,0.0450
1790171707688,1794,1.1983,0.7441
1790171707738,1795,0.9328,0.7983
1790171707789,1796,1.2605,0.2217
1790171707840,1797,1.2435,0.0237
1790171707889,1798,1.2257,0.0189
1790171707939,1799,1.0986,0.0188
1790171707988,1800,1.7830,0.6173
1790171708041,1801,1.0496,0.6826
1790171708089,1802,1.1443,0.0803
1790171708140,1803,1.3034,1.8006
1790171708189,1804,1.2680,1.0285
1790171708239,1805,1.0484,0.0172
1790171708289,1806,1.2747,0.0290
1790171708339,1807,1.0155,0.5449
1790171708389,1808,1.3871,0.1678
1790171708439,1809,1.4517,0.0823
1790171708489,1810,1.2004,0.0140
1790171708539,1811,1.0436,0.0303
1790171708589,1812,1.2373,0.8213
1790171708639,1813,0.9945,0.0163
1790171708690,1814,1.0729,0.0194
1790171708738,1815,0.9643,0.0152
1790171708789,1816,1.2041,0.2450
1790171708839,1817,1.0099,0.5813
1790171708888,1818,1.5486,0.0146
1790171708939,1819,1.0856,0.0185
1790171708994,1820,6.8538,0.2849
1790171709041,1821,2.7049,1.1440
1790171709089,1822,1.1033,0.9759
1790171709138,1823,0.9494,0.0171
1790171709187,1824,0.9828,0.1295
1790171709238,1825,0.9569,0.0153
1790171709289,1826,0.8709,0.0773
1790171709338,1827,1.5253,0.0160
1790171709389,1828,1.2803,0.2089
1790171709458,1829,1.3862,0.0260
1790171709489,1830,1.1317,0.6677
1790171709538,1831,1.0750,0.0154
1790171709588,1832,1.2935,0.2503
1790171709639,1833,1.0868,0.0813
1790171709688,1834,1.2036,0.6561
1790171709739,1835,1.8178,0.9141
1790171709789,1836,1.6468,0.1940
1790171709839,1837,1.1210,0.0186
1790171709889,1838,1.0526,0.0170
1790171709940,1839,2.2143,0.0156
1790171709989,1840,1.2648,0.1672
1790171710038,1841,1.0380,0.7781
1790171710089,1842,1.0727,0.0917
1790171710138,1843,0.9731,0.8718
1790171710189,1844,1.2158,0.6959
1790171710238,1845,0.9883,0.4518
1790171710289,1846,1.0714,0.0201
1790171710338,1847,0.9339,0.4923
1790171710389,1848,1.2245,0.2053
1790171710439,1849,1.2602,0.0622
1790171710488,1850,1.0969,0.0142
1790171710539,1851,1.0457,0.0239
1790171710588,1852,1.2156,0.1524
1790171710640,1853,1.0542,0.0679
1790171710689,1854,1.0759,0.0171
1790171710738,1855,1.0792,0.0313
1790171710792,1856,2.5017,0.1844
1790171710839,1857,1.4632,0.5643
1790171710889,1858,0.9957,0.0153
1790171710939,1859,0.9706,0.0155
1790171710988,1860,1.9610,0.9298
1790171711038,1861,0.9753,0.0308
1790171711089,1862,2.0673,1.0622
1790171711138,1863,1.1728,0.0680
1790171711189,1864,1.2296,0.1586
1790171711239,1865,1.1229,0.0240
1790171711289,1866,1.0066,0.0666
1790171711339,1867,1.0142,0.0165
1790171711388,1868,1.0990,0.1727
1790171711439,1869,1.2141,0.6232
1790171711489,1870,1.0693,0.6323
1790171711538,1871,1.1253,0.0594
1790171711589,1872,1.3879,0.1560
1790171711640,1873,1.0608,0.0325
1790171711689,1874,1.0219,0.6150
1790171711738,1875,0.9531,0.0158
1790171711788,1876,1.1607,0.7456
1790171711840,1877,1.0068,0.0332
1790171711888,1878,1.5970,0.5146
1790171711937,1879,1.0341,0.0179
1790171711988,1880,1.5462,0.1897
1790171712040,1881,0.9724,0.6991
1790171712088,1882,1.0556,0.0786
1790171712138,1883,0.9173,0.5337
1790171712189,1884,1.2165,0.7147
1790171712238,1885,0.9996,0.0254
1790171712288,1886,0.9347,0.0280
1790171712337,1887,0.9578,0.5488
1790171712389,1888,1.2041,0.2064
1790171712439,1889,1.2734,0.0638
1790171712489,1890,1.0811,0.0150
1790171712540,1891,1.1001,0.0165
1790171712588,1892,1.1003,0.1543
1790171712639,1893,1.3189,0.0624
1790171712689,1894,0.9922,0.0635
1790171712738,1895,0.9893,0.0353
1790171712789,1896,1.0988,0.6380
1790171712840,1897,1.1228,0.5181
1790171712889,1898,1.0585,0.5582
1790171712938,1899,1.0085,0.0462
1790171712989,1900,1.7450,0.6429
1790171713038,1901,1.0303,0.1982
1790171713088,1902,1.0094,0.5668
1790171713139,1903,1.0588,0.0690
1790171713189,1904,1.1515,0.7666
1790171713238,1905,1.0163,0.0255
1790171713288,1906,1.0808,0.0646
1790171713338,1907,0.8489,0.0159
1790171713388,1908,1.2553,0.1564
1790171713438,1909,1.3040,0.0349
1790171713489,1910,1.0976,0.0154
1790171713539,1911,1.0151,0.0822
1790171713589,1912,1.0737,0.7276
1790171713639,1913,1.0796,0.4016
1790171713689,1914,1.0068,0.0164
1790171713739,1915,1.0329,0.0260
1790171713791,1916,2.5105,1.9922
1790171713838,1917,1.0061,0.0219
1790171713889,1918,1.5681,0.0174
1790171713939,1919,1.2408,0.0306
1790171713989,1920,1.4327,0.2260
1790171714038,1921,1.0087,0.5492
1790171714089,1922,1.0007,0.0309
1790171714138,1923,0.9478,0.6293
1790171714189,1924,1.2382,0.6639
1790171714239,1925,0.9948,0.0159
1790171714289,1926,1.0360,0.0381
1790171714339,1927,0.9930,0.0153
1790171714388,1928,1.5188,0.5386
1790171714438,1929,1.0723,0.0531
1790171714488,1930,1.4289,0.0181
1790171714539,1931,1.0463,0.0327
1790171714588,1932,1.2891,0.1594
1790171714638,1933,0.9286,0.0615
1790171714689,1934,0.9749,0.0604
1790171714738,1935,0.9974,0.0232
1790171714788,1936,1.2252,0.6539
1790171714838,1937,0.9748,0.6647
1790171714895,1938,1.8331,1.5948
1790171714962,1939,3.3531,0.0421
1790171714991,1940,2.2518,0.8845
1790171715039,1941,1.0659,0.0818
1790171715089,1942,1.0097,0.6177
1790171715139,1943,1.0744,0.0761
1790171715189,1944,1.1898,0.8656
1790171715238,1945,0.9498,0.0133
1790171715289,1946,1.1166,0.0675
1790171715339,1947,1.0645,0.0294
1790171715389,1948,1.1607,0.2225
1790171715439,1949,1.1454,0.0324
1790171715489,1950,1.0697,0.0136
1790171715542,1951,1.2198,0.0225
1790171715589,1952,1.1183,0.6857
1790171715638,1953,1.0587,1.0788
1790171715689,1954,1.0110,0.0161
1790171715737,1955,0.9546,0.0188
1790171715788,1956,1.2317,0.7720
1790171715840,1957,2.2139,0.0130
1790171715887,1958,0.9546,0.0142
1790171715939,1959,0.9961,0.0616
1790171715988,1960,1.4866,0.1759
1790171716038,1961,1.1491,0.5629
1790171716088,1962,1.1847,0.0291
1790171716138,1963,0.9178,0.6411
1790171716189,1964,1.1006,0.1942
1790171716238,1965,0.9321,0.0222
1790171716288,1966,0.8437,0.0147
1790171716339,1967,0.9917,0.0158
1790171716388,1968,1.1870,0.1816
1790171716439,1969,1.1093,0.0470
1790171716488,1970,1.0977,0.0172
1790171716547,1971,1.0430,0.0135
1790171716589,1972,1.3151,0.2140
1790171716638,1973,0.9609,0.0752
1790171716688,1974,1.1401,0.0275
1790171716738,1975,0.9954,0.0574
1790171716789,1976,1.1783,0.7166
1790171716838,1977,1.0381,0.5650
1790171716888,1978,1.0625,0.0166
1790171716939,1979,0.9955,0.4495
1790171716989,1980,1.2379,0.1792
1790171717040,1981,1.0171,0.4922
1790171717091,1982,1.5689,1.1574
1790171717141,1983,1.0687,0.0934
1790171717189,1984,1.1330,0.7594
1790171717238,1985,0.9604,0.0151
1790171717288,1986,1.2862,0.0543
1790171717338,1987,0.8779,0.0184
1790171717396,1988,1.3620,0.1642
1790171717439,1989,1.2693,0.0208
1790171717488,1990,1.0912,0.0178
1790171717539,1991,1.0158,0.0215
1790171717589,1992,1.1647,0.7307
1790171717639,1993,0.9802,0.8957
1790171717688,1994,0.9479,0.0164
1790171717739,1995,1.0204,0.0781
1790171717789,1996,1.6499,1.8144
1790171717838,1997,0.9622,0.0575
1790171717888,1998,1.2179,0.0461
1790171717938,1999,0.9449,0.0341
1790171717988,2000,1.2921,0.2009
1790171718039,2001,0.9817,0.5782
1790171718089,2002,1.0078,0.0345
1790171718143,2003,1.0888,0.6191
1790171718189,2004,1.0360,0.1326
1790171718239,2005,0.9824,0.0157
1790171718289,2006,1.1434,0.0288
1790171718341,2007,1.0624,0.0147
1790171718389,2008,1.1516,0.2155
1790171718438,2009,1.2214,0.0158
1790171718489,2010,1.1532,0.0206
1790171718538,2011,0.9927,0.0600
1790171718590,2012,1.2612,0.2773
1790171718647,2013,1.0738,0.0146
1790171718690,2014,1.0868,0.0153
1790171718739,2015,1.0933,0.0586
1790171718803,2016,1.2615,0.1547
1790171718839,2017,0.9542,1.1809
1790171718887,2018,0.9719,0.0223
1790171718939,2019,1.4138,0.4866
1790171718989,2020,1.2959,0.2344
1790171719038,2021,0.9515,0.0271
1790171719089,2022,1.6221,0.6210
1790171719139,2023,0.9981,0.3896
1790171719188,2024,1.1748,0.6498
1790171719239,2025,1.0703,0.0164
1790171719288,2026,0.9478,0.0307
1790171719339,2027,1.1076,0.0157
1790171719389,2028,1.0958,0.1468
1790171719439,2029,1.3368,0.0167
1790171719489,2030,1.0526,0.0334
1790171719539,2031,1.0255,0.0202
1790171719589,2032,1.5758,0.5545
1790171719639,2033,1.0087,0.7466
1790171719689,2034,0.9887,0.0158
1790171719738,2035,1.0346,0.0550
1790171719789,2036,1.1654,0.6235
1790171719838,2037,1.3792,0.8281
1790171719889,2038,1.0201,0.0160
1790171719939,2039,1.0640,0.0520
1790171719989,2040,1.2960,0.2344
1790171720039,2041,0.9876,0.5217
1790171720089,2042,0.9862,0.0192
1790171720138,2043,0.9817,0.5082
1790171720189,2044,1.0971,0.1648
1790171720238,2045,0.8708,0.0156
1790171720287,2046,0.9154,0.0135
1790171720338,2047,0.9635,0.0151
1790171720388,2048,1.1800,0.1810
1790171720439,2049,1.2508,0.0164
1790171720489,2050,1.1029,0.0195
1790171720539,2051,1.0697,0.0562
1790171720589,2052,1.4142,0.2850
1790171720639,2053,1.2490,0.0159
1790171720690,2054,2.2943,0.4632
1790171720739,2055,1.8005,0.0521
1790171720789,2056,1.1929,0.1727
1790171720838,2057,1.0110,0.4290
1790171720888,2058,1.0637,0.0226
1790171720939,2059,1.0030,0.4326
1790171720989,2060,1.2523,0.1882
1790171721038,2061,1.0575,0.0209
1790171721089,2062,1.0554,0.0678
1790171721139,2063,1.3061,0.3933
1790171721189,2064,1.1792,0.1663
1790171721239,2065,1.0179,0.0152
1790171721288,2066,0.9960,0.0172
1790171721339,2067,1.0536,0.0152
1790171721388,2068,1.3462,0.2292
1790171721442,2069,4.1701,0.0157
1790171721488,2070,0.9976,0.0315
1790171721539,2071,1.0260,0.0226
1790171721589,2072,1.0977,0.1577
1790171721639,2073,1.8768,1.2123
1790171721688,2074,0.8415,0.0154
1790171721739,2075,1.0246,0.0712
1790171721789,2076,1.2112,0.6130
1790171721838,2077,1.0130,0.8359
1790171721889,2078,1.4952,0.0624
1790171721939,2079,0.9988,0.0177
1790171721989,2080,1.3039,0.2247
1790171722038,2081,0.9691,0.4376
1790171722088,2082,0.9727,0.0236
1790171722138,2083,1.0112,0.4410
1790171722188,2084,1.0676,0.1368
1790171722238,2085,0.9465,0.0180
1790171722288,2086,0.9390,0.0131
1790171722337,2087,0.8927,0.0160
1790171722389,2088,1.1536,0.1467
1790171722439,2089,1.2414,0.0128
1790171722489,2090,1.0086,0.0165
1790171722538,2091,0.9547,0.0536
1790171722589,2092,1.1079,0.1878
1790171722639,2093,1.0592,0.0218
1790171722689,2094,1.0462,0.4077
1790171722742,2095,4.5700,0.0641
1790171722789,2096,1.1926,0.1472
1790171722839,2097,1.2054,0.4271
1790171722889,2098,1.2183,0.0240
1790171722939,2099,0.9966,0.4054
1790171722989,2100,1.3089,0.1724
1790171723038,2101,0.8515,0.0141
1790171723089,2102,1.0163,0.0595
1790171723139,2103,0.9682,0.3578
1790171723189,2104,1.0103,0.1339
1790171723238,2105,0.8761,0.0142
1790171723288,2106,0.9320,0.0170
1790171723338,2107,0.9486,0.0129
1790171723389,2108,1.4788,0.4768
1790171723439,2109,1.2567,0.0276
1790171723489,2110,0.9834,0.0131
1790171723539,2111,0.9421,0.4496
1790171723589,2112,1.2263,0.1594
1790171723639,2113,1.0368,0.9585
1790171723689,2114,1.1736,0.0249
1790171723739,2115,1.0389,0.0785
1790171723789,2116,1.1029,0.6307
1790171723838,2117,0.7961,0.7755
1790171723889,2118,1.1445,0.0745
1790171723939,2119,1.4149,0.0260
1790171723989,2120,1.4234,0.2148
1790171724039,2121,1.0757,0.7496
1790171724089,2122,1.0773,0.0629
1790171724139,2123,0.9785,0.4655
1790171724189,2124,1.2277,0.1424
1790171724238,2125,0.9168,0.0401
1790171724289,2126,1.0285,0.0279
1790171724337,2127,0.9683,0.0181
1790171724389,2128,1.0954,0.1403
1790171724439,2129,1.0538,0.0150
1790171724488,2130,0.9515,0.0137
1790171724538,2131,0.9145,0.4904
1790171724589,2132,1.8507,0.3590
1790171724639,2133,1.0087,0.0233
1790171724689,2134,1.0934,0.4300
1790171724740,2135,1.9496,0.8896
1790171724788,2136,1.1768,0.2291
1790171724838,2137,0.9417,0.0163
1790171724888,2138,0.8853,0.0227
1790171724938,2139,0.9025,0.3951
1790171724989,2140,1.1859,0.1740
1790171725038,2141,0.9137,0.0145
1790171725089,2142,1.1281,0.2150
1790171725138,2143,0.9521,0.3767
1790171725191,2144,1.2721,0.1532
1790171725239,2145,0.9378,0.0151
1790171725288,2146,0.9656,0.0181
1790171725338,2147,0.9427,0.0152
1790171725388,2148,0.9292,0.0162
1790171725439,2149,1.8144,0.0139
1790171725488,2150,0.9379,0.0200
1790171725538,2151,0.8840,0.4289
1790171725589,2152,1.1641,0.1455
1790171725639,2153,1.0294,0.4873
1790171725688,2154,0.9302,0.0152
1790171725738,2155,0.9683,0.0209
1790171725789,2156,1.2153,0.5869
1790171725838,2157,0.9408,0.9969
1790171725888,2158,0.9653,0.0479
1790171725939,2159,0.9784,0.4014
1790171725988,2160,1.2994,0.3004
1790171726038,2161,0.8841,0.0143
1790171726089,2162,0.9858,0.0641
1790171726138,2163,0.9074,0.0164
1790171726188,2164,1.1067,0.1943
1790171726239,2165,0.9868,0.0153
1790171726289,2166,0.9799,0.0180
1790171726338,2167,0.9176,0.0270
1790171726390,2168,1.0750,0.1470
1790171726439,2169,1.2263,0.4314
1790171726489,2170,1.0235,0.0262
1790171726538,2171,0.8455,0.4132
1790171726589,2172,1.1466,0.2302
1790171726638,2173,0.9424,0.0255
1790171726688,2174,0.9493,0.5808
1790171726739,2175,0.9932,0.0679
1790171726789,2176,1.2056,0.6113
1790171726840,2177,0.9462,0.0190
1790171726889,2178,1.0029,0.0215
1790171726938,2179,0.9333,0.4135
1790171726989,2180,1.2195,0.2211
1790171727039,2181,0.9632,0.0137
1790171727088,2182,1.0494,0.0675
1790171727138,2183,0.8972,0.4071
1790171727189,2184,1.1293,0.2034
1790171727238,2185,0.9479,0.0202
1790171727288,2186,0.9345,0.0137
1790171727339,2187,0.9713,0.0158
1790171727389,2188,1.0919,0.1489
1790171727439,2189,1.0299,0.0176
1790171727488,2190,0.9249,0.0219
1790171727539,2191,1.4818,0.4398
1790171727591,2192,1.8213,0.8288
1790171727640,2193,0.9931,0.4598
1790171727688,2194,0.9451,0.0140
1790171727739,2195,0.8785,0.0207
1790171727789,2196,1.0795,0.6061
1790171727840,2197,0.9729,0.6334
1790171727888,2198,1.0186,0.0626
1790171727938,2199,0.8982,0.4056
1790171727989,2200,1.0987,0.1390
1790171728038,2201,0.8875,0.0140
1790171728088,2202,0.7998,0.0548
1790171728139,2203,1.0222,0.0144
1790171728189,2204,1.1063,0.2043
1790171728238,2205,0.9159,0.0155
1790171728288,2206,0.8980,0.0143
1790171728340,2207,0.9816,0.0126
1790171728389,2208,1.0492,0.1407
1790171728439,2209,1.1360,0.3996
1790171728489,2210,1.0053,0.0611
1790171728538,2211,0.9175,0.3734
1790171728590,2212,1.1597,0.2186
1790171728639,2213,0.9284,0.0229
1790171728688,2214,0.9298,0.3643
1790171728739,2215,1.0248,0.0606
1790171728789,2216,1.1908,0.6567
1790171728837,2217,0.9190,0.0172
1790171728889,2218,0.9641,0.0220
1790171728939,2219,1.5357,0.4061
1790171728989,2220,1.3172,0.3172
1790171729040,2221,0.9965,0.0152
1790171729088,2222,0.9551,0.0754
1790171729139,2223,1.5084,0.4251
1790171729189,2224,1.1475,0.1850
1790171729238,2225,0.9620,0.0140
1790171729288,2226,0.8758,0.0140
1790171729338,2227,0.7846,0.0152
1790171729389,2228,1.5145,0.1621
1790171729439,2229,1.3207,0.0137
1790171729489,2230,1.0105,0.4261
1790171729539,2231,0.9563,0.4014
1790171729589,2232,1.1011,0.5566
1790171729639,2233,1.3774,0.4127
1790171729689,2234,1.1767,0.0640
1790171729739,2235,1.1036,0.0281
1790171729789,2236,1.1073,0.5430
1790171729839,2237,0.8795,0.0159
1790171729889,2238,1.0279,0.0570
1790171729939,2239,1.0519,0.3747
1790171729989,2240,1.3605,0.1539
1790171730039,2241,0.9712,0.0166
1790171730088,2242,0.8398,0.0524
1790171730138,2243,0.7989,0.0214
1790171730189,2244,1.1101,0.2073
1790171730238,2245,0.9283,0.0155
1790171730289,2246,0.8892,0.4382
1790171730338,2247,0.8927,0.0160
1790171730389,2248,1.1551,0.2090
1790171730440,2249,1.1244,0.4394
1790171730488,2250,0.8563,0.0635
1790171730538,2251,0.9146,0.3619
1790171730589,2252,1.1451,0.1780
1790171730639,2253,1.0484,0.0228
1790171730689,2254,0.8854,0.4057
1790171730738,2255,0.9334,0.0545
1790171730789,2256,1.1112,0.5005
1790171730839,2257,0.9230,0.0144
1790171730888,2258,0.9578,0.0513
1790171730938,2259,0.9396,0.0399
1790171730990,2260,1.1517,0.1585
1790171731038,2261,0.9023,0.0214
1790171731088,2262,0.9505,0.0213
1790171731139,2263,0.9242,0.4328
1790171731189,2264,1.0663,0.6602
1790171731238,2265,0.8978,0.0155
1790171731289,2266,0.9321,0.0141
1790171731338,2267,0.8707,0.0140
1790171731389,2268,1.1325,0.2286
1790171731440,2269,1.0397,0.0294
1790171731489,2270,0.9320,0.5157
1790171731538,2271,0.9386,0.4901
1790171731589,2272,1.1704,0.2268
1790171731639,2273,1.1513,0.4525
1790171731688,2274,0.9491,0.0165
1790171731738,2275,0.9513,0.0585
1790171731788,2276,1.1667,0.4952
1790171731839,2277,0.9927,0.0283
1790171731889,2278,1.0438,0.1043
1790171731938,2279,0.9438,0.4884
1790171731990,2280,2.4011,0.1294
1790171732039,2281,0.9958,0.0135
1790171732089,2282,1.0458,0.0579
1790171732140,2283,1.0441,0.0165
1790171732189,2284,1.1265,0.1892
1790171732239,2285,0.9551,0.0460
1790171732289,2286,0.9664,0.4090
1790171732338,2287,0.8862,0.0125
1790171732389,2288,1.1193,0.1961
1790171732438,2289,1.2674,1.6804
1790171732489,2290,1.0480,0.0584
1790171732538,2291,0.8835,0.4209
1790171732590,2292,1.0598,0.1656
1790171732638,2293,0.9155,0.0207
1790171732689,2294,1.0234,0.4553
1790171732739,2295,1.0353,0.0682
1790171732789,2296,1.2554,0.6285
1790171732839,2297,1.0186,0.0149
1790171732890,2298,1.0752,0.0611
1790171732938,2299,1.1773,0.0291
1790171732990,2300,1.1500,0.2048
1790171733038,2301,0.9428,0.0152
1790171733088,2302,0.9387,0.5095
1790171733139,2303,1.1570,0.4598
1790171733189,2304,1.1200,0.9289
1790171733239,2305,0.9873,0.0201
1790171733288,2306,0.9435,0.0158
1790171733339,2307,0.9071,0.0153
1790171733389,2308,1.1254,0.1758
1790171733438,2309,1.0386,0.4922
1790171733488,2310,0.9424,0.4521
1790171733538,2311,0.8447,0.0116
1790171733589,2312,1.0359,0.1498
1790171733640,2313,0.9784,0.0710
1790171733689,2314,0.8261,0.0150
1790171733741,2315,1.3840,0.3799
1790171733788,2316,1.0551,0.1503
1790171733837,2317,0.9426,0.0163
1790171733888,2318,0.9393,0.0562
1790171733938,2319,0.9204,0.3915
1790171733989,2320,2.0612,0.1462
1790171734038,2321,0.9048,0.3849
1790171734089,2322,0.7746,0.0491
1790171734138,2323,0.8888,0.0139
1790171734190,2324,1.1686,0.2407
1790171734238,2325,1.0899,0.0221
1790171734289,2326,0.9233,0.4199
1790171734338,2327,0.9307,0.0152
1790171734390,2328,1.2090,0.2637
1790171734438,2329,1.1525,0.4651
1790171734489,2330,0.9436,0.0577
1790171734538,2331,1.0070,0.4649
1790171734589,2332,1.4274,0.2782
1790171734638,2333,1.0827,0.0221
1790171734688,2334,1.2153,0.4424
1790171734739,2335,0.9695,0.0622
1790171734788,2336,1.1006,0.2309
1790171734840,2337,1.0332,0.0163
1790171734888,2338,0.9595,0.0608
1790171734938,2339,0.9508,0.0127
1790171734989,2340,1.6069,0.1339
1790171735039,2341,0.8972,0.0211
1790171735087,2342,0.9097,0.4095
1790171735139,2343,0.8831,0.7950
1790171735188,2344,1.0140,0.8566
1790171735240,2345,1.0314,0.0680
1790171735294,2346,0.9818,0.0178
1790171735338,2347,0.8861,0.0128
1790171735390,2348,1.0797,0.1841
1790171735438,2349,1.0863,0.4003
1790171735489,2350,1.0214,0.0536
1790171735539,2351,1.0167,0.0256
1790171735588,2352,1.1441,0.1430
1790171735638,2353,0.9451,0.0551
1790171735690,2354,1.0401,0.0359
1790171735738,2355,1.3149,0.0495
1790171735789,2356,1.1564,0.5905
1790171735839,2357,0.9758,0.0262
1790171735888,2358,1.0061,0.0222
1790171735938,2359,0.8829,0.3843
1790171735991,2360,1.0992,0.6279
1790171736037,2361,0.8859,0.4208
1790171736089,2362,1.0348,0.0556
1790171736140,2363,1.0182,0.0616
1790171736190,2364,1.1717,0.1630
1790171736237,2365,0.8500,0.0213
1790171736295,2366,7.8330,19.0534
1790171736340,2367,2.4024,0.0130
1790171736388,2368,1.2327,0.5966
1790171736439,2369,1.0539,0.0429
1790171736490,2370,1.1277,0.0596
1790171736538,2371,0.9158,1.1826
1790171736590,2372,1.0518,0.1982
1790171736639,2373,0.9375,0.3748
1790171736688,2374,0.9221,0.4446
1790171736740,2375,1.0428,0.0626
1790171736790,2376,1.0421,0.1322
1790171736839,2377,0.9376,0.0156
1790171736889,2378,0.9852,0.0531
1790171736938,2379,0.8719,0.0152
1790171736994,2380,7.6215,6.6597
1790171737047,2381,4.5141,0.0518
1790171737095,2382,2.7864,0.4297
1790171737140,2383,0.9218,1.3927
1790171737188,2384,1.1559,0.8834
1790171737239,2385,1.0454,0.0869
1790171737289,2386,0.9116,0.0158
1790171737338,2387,0.9015,0.0142
1790171737389,2388,0.8565,0.1656
1790171737438,2389,1.0393,0.0153
1790171737489,2390,1.1303,0.1009
1790171737540,2391,0.9400,0.3742
1790171737588,2392,1.2071,0.7779
1790171737638,2393,0.9555,0.0489
1790171737688,2394,0.9717,0.0134
1790171737738,2395,0.9375,0.0895
1790171737788,2396,1.3940,0.8470
1790171737838,2397,0.9736,0.3802
1790171737888,2398,0.9115,0.0226
1790171737938,2399,0.8971,0.3976
1790171737988,2400,1.0557,0.4537
1790171738038,2401,1.2956,0.8107
1790171738090,2402,1.0989,0.3833
1790171738138,2403,0.9159,0.0597
1790171738190,2404,1.0781,0.1398
1790171738240,2405,1.1678,0.0167
1790171738288,2406,1.3650,0.0192
1790171738338,2407,0.8832,0.0176
1790171738388,2408,1.4633,0.5236
1790171738440,2409,1.0231,0.0526
1790171738488,2410,0.9972,0.0226
1790171738538,2411,1.0982,0.3982
1790171738588,2412,1.1731,0.6057
1790171738638,2413,0.7539,0.3991
1790171738690,2414,0.9970,0.0509
1790171738738,2415,0.9406,0.0152
1790171738789,2416,1.1631,0.1369
1790171738839,2417,1.0755,0.3814
1790171738889,2418,1.0255,0.0544
1790171738938,2419,0.9089,0.0145
1790171738989,2420,1.7783,0.3274
1790171739037,2421,0.9777,0.0193
1790171739089,2422,1.1018,0.0232
1790171739139,2423,0.9640,0.8932
1790171739189,2424,1.1165,0.5908
1790171739238,2425,0.9430,0.0549
1790171739289,2426,0.9167,0.0262
1790171739337,2427,0.9333,0.0160
1790171739388,2428,1.1164,0.1660
1790171739439,2429,1.1495,0.0943
1790171739488,2430,1.0827,0.0813
1790171739538,2431,0.9899,0.4406
1790171739590,2432,1.0621,0.1293
1790171739638,2433,1.0336,0.0538
1790171739688,2434,1.1120,0.0276
1790171739738,2435,0.9525,0.0210
1790171739789,2436,1.1058,0.5334
1790171739838,2437,0.9942,0.8801
1790171739887,2438,0.9449,0.0177
1790171739937,2439,0.9295,0.0193
1790171739988,2440,1.2181,0.6265
1790171740037,2441,0.8047,0.4320
1790171740089,2442,0.9966,0.0569
1790171740139,2443,0.9783,0.0532
1790171740188,2444,1.0709,0.1821
1790171740239,2445,0.9480,0.0155
1790171740287,2446,0.8923,0.0201
1790171740338,2447,0.9766,0.0128
1790171740388,2448,1.1360,1.0649
1790171740441,2449,1.0032,0.0119
1790171740487,2450,0.9631,0.4838
1790171740539,2451,1.0886,0.0227
1790171740589,2452,1.5262,0.6885
1790171740639,2453,0.8985,0.4079
1790171740687,2454,0.9342,0.0119
1790171740738,2455,0.9160,0.0513
1790171740789,2456,1.1622,0.2449
1790171740838,2457,0.9228,0.3879
1790171740888,2458,0.9711,0.0575
1790171740938,2459,0.9103,0.0550
1790171740988,2460,1.1306,0.5327
1790171741037,2461,0.9801,0.0101
1790171741089,2462,0.9574,0.0155
1790171741138,2463,0.9177,0.0137
1790171741189,2464,1.1278,0.2388
1790171741238,2465,0.8930,0.3868
1790171741288,2466,0.9037,0.0119
1790171741339,2467,0.9205,0.0116
1790171741388,2468,1.0409,0.1383
1790171741439,2469,1.1750,0.0132
1790171741488,2470,0.9537,0.0580
1790171741538,2471,0.8849,0.4041
1790171741589,2472,1.2524,1.0355
1790171741638,2473,1.1116,0.0489
1790171741688,2474,0.9841,0.0124
1790171741737,2475,0.9402,0.0210
1790171741788,2476,1.1277,0.5316
1790171741838,2477,0.9295,0.4062
1790171741889,2478,0.9996,0.7346
1790171741938,2479,0.9210,0.0164
1790171741988,2480,1.0902,0.1333
1790171742038,2481,0.9852,0.4328
1790171742088,2482,1.0475,0.0921
1790171742138,2483,0.9754,0.0696
1790171742189,2484,1.1351,0.1978
1790171742238,2485,0.9314,0.0123
1790171742288,2486,0.8787,0.0135
1790171742340,2487,1.3595,0.0142
1790171742388,2488,1.2564,0.2489
1790171742440,2489,0.9853,0.0178
1790171742488,2490,0.9692,0.8402
1790171742537,2491,0.9437,0.0172
1790171742588,2492,1.0134,0.1467
1790171742638,2493,0.9267,0.4121
1790171742688,2494,0.9019,0.0136
1790171742737,2495,0.9367,0.0681
1790171742788,2496,1.2788,0.1464
1790171742838,2497,0.8991,0.0112
1790171742888,2498,0.8379,0.0490
1790171742937,2499,0.9218,0.0586
1790171742988,2500,1.0839,0.5313
1790171743038,2501,0.9163,0.0460
1790171743088,2502,0.9592,0.0096
1790171743143,2503,5.1107,0.0119
1790171743188,2504,1.1689,0.1812
1790171743238,2505,0.8357,0.7623
1790171743287,2506,0.8564,0.3804
1790171743338,2507,0.8905,0.4023
1790171743388,2508,0.9926,0.1160
1790171743439,2509,1.0472,0.4032
1790171743489,2510,0.9942,0.0516
1790171743538,2511,0.9128,0.3964
1790171743588,2512,1.2176,1.0536
1790171743638,2513,0.9265,0.0135
1790171743688,2514,0.9083,0.0128
1790171743738,2515,0.8814,0.0351
1790171743789,2516,1.5549,0.7797
1790171743838,2517,0.9072,0.0189
1790171743888,2518,0.8771,0.0184
1790171743939,2519,0.9777,0.0113
1790171743989,2520,1.4932,0.2945
1790171744039,2521,1.4191,0.0295
1790171744088,2522,0.9273,0.0541
1790171744138,2523,0.9145,0.4591
1790171744188,2524,1.0470,0.1111
1790171744238,2525,0.9469,0.0101
1790171744288,2526,0.8726,0.0123
1790171744338,2527,0.8970,0.0098
1790171744389,2528,0.9967,0.1899
1790171744438,2529,1.1729,0.0190
1790171744489,2530,1.0560,1.3458
1790171744538,2531,0.9224,0.0138
1790171744588,2532,1.0931,0.1795
1790171744638,2533,0.7613,0.0135
1790171744687,2534,0.9555,0.0134
1790171744738,2535,0.9407,0.5163
1790171744789,2536,1.1564,0.1567
1790171744837,2537,0.9255,0.0106
1790171744888,2538,0.9437,0.0101
1790171744938,2539,0.9714,0.0536
1790171744989,2540,1.3582,0.1976
1790171745038,2541,1.0199,0.0113
1790171745088,2542,0.9266,0.0142
1790171745137,2543,0.8498,0.0112
1790171745188,2544,1.0915,0.1731
1790171745239,2545,0.9581,0.8456
1790171745288,2546,0.9086,0.3679
1790171745338,2547,0.8008,0.3974
1790171745389,2548,0.9926,0.1214
1790171745438,2549,1.0536,0.0115
1790171745489,2550,1.0058,0.0163
1790171745538,2551,0.9685,0.4180
1790171745588,2552,1.4662,0.5278
1790171745638,2553,0.9114,0.0111
1790171745688,2554,0.7925,0.0110
1790171745738,2555,0.9334,0.0196
1790171745789,2556,1.4396,0.9562
1790171745837,2557,0.8753,0.0140
1790171745888,2558,0.7302,0.0100
1790171745937,2559,0.9576,0.0399
1790171745989,2560,1.5106,0.1113
1790171746038,2561,0.9066,0.0137
1790171746088,2562,0.8954,0.0184
1790171746139,2563,0.8265,0.3710
1790171746188,2564,1.0766,0.1977
1790171746239,2565,1.4386,0.0113
1790171746288,2566,0.7466,0.3448
1790171746337,2567,0.8808,0.0113
1790171746388,2568,0.9579,0.6405
1790171746438,2569,0.9852,0.3457
1790171746488,2570,1.0371,0.7106
1790171746538,2571,0.9164,0.6450
1790171746589,2572,1.0117,0.4567
1790171746638,2573,0.7615,0.0110
1790171746688,2574,0.8599,0.0129
1790171746738,2575,0.9365,0.0386
1790171746788,2576,1.1577,0.1918
1790171746837,2577,0.9249,0.0114
1790171746888,2578,0.8908,0.0112
1790171746938,2579,0.9246,0.0130
1790171746989,2580,1.2499,0.3053
1790171747038,2581,0.8815,0.0138
1790171747088,2582,0.9537,0.3160
1790171747138,2583,0.8497,0.0104
1790171747190,2584,1.1227,0.2832
1790171747238,2585,1.4556,0.3512
1790171747289,2586,0.9913,0.0156
1790171747339,2587,0.8784,0.0102
1790171747388,2588,0.9900,0.1152
1790171747438,2589,1.0131,0.0560
1790171747489,2590,1.2960,0.0153
1790171747538,2591,1.0326,0.3723
1790171747588,2592,1.0904,0.9431
1790171747639,2593,0.9172,0.0285
1790171747688,2594,0.8724,0.3692
1790171747738,2595,0.8849,0.0141
1790171747789,2596,1.2491,0.2608
1790171747838,2597,0.9011,0.0120
1790171747888,2598,0.8707,0.3481
1790171747938,2599,0.9571,0.0511
1790171747989,2600,1.3915,0.1705
1790171748038,2601,0.8701,0.0130
1790171748088,2602,0.9974,0.0142
1790171748138,2603,0.9169,0.0122
1790171748189,2604,1.0587,0.1598
1790171748238,2605,0.9466,0.0430
1790171748289,2606,0.9263,0.4205
1790171748338,2607,0.8509,0.0190
1790171748389,2608,1.1298,0.8821
1790171748438,2609,1.0646,0.3763
1790171748488,2610,1.0374,3.3834
1790171748542,2611,1.4003,0.4398
1790171748590,2612,1.2067,1.1294
1790171748652,2613,0.9719,0.0124
1790171748700,2614,1.4294,0.4281
1790171748741,2615,0.9557,0.0750
1790171748789,2616,1.1690,0.1789
1790171748838,2617,0.9475,0.0110
1790171748888,2618,0.9154,2.3850
1790171748938,2619,0.9046,0.0119
1790171748988,2620,1.0439,0.1248
1790171749039,2621,1.3921,0.0137
1790171749088,2622,1.2460,0.0515
1790171749138,2623,0.8826,0.0244
1790171749195,2624,1.1835,0.2490
1790171749238,2625,1.0326,0.4634
1790171749288,2626,0.9618,0.0111
1790171749338,2627,1.0236,0.0097
1790171749389,2628,1.2076,0.2916
1790171749438,2629,1.1049,0.0602
1790171749489,2630,0.9539,0.0171
1790171749539,2631,1.2167,0.4621
1790171749588,2632,1.0556,0.9501
1790171749643,2633,1.3478,1.2122
1790171749688,2634,1.0037,0.0150
1790171749739,2635,1.0357,0.0128
1790171749789,2636,1.2362,0.5882
1790171749839,2637,0.8852,0.5911
1790171749888,2638,0.8722,0.4177
1790171749938,2639,0.8969,0.0120
1790171749989,2640,1.3525,1.0331
1790171750038,2641,0.8450,0.0097
1790171750088,2642,0.9002,0.0114
1790171750138,2643,0.8896,0.0117
1790171750188,2644,1.1638,0.2448
1790171750239,2645,1.2276,0.0478
1790171750288,2646,0.8699,0.4362
1790171750338,2647,0.8866,0.5879
1790171750388,2648,1.1526,0.2643
1790171750438,2649,0.9329,0.0172
1790171750488,2650,1.2881,0.0487
1790171750542,2651,0.9940,0.4081
1790171750589,2652,1.0701,0.2180
1790171750639,2653,0.8960,0.0152
1790171750688,2654,0.9105,0.0103
1790171750739,2655,0.9010,0.0479
1790171750789,2656,1.2254,0.5770
1790171750838,2657,0.8806,0.0171
1790171750888,2658,0.9530,0.3893
1790171750938,2659,0.9168,0.0109
1790171750989,2660,1.1842,0.2144
1790171751039,2661,0.9799,0.3354
1790171751094,2662,2.6574,0.5757
1790171751139,2663,1.1478,0.0105
1790171751189,2664,1.2028,0.5960
1790171751247,2665,1.0410,0.0577
1790171751305,2666,10.7550,0.0104
1790171751339,2667,1.0293,0.0125
1790171751388,2668,1.2408,0.1576
1790171751439,2669,1.0920,0.0532
1790171751494,2670,1.0419,0.0671
1790171751560,2671,1.9942,0.4045
1790171751589,2672,1.0931,0.4801
1790171751639,2673,1.0108,0.3616
1790171751690,2674,0.9949,0.0136
1790171751760,2675,1.1124,0.0194
1790171751789,2676,1.0686,0.6160
1790171751856,2677,1.0454,0.2550
1790171751895,2678,0.9399,0.0104
1790171751949,2679,0.9665,0.1554
1790171751989,2680,1.1045,0.1997
1790171752039,2681,1.1479,0.0143
1790171752089,2682,1.0716,0.0112
1790171752140,2683,1.1182,0.0111
1790171752195,2684,0.9943,0.0965
1790171752244,2685,0.9802,0.0148
1790171752299,2686,0.9861,0.3637
1790171752344,2687,0.9524,0.0111
1790171752394,2688,2.8200,0.4702
1790171752444,2689,2.0755,0.0121
1790171752493,2690,1.0885,0.0589
1790171752556,2691,1.0438,0.4267
1790171752590,2692,1.1342,0.2284
1790171752645,2693,1.0195,0.0115
1790171752688,2694,0.9080,0.0157
1790171752738,2695,0.9146,0.3304
1790171752788,2696,1.2166,0.5300
1790171752839,2697,1.0440,0.0163
1790171752888,2698,1.0086,0.4088
1790171752945,2699,0.8784,0.0134
1790171752988,2700,1.1902,0.2295
1790171753042,2701,0.8870,0.0112
1790171753088,2702,0.9696,0.3201
1790171753142,2703,4.0946,1.8464
1790171753190,2704,2.5052,1.9329
1790171753239,2705,1.0152,0.2842
1790171753288,2706,0.9448,0.0119
1790171753339,2707,0.9262,0.3236
1790171753388,2708,1.2002,0.5515
1790171753438,2709,1.0419,0.4422
1790171753489,2710,1.3433,0.0486
1790171753539,2711,0.9014,0.0395
1790171753589,2712,1.6713,0.6208
1790171753641,2713,1.1755,0.0443
1790171753688,2714,0.8913,0.0118
1790171753740,2715,1.1739,0.6290
1790171753790,2716,1.1611,1.6107
1790171753840,2717,1.0001,0.4522
1790171753888,2718,0.9223,0.0246
1790171753939,2719,0.9508,0.4367
1790171753988,2720,1.1059,0.1819
1790171754040,2721,1.2750,0.0115
1790171754090,2722,0.9744,0.0112
1790171754138,2723,0.8906,0.0115
1790171754189,2724,1.1463,0.6382
1790171754238,2725,0.8687,0.0146
1790171754289,2726,0.9121,0.5956
1790171754338,2727,0.8675,0.0139
1790171754389,2728,1.0825,0.1998
1790171754438,2729,1.0313,0.0111
1790171754488,2730,0.9252,0.0513
1790171754539,2731,1.0054,0.1601
1790171754589,2732,1.2868,0.3039
1790171754638,2733,0.8832,0.0122
1790171754688,2734,0.8987,0.0160
1790171754738,2735,0.8987,0.4216
1790171754789,2736,1.0032,0.1655
1790171754838,2737,1.0922,0.3614
1790171754888,2738,0.9059,0.4314
1790171754939,2739,0.9066,0.0583
1790171754988,2740,1.1382,0.5033
1790171755038,2741,0.8849,0.2816
1790171755089,2742,1.0669,0.0106
1790171755139,2743,0.7094,0.0194
1790171755189,2744,0.9997,0.5695
1790171755239,2745,0.9777,0.3270
1790171755288,2746,0.9112,0.4782
1790171755338,2747,0.9208,0.0132
1790171755389,2748,1.4940,0.5832
1790171755440,2749,1.1766,0.0125
1790171755489,2750,0.9115,0.0105
1790171755538,2751,0.8758,0.0157
1790171755589,2752,1.1460,0.2073
1790171755639,2753,0.8623,0.3716
1790171755688,2754,0.9523,0.0154
1790171755739,2755,0.9534,0.0498
1790171755788,2756,1.0498,0.1947
1790171755838,2757,0.8547,0.4133
1790171755887,2758,0.8496,0.0164
1790171755939,2759,0.8190,0.3643
1790171755989,2760,1.0655,0.1500
1790171756038,2761,0.8759,1.6535
1790171756096,2762,2.9241,0.0113
1790171756141,2763,1.0333,0.0139
1790171756188,2764,1.0765,0.2097
1790171756238,2765,0.9112,0.3237
1790171756288,2766,0.8771,0.9545
1790171756339,2767,0.9768,0.0109
1790171756389,2768,1.3070,0.9197
1790171756439,2769,1.0417,1.0935
1790171756489,2770,0.8787,0.0348
1790171756539,2771,0.9882,0.4573
1790171756589,2772,1.7222,0.2814
1790171756638,2773,1.2723,0.0168
1790171756688,2774,0.9046,0.0156
1790171756738,2775,0.8673,0.6202
1790171756789,2776,1.1496,0.2269
1790171756839,2777,0.8905,0.0137
1790171756888,2778,0.9300,0.0116
1790171756939,2779,1.2187,0.0141
1790171756988,2780,1.1348,0.5052
1790171757038,2781,0.7211,0.0098
1790171757087,2782,0.8911,3.7159
1790171757138,2783,0.8931,0.0147
1790171757189,2784,1.0212,0.2046
1790171757239,2785,1.0858,0.2862
1790171757288,2786,0.9030,0.4170
1790171757338,2787,0.8212,0.0385
1790171757389,2788,1.0931,0.5520
1790171757439,2789,1.0002,0.0120
1790171757489,2790,1.0448,0.1447
1790171757539,2791,0.9529,0.0123
1790171757589,2792,1.4425,0.2899
1790171757640,2793,0.9677,0.5370
1790171757688,2794,0.8409,0.0125
1790171757739,2795,0.9401,0.1087
1790171757789,2796,1.1625,0.2760
1790171757840,2797,1.0302,0.3888
1790171757888,2798,0.8581,0.0140
1790171757938,2799,0.8252,0.3409
1790171757989,2800,1.0305,0.1800
1790171758038,2801,0.8478,0.9011
1790171758088,2802,0.8555,0.3818
1790171758139,2803,0.9791,0.3655
1790171758188,2804,1.0098,0.6028
1790171758239,2805,0.6874,0.0144
1790171758288,2806,0.9032,0.3736
1790171758338,2807,0.8182,0.0149
1790171758389,2808,1.1946,0.9024
1790171758438,2809,1.0041,0.0103
1790171758489,2810,0.8727,0.0153
1790171758538,2811,0.9504,0.4280
1790171758589,2812,1.2324,0.2296
1790171758639,2813,0.9037,0.0116
1790171758689,2814,1.0920,0.3860
1790171758738,2815,0.8877,0.3273
1790171758789,2816,1.0958,0.2577
1790171758838,2817,0.8410,0.4715
1790171758888,2818,0.9197,0.0488
1790171758938,2819,0.8410,0.0181
1790171758989,2820,1.0978,0.5494
1790171759038,2821,0.8688,0.3719
1790171759089,2822,1.3974,0.0181
1790171759139,2823,1.0261,0.3878
1790171759197,2824,1.0800,0.5712
1790171759239,2825,0.9938,0.0623
1790171759289,2826,0.9147,1.1106
1790171759338,2827,0.8639,0.0242
1790171759389,2828,1.2255,0.1817
1790171759440,2829,0.9791,0.4632
1790171759490,2830,1.3826,0.0129
1790171759538,2831,0.9013,0.0136
1790171759595,2832,1.4509,0.2119
1790171759640,2833,0.8536,0.0127
1790171759690,2834,1.1923,0.0403
1790171759740,2835,1.1330,0.0126
1790171759789,2836,1.4161,0.1653
1790171759837,2837,0.8018,0.0121
1790171759888,2838,0.7890,0.0141
1790171759937,2839,0.7708,0.0165
1790171759988,2840,1.0142,0.4680
1790171760038,2841,0.7930,0.0438
1790171760088,2842,0.8478,0.2877
1790171760137,2843,0.8790,0.3089
1790171760188,2844,0.9615,0.1708
1790171760238,2845,0.8051,0.0370
1790171760287,2846,0.8701,0.0125
1790171760339,2847,1.1225,0.0400
1790171760388,2848,0.9794,0.7272
1790171760438,2849,0.9083,0.0134
1790171760487,2850,0.8731,0.3150
1790171760537,2851,0.8493,0.3166
1790171760592,2852,0.9378,0.1604
1790171760643,2853,1.5887,0.5603
1790171760695,2854,1.1098,0.0193
1790171760806,2855,1.0383,0.0354
1790171760807,2856,1.0787,0.2274
1790171760839,2857,0.9366,0.6210
1790171760890,2858,0.8625,0.0493
1790171760939,2859,0.7365,0.0208
1790171760994,2860,1.3564,1.0303
1790171761052,2861,0.8179,0.0113
1790171761115,2862,0.8689,0.0150
1790171761148,2863,0.7656,0.0165
1790171761207,2864,16.8983,0.2764
1790171761240,2865,1.1282,0.1015
1790171761289,2866,0.8442,0.6828
1790171761341,2867,4.1137,0.0492
1790171761392,2868,0.9878,0.1509
1790171761438,2869,0.9361,0.5798
1790171761488,2870,0.8697,0.0373
1790171761540,2871,0.8027,0.3243
1790171761593,2872,1.5039,0.1127
1790171761640,2873,2.0647,0.0422
1790171761706,2874,1.0559,0.2256
1790171761743,2875,0.9912,0.5191
1790171761787,2876,0.9539,0.1439
1790171761839,2877,1.2393,0.0121
1790171761891,2878,0.8428,0.3433
1790171761941,2879,2.6013,0.0194
1790171761989,2880,1.1051,0.5301
1790171762039,2881,0.9672,0.3818
1790171762088,2882,0.9004,0.3285
1790171762142,2883,3.3780,0.3275
1790171762196,2884,1.0341,0.2321
1790171762239,2885,0.8167,0.3618
1790171762289,2886,0.8289,0.3023
1790171762339,2887,0.8534,0.9965
1790171762388,2888,0.9778,0.8968
1790171762439,2889,0.9046,0.3211
1790171762491,2890,0.9762,0.2561
1790171762546,2891,0.8284,0.4318
1790171762592,2892,1.0051,0.1907
1790171762638,2893,0.9624,0.4970
1790171762690,2894,0.9970,0.0155
1790171762737,2895,0.9439,0.0136
1790171762788,2896,0.9707,0.1628
1790171762838,2897,0.9554,0.0140
1790171762888,2898,0.9374,0.2445
1790171762937,2899,0.8090,0.0182
1790171762989,2900,1.1937,0.4811
1790171763038,2901,0.8280,0.0408
1790171763089,2902,0.9365,0.0205
1790171763139,2903,0.8512,0.0394
1790171763187,2904,0.8971,0.1182
1790171763237,2905,0.8405,0.0445
1790171763289,2906,0.8698,0.3184
1790171763338,2907,0.8421,0.0419
1790171763389,2908,0.9363,0.1177
1790171763440,2909,2.6608,0.3600
1790171763492,2910,0.8445,0.0458
1790171763548,2911,0.8301,0.0146
1790171763587,2912,0.8949,0.4606
1790171763641,2913,0.8827,0.0457
1790171763687,2914,0.9074,0.0173
1790171763738,2915,0.8468,0.5864
1790171763788,2916,0.9464,0.1192
1790171763839,2917,1.1776,0.3283
1790171763889,2918,0.6418,0.0190
1790171763938,2919,0.8575,0.0364
1790171763990,2920,1.0559,0.1097
1790171764039,2921,0.8606,0.6365
1790171764088,2922,0.9592,0.6586
1790171764139,2923,1.2186,0.0398
1790171764188,2924,0.9135,0.1089
1790171764242,2925,0.9824,0.0480
1790171764288,2926,0.8264,0.3203
1790171764341,2927,2.4786,0.0185
1790171764390,2928,0.9156,0.1283
1790171764438,2929,0.9406,0.0176
1790171764489,2930,0.8394,0.1619
1790171764537,2931,0.9105,0.2816
1790171764589,2932,1.0267,0.1542
1790171764638,2933,0.8215,0.6942
1790171764690,2934,1.0548,0.0137
1790171764739,2935,0.7910,0.0136
1790171764787,2936,0.9184,0.3683
1790171764838,2937,0.7985,0.0164
1790171764887,2938,0.8114,0.0126
1790171764938,2939,0.8489,0.0462
1790171764988,2940,1.0133,0.1245
1790171765038,2941,0.8417,0.0375
1790171765088,2942,0.8480,0.0422
1790171765138,2943,0.8090,0.0130
1790171765188,2944,0.8867,0.0721
1790171765239,2945,1.0518,0.0174
1790171765289,2946,0.9496,0.2278
1790171765338,2947,0.8647,0.2440
1790171765388,2948,0.8812,0.0878
1790171765438,2949,0.9665,2.1425
1790171765489,2950,0.9177,0.0382
1790171765537,2951,0.6849,0.0177
1790171765588,2952,0.9049,0.4137
1790171765638,2953,0.8144,0.0147
1790171765687,2954,0.7982,0.0214
1790171765737,2955,0.7776,0.5675
1790171765787,2956,0.9681,0.1374
1790171765838,2957,0.6634,0.3090
1790171765888,2958,0.8168,0.0137
1790171765938,2959,0.9252,0.0450
1790171765988,2960,0.9388,0.3670
1790171766039,2961,1.1322,0.5759
1790171766089,2962,1.0598,0.5922
1790171766138,2963,0.7830,0.0158
1790171766188,2964,0.9964,0.1218
1790171766239,2965,0.8160,0.0461
1790171766288,2966,0.8233,0.2905
1790171766339,2967,0.7815,0.3512
1790171766389,2968,0.8568,0.1168
1790171766438,2969,0.8624,0.0138
1790171766487,2970,0.8496,0.3126
1790171766538,2971,0.8541,0.0158
1790171766588,2972,0.9604,0.1380
1790171766639,2973,1.0597,0.3160
1790171766688,2974,0.9298,0.0509
1790171766738,2975,0.7502,0.0221
1790171766787,2976,0.9024,0.3143
1790171766837,2977,0.8185,0.0429
1790171766888,2978,0.8380,0.0156
1790171766938,2979,0.9334,0.2526
1790171766988,2980,0.9839,0.3273
1790171767038,2981,0.9001,0.0109
1790171767089,2982,0.8442,0.0422
1790171767139,2983,0.9626,0.6030
1790171767189,2984,0.9150,0.3240
1790171767238,2985,0.8854,0.6206
1790171767288,2986,0.7046,0.0895
1790171767338,2987,0.6155,0.5081
1790171767387,2988,0.9773,0.1184
1790171767440,2989,0.8341,0.0127
1790171767488,2990,1.1779,0.0291
1790171767538,2991,0.8484,0.2979
1790171767588,2992,0.9223,0.1227
1790171767644,2993,0.8325,0.3619
1790171767701,2994,0.8633,0.0183
1790171767749,2995,0.8565,0.0150
1790171767789,2996,0.8507,0.0787
1790171767838,2997,0.7954,0.0136
1790171767887,2998,0.7923,0.0135
1790171767938,2999,0.8361,0.3375
1790171767989,3000,0.9474,0.4098
1790171768038,3001,0.8287,0.2699
1790171768089,3002,1.2069,0.3370
1790171768140,3003,0.7928,0.5373
1790171768188,3004,0.9251,0.1373
1790171768237,3005,0.8851,0.0338
1790171768288,3006,0.8358,0.3284
1790171768339,3007,0.9037,0.0112
1790171768390,3008,0.9911,0.1294
1790171768440,3009,1.8479,0.0200
1790171768488,3010,0.8712,0.5599
1790171768538,3011,0.8193,0.0317
1790171768589,3012,0.8691,0.1240
1790171768638,3013,0.8154,0.3653
1790171768687,3014,0.8147,0.3982
1790171768738,3015,0.7889,0.0189
1790171768788,3016,0.9182,0.3750
1790171768838,3017,0.8572,0.0140
1790171768888,3018,0.7920,0.0222
1790171768938,3019,0.8106,0.0179
1790171768989,3020,1.0214,0.1543
1790171769037,3021,0.6717,0.0357
1790171769089,3022,0.9080,0.0193
1790171769139,3023,1.2288,0.2879
1790171769189,3024,1.0437,0.1184
1790171769237,3025,0.8530,0.2970
1790171769289,3026,0.8773,0.0215
1790171769337,3027,0.8163,0.5562
1790171769393,3028,0.8442,0.3209
1790171769437,3029,0.9726,0.2056
1790171769488,3030,0.8444,0.0323
1790171769538,3031,0.7968,0.0132
1790171769590,3032,0.9129,0.1295
1790171769639,3033,0.8667,0.3679
1790171769688,3034,0.8502,0.0133
1790171769737,3035,0.8908,0.0340
1790171769789,3036,0.9218,0.4068
1790171769838,3037,0.7955,0.0147
1790171769888,3038,0.7917,0.0163
1790171769938,3039,0.7689,0.0191
1790171769988,3040,0.9442,0.1169
1790171770037,3041,0.8133,0.0189
1790171770088,3042,0.8161,0.0202
1790171770138,3043,0.7548,0.0162
1790171770187,3044,0.9157,0.1117
1790171770238,3045,0.8039,0.2234
1790171770288,3046,0.8312,0.3498
1790171770338,3047,0.8270,0.0151
1790171770387,3048,0.8994,0.1320
1790171770438,3049,0.7149,0.0204
1790171770488,3050,0.9690,0.3022
1790171770537,3051,0.7773,0.0344
1790171770589,3052,0.9264,0.1206
1790171770638,3053,0.8355,0.6320
1790171770688,3054,0.8643,0.3622
1790171770739,3055,0.8429,0.0262
1790171770787,3056,0.9558,0.1335
1790171770838,3057,0.8048,0.0135
1790171770888,3058,0.8080,0.0124
1790171770937,3059,0.7974,0.4075
1790171770989,3060,0.9883,0.1548
1790171771040,3061,0.9134,0.0344
1790171771090,3062,0.8747,0.2232
1790171771137,3063,0.9006,0.2961
1790171771188,3064,0.9036,0.1167
1790171771238,3065,0.8107,0.3727
1790171771294,3066,7.4228,0.3412
1790171772925,3067,17.8172,4.1046
