Temperature (K)	Pressure (kPa)	Density (l, kg/m3)	Volume (l, m3/kg)	Internal Energy (l, kJ/mol)	Enthalpy (l, kJ/mol)	Entropy (l, J/mol*K)	Cv (l, J/mol*K)	Cp (l, J/mol*K)	Sound Spd. (l, m/s)	Joule-Thomson (l, K/MPa)	Viscosity (l, uPa*s)	Therm. Cond. (l, W/m*K)	Surf. Tension (l, N/m)	Density (v, kg/m3)	Volume (v, m3/kg)	Internal Energy (v, kJ/mol)	Enthalpy (v, kJ/mol)	Entropy (v, J/mol*K)	Cv (v, J/mol*K)	Cp (v, J/mol*K)	Sound Spd. (v, m/s)	Joule-Thomson (v, K/MPa)	Viscosity (v, uPa*s)	Therm. Cond. (v, W/m*K)
63.1510078824	12.5197999995	867.221846347	0.00115310748249	-4.22301489797	-4.22261047646	67.9512670218	32.9511048668	56.0333123245	995.279565198	-0.404190905734	311.589774262	0.173275305582	0.0122051476068	0.674273074903	1.48307864754	1.29452319869	1.81467323872	163.552016996	21.0073030983	29.6467437552	161.106850797	40.7175306636	4.37625752920	0.00562085770393
65.2468738030	18.1586003333	858.572220754	0.00116472438291	-4.10553481304	-4.10494233454	69.7814366848	32.5435871965	56.1341150942	973.842734008	-0.397503451681	278.439697072	0.169053593632	0.0117016390849	0.949412194284	1.05328329046	1.33460519625	1.87039522541	161.361878960	21.0662913341	29.8087287955	163.473141307	37.9609313077	4.53047086761	0.00584261082616
66.8707838523	23.7974006669	851.790846635	0.00117399711907	-4.01437205005	-4.01358940721	71.1616082271	32.2317844722	56.2236556894	957.351734333	-0.391824825507	256.207852846	0.165790233771	0.0113144239150	1.21739231683	0.821427888265	1.36508823944	1.91269150456	159.784480136	21.1184281303	29.9559218371	165.231030318	36.0509031984	4.65049381246	0.00601594140218
68.2119117795	29.4362009993	846.135487968	0.00118184382315	-3.93898257853	-3.93800801779	72.2779262193	31.9779217701	56.3068458558	943.784691292	-0.386771369105	239.780275434	0.163099762110	0.0109965943140	1.48008773581	0.675635623351	1.38984431632	1.94698049686	158.553011628	21.1658948641	30.0929934356	166.631101791	34.6037049897	4.75004533234	0.00616027568249
69.3627205567	35.0750013324	841.241521800	0.00118871926086	-3.87421072353	-3.87304272026	73.2196617102	31.7631756452	56.3858395847	932.167265005	-0.382150374818	226.909363645	0.160794183506	0.0107253044106	1.73863004244	0.575165489832	1.41076044699	1.97590244061	157.543706585	21.2099054010	30.2225642581	167.794071986	33.4464552714	4.83582595656	0.00628510997186
70.3757921943	40.7138016664	836.900741487	0.00119488482974	-3.81712379437	-3.81576098608	74.0368220552	31.5767330877	56.4617949725	921.950959790	-0.377849503107	216.420030465	0.158766765234	0.0104875995525	1.99377657607	0.501560712471	1.42890694731	2.00095462928	156.689044275	21.2512212712	30.3462893434	168.787766412	32.4869615245	4.91164413163	0.00639584505318
71.2840794163	46.3526019996	832.982210019	0.00120050583070	-3.76588356127	-3.76432470722	74.7603540141	31.4117808921	56.5354190599	912.794704516	-0.373796760169	207.625775896	0.156950708325	0.0102753810274	2.24606935024	0.445222227842	1.44495296765	2.02307300162	155.948155782	21.2903588630	30.4652972612	169.654246003	31.6704594104	4.97988562555	0.00649586568708
72.1096882952	51.9914023333	829.397821313	0.00120569402801	-3.71925669159	-3.71750064633	75.4107934072	31.2637359930	56.6071823955	904.471117494	-0.369942862503	200.093113639	0.155301251746	0.0100832275177	2.49591510347	0.400654653122	1.45934639820	2.04288391813	155.294435961	21.3276880881	30.5804004239	170.421462490	30.9618653240	5.04215041851	0.00658744254680
72.8682171401	57.6302026669	826.085237623	0.00121052883462	-3.67637283581	-3.67441853079	76.0024922125	31.1293611112	56.6774181250	896.820579421	-0.366252388701	193.532062603	0.153786842357	0.00990732099690	2.74363005822	0.364480625588	1.47240260968	2.06082834330	154.709603477	21.3634850003	30.6922077835	171.108970283	30.3374080934	5.09956720508	0.00667217784117
73.5711107695	63.2690029999	822.998607992	0.00121506888382	-3.63659334252	-3.63443977272	76.5458906416	31.0062810847	56.7463732724	889.726481603	-0.362698907150	187.739787943	0.152384348815	0.00974486495326	2.98946691687	0.334507799486	1.48435253371	2.07722912323	154.180560503	21.3979622576	30.8011903425	171.731003497	29.7802682329	5.15296397849	0.00675124712534
74.2270320627	68.9078033337	820.103148710	0.00121935881062	-3.59943476385	-3.59708097777	77.0488297609	30.8926995104	56.8142376528	883.100888061	-0.359262097672	182.569272311	0.151076275853	0.00959374599809	3.23363211217	0.309249774035	1.49537063493	2.09233012307	153.697605049	21.4312878941	30.9077216707	172.298256839	29.2781267964	5.20296737794	0.00682554018219
74.8427069610	74.5466036670	817.371797486	0.00122343345229	-3.56452172238	-3.56196681432	77.5173541028	30.7872234715	56.8811612990	876.875745215	-0.355925954654	177.910813294	0.149849049414	0.00945232568635	3.47629734462	0.287662389279	1.50559212167	2.10632030567	153.253352307	21.4635974715	31.0121042196	172.818976195	28.8217030947	5.25006387885	0.00689574782182
75.4234691559	80.1854040000	814.783052607	0.00122732056932	-3.53155652624	-3.52879963015	77.9562254778	30.6887502382	56.9472655407	870.997239795	-0.352677614281	173.680547423	0.148691912062	0.00931930650281	3.71760758966	0.268990197562	1.51512402602	2.11934923190	152.842052466	21.4950022663	31.1145871038	173.299657667	28.4038393325	5.29463922678	0.00696241783446
75.9736245704	85.8242043337	812.319524468	0.00123104267456	-3.50029883526	-3.49733911983	78.3692646228	30.5963913043	57.0126503629	865.422037616	-0.349506560469	169.813038337	0.147596184322	0.00919364229660	3.95768682768	0.252672847434	1.52405260914	2.13153741941	152.459142144	21.5255949718	31.2153785184	173.745512869	28.0189043615	5.33700481927	0.00702599243243
76.4967030428	91.4630046666	809.966933699	0.00123461830156	-3.47055161882	-3.46738828345	78.7595857384	30.5094198655	57.0773994725	860.114695056	-0.346404070386	166.256324068	0.146554754927	0.00907447650508	4.19664225166	0.238285738939	1.53244846881	2.14298348664	152.100939639	21.5554537805	31.3146546525	174.160788629	27.6623920918	5.37741591989	0.00708683410546
76.9956368471	97.1018049999	807.713399456	0.00123806290780	-3.44215119513	-3.43878346659	79.1297619368	30.4272335357	57.1415838955	855.045828553	-0.343362816975	162.968510019	0.145561719451	0.00896109838319	4.43456742589	0.225501137757	1.54037015814	2.15376921403	151.764432025	21.5846453783	31.4125662410	174.548992679	27.3306431825	5.41608457549	0.00714524396010
77.4728902865	102.740605334	805.548922000	0.00124138953289	-3.41496000007	-3.41138712968	79.4819447315	30.3493272726	57.2052645976	850.190789412	-0.340376577486	159.915365706	0.144612118116	0.00885291126150	4.67154470274	0.214061956726	1.54786680963	2.16396321368	151.447122779	21.6132271859	31.5092434802	174.913056751	27.0206473566	5.45318899181	0.00720147503307
77.9305556901	108.379405667	803.464998901	0.00124460928773	-3.38886123035	-3.38508249161	79.8179521222	30.2752733206	57.2684944377	845.528684610	-0.337440015498	157.068592002	0.143701741670	0.00874940905606	4.90764710303	0.203763632349	1.55498007688	2.17362364463	151.146920420	21.6412490665	31.6047997815	175.255456867	26.7298999309	5.48888047765	0.00725574215307
78.3704257993	114.018206000	801.454335251	0.00124773172471	-3.36375480404	-3.35976949060	80.1393347136	30.2047060901	57.3313196510	841.041640108	-0.334548515034	154.404547496	0.142826985066	0.00865015857162	5.14293980051	0.194441319321	1.56174559716	2.18280025798	150.862055588	21.6687546491	31.6993346838	175.578303668	26.4562957035	5.52328868053	0.00730822937726
78.7940492217	119.657006333	799.510621392	0.00125076512212	-3.33955426593	-3.33536168979	80.4474261468	30.1373105791	57.3937809964	836.714237684	-0.331698052373	151.903296168	0.141984735428	0.00855478595679	5.37748130928	0.185960664944	1.56819411080	2.19153596194	150.591018288	21.6957823665	31.7929361445	175.883411339	26.1980491403	5.55652559720	0.00735909568805
79.2027735147	125.295806666	797.628360019	0.00125371670583	-3.31618438302	-3.31178387302	80.7433821218	30.0728133828	57.4559146561	832.533078222	-0.328885095610	149.547884332	0.141172285031	0.00846296618912	5.61132444466	0.178211046227	1.57435232995	2.19986803640	150.332509684	21.7223662814	31.8856823643	176.172350952	25.9536334362	5.58868868928	0.00740847941911
79.5977790874	130.934607000	795.802729973	0.00125659282425	-3.29357925246	-3.28897015292	81.0282109815	30.0109756241	57.5177529510	828.486438705	-0.326106524997	147.323784053	0.140387262867	0.00837441480792	5.84451710904	0.171100534286	1.58024362154	2.20782908773	150.085404583	21.7485367510	31.9776432585	176.446492278	25.7217333533	5.61986333468	0.00745650173812
79.9801061844	136.573407334	794.029477718	0.00125939908790	-3.27168079553	-3.26686246508	81.3027979650	29.9515873323	57.5793249168	824.563999643	-0.323359569043	145.218459354	0.139627580180	0.00828888133906	6.07710294059	0.164552091642	1.58588855043	2.21544780791	149.848721877	21.7743209665	32.0688816523	176.707036954	25.5012082751	5.65012477868	0.00750326941880
80.3506765890	142.212207667	792.304829954	0.00126214048204	-3.25043754633	-3.24540935682	81.5679246423	29.8944629255	57.6406567722	820.756626199	-0.320641752738	143.221024280	0.138891386687	0.00820614401063	6.30912185344	0.158500663520	1.59130531575	2.22274958451	149.621601020	21.7997433954	32.1594542647	176.955045065	25.2910629393	5.67953970304	0.00754887707033
80.7103112441	147.851008000	790.625422605	0.00126482145832	-3.22980366819	-3.22456500379	81.8242846417	29.8394375471	57.7017723042	817.056190726	-0.317950855219	141.321970567	0.138177035037	0.00812600546530	6.54061049113	0.152890926826	1.59651010494	2.22975699545	149.403283101	21.8248261483	32.2494125219	177.191456643	25.0904240192	5.70816749998	0.00759340894755
81.0597446865	153.489808333	788.988242586	0.00126744601000	-3.20973814806	-3.20428840439	82.0724964875	29.7863640677	57.7626931869	813.455427613	-0.315284874852	139.512948703	0.137483051713	0.00804828925089	6.77160260990	0.147675529355	1.60151738342	2.23649021388	149.193095489	21.8495892835	32.3388032372	177.417109237	24.8985212097	5.73606131560	0.00763694043364
81.3996369631	159.128608667	787.390579688	0.00127001773427	-3.19020413133	-3.18454271473	82.3131141667	29.7351106135	57.8234392479	809.947813595	-0.312642000214	137.786590361	0.136808113013	0.00797283692477	7.00212940481	0.142813698832	1.60634013364	2.24296734211	148.990439267	21.8740510634	32.4276691822	177.632752350	24.7146718200	5.76326891138	0.00767953926419
81.7305835433	164.767409000	785.829986512	0.00127253988415	-3.17116836854	-3.16529469536	82.5466358897	29.6855585120	57.8840286931	806.527468311	-0.310020585803	136.136363237	0.136151025076	0.00789950564690	7.23221978910	0.138270134089	1.61099005361	2.24920468912	148.794778871	21.8982281713	32.5160495703	177.839059430	24.5382681254	5.78983338068	0.00772126654537
82.0531236205	170.406209333	784.304244892	0.00127501541208	-3.15260075199	-3.14651424798	82.7735114065	29.6376005748	57.9444782964	803.189071129	-0.307419131568	134.556451491	0.135510707163	0.00782816616536	7.46190063464	0.134014113691	1.61547772313	2.25521700281	148.605633481	21.9221358949	32.6039804681	178.036637867	24.3687669070	5.81579374882	0.00776217760663
82.3677471083	176.045009667	782.811337570	0.00127744700671	-3.13447392521	-3.12817402494	82.9941481549	29.5911396512	58.0048035623	799.927791111	-0.304836265555	133.041656591	0.134886177566	0.00775870111946	7.69119698017	0.130018773746	1.61981274376	2.26101766545	148.422569832	21.9457882843	32.6914951484	178.226037399	24.2056807414	5.84118547879	0.00780232271930
82.6749005724	181.683810000	781.349424156	0.00127983712419	-3.11676295180	-3.11024909817	83.2089164577	29.5460874039	58.0650188650	796.739227699	-0.302270729109	131.587314553	0.134276541663	0.00769100360209	7.92013221234	0.126260518535	1.62400385733	2.26661885936	148.245196155	21.9691982871	32.7786243928	178.407757219	24.0485707047	5.86604090003	0.00784174770585
82.9749922870	187.322610334	779.916820628	0.00128218801486	-3.09944503315	-3.09271667693	83.4181539424	29.5023632672	58.1251375681	793.619360207	-0.299721364188	130.189226450	0.133680981744	0.00762497593467	8.14872822406	0.122718536255	1.62805904695	2.27203170794	148.073157058	21.9923778654	32.8653967547	178.582252012	23.8970402214	5.89038957390	0.00788049445923
83.2683965686	192.961410667	778.511981742	0.00128450174622	-3.08249926659	-3.07555586592	83.6221693178	29.4598935547	58.1851721288	790.564504567	-0.297187102433	128.843599732	0.133098748289	0.00756052861810	8.37700555335	0.119374398600	1.63198562351	2.27726639646	147.906129175	22.0153380973	32.9518387871	178.749937118	23.7507298531	5.91425860691	0.00791860138794
83.5554575065	198.600211000	777.133485881	0.00128678022266	-3.06590643703	-3.05874745709	83.8212456182	29.4186106923	58.2451341887	787.571276125	-0.294666955708	127.546998416	0.132529152462	0.00749757942986	8.60498350578	0.116211727696	1.63579030001	2.28233227596	147.743817434	22.0380892651	33.0379752415	178.911192959	23.6093128589	5.93767292042	0.00795610379919
83.8364921910	204.239011333	775.780021933	0.00128902520267	-3.04964883681	-3.04227374942	84.0156430016	29.3784525559	58.3050346528	784.636557489	-0.292160007878	126.296300592	0.131971559619	0.00743605264355	8.83268026273	0.113215917508	1.63947925593	2.28723795307	147.585951864	22.0606409332	33.1238292421	179.066368868	23.4724913953	5.96065548388	0.00799303423035
84.1117935161	209.877811667	774.450377894	0.00129123831370	-3.03371010920	-3.02611839248	84.2056011760	29.3393618969	58.3648837592	781.757470613	-0.289665407622	125.088662012	0.131425383670	0.00737587835111	9.06011297753	0.110373899584	1.64305819300	2.29199136792	147.432284832	22.0830020159	33.2094224397	179.215786392	23.3399932490	5.98322751747	0.00802942273686
84.3816326256	215.516612000	773.143430911	0.00129342106525	-3.01807511186	-3.01026624993	84.3913415093	29.3012858410	58.4246911403	778.931352476	-0.287182362148	123.921484742	0.130890082163	0.00731699187213	9.28729786104	0.107673945098	1.64653238388	2.29659986209	147.282588655	22.1051808372	33.2947751466	179.359742183	23.2115690150	6.00540866888	0.00806529714334
84.6462610536	221.155412333	771.858138561	0.00129557486025	-3.00272979732	-2.99470328000	84.5730688732	29.2641754513	58.4844658776	776.155733797	-0.284710131654	122.792390064	0.130365151982	0.00725933323679	9.51425025817	0.105105496793	1.64990671467	2.30107023803	147.136653515	22.1271851844	33.3799064566	179.498510504	23.0869896503	6.02721716804	0.00810068326340
84.9059126056	226.794212667	770.593531188	0.00129770100517	-2.98766110800	-2.97941643051	84.7509732596	29.2279853440	58.5442165491	773.428320351	-0.282248024442	121.699194967	0.129850125563	0.00720284673189	9.74098471638	0.102659025665	1.65318572235	2.30540881125	146.994285646	22.1490223546	33.4648343517	179.632345440	22.9660443443	6.04866996305	0.00813560509285
85.1608050173	232.433013000	769.348705137	0.00129980071887	-2.97285688351	-2.96439354625	84.9252312020	29.1926733503	58.6039512730	770.746976502	-0.279795392594	120.639891669	0.129346080278	0.00714748050066	9.96751504736	0.100325908238	1.65637362764	2.30962145622	146.855305740	22.1706991970	33.5495757969	179.761482836	22.8485386591	6.06978284012	0.00817008497992
85.4111414217	238.071813333	768.122816764	0.00130187514051	-2.95830577886	-2.94962328716	85.0960070314	29.1582002178	58.6636777459	768.109710650	-0.277351628126	119.612629716	0.128852187504	0.00709318618904	10.1938543825	0.0980983210549	1.65947436414	2.31371364706	146.719547551	22.1922221504	33.6341468254	179.886142006	22.7342928980	6.09057052959	0.00820414377597
85.6571116506	243.710613667	766.915077126	0.00130392533649	-2.94399719171	-2.93509505560	85.2634539865	29.1245293462	58.7234032768	765.514662324	-0.274916159565	118.615700287	0.128366931942	0.00703991863193	10.4200152230	0.0959691496220	1.66249160413	2.31769049354	146.586856655	22.2135972768	33.7185626143	180.006527247	22.6231406723	6.11104679998	0.00823780096905
85.8988933930	249.349414000	765.724747245	0.00130595230675	-2.92992119771	-2.92079893171	85.4277152017	29.0916265517	58.7831348186	762.960090706	-0.272488448887	117.647522380	0.127889963258	0.00698763557414	10.6460094855	0.0939319095445	1.66542878147	2.32155677306	146.457089361	22.2348302910	33.8028375533	180.122829188	22.5149276359	6.13122454178	0.00827107480287
86.1366532286	254.988214333	764.551133880	0.00130795699030	-2.91606849281	-2.90672561576	85.5889245850	29.0594598581	58.8428789953	760.444364395	-0.270067988779	116.706630631	0.127420952726	0.00693629742148	10.8718485430	0.0919806779910	1.66828911213	2.32531695926	146.330111744	22.2559265886	33.8869853063	180.235225980	22.4095103655	6.15111584213	0.00830398238287
86.3705475528	260.627014667	763.393585751	0.00130994027022	-2.90243034164	-2.89286637647	85.7472076031	29.0279993091	58.9026421278	757.965952253	-0.267654300174	115.791664523	0.126959591485	0.00688586701817	11.0975432627	0.0901100339352	1.67107561243	2.32897524751	146.205798777	22.2768912695	33.9710188667	180.343884370	22.3067553681	6.17073205166	0.00833653977119
86.6007234060	266.265815000	762.251490136	0.00131190297814	-2.88899853114	-2.87921300474	85.9026819841	28.9972168010	58.9624302563	755.523415199	-0.265246930034	114.901358817	0.126505588966	0.00683630944727	11.3231040400	0.0883150058910	1.67379111544	2.33253557781	146.084033566	22.2977291607	34.0549506085	180.448960654	22.2065381963	6.19008384447	0.00836876207174
86.8273192193	271.904615334	761.124269821	0.00131384589830	-2.87576532899	-2.86575777200	86.0554583479	28.9670859321	59.0222491608	753.115398837	-0.262845449351	114.034535037	0.126058671465	0.00678759185126	11.5485408299	0.0865910260635	1.67643828576	2.33600165535	145.964706660	22.3184448361	34.1387923312	180.550601536	22.1087426609	6.20918127203	0.00840066350685
87.0504654870	277.543415667	760.011380345	0.00131576977117	-2.86272344602	-2.85249339273	86.2056407733	28.9375818670	59.0821043803	750.740626810	-0.260449451337	113.190093867	0.125618580854	0.00673968327053	11.7738631754	0.0849338900154	1.67901963275	2.33937696900	145.847715433	22.3390426348	34.2225553017	180.648944897	22.0132601252	6.22803381177	0.00843225748617
87.2702853735	283.182216000	758.912307510	0.00131767529674	-2.84986600235	-2.83941299050	86.3533273097	28.9086812149	59.1420012298	748.397894803	-0.258058549780	112.367008367	0.125185073413	0.00669255449736	11.9990802340	0.0833397210866	1.68153752249	2.34266480804	145.732963533	22.3595266774	34.3062502925	180.744120493	21.9199888735	6.24665041100	0.00846355666904
87.4868952627	288.821016333	757.826565127	0.00131956313755	-2.83718649669	-2.82651006736	86.4986104389	28.8803619185	59.2019448156	746.086065120	-0.255672377558	111.564317872	0.124757918762	0.00664617794402	12.2242008016	0.0818049389266	1.68399418868	2.34586827730	145.620360378	22.3799008812	34.3898876153	180.836250580	21.8288335434	6.26503952660	0.00849457302085
87.7004052570	294.459816667	756.753692972	0.00132143392135	-2.82467877849	-2.81377847598	86.6415774935	28.8526031546	59.2619400501	743.804061762	-0.253290585282	110.781122535	0.124336898895	0.00660052752304	12.4492333346	0.0803262315936	1.68639174240	2.34899031078	145.509820709	22.4001689742	34.4734771537	180.925450483	21.7397046145	6.28320916108	0.00852531786423
87.9109196297	300.098617000	755.693254924	0.00132328824359	-2.81233702271	-2.80121239437	86.7823110366	28.8253852426	59.3219916643	741.550865958	-0.250912840058	110.016578393	0.123921807301	0.00655557853844	12.6741859708	0.0789005307564	1.68873218106	2.35203368418	145.401264180	22.4203345076	34.5570283912	181.011829113	21.6525179474	6.30116689532	0.00855580192549
88.1185372374	305.737417334	754.644837269	0.00132512666968	-2.80015570672	-2.78880630287	86.9208892068	28.7986895628	59.3821042207	739.325512099	-0.248538824358	109.269892934	0.123512448155	0.00651130758686	12.8990665477	0.0775249896033	1.69101739650	2.35500102618	145.294614989	22.4404008671	34.6405504381	181.095489434	21.5671943669	6.31891991839	0.00858603537696
88.3233518967	311.376217666	753.608047158	0.00132694973703	-2.78812958934	-2.77655496314	87.0573860323	28.7724984805	59.4422821233	737.127084031	-0.246168234986	108.540321076	0.123108635586	0.00646769246726	13.1238826202	0.0761969631195	1.69324918243	2.35789482872	145.189801544	22.4603712837	34.7240520559	181.176528886	21.4836592841	6.33647505475	0.00861602787557
88.5254527275	317.015018000	752.582511193	0.00132875795694	-2.77625369162	-2.76445339898	87.1918717174	28.7467952777	59.5025296287	734.954711667	-0.243800782133	107.827161539	0.122710193001	0.00642471209854	13.3486414771	0.0749139904398	1.69542924110	2.36071745651	145.086756156	22.4802488435	34.8075416796	181.255039779	21.4018423544	6.35383878911	0.00864578859816
88.7249244676	322.653818333	751.567874128	0.00133055181631	-2.76452327931	-2.75249687877	87.3244129047	28.7215640902	59.5628508550	732.807567887	-0.241436188504	107.129753541	0.122316952474	0.00638234644412	13.5733501553	0.0736737790269	1.69755918958	2.36347115555	144.985414760	22.5000364967	34.8910274385	181.331109644	21.3216771651	6.37101728915	0.00867532627369
88.9218477612	328.292618667	750.563797686	0.00133233177923	-2.75293384673	-2.74068089936	87.4550729145	28.6967898506	59.6232497906	730.684865700	-0.239074188519	106.447473807	0.121928754170	0.00634057644287	13.7980154546	0.0724741904582	1.69964056535	2.36615806111	144.885716666	22.5197370654	34.9745171751	181.404821558	21.2431009526	6.38801642641	0.00870464921289
89.1162994237	333.931419000	749.569959470	0.00133409828845	-2.74148110198	-2.72900117130	87.5839119650	28.6724582351	59.6837303024	728.585855639	-0.236714527580	105.779733836	0.121545445834	0.00629938394564	14.0226439498	0.0713132276326	1.70167483153	2.36878020489	144.787604322	22.5393532518	35.0580184629	181.476254445	21.1660543430	6.40484179541	0.00873376533536
89.3083526852	339.570219334	748.586051954	0.00133585176666	-2.73016095336	-2.71745360525	87.7109873733	28.6485556154	59.7442961428	726.509823362	-0.234356961385	105.125977419	0.121166882308	0.00625875165700	14.2472420034	0.0701890232343	1.70366338164	2.37133952174	144.691023103	22.5588876451	35.1415386229	181.545483342	21.0904811164	6.42149873130	0.00876268219462
89.4980774146	345.209019667	747.611781564	0.00133759261780	-2.71896949684	-2.70603429944	87.8363537417	28.6250690145	59.8049509573	724.456087446	-0.232001255305	104.485678360	0.120792925087	0.00621866308158	14.4718157765	0.0690998293126	1.70560754398	2.37383785576	144.595921120	22.5783427278	35.2250847382	181.612579660	21.0163279898	6.43799232600	0.00879140700103
89.6855403264	350.847819999	746.646867825	0.00133932122814	-2.70790300453	-2.69473952817	87.9600631284	28.6019860651	59.8656982903	722.423997359	-0.229647183805	103.858338408	0.120423441916	0.00617910247456	14.6963712394	0.0680440078512	1.70750858574	2.37627696594	144.502249033	22.5977208819	35.3086636685	181.677611405	20.9435444195	6.45432744323	0.00881994664305
89.8708051718	356.486620333	745.691042569	0.00134103796735	-2.69695791400	-2.68356573112	88.0821652044	28.5792949727	59.9265415914	720.412931578	-0.227294529904	103.243485344	0.120058306409	0.00614005479603	14.9209141813	0.0670200222218	1.70936771665	2.37865853139	144.409959896	22.6170243944	35.3922820631	181.740643396	20.8720824190	6.47050873229	0.00884830770683
90.0539329147	362.125420667	744.744049212	0.00134274318950	-2.68613081843	-2.67250950351	88.2027073998	28.5569844800	59.9874842207	718.422295856	-0.224943084679	102.640671239	0.119697397704	0.00610150566876	15.1454502194	0.0660264294235	1.71118609250	2.38098415610	144.319008999	22.6362554630	35.4759463730	181.801737463	20.8018963918	6.48654064081	0.00887649649425
90.2349818960	367.764221000	743.805642076	0.00134443723391	-2.67541845749	-2.66156758696	88.3217350375	28.5350438349	60.0485294545	716.451521617	-0.222592646800	102.049470854	0.119340600139	0.00606344133914	15.3699848077	0.0650618730280	1.71296481831	2.38325537348	144.229353729	22.6554162000	35.5596628621	181.860952623	20.7329429774	6.50242742658	0.00890451903976
90.4140079843	373.403021333	742.875585763	0.00134612042604	-2.66481770888	-2.65073686106	88.4392914584	28.5134627607	60.1096804895	714.500064467	-0.220243022102	101.469480157	0.118987802951	0.00602584864099	15.5945232447	0.0641250767534	1.71470495128	2.38547365039	144.140953443	22.6745086380	35.6434376182	181.918345255	20.6651809098	6.51817316856	0.00893238112584
90.5910647167	379.041821667	741.953654576	0.00134779307822	-2.65432558045	-2.64001433550	88.5554181361	28.4922314285	60.1709404477	712.567402813	-0.217894023186	100.900314970	0.118638900002	0.00598871496197	15.8190706813	0.0632148386050	1.71640750357	2.38764039104	144.053769351	22.6935347330	35.7272765624	181.973969249	20.5985708866	6.53378177695	0.00896008829751
90.7662034298	384.680622000	741.039631977	0.00134945549043	-2.64393920296	-2.62939714279	88.6701547841	28.4713404315	60.2323123808	710.653036581	-0.215545469045	100.341609714	0.118293789516	0.00595202821235	16.0436321276	0.0623300255233	1.71807344481	2.38975694049	143.967764397	22.7124963693	35.8111854587	182.027876153	20.5330754479	6.54925700274	0.00898764587560
90.9394733807	390.319422333	740.133310087	0.00135110795092	-2.63365582324	-2.61888253148	88.7835394556	28.4507807608	60.2937992738	708.756486027	-0.213197184718	99.7930162514	0.117952373842	0.00591577679606	16.2682124596	0.0614695684902	1.71970370450	2.39182458799	143.882903166	22.7313953626	35.8951699225	182.080115311	20.4686588650	6.56460244643	0.00901505896934
91.1109218602	395.958222667	739.234489216	0.00135275073686	-2.62347279793	-2.60846785983	88.8956086354	28.4305437839	60.3554040487	706.877290622	-0.210849000962	99.2542028174	0.117614559227	0.00587994958367	16.4928164256	0.0606324580467	1.72129917419	2.39384457003	143.799151786	22.7502334639	35.9792354287	182.130733978	20.4052870365	6.57982156624	0.00904233248784
91.2805942987	401.597023000	738.342977426	0.00135438411494	-2.61338758754	-2.59815058994	89.0063973263	28.4106212233	60.4171295685	705.015008020	-0.208500753955	98.7248530301	0.117280255611	0.00584453588719	16.7174486520	0.0598177401838	1.72286070956	2.39581807321	143.716477837	22.7690123623	36.0633873198	182.179777446	20.3429273924	6.59491768576	0.00906947115100
91.4485343639	407.235823333	737.458590125	0.00135600834188	-2.60339775098	-2.58792828226	89.1159391291	28.3910051379	60.4789786400	703.169213092	-0.206152285007	98.2046649732	0.116949376430	0.00580952543666	16.9421136487	0.0590245125689	1.72438913232	2.39774623691	143.634850272	22.7877336886	36.1476308125	182.227289145	20.2815488052	6.60989400102	0.00909647949953
91.6147840532	412.874623667	736.581149688	0.00135762366499	-2.59350094042	-2.57779859043	89.2242663177	28.3716879046	60.5409540170	701.339497029	-0.203803440300	97.6933503454	0.116621838434	0.00577490835821	17.1668158146	0.0582519210785	1.72588523199	2.39963015577	143.554239342	22.8063990180	36.2319710050	182.273310747	20.2211215068	6.62475358719	0.00912336190440
91.7793837794	418.513424000	735.710485097	0.00135923032260	-2.58369489652	-2.56775925652	89.3314099086	28.3526622020	60.6030584035	699.525466493	-0.201454070633	97.1906336706	0.116297561516	0.00574067515355	17.3915594424	0.0574991566059	1.72734976761	2.40147088204	143.474616519	22.8250098729	36.3164128829	182.317882257	20.1616170120	6.63949940476	0.00915012257564
91.9423724514	424.152224333	734.846431610	0.00136082854456	-2.57397744390	-2.55780810655	89.4373997265	28.3339209941	60.6652944558	697.726742834	-0.199104031194	96.6962515639	0.115976468554	0.00570681668087	17.6163487234	0.0567654521208	1.72878346926	2.40326942773	143.395954439	22.8435677254	36.4009613260	182.361042104	20.1030080465	6.65413430539	0.00917676557059
92.1037875488	429.791024667	733.988830449	0.00136241855259	-2.56434648694	-2.54794304622	89.5422644650	28.3154575162	60.7276647859	695.942961352	-0.196753181338	96.2099520489	0.115658485263	0.00567332413683	17.8411877516	0.0560500799566	1.73018703955	2.40502676667	143.318226830	22.8620740002	36.4856211134	182.402827220	20.0452684799	6.66866103732	0.00920329480163
92.2636651933	435.429825000	733.137528507	0.00136400056076	-2.55480000589	-2.53816205705	89.6460317444	28.2972652611	60.7901719635	694.173770603	-0.194401384382	95.7314939210	0.115343540049	0.00564018903980	18.0660805285	0.0553523493059	1.73156115498	2.40674383640	143.241408463	22.8805300764	36.5703969291	182.443273117	19.9883732638	6.68308225053	0.00922971404338
92.4220402145	441.068625334	732.292378073	0.00136557477579	-2.54533605309	-2.52846319263	89.7487281645	28.2793379658	60.8528185180	692.418831752	-0.192048507411	95.2606461553	0.115031563887	0.00560740321406	18.2910309661	0.0546716039053	1.73290646722	2.40842154000	143.165475092	22.8989372903	36.6552933673	182.482413961	19.9322983734	6.69740050149	0.00925602693952
92.5789462122	446.707425667	731.453236573	0.00136714139743	-2.53595274958	-2.51884457518	89.8503793557	28.2616696000	60.9156069415	690.677817962	-0.189694421097	94.7971873531	0.114722490189	0.00557495877499	18.5160428918	0.0540072198927	1.73422360433	2.41006074771	143.090403406	22.9172969373	36.7403149372	182.520282634	19.8770207530	6.71161825768	0.00928223700918
92.7344156147	452.346226000	730.619966328	0.00136870061877	-2.52664828174	-2.50930439225	89.9510100256	28.2442543544	60.9785396901	688.950413825	-0.187338999527	94.3409052253	0.114416254694	0.00554284811518	18.7411200510	0.0533586038230	1.73551317190	2.41166229856	143.016170982	22.9356102741	36.8254660679	182.556910804	19.8225182652	6.72573790183	0.00930834765289
92.8884797340	457.985026333	729.792434326	0.00137025262659	-2.51742089834	-2.49984089371	90.0506440034	28.2270866305	61.0416191863	687.236314821	-0.184982120039	93.8915961095	0.114112795355	0.00551106389130	18.9662661110	0.0527251908282	1.73677575410	2.41322700182	142.942756239	22.9538785204	36.9107511122	182.592328977	19.7687696431	6.73976173589	0.00933436215824
93.0411688175	463.623826667	728.970512007	0.00137179760159	-2.50826890752	-2.49045238877	90.1493042819	28.2101610299	61.1048478207	685.535226812	-0.182623663070	93.4490645189	0.113812052238	0.00547959901185	19.1914846640	0.0521064429098	1.73801191468	2.41475563843	142.870138398	22.9721028614	36.9961743516	182.626566557	19.7157544457	6.75369198477	0.00936028370520
93.1925120967	469.262627000	728.154075058	0.00137333571871	-2.49919067419	-2.48113724337	90.2470130566	28.1934723455	61.1682279539	683.846865565	-0.180263512016	93.0131227186	0.113513967425	0.00544844662551	19.4167792303	0.0515018473526	1.73922219792	2.41624896226	142.798297440	22.9902844490	37.0817399996	182.659651897	19.6634530163	6.76753079989	0.00938611537111
93.3425378332	474.901427333	727.343003226	0.00137486714736	-2.49018461735	-2.47189387752	90.3437917624	28.1770155525	61.2317619179	682.170956304	-0.177901553090	92.5835903302	0.113218484925	0.00541760011026	19.6421532611	0.0509109152499	1.74040712955	2.41770770143	142.727214074	23.0084244038	37.1674522062	182.691612347	19.6118464424	6.78128026248	0.00941186013537
93.4912733621	480.540227667	726.537180134	0.00137639205170	-2.48124920775	-2.46272076292	90.4396611087	28.1607857998	61.2954520181	680.507233282	-0.175537675194	92.1602939595	0.112925550583	0.00538705306303	19.8676101411	0.0503331801308	1.74156721754	2.41913255939	142.656869697	23.0265238169	37.2533150606	182.722474300	19.5609165195	6.79494238677	0.00943752088391
93.6387451328	486.179028000	725.736493112	0.00137791059082	-2.47238296559	-2.45361642069	90.5346411122	28.1447784025	61.3593005343	678.855439384	-0.173171769802	91.7430668487	0.112635112004	0.00535679929000	20.0931531915	0.0497681966821	1.74270295291	2.42052421608	142.587246365	23.0445837513	37.3393325957	182.752263237	19.5106457160	6.80851912288	0.00946310041339
93.7849787477	491.817828333	724.940833037	0.00137942291899	-2.46358445831	-2.44457941918	90.6287511276	28.1289888342	61.4233097227	677.215325748	-0.170803730838	91.3317485479	0.112347118471	0.00532683279738	20.3187856723	0.0492155395568	1.74381481049	2.42188332895	142.518326762	23.0626052433	37.4255087906	182.781003766	19.4610171406	6.82201235970	0.00948860143515
93.9299989990	497.456628667	724.150094179	0.00138092918587	-2.45485229862	-2.43560837194	90.7220098772	28.1134127199	61.4874818169	675.586651407	-0.168433454572	90.9261846082	0.112061520878	0.00529714778278	20.5445107844	0.0486748022619	1.74490324962	2.42321053394	142.450094170	23.0805893043	37.5118475738	182.808719662	19.4120145113	6.83542392748	0.00951402657897
94.0738299030	503.095429000	723.364174058	0.00138242953669	-2.44618514251	-2.42670193579	90.8144354785	28.0980458298	61.5518190294	673.969182950	-0.166060839511	90.5262262918	0.111778271658	0.00526773862695	20.7703316725	0.0481455961208	1.74596871481	2.42450644644	142.382532443	23.0985369220	37.5983528266	182.835433901	19.3636221270	6.84875560037	0.00953937839662
94.2164947329	508.734229333	722.582973307	0.00138392411244	-2.43758168746	-2.41785880900	90.9060454701	28.0828840726	61.6163235527	672.362694205	-0.163685786305	90.1317302996	0.111497324718	0.00523859988602	20.9962514267	0.0476275493028	1.74701163638	2.42577166211	142.315625978	23.1164490616	37.6850283852	182.861168699	19.3158248396	6.86200909875	0.00956465936519
94.3580160499	514.373029667	721.806395545	0.00138541305005	-2.42904067069	-2.40907772956	90.9968568367	28.0679234898	61.6809975607	670.766965933	-0.161308197653	89.7425585146	0.111218635377	0.00520972628416	21.2222730849	0.0471203059162	1.74803243106	2.42700675777	142.249359695	23.1343266671	37.7718780440	182.885945538	19.2686080285	6.87518609153	0.00958987189031
94.4984157324	520.011830000	721.034347251	0.00138689648255	-2.42056086752	-2.40035747353	91.0868860324	28.0531602501	61.7458432095	669.181785541	-0.158927978211	89.3585777601	0.110942160312	0.00518111270656	21.4483996347	0.0466235251596	1.74903150257	2.42821229216	142.183719014	23.1521706625	37.8589055575	182.909785202	19.2219575763	6.88828819826	0.00961501830915
94.6377150043	525.650630333	720.266737649	0.00138837453922	-2.41214108981	-2.39169685346	91.1761490029	28.0385906438	61.8108626390	667.606946813	-0.156545034511	88.9796595716	0.110667857497	0.00515275419289	21.6746340150	0.0461368805263	1.75000924210	2.42938880669	142.118689828	23.1699819526	37.9461146430	182.932707804	19.1758598458	6.90131699110	0.00964010089325
94.7759344608	531.289430667	719.503478600	0.00138984734576	-2.40378018451	-2.38309471699	91.2646612065	28.0242110781	61.8760579737	666.042249646	-0.154159274878	88.6056799815	0.110395686152	0.00512464593096	21.9009791184	0.0456600590591	1.75096602890	2.43053682616	142.054258487	23.1877614246	38.0335089826	182.954732812	19.1303016583	6.91427399683	0.00966512185128
94.9130940940	536.928231000	718.744484495	0.00139131502442	-2.39547703222	-2.37454994535	91.3524376341	28.0100180722	61.9414313233	664.487499812	-0.151770609355	88.2365193161	0.110125606697	0.00509678325080	22.1274377925	0.0451927606520	1.75190223072	2.43165685941	141.990411779	23.2055099483	38.1210922252	182.975879078	19.0852702734	6.92716069858	0.00969008333157
95.0492133165	542.567031333	717.989672155	0.00139277769414	-2.38723054588	-2.36606145213	91.4394928282	27.9960082528	62.0069847845	662.942508717	-0.149378949633	87.8720620031	0.109857580699	0.00506916161901	22.3540128417	0.0447346973934	1.75281820426	2.43274939999	141.927136909	23.2232283773	38.2088679887	182.996164861	19.0407533694	6.93997853762	0.00971498742461
95.1843109844	548.205831667	717.238960737	0.00139423547066	-2.37903966950	-2.35762818192	91.5258409007	27.9821783495	62.0727204412	661.407093187	-0.146984208975	87.5121963904	0.109591570831	0.00504177663337	22.5807070285	0.0442855929505	1.75371429563	2.43381492675	141.864421483	23.2409175498	38.2968398615	183.015607852	18.9967390250	6.95272891496	0.00973983616532
95.3184054183	553.844632000	716.492271646	0.00139568846668	-2.37090337696	-2.34924910917	91.6114955501	27.9685251913	62.1386403658	659.881075252	-0.144586302156	87.1568145744	0.109327540829	0.00501462401774	22.8075230757	0.0438451819903	1.75459084077	2.43485390442	141.802253490	23.2585782891	38.3850114039	183.034225193	18.9532157020	6.96541319294	0.00976463153529
95.4515144243	559.483432333	715.749528446	0.00139713679193	-2.36282067086	-2.34092323702	91.6964700778	27.9550457020	62.2047466199	658.364281949	-0.142185145396	86.8058122370	0.109065455447	0.00498769961720	23.0344636670	0.0434132096347	1.75544816581	2.43586678413	141.740621289	23.2762114046	38.4733861505	183.052033502	18.9101722292	6.97803269671	0.00978937546488
95.5836553133	565.122232667	715.010656780	0.00139858055333	-2.35479058142	-2.33264959623	91.7807774035	27.9417368971	62.2710412551	656.856545130	-0.139780656303	86.4590884920	0.108805280425	0.00496099939344	23.2615314493	0.0429894309487	1.75628658748	2.43685400398	141.679513590	23.2938176917	38.5619676104	183.069048893	18.8675977865	6.99058871564	0.00981406983523
95.7148449197	570.761033000	714.275584294	0.00140001985506	-2.34681216546	-2.32442724410	91.8644300795	27.9285958800	62.3375263139	655.357701282	-0.137372753813	86.1165457393	0.108546982445	0.00493451942033	23.4887290331	0.0425736104576	1.75710641346	2.43781598954	141.618919445	23.3113979327	38.6507592697	183.085286991	18.8254818906	7.00308250469	0.00983871648014
95.8450996189	576.399833333	713.544240560	0.00140145479868	-2.33888450541	-2.31625526355	91.9474403055	27.9156198387	62.4042038303	653.867591351	-0.134961358135	85.7780895262	0.108290529103	0.00490825587974	23.7160589946	0.0421655216926	1.75790794271	2.43875315425	141.558828229	23.3289528971	38.7397645915	183.100762956	18.7838143809	7.01551528566	0.00986331718795
95.9744353444	582.038633667	712.816557005	0.00140288548319	-2.33100670835	-2.30813276208	92.0298199411	27.9028060427	62.4710758308	652.386060580	-0.132546390702	85.4436284162	0.108035888869	0.00488220505754	23.9435238765	0.0417649467621	1.75869146579	2.43966589994	141.499229633	23.3464833420	38.8289870178	183.115491497	18.7425854062	7.02788824842	0.00988787370318
96.1028676041	587.677434000	712.092466847	0.00140431200519	-2.32317790511	-2.30005887099	92.1115805190	27.8901518396	62.5381443348	650.912958351	-0.130127774115	85.1130738649	0.107783031058	0.00485636333978	24.1711261893	0.0413716759479	1.75945726520	2.44055461726	141.440113646	23.3639900122	38.9184299702	183.129486892	18.7017854125	7.04020255213	0.00991238772827
96.2304114951	593.316234333	711.371905029	0.00140573445891	-2.31539724944	-2.29203274439	92.1927332571	27.8776546529	62.6054113556	649.448138034	-0.127705432101	84.7863401012	0.107531925800	0.00483072720906	24.3988684125	0.0409855073233	1.76020561565	2.44141968604	141.381470548	23.3814736403	39.0080968507	183.142763001	18.6614051312	7.05245932629	0.00993686092512
96.3570817190	598.955034667	710.654808155	0.00140715293631	-2.30766391714	-2.28405355851	92.2732890697	27.8653119784	62.6728789006	647.991456846	-0.125279289462	84.4633440154	0.107282544011	0.00480529324106	24.6267529956	0.0406062463931	1.76093678435	2.44226147573	141.323290896	23.3989349471	39.0979910423	183.155333281	18.6214355674	7.06465967183	0.00996129491659
96.4828925954	604.593835000	709.941114437	0.00140856752717	-2.29997710535	-2.27612051082	92.3532585789	27.8531213822	62.7405489726	646.542775710	-0.122849272035	84.1440050520	0.107034857361	0.00478005810122	24.8547823591	0.0402337057533	1.76165103126	2.44308034575	141.265565514	23.4163746414	39.1881159102	183.167210805	18.5818679900	7.07680466215	0.00998569128794
96.6078580758	610.232635333	709.230763632	0.00140997831916	-2.29233603171	-2.26823281932	92.4326521247	27.8410804979	62.8084235697	645.101959129	-0.120415306646	83.8282451085	0.106788838255	0.00475501854154	25.0829588960	0.0398677047690	1.76234860937	2.44387664584	141.208285484	23.4337934202	39.2784748019	183.178408273	18.5426939209	7.08889534405	0.0100100515882
96.7319917559	615.871435667	708.523696993	0.00141138539790	-2.28473993372	-2.26038972184	92.5114797757	27.8291870244	62.8765046866	643.668875060	-0.117977321071	83.5159884384	0.106544459799	0.00473017139762	25.3112849721	0.0395080692704	1.76302976496	2.44465071643	141.151442138	23.4511919685	39.3690710480	183.188938025	18.5039051258	7.10093273870	0.0100343773316
96.8553068882	621.510236000	707.819857218	0.00141278884705	-2.27718806803	-2.25259047532	92.5897513379	27.8174387232	62.9447943146	642.243394790	-0.115535243999	83.2071615594	0.106301695783	0.00470551358571	25.5397629273	0.0391546312645	1.76369473779	2.44540288894	141.095027044	23.4685709593	39.4599079625	183.198812057	18.4654936051	7.11291784250	0.0100586699985
96.9778163938	627.149036333	707.119188397	0.00141418874839	-2.26967970979	-2.24483435518	92.6674763645	27.8058334168	63.0132944424	640.825392829	-0.113089004993	82.9016931661	0.106060520653	0.00468104209995	25.7683950766	0.0388072286624	1.76434376136	2.44613348610	141.039032002	23.4859310535	39.5509888435	183.208042033	18.4274515851	7.12485162796	0.0100829310371
97.0995328732	632.787836667	706.421635968	0.00141558518183	-2.26221415198	-2.23712065469	92.7446641645	27.7943689861	63.0820070568	639.414746795	-0.110638534452	82.5995140458	0.105820909491	0.00465675400974	25.9971837108	0.0384657050212	1.76497706309	2.44684282224	140.983449031	23.5032728994	39.6423169732	183.216639293	18.3897715099	7.13673504447	0.0101071618640
97.2204686173	638.426637000	705.727146673	0.00141697822553	-2.25479070490	-2.22944868439	92.8213238110	27.7830433684	63.1509341430	638.011337310	-0.108183763582	82.3005569998	0.105582837993	0.00463264645717	26.2261310975	0.0381299092985	1.76559486459	2.44753120360	140.928270368	23.5205971332	39.7338956184	183.224614870	18.3524460335	7.14856901912	0.0101313638659
97.3406356177	644.065437333	705.035668511	0.00141836795593	-2.24740869550	-2.22181777145	92.8974641492	27.7718545561	63.2200776851	636.615047905	-0.105724624358	82.0047567670	0.105346282447	0.00460871665464	26.4552394819	0.0377996956212	1.76619738177	2.44819892856	140.873488452	23.5379043778	39.8257280311	183.231979500	18.3154680124	7.16035445743	0.0101555384001
97.4600455765	649.704237667	704.347150698	0.00141975444780	-2.24006746689	-2.21422725919	92.9730938044	27.7608005940	63.2894396668	635.225764916	-0.103261049492	81.7120499514	0.105111219717	0.00458496188246	26.6845110873	0.0374749230641	1.76678482510	2.44884628795	140.819095923	23.5551952435	39.9178174480	183.238743630	18.2788304987	7.17209224408	0.0101796867959
97.5787099160	655.343038000	703.661543632	0.00142113777433	-2.23276637781	-2.20667650654	93.0482211889	27.7498795781	63.3590220718	633.843377395	-0.100792972409	81.4223749539	0.104877627222	0.00456137948669	26.9139481163	0.0371554554418	1.76735739975	2.44947356527	140.765085614	23.5724703270	40.0101670915	183.244917431	18.2425267332	7.18378324359	0.0102038103555
97.6966397871	660.981838333	702.978798845	0.00142251800715	-2.22550480208	-2.19916488750	93.1228545097	27.7390896539	63.4288268843	632.467777026	-0.0983203272100	81.1356719053	0.104645482917	0.00453796687697	27.1435527515	0.0368411611094	1.76791530578	2.45008103692	140.711450541	23.5897302115	40.1027801693	183.250510807	18.2065501388	7.19542830095	0.0102279103547
97.8138460789	666.620638667	702.298868978	0.00142389521637	-2.21828212815	-2.19169179068	93.1970017746	27.7284290145	63.4988560892	631.098858034	-0.0958430486459	80.8518826040	0.104414765278	0.00451472152444	27.3733271558	0.0365319127744	1.76845873831	2.45066897247	140.658183900	23.6069754662	40.1956598752	183.255533408	18.1708943149	7.20702824229	0.0102519880440
97.9303394262	672.259439000	701.621707737	0.00142526947067	-2.21109775863	-2.18425661883	93.2706707991	27.7178958992	63.5691116730	629.736517105	-0.0933610720926	80.5709504556	0.104185453285	0.00449164095984	27.6032734735	0.0362275873172	1.76898788764	2.45123763485	140.605279061	23.6242066461	40.2888093887	183.259994633	18.1355530310	7.21858387550	0.0102760446496
98.0461302182	677.898239333	700.947269865	0.00142664083732	-2.20395110985	-2.17685878838	93.3438692126	27.7074885922	63.6395956239	628.380653312	-0.0908743335221	80.2928204154	0.103957526404	0.00446872277153	27.8333938308	0.0359280656207	1.76950293948	2.45178728055	140.552729559	23.6414242917	40.3822318755	183.263903644	18.1005202216	7.23009599075	0.0103000813739
98.1612286057	683.537039667	700.275511104	0.00142800938223	-2.19684161140	-2.16949772905	93.4166044643	27.6972054207	63.7103099325	627.031168034	-0.0883827694782	80.0174389334	0.103730964574	0.00444596460378	28.0636903368	0.0356332324081	1.77000407500	2.45231815986	140.500529091	23.6586289285	40.4759304878	183.267269374	18.0657899807	7.24156536111	0.0103240993963
98.2756445086	689.175840000	699.606388171	0.00142937516996	-2.18976870575	-2.16217288339	93.4888838287	27.6870447541	63.7812565920	625.687964890	-0.0858863170515	79.7447539018	0.103505748192	0.00442336415491	28.2941650834	0.0353429760890	1.77049147104	2.45283051704	140.448671511	23.6758210669	40.5699083643	183.270100534	18.0313565566	7.25299274304	0.0103480998743
98.3893876234	694.814640333	698.939858722	0.00143073826384	-2.18273184782	-2.15488370640	93.5607144117	27.6770050024	63.8524375986	624.350949664	-0.0833849138564	79.4747146044	0.103281858098	0.00440091917574	28.5248201466	0.0350571886119	1.77096530023	2.45332459051	140.397150822	23.6930012020	40.6641686305	183.272405622	17.9972143473	7.26437887697	0.0103720839439
98.5024674293	700.453440667	698.275881327	0.00143209872594	-2.17573050463	-2.14762966516	93.6321031554	27.6670846147	63.9238549520	623.020030244	-0.0808784980075	79.2072716684	0.103059275560	0.00437862746786	28.7556575869	0.0347757653247	1.77142573110	2.45380061304	140.345961176	23.7101698129	40.7587143988	183.274192930	17.9633578956	7.27572448772	0.0103960527205
98.6148931956	706.092241000	697.614415440	0.00143345661710	-2.16876415494	-2.14041023845	93.7030568433	27.6572820786	63.9955106560	621.695116552	-0.0783670080985	78.9423770187	0.102837982268	0.00435648688217	28.9866794497	0.0344986048414	1.77187292822	2.45425881190	140.295096863	23.7273273629	40.8535487691	183.275470554	17.9297818849	7.28703028504	0.0104200072994
98.7266739872	711.731041333	696.955421374	0.00143481199705	-2.16183228883	-2.13322491643	93.7735821053	27.6475959184	64.0674067184	620.376120489	-0.0758503831801	78.6799838331	0.102617960310	0.00433449531735	29.2178877661	0.0342256089149	1.77230705231	2.45469940905	140.244552312	23.7444742988	40.9486748288	183.276246397	17.8964811348	7.29829696403	0.0104439487565
98.8378186714	717.369841667	696.298860275	0.00143616492436	-2.15493440746	-2.12607320022	93.8436854224	27.6380246944	64.1395451518	619.062955872	-0.0733285627398	78.4200465001	0.102399192172	0.00431265071845	29.4492845532	0.0339566823158	1.77272826037	2.45512262129	140.194322082	23.7616110512	41.0440956533	183.276528181	17.8634505968	7.30952520561	0.0104678781491
98.9483359231	723.008642000	695.644694097	0.00143751545650	-2.14807002266	-2.11895460167	93.9133731309	27.6285670016	64.2119279739	617.755538374	-0.0708014866821	78.1625205786	0.102181660716	0.00429095107549	29.6808718148	0.0336917327172	1.77313670579	2.45552866040	140.144400863	23.7787380340	41.1398143061	183.276323450	17.8306853509	7.32071567693	0.0104917965162
99.0582342310	728.647442334	694.992885578	0.00143886364990	-2.14123865666	-2.11186864298	93.9826514272	27.6192214690	64.2845572077	616.453785478	-0.0682690953090	77.9073627583	0.101965349177	0.00426939442213	29.9126515421	0.0334306705840	1.77353253841	2.45591773332	140.094783465	23.7958556439	41.2358338395	183.275639579	17.7981806013	7.33186903179	0.0105157048796
99.1675219028	734.286242667	694.343398218	0.00144020955995	-2.13443984175	-2.10481485644	94.0515263719	27.6099867580	64.3574348818	615.157616416	-0.0657313293017	77.6545308230	0.101750241147	0.00424797883445	30.1446257137	0.0331734090679	1.77391590469	2.45629004224	140.045464822	23.8129642610	41.3321572950	183.274483776	17.7659316731	7.34298591101	0.0105396042435
99.2762070702	739.925043000	693.696196257	0.00144155324102	-2.12767312005	-2.09779278410	94.1200038934	27.6008615621	64.4305630313	613.866952120	-0.0631881297020	77.4039836143	0.101536320566	0.00422670242962	30.3767962965	0.0329198639066	1.77428694778	2.45664578481	139.996439983	23.8300642481	41.4287877033	183.272863095	17.7339340086	7.35406694287	0.0105634955963
99.3842976942	745.563843333	693.051244652	0.00144289474655	-2.12093804316	-2.09080197750	94.1880897923	27.5918446055	64.5039436974	612.581715176	-0.0606394378955	77.1556809974	0.101323571714	0.00420556336481	30.6091652461	0.0326699533281	1.77464580758	2.45698515418	139.947704110	23.8471559509	41.5257280856	183.270784436	17.7021831640	7.36511274340	0.0105873799100
99.4918015701	751.202643667	692.408509060	0.00144423412901	-2.11423417193	-2.08384199743	94.2557897450	27.5829346424	64.5775789284	611.301829774	-0.0580851955942	76.9095838276	0.101111979198	0.00418455983598	30.8417345069	0.0324235979587	1.77499262090	2.45730833921	139.899252472	23.8642396977	41.6229814535	183.268254554	17.6706748063	7.37612391680	0.0106112581413
99.5987263318	756.841444000	691.767955814	0.00144557143995	-2.10756107618	-2.07691241361	94.3231093072	27.5741304563	64.6514707794	610.027221662	-0.0555253448204	76.6656539194	0.100901527945	0.00416369007683	31.0745060132	0.0321807207353	1.77532752147	2.45761552456	139.851080449	23.8813157996	41.7205508098	183.265280060	17.6394047098	7.38710105575	0.0106351312321
99.7050794564	762.480244333	691.129551907	0.00144690673006	-2.10091833447	-2.07001280450	94.3900539173	27.5654308589	64.7256213134	608.757818105	-0.0529598278906	76.4238540151	0.100692203193	0.00414295235770	31.3074816892	0.0319412468216	1.77565064010	2.45790689076	139.803183519	23.8983845505	41.8184391492	183.261867433	17.6083687536	7.39804474172	0.0106590001096
99.8108682689	768.119044667	690.493264973	0.00144824004915	-2.09430553382	-2.06314275703	94.4566289000	27.5568346893	64.8000326008	607.493547839	-0.0503885873998	76.1841477560	0.100483990481	0.00412234498454	31.5406634495	0.0317051035278	1.77596210471	2.45818261443	139.755557262	23.9154462269	41.9166494589	183.258023020	17.5775629181	7.40895554535	0.0106828656871
99.9160999460	773.757845000	689.859063269	0.00144957144618	-2.08772226952	-2.05630186632	94.5228394693	27.5483408136	64.8747067205	606.234341033	-0.0478115662073	75.9464996541	0.100276875643	0.00410186629798	31.7740531993	0.0314722202335	1.77626204041	2.45844286826	139.708197355	23.9325010883	42.0151847195	183.253753039	17.5469832827	7.41983402670	0.0107067288643
100.020781520	779.396645333	689.226915655	0.00145090096931	-2.08116814485	-2.04948973555	94.5886907319	27.5399481237	64.9496457596	604.980129246	-0.0452287074213	75.7108750650	0.100070844796	0.00408151467229	32.0076528354	0.0312425283148	1.77655056961	2.45868782124	139.661099568	23.9495493772	42.1140479054	183.249063592	17.5166260227	7.43068073557	0.0107305905277
100.124919885	785.035445667	688.596791584	0.00145222866592	-2.07464277093	-2.04270597566	94.6541876897	27.5316555369	65.0248518142	603.730845395	-0.0426399543852	75.4772401617	0.0998658843375	0.00406128851454	32.2414642460	0.0310159610733	1.77682781207	2.45891763866	139.614259763	23.9665913189	42.2132419860	183.243960659	17.4864874067	7.44149621177	0.0107544515510
100.228521795	790.674246000	687.968661079	0.00145355458260	-2.06814576643	-2.03595020516	94.7193352434	27.5234619952	65.1003269891	602.486423710	-0.0400452506637	75.2455619097	0.0996619809325	0.00404118626365	32.4754893114	0.0307924536690	1.77709388496	2.45913248227	139.567673889	23.9836271225	42.3127699265	183.238450110	17.4565637943	7.45228098543	0.0107783127958
100.331593874	796.313046333	687.342494724	0.00145487876521	-2.06167675742	-2.02922204995	94.7841381946	27.5153664643	65.1760733991	601.246799706	-0.0374445400296	75.0158080428	0.0994591215105	0.00402120638956	32.7097299042	0.0305719430557	1.77734890294	2.45933251034	139.521337984	24.0006569800	42.4126346884	183.232537706	17.4268516332	7.46303557724	0.0108021751113
100.434142617	801.951846667	686.718263644	0.00145620125886	-2.05523537717	-2.02252114310	94.8486012491	27.5073679335	65.2520931682	600.011910144	-0.0348377664507	74.7879470397	0.0992572932565	0.00400134739240	32.9441878899	0.0303543679189	1.77759297824	2.45951787779	139.475248165	24.0176810676	42.5128392308	183.226229104	17.3973474570	7.47376049871	0.0108260393355
100.536174391	807.590647000	686.095939491	0.00145752210798	-2.04882126592	-2.01584712465	94.9127290189	27.4994654146	65.3283884306	598.781692998	-0.0322248740772	74.5619481020	0.0990564836044	0.00398160780168	33.1788651269	0.0301396686166	1.77782622069	2.45968873622	139.429400635	24.0346995453	42.6133865116	183.219529857	17.3680478830	7.48445625242	0.0108499062948
100.637695444	813.229447333	685.475494433	0.00145884135629	-2.04243407075	-2.00919964145	94.9765260254	27.4916579415	65.4049613308	597.556087427	-0.0296058072292	74.3377811320	0.0988566802311	0.00396198617551	33.4137634673	0.0299277871222	1.77804873781	2.45984523405	139.383791671	24.0517125574	42.7142794879	183.212445424	17.3389496094	7.49512333228	0.0108737768051
100.738711900	818.868247667	684.856901139	0.00146015904686	-2.03607344536	-2.00257834698	95.0399967013	27.4839445698	65.4818140241	596.335033739	-0.0269805103852	74.1154167128	0.0986578710495	0.00394248109987	33.6488847569	0.0297186669700	1.77826063485	2.45998751657	139.338417630	24.0687202329	42.8155211176	183.204981169	17.3100494139	7.50576222375	0.0108976516714
100.839229772	824.507048000	684.240132765	0.00146147522210	-2.02973904990	-1.99598290116	95.1031453931	27.4763243759	65.5589486765	595.118473363	-0.0243489281698	73.8948260872	0.0984600442024	0.00392309118786	33.8842308355	0.0295122532028	1.77846201487	2.46011572604	139.293274942	24.0857226858	42.9171143600	183.197142363	17.2813441506	7.51637340406	0.0109215316886
100.939254956	830.145848333	683.625162942	0.00146278992379	-2.02343055084	-1.98941297018	95.1659763638	27.4687964567	65.6363674653	593.906348820	-0.0217110053427	73.6759811396	0.0982631880573	0.00390381507901	34.1198035377	0.0293084923216	1.77865297877	2.46023000173	139.248360109	24.1027200153	43.0190621775	183.188934193	17.2528307486	7.52695734244	0.0109454176417
101.038793239	835.784648667	683.011965766	0.00146410319310	-2.01714762075	-1.98286822637	95.2284937942	27.4613599288	65.7140725793	592.698603695	-0.0190666867879	73.4588543763	0.0980672911998	0.00388465143861	34.3556046926	0.0291073322373	1.77883362534	2.46033048005	139.203669704	24.1197123066	43.1213675362	183.180361759	17.2245062096	7.53751450033	0.0109693103062
101.137850301	841.423449000	682.400515781	0.00146541507059	-2.01088993821	-1.97634834802	95.2907017860	27.4540139286	65.7920662192	591.495182611	-0.0164159175020	73.2434189083	0.0978723424286	0.00386559895704	34.5916361244	0.0289087222241	1.77900405134	2.46041729457	139.159200369	24.1366996312	43.2240334077	183.171430079	17.1963676059	7.54804533157	0.0109932104482
101.236431715	847.062249333	681.790787972	0.00146672559624	-2.00465718760	-1.96985301922	95.3526043633	27.4467576110	65.8703505975	590.296031200	-0.0137586425845	73.0296484335	0.0976783307498	0.00384665634916	34.8278996530	0.0287126128754	1.77916435153	2.46049057611	139.114948811	24.1536820471	43.3270627697	183.162144094	17.1684120788	7.55855028263	0.0110171188248
101.334542955	852.701049667	681.182757752	0.00146803480948	-1.99844905898	-1.96338192975	95.4142054746	27.4395901495	65.9489279396	589.101096078	-0.0110948072273	72.8175172204	0.0974852453720	0.00382782235364	35.0643970938	0.0285189560604	1.77931461872	2.46055045281	139.070911802	24.1706595996	43.4304586076	183.152508667	17.1406368361	7.56902979278	0.0110410361844
101.432189393	858.339850000	680.576400953	0.00146934274918	-1.99226524797	-1.95693477488	95.4755089951	27.4325107358	66.0278004830	587.910324824	-0.00842435670418	72.6070000918	0.0972930757011	0.00380909573243	35.3011302581	0.0283277048834	1.77945494383	2.46059705020	139.027086177	24.1876323216	43.5342239158	183.142528586	17.1130391509	7.57948429428	0.0110649632669
101.529376305	863.978650333	679.971693813	0.00147064945365	-1.98610545556	-1.95051125529	95.5365187281	27.4255185788	66.1069704786	586.723665952	-0.00574723636158	72.3980724089	0.0971018113354	0.00379047527013	35.5381009537	0.0281388136441	1.77958541589	2.46063049123	138.983468833	24.2046002345	43.6383616989	183.132208570	17.0856163593	7.58991421256	0.0110889008043
101.626108871	869.617450667	679.368612966	0.00147195496070	-1.97996938801	-1.94411107693	95.5972384072	27.4186129047	66.1864401904	585.541068887	-0.00306339160867	72.1907100569	0.0969114420610	0.00377195977348	35.7753109848	0.0279522377995	1.77970612215	2.46065089639	138.940056727	24.2215633483	43.7428749731	183.121553266	17.0583658587	7.60031996641	0.0111128495203
101.722392179	875.256251000	678.767135435	0.00147325930764	-1.97385675673	-1.93773395083	95.6576716978	27.4117929563	66.2662118959	584.362483949	-0.000372767908032	71.9848894300	0.0967219578469	0.00375354807077	36.0127621527	0.0277679339274	1.77981714808	2.46065838370	138.896846871	24.2385216622	43.8477667674	183.110567254	17.0312851063	7.61070196811	0.0111368101312
101.818231229	880.895051333	678.167238621	0.00147456253126	-1.96776727813	-1.93137959306	95.7178221989	27.4050579929	66.3462878865	583.187862325	0.00232468923350	71.7805874176	0.0965333488412	0.00373523901134	36.2504562556	0.0275858596909	1.77991857740	2.46065306882	138.853836338	24.2554751659	43.9530401255	183.099255051	17.0043716173	7.62106062365	0.0111607833459
101.913630928	886.533851667	677.568900293	0.00147586466789	-1.96170067352	-1.92504772455	95.7776934448	27.3984072895	66.4266704676	582.017156048	0.00502903427384	71.5777813905	0.0963456053661	0.00371703146507	36.4883950892	0.0274059738050	1.78001049217	2.46063506506	138.811022251	24.2724238390	44.0586981064	183.087621108	16.9776229631	7.63139633286	0.0111847698661
102.008596102	892.172652000	676.972098577	0.00147716575336	-1.95565666896	-1.91873807099	95.8372889067	27.3918401368	66.5073619591	580.850317982	0.00774032164446	71.3764491881	0.0961587179142	0.00369892432190	36.7265804467	0.0272282360034	1.78009297277	2.46060448349	138.768401792	24.2893676529	44.1647437866	183.075669814	16.9510367698	7.64170948956	0.0112087703867
102.103131490	897.811452333	676.376811955	0.00147846582308	-1.94963499519	-1.91245036272	95.8966119940	27.3853558405	66.5883646954	579.687301798	0.0104586057589	71.1765691056	0.0959726771441	0.00368091649130	36.9650141194	0.0270526070075	1.78016609798	2.46056143294	138.725972189	24.3063065704	44.2711802610	183.063405500	16.9246107168	7.65200048172	0.0112327855956
102.197241750	903.450252667	675.783019246	0.00147976491199	-1.94363538749	-1.90618433462	95.9556660561	27.3789537213	66.6696810262	578.528061954	0.0131839410214	70.9781198817	0.0957874738768	0.00366300690188	37.2036978967	0.0268790484961	1.78022994499	2.46050602008	138.683730727	24.3232405471	44.3780106446	183.050832436	16.8983425347	7.66226969161	0.0112568161746
102.290931460	909.089053000	675.190699608	0.00148106305460	-1.93765758557	-1.89993972598	96.0144543837	27.3726331142	66.7513133161	577.372553679	0.0159163818348	70.7810806869	0.0956030990919	0.00364519450089	37.4426335664	0.0267075230760	1.78028458944	2.46043834944	138.641674736	24.3401695316	44.4852380741	183.037954837	16.8722300046	7.67251749594	0.0112808627990
102.384205119	914.727853333	674.599832522	0.00148236028500	-1.93170133348	-1.89371628044	96.0729802104	27.3663933686	66.8332639453	576.220732955	0.0186559826091	70.5854311119	0.0954195439233	0.00362747825377	37.6818229149	0.0265379942541	1.78033010548	2.46035852350	138.599801597	24.3570934664	44.5928657090	183.024776861	16.8462709558	7.68274426598	0.0113049261383
102.477067152	920.366653667	674.010397788	0.00148365663687	-1.92576637952	-1.88751374584	96.1312467136	27.3602338474	66.9155353099	575.072556496	0.0214027977691	70.3911511564	0.0952367996566	0.00360985714380	37.9212677275	0.0263704264105	1.78036656577	2.46026664270	138.558108736	24.3740122886	44.7008967337	183.011302613	16.8204632650	7.69295036774	0.0113290068562
102.569521907	926.005454000	673.422375520	0.00148495214349	-1.91985247610	-1.88133187416	96.1892570164	27.3541539273	66.9981298221	573.927981735	0.0241568817623	70.1982212189	0.0950548577248	0.00359233017159	38.1609697888	0.0262047847718	1.78039404152	2.46016280550	138.516593626	24.3909259306	44.8093343583	182.997536143	16.7948048543	7.70313616203	0.0113531056104
102.661573659	931.644254333	672.835746132	0.00148624683773	-1.91395937967	-1.87517042139	96.2470141886	27.3481529981	67.0810499104	572.786966805	0.0269182890664	70.0066220855	0.0948737097052	0.00357489635477	38.4009308825	0.0260410353869	1.78041260252	2.46004710840	138.475253785	24.4078343206	44.9181818208	182.983481451	16.7692936903	7.71330200467	0.0113772230538
102.753226613	937.283054667	672.250490337	0.00148754075211	-1.90808685065	-1.86902914749	96.3045212479	27.3422304624	67.1642980199	571.649470526	0.0296870741969	69.8163349207	0.0946933473162	0.00355755472752	38.6411527920	0.0258791451017	1.78042231718	2.45991964604	138.434086773	24.4247373837	45.0274423881	182.969142483	16.7439277825	7.72344824653	0.0114013598336
102.844484904	942.921855000	671.666589137	0.00148883391875	-1.90223465331	-1.86290781622	96.3617811613	27.3363857356	67.2478766128	570.515452384	0.0324632917148	69.6273412571	0.0945137624141	0.00354030434028	38.8816373006	0.0257190815363	1.78042325255	2.45978051116	138.393090195	24.4416350423	45.1371193579	182.954523138	16.7187051821	7.73357523371	0.0114255165923
102.935352599	948.560655333	671.084023818	0.00149012636944	-1.89640255566	-1.85680619514	96.4187968460	27.3306182454	67.3317881684	569.384872520	0.0352469962332	69.4396229861	0.0943349469897	0.00352314425932	39.1223861914	0.0255608130625	1.78041547437	2.45962979470	138.352261694	24.4585272171	45.2472160602	182.939627263	16.6936239804	7.74368330763	0.0114496939674
103.025833699	954.199455667	670.502775941	0.00149141813559	-1.89059032943	-1.85072405546	96.4755711711	27.3249274315	67.4160351836	568.257691717	0.0380382424250	69.2531623490	0.0941568931659	0.00350607356638	39.3634012480	0.0254043087816	1.78039904705	2.45946758584	138.311598957	24.4754138277	45.3577358588	182.924458658	16.6686823078	7.75377280515	0.0114738925920
103.115932138	959.838256000	669.922827340	0.00149270924827	-1.88479774994	-1.84466117198	96.5321069579	27.3193127457	67.5006201730	567.133871380	0.0408370850295	69.0679419276	0.0939795931941	0.00348909135839	39.6046842543	0.0252495385036	1.78037403374	2.45929397197	138.271099708	24.4922947934	45.4686821526	182.909021075	16.6438783326	7.76384405868	0.0114981130945
103.205651788	965.477056333	669.344160111	0.00149399973824	-1.87902459602	-1.83861732302	96.5884069817	27.3137736509	67.5855456695	566.013373525	0.0436435788597	68.8839446364	0.0938030394517	0.00347219674707	39.8462369948	0.0250964727266	1.78034049634	2.45910903882	138.230761711	24.5091700338	45.5800583778	182.893318219	16.6192102594	7.77389739628	0.0115223560991
103.294996459	971.115856667	668.766756609	0.00149528963591	-1.87327064996	-1.83259229034	96.6444739724	27.3083096218	67.6708142243	564.896160770	0.0464577788088	68.7011537136	0.0936272244396	0.00345538885861	40.0880612551	0.0249450826179	1.78029849554	2.45891287041	138.190582766	24.5260394699	45.6918680088	182.877353748	16.5946763284	7.78393314178	0.0115466222261
103.383969899	976.754657000	668.190599441	0.00149657897138	-1.86753569741	-1.82658585903	96.7003106159	27.3029201439	67.7564284071	563.782196312	0.0492797398567	68.5195527134	0.0934521407788	0.00343866683341	40.3301588216	0.0247953399941	1.78024809081	2.45870554916	138.150560712	24.5429030246	45.8041145602	182.861131274	16.5702748137	7.79395161486	0.0115709120916
103.472575796	982.393457333	667.615671462	0.00149786777445	-1.86181952729	-1.82059781749	96.7559195546	27.2976047136	67.8423908067	562.671443925	0.0521095170773	68.3391254981	0.0932777812084	0.00342202982569	40.5725314822	0.0246472173036	1.78018934046	2.45848715584	138.110693420	24.5597606235	45.9168015881	182.844654362	16.5460040225	7.80395313115	0.0115952263082
103.560817782	988.032257667	667.041955768	0.00149915607460	-1.85612193179	-1.81462795731	96.8113033889	27.2923628381	67.9287040313	561.563867938	0.0549471656441	68.1598562305	0.0931041385829	0.00340547700324	40.8151810262	0.0245006876083	1.78012230163	2.45825776970	138.070978800	24.5766121957	46.0299326920	182.827926534	16.5218622941	7.81393800237	0.0116195654848
103.648699429	993.671058000	666.469435690	0.00150044390102	-1.85044270620	-1.80867607323	96.8664646777	27.2871940348	68.0153707084	560.459433231	0.0577927408374	67.9817293668	0.0929312058697	0.00338900754714	41.0581092445	0.0243557245670	1.78004703036	2.45801746841	138.031414794	24.5934576747	46.1435115160	182.810951266	16.4978479981	7.82390653635	0.0116439302269
103.736224257	999.309858333	665.898094789	0.00150173128265	-1.84478164893	-1.80274196305	96.9214059396	27.2820978313	68.1023934857	559.358105218	0.0606462980499	67.8047296488	0.0927589761465	0.00337262065143	41.3013179299	0.0242123024185	1.77996358157	2.45776632815	137.991999377	24.6102969989	46.2575417504	182.793731988	16.4739595343	7.83385903719	0.0116683211367
103.823395727	1004.94865867	665.327916854	0.00150301824810	-1.83913856138	-1.79682542761	96.9761296537	27.2770737653	68.1897750306	558.259849838	0.0635078927934	67.6288420980	0.0925874425994	0.00335631552285	41.5448088772	0.0240703959658	1.77987200909	2.45750442361	137.952730558	24.6271301124	46.3720271334	182.776272087	16.4501953308	7.84379580529	0.0116927388134
103.910217249	1010.58745900	664.758885894	0.00150430482573	-1.83351324793	-1.79092627065	97.0306382605	27.2721213843	68.2775180315	557.164633544	0.0663775807049	67.4540520078	0.0924165985201	0.00334009138061	41.7885838836	0.0239299805608	1.77977236568	2.45723182805	137.913606376	24.6439569660	46.4869714526	182.758574905	16.4265538434	7.85371713750	0.0117171838532
103.996692182	1016.22625933	664.190986132	0.00150559104366	-1.82790551582	-1.78504429881	97.0849341624	27.2672402454	68.3656251971	556.072423289	0.0692554175524	67.2803449379	0.0922464373043	0.00332394745606	42.0326447486	0.0237910320890	1.77966470308	2.45694861328	137.874624903	24.6607775179	46.6023785464	182.740643739	16.4030335546	7.86362332715	0.0117416568495
104.082823829	1021.86505967	663.624202005	0.00150687692971	-1.82231517513	-1.77917932155	97.1390197251	27.2624299149	68.4540992574	554.983186520	0.0721414592414	67.1077067075	0.0920769524487	0.00330788299251	42.2769932743	0.0236535269552	1.77954907200	2.45665484974	137.835784239	24.6775917339	46.7182523058	182.722481841	16.3796329724	7.87351466415	0.0117661583932
104.168615449	1027.50386000	663.058518154	0.00150816251148	-1.81674203871	-1.77333115107	97.1928972780	27.2576899686	68.5429429639	553.896891165	0.0750357618201	66.9361233890	0.0919081375500	0.00329189724491	42.5216312655	0.0235174420698	1.77942552212	2.45635060649	137.797082515	24.6943995891	46.8345966755	182.704092422	16.3563506295	7.88339143507	0.0117906890724
104.254070246	1033.14266033	662.493919423	0.00150944781632	-1.81118592213	-1.76749960229	97.2465691150	27.2530199912	68.6321590895	552.813505626	0.0779383814860	66.7655813027	0.0917399863017	0.00327598947965	42.7665605302	0.0233827548347	1.77929410216	2.45603595125	137.758517892	24.7112010678	46.9514156556	182.685478644	16.3331850824	7.89325392324	0.0118152494733
104.339191379	1038.78146067	661.930390856	0.00151073287133	-1.80564664359	-1.76168449277	97.3000374956	27.2484195763	68.7217504294	551.732998762	0.0808493745913	66.5960670102	0.0915724924929	0.00326015897433	43.0117828792	0.0232494431307	1.77915485987	2.45571095043	137.720088556	24.7279961645	47.0687133030	182.666643629	16.3101349101	7.90310240879	0.0118398401795
104.423981960	1044.42026100	661.367917686	0.00151201770340	-1.80012402391	-1.75588564265	97.3533046450	27.2438883261	68.8117198009	550.655339891	0.0837687976486	66.4275673095	0.0914056500062	0.00324440501751	43.2573001269	0.0231174853046	1.77900784206	2.45537566916	137.681792725	24.7447848847	47.1864937333	182.647590450	16.2871987139	7.91293716875	0.0118644617728
104.508445054	1050.05906133	660.806485340	0.00151330233916	-1.79461788644	-1.75010287461	97.4063727554	27.2394258516	68.9020700442	549.580498769	0.0866967073369	66.2600692289	0.0912394528156	0.00322872690850	43.5031140911	0.0229868601569	1.77885309457	2.45503017127	137.643628641	24.7615672456	47.3047611212	182.628322137	16.2643751159	7.92275847709	0.0118891148330
104.592583680	1055.69786167	660.246079428	0.00151458680507	-1.78912805704	-1.74433601381	97.4592439865	27.2350317719	68.9928040223	548.508445590	0.0896331605070	66.0935600221	0.0910738949848	0.00321312395711	43.7492265932	0.0228575469299	1.77869066238	2.45467451939	137.605594573	24.7783432766	47.4235197032	182.608841677	16.2416627585	7.93256660486	0.0119137999381
104.676400814	1061.33666200	659.686685742	0.00151587112733	-1.78365436399	-1.73858488784	97.5119204659	27.2307057145	69.0839246215	547.439150972	0.0925782141869	65.9280271632	0.0909089706654	0.00319759548351	43.9956394584	0.0227295252964	1.77852058953	2.45430877491	137.567688816	24.7951130200	47.5427737778	182.589152009	16.2190603033	7.94236182016	0.0119385176645
104.759899386	1066.97546233	659.128290251	0.00151715533196	-1.77819663799	-1.73284932667	97.5644042904	27.2264473148	69.1754347519	546.372585951	0.0955319255881	65.7634583410	0.0907446740952	0.00318214081794	44.2423545159	0.0226027753482	1.77834291920	2.45393299802	137.529909691	24.8118765318	47.6625277078	182.569256026	16.1965664306	7.95214438831	0.0119632685871
104.843082288	1072.61426267	658.570879100	0.00151843944477	-1.77275471205	-1.72712916262	97.6166975260	27.2222562164	69.2673373475	545.308721972	0.0984943521099	65.5998414547	0.0905809995963	0.00316675930056	44.4893735992	0.0224772775856	1.77815769371	2.45354724775	137.492255542	24.8286338823	47.7827859210	182.549156578	16.1741798386	7.96191457184	0.0119880532794
104.925952365	1078.25306300	658.014438601	0.00151972349137	-1.76732842150	-1.72142423028	97.6688022087	27.2181320704	69.3596353664	544.247530881	0.101465551346	65.4371646091	0.0904179415736	0.00315145028124	44.7366985458	0.0223530129067	1.77796495450	2.45315158197	137.454724739	24.8453851566	47.9035529120	182.528856467	16.1518992423	7.97167263057	0.0120128723137
105.008512424	1083.89186333	657.458955236	0.00152100749718	-1.76191760392	-1.71573436648	97.7207203455	27.2140745358	69.4523317918	543.188984916	0.104445581090	65.2754161098	0.0902554945134	0.00313621311939	44.9843311981	0.0222299625973	1.77776474222	2.45274605743	137.417315675	24.8621304551	48.0248332431	182.508358449	16.1297233732	7.98141882172	0.0120377262612
105.090765232	1089.53066367	656.904415648	0.00152229148744	-1.75652209907	-1.71005941024	97.7724539145	27.2100832788	69.5454296315	542.133056701	0.107434499338	65.1145844586	0.0900936529812	0.00312104718372	45.2322734027	0.0221081083212	1.77755709667	2.45233072974	137.380026766	24.8788698947	48.1466315459	182.487665233	16.1076509783	7.99115339991	0.0120626156920
105.172713514	1095.16946400	656.350806641	0.00152357548720	-1.75114174892	-1.70439920276	97.8240048657	27.2061579733	69.6389319188	541.079719239	0.110432364299	64.9546583496	0.0899324116209	0.00310595185210	45.4805270113	0.0219874321103	1.77734205686	2.45190565346	137.342856451	24.8956036083	48.2689525223	182.466779481	16.0856808195	8.00087661724	0.0120875411755
105.254359960	1100.80826433	655.798115175	0.00152485952134	-1.74577639750	-1.69875358731	97.8753751215	27.2022983004	69.7328417129	540.028945902	0.113439234396	64.7956266646	0.0897717651526	0.00309092651139	45.7290938803	0.0218679163558	1.77711966099	2.45147088206	137.305803191	24.9123317463	48.3918009456	182.445703807	16.0638116729	8.01058872338	0.0121125032802
105.335707220	1106.44706467	655.246328363	0.00152614361457	-1.74042589096	-1.69312240923	97.9265665776	27.1985039481	69.8271620989	538.980710424	0.116455168276	64.6374784688	0.0896117083714	0.00307597055724	45.9779758715	0.0217495437989	1.77688994652	2.45102646796	137.268865467	24.9290544766	48.5151816622	182.424440778	16.0420423283	8.02028996558	0.0121375025741
105.416757906	1112.08586500	654.695433469	0.00152742779142	-1.73509007747	-1.68750551594	97.9775811027	27.1947746118	69.9218961881	537.934986901	0.119480224802	64.4802030077	0.0894522361468	0.00306108339393	46.2271748517	0.0216322975221	1.77665295011	2.45057246254	137.232041785	24.9457719853	48.6390995923	182.402992913	16.0203715886	8.02998058875	0.0121625396248
105.497514595	1117.72466533	654.145417905	0.00152871207629	-1.72976880720	-1.68190275677	98.0284205401	27.1911099934	70.0170471191	536.891749772	0.122514463079	64.3237897018	0.0892933434198	0.00304626443421	46.4766926934	0.0215161609411	1.77640870769	2.45010891619	137.195330669	24.9624844770	48.7635597310	182.381362681	15.9987982688	8.03966083553	0.0121876149992
105.577979828	1123.36346567	653.596269223	0.00152999649338	-1.72446193227	-1.67631398305	98.0790867073	27.1875098019	70.1126180573	535.850973824	0.125557942443	64.1682281439	0.0891350252023	0.00303151309912	46.7265312743	0.0214011177960	1.77615725447	2.44963587828	137.158730664	24.9791921752	48.8885671496	182.359552503	15.9773211960	8.04933094630	0.0122127292643
105.658156111	1129.00226600	653.047975122	0.00153128106678	-1.71916930673	-1.67073904800	98.1295813971	27.1839737529	70.2086121959	534.812634178	0.128610722474	64.0135080948	0.0889772765761	0.00301682881788	46.9766924781	0.0212871521439	1.77589862490	2.44915339721	137.122240335	24.9958953231	49.0141269966	182.337564751	15.9559392083	8.05899115927	0.0122378829868
105.738045915	1134.64106633	652.500523434	0.00153256582039	-1.71389078650	-1.66517780670	98.1799063779	27.1805015686	70.3050327559	533.776706286	0.131672862997	63.8596194801	0.0888200926911	0.00300221102768	47.2271781942	0.0211742483510	1.77563285274	2.44866152043	137.085858266	25.0125941834	49.1402444986	182.315401746	15.9346511547	8.06864171053	0.0122630767333
105.817651677	1140.27986667	651.953902128	0.00153385077800	-1.70862622936	-1.65963011608	98.2300633938	27.1770929775	70.4018829868	532.743165924	0.134744424091	63.7065523863	0.0886634687641	0.00298765917357	47.4779903183	0.0210623910847	1.77535997107	2.44816029444	137.049583062	25.0292890390	49.2669249613	182.293065760	15.9134558946	8.07828283407	0.0122883110707
105.896975802	1145.91866700	651.408099309	0.00153513596325	-1.70337549488	-1.65409583488	98.2800541659	27.1737477147	70.4991661666	531.711989186	0.137825466090	63.5542970577	0.0885074000778	0.00297317270829	47.7291307519	0.0209515653071	1.77508001224	2.44764976480	137.013413345	25.0459801933	49.3941737706	182.270559014	15.8923522968	8.08791476187	0.0123135865659
105.976020661	1151.55746733	650.863103206	0.00153642139964	-1.69813844444	-1.64857482358	98.3298803919	27.1704655214	70.5968856028	530.683152478	0.140916049593	63.4028438927	0.0883518819794	0.00295875109215	47.9806014032	0.0208417562672	1.77479300797	2.44712997617	136.977347755	25.0626679705	49.5219963932	182.247883679	15.8713392397	8.09753772392	0.0123389037862
106.054788595	1157.19626767	650.318902181	0.00153770711054	-1.69291494113	-1.64306694442	98.3795437472	27.1672461453	70.6950446321	529.656632513	0.144016235463	63.2521834409	0.0881969098795	0.00294439379287	48.2324041865	0.0207329494946	1.77449898929	2.44660097233	136.941384951	25.0793527157	49.6503983780	182.225041874	15.8504156104	8.10715194825	0.0123642632993
106.133281912	1162.83506800	649.775484717	0.00153899311919	-1.68770484977	-1.63757206131	98.4290458847	27.1640893398	70.7936466213	528.632406306	0.147126084839	63.1023064000	0.0880424792509	0.00293010028544	48.4845410229	0.0206251307922	1.77419798659	2.44606279614	136.905523611	25.0960347952	49.7793853563	182.202035667	15.8295803045	8.11675766104	0.0123896656734
106.211502889	1168.47386833	649.232839421	0.00154027944873	-1.68250803684	-1.63209003986	98.4783884359	27.1609948646	70.8926949678	527.610451164	0.150245659136	62.9532036121	0.0878885856274	0.00291587005204	48.7370138404	0.0205182862306	1.77389002961	2.44551548964	136.869762426	25.1127145969	49.9089630428	182.178867074	15.8088322256	8.12635508660	0.0124151114775
106.289453773	1174.11266867	648.690955020	0.00154156612214	-1.67732437048	-1.62662074727	98.5275730108	27.1579624852	70.9921930994	526.590744687	0.153375020053	62.8048660613	0.0877352246030	0.00290170258182	48.9898245737	0.0204124021407	1.77357514747	2.44495909399	136.834100109	25.1293925300	50.0391372368	182.155538059	15.7881702849	8.13594444745	0.0124406012810
106.367136783	1179.75146900	648.149820357	0.00154285316233	-1.67215372044	-1.62116405240	98.5766011986	27.1549919731	71.0921444755	525.573264759	0.156514229576	62.6572848708	0.0875823918305	0.00288759737087	49.2429751646	0.0203074651086	1.77325336868	2.44439364953	136.798535387	25.1460690258	50.1699138223	182.132050535	15.7675934012	8.14552596434	0.0124661356545
106.444554107	1185.39026933	647.609424391	0.00154414059206	-1.66699595806	-1.61571982564	98.6254745679	27.1520831053	71.1925525871	524.557989544	0.159663349986	62.5104512994	0.0874300830206	0.00287355392201	49.4964675622	0.0202034619691	1.77292472111	2.44381919576	136.763067002	25.1627445371	50.3012987690	182.108406362	15.7471005000	8.15509985633	0.0124917151693
106.521707904	1191.02906967	647.069756194	0.00154542843399	-1.66185095622	-1.61028793893	98.6741946673	27.1492356648	71.2934209573	523.544897478	0.162822443861	62.3643567394	0.0872782939410	0.00285957174472	49.7503037228	0.0201003798001	1.77258923206	2.44323577140	136.727693715	25.1794195387	50.4332981330	182.084607346	15.7266905136	8.16466634078	0.0125173403978
106.598600307	1196.66787000	646.530804949	0.00154671671070	-1.65671858934	-1.60486826576	98.7227630254	27.1464494400	71.3947531419	522.533967271	0.165991574084	62.2189927136	0.0871270204151	0.00284565035504	50.0044856104	0.0199982059168	1.77224692824	2.44264341435	136.692414301	25.1960945275	50.5659180571	182.060655243	15.7063623806	8.17422563344	0.0125430119137
106.675233418	1202.30667033	645.992559946	0.00154800544465	-1.65159873335	-1.59946068107	98.7711811517	27.1437242250	71.4965527295	521.525177895	0.169170803846	62.0743508725	0.0869762583212	0.00283178927538	50.2590151964	0.0198969278664	1.77189783576	2.44204216174	136.657227550	25.2127700221	50.6991647719	182.036551752	15.6861150459	8.18377794846	0.0125687302916
106.751609317	1207.94547067	645.455010581	0.00154929465820	-1.64649126562	-1.59406506127	98.8194505366	27.1410598192	71.5988233427	520.518508582	0.172360196653	61.9304229920	0.0868260035916	0.00281798803447	50.5138944601	0.0197965334229	1.77154198018	2.44143204994	136.622132267	25.2294465630	50.8330445958	182.012298524	15.6659474600	8.19332349844	0.0125944961078
106.827730051	1213.58427100	644.918146355	0.00155058437362	-1.64139606499	-1.58868128421	98.8675726517	27.1384560276	71.7015686376	519.513938823	0.175559816331	61.7872009708	0.0866762522116	0.00280424616725	50.7691253889	0.0196970105815	1.77117938650	2.44081311455	136.587127273	25.2461247128	50.9675639359	181.987897154	15.6458585793	8.20286249446	0.0126203099398
106.903597646	1219.22307133	644.381956872	0.00155187461309	-1.63631301170	-1.58330922915	98.9155489504	27.1359126604	71.8047923053	518.511448356	0.178769727028	61.6446768278	0.0865270002186	0.00279056321471	51.0247099779	0.0195983475542	1.77081007916	2.44018539044	136.552211403	25.2628050557	51.1027292882	181.963349183	15.6258473655	8.21239514612	0.0126461723666
106.979214100	1224.86187167	643.846431832	0.00155316539870	-1.63124198741	-1.57794877672	98.9633808682	27.1334295332	71.9084980714	517.511017168	0.181989993226	61.5028426998	0.0863782437011	0.00277693872384	51.2806502307	0.0195005327643	1.77043408206	2.43954891174	136.517383506	25.2794881974	51.2385472383	181.938656102	15.6059127854	8.22192166161	0.0126720839691
107.054581385	1230.50067200	643.311561038	0.00155445675247	-1.62618287511	-1.57259980891	99.0110698227	27.1310064668	72.0126896975	516.512625488	0.185220679739	61.3616908393	0.0862299787981	0.00276337224750	51.5369481592	0.0194035548421	1.77005141858	2.43890371186	136.482642444	25.2961747654	51.3750244617	181.913819346	15.5860538110	8.23144224768	0.0126980453295
107.129701449	1236.13947233	642.777334385	0.00155574869633	-1.62113555916	-1.56726220904	99.0586172144	27.1286432871	72.1173709808	515.516253784	0.188461851723	61.2212136118	0.0860822016979	0.00274986334431	51.7936057839	0.0193074026198	1.76966211156	2.43824982352	136.447987094	25.3128654081	51.5121677239	181.888840299	15.5662694192	8.24095710975	0.0127240570322
107.204576217	1241.77827267	642.243741865	0.00155704125212	-1.61609992522	-1.56193586174	99.1060244266	27.1263398252	72.2225457553	514.521882757	0.191713574681	61.0814034942	0.0859349086376	0.00273641157858	52.0506251337	0.0192120651276	1.76926618333	2.43758727873	136.413416346	25.3295607953	51.6499838814	181.863720291	15.5465585916	8.25046645188	0.0127501196632
107.279207587	1247.41707300	641.710773559	0.00155833444163	-1.61107586026	-1.55662065292	99.1532928261	27.1240959171	72.3282178919	513.529493339	0.194975914467	60.9422530720	0.0857880959019	0.00272301652020	52.3080082466	0.0191175315888	1.76886365571	2.43691610881	136.378929103	25.3462616175	51.7884798815	181.838460599	15.5269203143	8.25997047684	0.0127762338106
107.353597436	1253.05587333	641.178419641	0.00155962828655	-1.60606325250	-1.55131646975	99.2004237632	27.1219114041	72.4343912992	512.539066687	0.198248937292	60.8037550374	0.0856417598228	0.00270967774453	52.5657571694	0.0190237914157	1.76845455003	2.43623634442	136.344524282	25.3629685857	51.9276627627	181.813062449	15.5073535781	8.26946938615	0.0128024000645
107.427747616	1258.69467367	640.646670372	0.00156092280854	-1.60106199143	-1.54602320063	99.2474185719	27.1197861322	72.5410699240	511.550584181	0.201532709728	60.6659021874	0.0854958967784	0.00269639483232	52.8238739579	0.0189308342057	1.76803888711	2.43554801556	136.310200810	25.3796824313	52.0675396550	181.787527013	15.4878573782	8.27896338010	0.0128286190172
107.501659956	1264.33347400	640.115516102	0.00156221802916	-1.59607196777	-1.54074073520	99.2942785708	27.1177199523	72.6482577516	510.564027420	0.204827298717	60.5286874217	0.0853505031923	0.00268316736964	53.0823606773	0.0188386497368	1.76761668731	2.43485115155	136.275957629	25.3964039054	52.2081177802	181.761855411	15.4684307140	8.28845265777	0.0128548912632
107.575336265	1269.97227433	639.584947264	0.00156351396992	-1.59109307340	-1.53546896427	99.3410050626	27.1157127203	72.7559588067	509.579378217	0.208132771574	60.3921037405	0.0852055755328	0.00266999494774	53.3412194022	0.0187472279638	1.76718797049	2.43414578109	136.241793693	25.4131337789	52.3494044522	181.736048713	15.4490725892	8.29793741708	0.0128812173993
107.648778328	1275.61107467	639.054954374	0.00156481065228	-1.58612520145	-1.53020777982	99.3875993349	27.1137642968	72.8641771539	508.596618596	0.211449195993	60.2561442428	0.0850611103125	0.00265687716303	53.6004522167	0.0186565590148	1.76675275605	2.43343193226	136.207707966	25.4298728417	52.4914070770	181.710107935	15.4297820119	8.30741785483	0.0129075980248
107.721987907	1281.24987500	638.525528032	0.00156610809764	-1.58116824615	-1.52495707498	99.4340626602	27.1118745472	72.9729168982	507.615730788	0.214776640053	60.1208021244	0.0849171040868	0.00264381361694	53.8600612145	0.0185666331870	1.76631106294	2.43270963248	136.173699427	25.4466219025	52.6341331530	181.684034045	15.4105579942	8.31689416670	0.0129340337414
107.794966746	1286.88867533	637.996658916	0.00156740632733	-1.57622210291	-1.51971674404	99.4803962965	27.1100433417	73.0821821855	506.636697229	0.218115172223	59.9860706761	0.0847735534542	0.00263080391585	54.1200484992	0.0184774409434	1.76586290965	2.43197890858	136.139767062	25.4633817884	52.7775902712	181.657827956	15.3913995525	8.32636654733	0.0129605251533
107.867716565	1292.52747567	637.468337783	0.00156870536265	-1.57128666824	-1.51448668236	99.5266014871	27.1082705551	73.1919772035	505.659500555	0.221464861370	59.8519432819	0.0846304550547	0.00261784767104	54.3804161845	0.0183889729090	1.76540831419	2.43123978680	136.105909873	25.4801533442	52.9217861151	181.631490534	15.3723057073	8.33583519028	0.0129870728673
107.940239065	1298.16627600	636.940555467	0.00157000522485	-1.56636183978	-1.50926678640	99.5726794612	27.1065560667	73.3023061821	504.684123599	0.224825776762	59.7184134173	0.0844878055700	0.00260494449856	54.6411663941	0.0183012198676	1.76494729418	2.43049229275	136.072126871	25.4969374323	53.0667284614	181.605022595	15.3532754832	8.34530028814	0.0130136774932
108.012535926	1303.80507633	636.413302878	0.00157130593512	-1.56144751621	-1.50405695372	99.6186314341	27.1048997607	73.4131733940	503.710549388	0.228197988075	59.5854746473	0.0843456017219	0.00259209401919	54.9023012620	0.0182141727580	1.76447986677	2.42973645147	136.038417077	25.5137349317	53.2124251794	181.578424905	15.3343079090	8.35476203249	0.0130403396433
108.084608808	1309.44387667	635.886571000	0.00157260751462	-1.55654359732	-1.49885708290	99.6644586073	27.1033015258	73.5245831555	502.738761140	0.231581565398	59.4531206251	0.0842038402725	0.00257929585837	55.1638229327	0.0181278226714	1.76400604869	2.42897228743	136.004779525	25.5305467381	53.3588842316	181.551698181	15.3154020179	8.36422061397	0.0130670599328
108.156459351	1315.08267700	635.360350887	0.00157390998448	-1.55164998391	-1.49366707355	99.7101621689	27.1017612549	73.6365398271	501.768742259	0.234976579243	59.3213450903	0.0840625180231	0.00256654964606	55.4257335613	0.0180421608474	1.76352585625	2.42819982452	135.971213257	25.5473737627	53.5061136737	181.524843092	15.2965568469	8.37367622230	0.0130938389800
108.228089177	1320.72147733	634.834633665	0.00157521336576	-1.54676657782	-1.48848682632	99.7557432937	27.1002788458	73.7490478140	500.800476333	0.238383100544	59.1901418671	0.0839216318138	0.00255385501677	55.6880353136	0.0179571786717	1.76303930535	2.42741908608	135.937717328	25.5642169321	53.6541216548	181.497860260	15.2777714378	8.38312904630	0.0131206774061
108.299499888	1326.36027767	634.309410532	0.00157651767954	-1.54189328190	-1.48331624285	99.8012031436	27.0988542006	73.8621115669	499.833947134	0.241801200671	59.0595048630	0.0837811785226	0.00254121160939	55.9507303664	0.0178728676722	1.76254641147	2.42663009488	135.904290801	25.5810771876	53.8029164171	181.470750260	15.2590448363	8.39257927392	0.0131475758353
108.370693067	1331.99907800	633.784672751	0.00157782294681	-1.53702999999	-1.47815522574	99.8465428675	27.0974872258	73.9757355829	498.869138608	0.245230951429	58.9294280673	0.0836411550653	0.00252861906718	56.2138209074	0.0177892195168	1.76204718968	2.42583287315	135.870932750	25.5979554844	53.9525062963	181.443513622	15.2403760927	8.40202709228	0.0131745348952
108.441670278	1337.63787833	633.260411652	0.00157912918856	-1.53217663691	-1.47300367858	99.8917636021	27.0961778324	74.0899244056	497.906034879	0.248672425070	58.7999055491	0.0835015583945	0.00251607703768	56.4773091358	0.0177062260101	1.76154165467	2.42502744260	135.837642259	25.6148527914	54.1028997218	181.416150827	15.2217642616	8.41147268768	0.0132015552165
108.512433069	1343.27667867	632.736618631	0.00158043642576	-1.52733309843	-1.46786150588	99.9368664714	27.0949259356	74.2046826264	496.944620242	0.252125694296	58.6709314566	0.0833623854992	0.00250358517265	56.7411972619	0.0176238790906	1.76102982073	2.42421382438	135.804418421	25.6317700901	54.2541052165	181.388662315	15.2032084025	8.42091624562	0.0132286374332
108.582982968	1348.91547900	632.213285148	0.00158174467935	-1.52249929126	-1.46272861310	99.9818525875	27.0937314551	74.3200148851	495.984879162	0.255590832265	58.5425000150	0.0832236334042	0.00249114312799	57.0054875078	0.0175421708281	1.76051170174	2.42339203914	135.771260338	25.6487083744	54.4061313970	181.361048481	15.1847075790	8.43035795087	0.0132557821827
108.653321486	1354.55427933	631.690402725	0.00158305397024	-1.51767512304	-1.45760490660	100.026723050	27.0925943148	74.4359258703	495.026796268	0.259067912601	58.4146055254	0.0830852991696	0.00247875056369	57.2701821070	0.0174610934209	1.75998731123	2.42256210700	135.738167123	25.6656686497	54.5589869738	181.333309676	15.1662608598	8.43979798743	0.0132829901057
108.723450118	1360.19307967	631.167962946	0.00158436431934	-1.51286050232	-1.45249029364	100.071478949	27.0915144430	74.5524203204	494.070356356	0.262557009396	58.2872423634	0.0829473798902	0.00246640714377	57.5352833052	0.0173806391931	1.75945666234	2.42172404757	135.705137897	25.6826519321	54.7126807511	181.305446211	15.1478673183	8.44923653863	0.0133102618467
108.793370339	1365.83188000	630.645957454	0.00158567574751	-1.50805533853	-1.44738468235	100.116121359	27.0904917720	74.6695030244	493.115544381	0.266058197221	58.1604049776	0.0828098726953	0.00245411253620	57.8007933600	0.0173008005923	1.75891976782	2.42087787998	135.672171790	25.6996592481	54.8672216273	181.277458352	15.1295260327	8.45867378708	0.0133375980535
108.863083611	1371.47068033	630.124377951	0.00158698827563	-1.50325954200	-1.44228798176	100.160651347	27.0895262387	74.7871788226	492.162345455	0.269571551128	58.0340878887	0.0826727747477	0.00244186641284	58.0667145411	0.0172215701870	1.75837664008	2.42002362282	135.639267940	25.7166916339	55.0226185949	181.249346329	15.1112360863	8.46810991476	0.0133649993778
108.932591376	1377.10948067	629.603216198	0.00158830192457	-1.49847302392	-1.43720010170	100.205069967	27.0886177840	74.9054526073	491.210744848	0.273097146662	57.9082856876	0.0825360832433	0.00242966844942	58.3330491307	0.0171429406640	1.75782729114	2.41916129424	135.606425496	25.7337501342	55.1788807407	181.221110328	15.0929965676	8.47754510298	0.0133924664748
109.001895061	1382.74828100	629.082464010	0.00158961671515	-1.49369569630	-1.43212095287	100.249378263	27.0877663529	75.0243293236	490.260727981	0.276635059863	57.7829930346	0.0823997954111	0.00241751832541	58.5997994236	0.0170649048262	1.75727173268	2.41829091186	135.573643613	25.7508358022	55.3360172457	181.192750500	15.0748065701	8.48697953248	0.0134200000036
109.070996079	1388.38708133	628.562113259	0.00159093266824	-1.48892747202	-1.42705044679	100.293577268	27.0869718946	75.1438139705	489.312280427	0.280185367278	57.6582046581	0.0822639085122	0.00240541572404	58.8669677272	0.0169874555903	1.75670997603	2.41741249285	135.540921455	25.7679496984	55.4940373859	181.164266956	15.0566651929	8.49641338338	0.0134476006272
109.139895823	1394.02588167	628.042155870	0.00159224980466	-1.48416826475	-1.42198849578	100.337668003	27.0862343626	75.2639116013	488.365387904	0.283748145961	57.5339153531	0.0821284198394	0.00239336033218	59.1345563618	0.0169105859843	1.75614203214	2.41652605390	135.508258196	25.7850928901	55.6529505316	181.135659772	15.0385715404	8.50584683527	0.0134752690124
109.208595675	1399.66468200	627.522583820	0.00159356814525	-1.47941798899	-1.41693501294	100.381651480	27.0855537143	75.3846273246	487.420036279	0.287323473487	57.4101199804	0.0819933267169	0.00238135184032	59.4025676607	0.0168342891457	1.75556791164	2.41563161124	135.475653015	25.8022664508	55.8127661485	181.106928986	15.0205247227	8.51528006717	0.0135030058301
109.277096998	1405.30348233	627.003389140	0.00159488771085	-1.47467656002	-1.41188991216	100.425528702	27.0849299114	75.5059663053	486.476211557	0.290911427958	57.2868134652	0.0818586265000	0.00236938994251	59.6710039707	0.0167585583191	1.75498762480	2.41472918061	135.443105101	25.8194714594	55.9734937971	181.078074604	15.0025238555	8.52471325761	0.0135308117550
109.345401141	1410.94228267	626.484563909	0.00159620852230	-1.46994389389	-1.40685310811	100.469300659	27.0843629193	75.6279337654	485.533899889	0.294512088005	57.1639907961	0.0817243165741	0.00235747433630	59.9398676516	0.0166833868538	1.75440118158	2.41381877733	135.410613650	25.8367089993	56.1351431338	181.049096598	14.9845680604	8.53414658460	0.0135586874664
109.413509441	1416.58108300	625.966100256	0.00159753060045	-1.46521990743	-1.40182451618	100.512968333	27.0838527080	75.7505349846	484.593087559	0.298125532801	57.0416470238	0.0815903943548	0.00234560472271	60.2091610773	0.0166087682025	1.75380859157	2.41290041625	135.378177867	25.8539801582	56.2977239104	181.019994904	14.9666564649	8.54358022570	0.0135866336472
109.481423215	1422.21988333	625.447990359	0.00159885396614	-1.46050451822	-1.39680405252	100.556532697	27.0833992509	75.8737753015	483.653760988	0.301751842069	56.9197772604	0.0814568572874	0.00233378080614	60.4788866350	0.0165346959185	1.75320986405	2.41197411177	135.345796962	25.8712860269	56.4612459748	180.990769431	14.9487882026	8.55301435803	0.0136146509849
109.549143770	1427.85868367	624.930226442	0.00160017864025	-1.45579764457	-1.39179163401	100.599994713	27.0830025260	75.9976601146	482.715906733	0.305391096084	56.7983766777	0.0813237028462	0.00232200229434	60.7490467262	0.0164611636542	1.75260500796	2.41103987786	135.313470154	25.8886276988	56.6257192716	180.961420056	14.9309624134	8.56244915827	0.0136427401714
109.616672398	1433.49748400	624.412800777	0.00160150464365	-1.45109920552	-1.38678717821	100.643355333	27.0826625148	76.1221948828	481.779511477	0.309043375685	56.6774405068	0.0811909285343	0.00231026889838	61.0196437664	0.0163881651592	1.75199403193	2.41009772804	135.281196668	25.9060062694	56.7911538417	180.931946624	14.9131782434	8.57188480270	0.0136709019027
109.684010375	1439.13628433	623.895705679	0.00160283199723	-1.44640912083	-1.38179060343	100.686615502	27.0823792031	76.2473851268	480.844562037	0.312708762284	56.5569640367	0.0810585318833	0.00229858033258	61.2906801855	0.0163156942780	1.75137694425	2.40914767540	135.248975739	25.9234228353	56.9575598235	180.902348955	14.8954348452	8.58132146721	0.0136991368793
109.751158964	1444.77508467	623.378933509	0.00160416072191	-1.44172731096	-1.37680182862	100.729776154	27.0821525806	76.3732364296	479.911045351	0.316387337869	56.4369426135	0.0809265104527	0.00228693631445	61.5621584278	0.0162437449488	1.75075375291	2.40818973262	135.216806605	25.9408784938	57.1249474529	180.872626841	14.8777313779	8.59075932735	0.0137274458063
109.818119416	1450.41388500	622.862476668	0.00160549083860	-1.43705369704	-1.37182077343	100.772838216	27.0819826407	76.4997544379	478.978948486	0.320079185016	56.3173716391	0.0807948618296	0.00227533656468	61.8340809525	0.0161723112011	1.75012446558	2.40722391192	135.184688514	25.9583743421	57.2933270641	180.842780046	14.8600670075	8.60019855832	0.0137558293934
109.884892968	1456.05268533	622.346327602	0.00160682236827	-1.43238820091	-1.36684735819	100.815802604	27.0818693811	76.6269448628	478.048258627	0.323784386897	56.1982465707	0.0806635836283	0.00226378080707	62.1064502336	0.0161013871545	1.74948908960	2.40625022513	135.152620718	25.9759114767	57.4627090896	180.812808312	14.8424409064	8.60963933502	0.0137842883548
109.951480841	1461.69148567	621.830478797	0.00160815533188	-1.42773074506	-1.36188150384	100.858670227	27.0818128031	76.7548134811	477.118963082	0.327503027286	56.0795629195	0.0805326734901	0.00225226876849	62.3792687602	0.0160309670164	1.74884763202	2.40526868366	135.120602478	25.9934909925	57.6331040614	180.782711354	14.8248522544	8.61908183203	0.0138128234096
110.017884248	1467.33028600	621.314922777	0.00160948975043	-1.42308125264	-1.35692313199	100.901441985	27.0818129120	76.8833661358	476.191049274	0.331235190569	55.9613162499	0.0804021290827	0.00224080017883	62.6525390369	0.0159610450809	1.74820009958	2.40427929848	135.088633061	26.0111139826	57.8045226110	180.752488867	14.8073002381	8.62852622368	0.0138414352814
110.084104384	1472.96908633	620.799652109	0.00161082564496	-1.41843964743	-1.35197216488	100.944118770	27.0818697170	77.0126087378	475.264504744	0.334980961753	55.8435021786	0.0802719480999	0.00222937477098	62.9262635835	0.0158916157269	1.74754649871	2.40328208018	135.056711738	26.0287815373	57.9769754707	180.722140521	14.7897840511	8.63797268402	0.0138701246988
110.150142436	1478.60788667	620.284659395	0.00161216303652	-1.41380585385	-1.34702852536	100.986701465	27.0819832311	77.1425472664	474.339317145	0.338740426472	55.7261163735	0.0801421282614	0.00221799228075	63.2004449359	0.0158226734165	1.74688683554	2.40227703893	135.024837789	26.0464947438	58.1504734737	180.691665968	14.7723028945	8.64742138691	0.0138988923953
110.215999574	1484.24668700	619.769937274	0.00161350194622	-1.40917979696	-1.34209213688	101.029190946	27.0821534712	77.2731877707	473.415474241	0.342513670999	55.6091545534	0.0800126673125	0.00220665244687	63.4750856456	0.0157542126935	1.74622111590	2.40126418450	134.993010498	26.0642546854	58.3250275551	180.661064839	14.7548559766	8.65687250595	0.0139277391095
110.281676960	1489.88548733	619.255478423	0.00161484239517	-1.40456140241	-1.33716292350	101.071588079	27.0823804581	77.4045363706	472.492963906	0.346300782253	55.4926124864	0.0798835630232	0.00219535501092	63.7501882804	0.0156862281818	1.74554934532	2.40024352627	134.961229158	26.0820624408	58.5006487528	180.630336748	14.7374425131	8.66632621459	0.0139566655847
110.347175741	1495.52428767	618.741275553	0.00161618440455	-1.39995059645	-1.33224080986	101.113893726	27.0826642162	77.5365992578	471.571774121	0.350101847809	55.3764859897	0.0797548131888	0.00218409971729	64.0257554244	0.0156187145840	1.74487152903	2.39921507320	134.929493065	26.0999190837	58.6773482083	180.599481290	14.7200617276	8.67578268609	0.0139856725696
110.412497053	1501.16308800	618.227321410	0.00161752799556	-1.39534730594	-1.32732572118	101.156108737	27.0830047739	77.6693826972	470.651892972	0.353916955904	55.2607709283	0.0796264156287	0.00217288631318	64.3017896782	0.0155516666800	1.74418767199	2.39817883387	134.897801521	26.1178256824	58.8551371673	180.568498044	14.7027128507	8.68524209356	0.0140147608179
110.477642021	1506.80188833	617.713608771	0.00161887318945	-1.39075145829	-1.32241758323	101.198233958	27.0834021634	77.8028930277	469.733308650	0.357746195452	55.1454632145	0.0794983681869	0.00216171454851	64.5782936593	0.0154850793252	1.74349777883	2.39713481647	134.866153834	26.1357832988	59.0340269811	180.537386574	14.6853951214	8.69470460999	0.0140439310887
110.542611756	1512.44068867	617.200130449	0.00162022000752	-1.38616298150	-1.31751632235	101.240270226	27.0838564206	77.9371366638	468.816009445	0.361589656048	55.0305588071	0.0793706687308	0.00215058417590	64.8552700022	0.0154189474497	1.74280185393	2.39608302879	134.834549320	26.1537929883	59.2140291074	180.506146430	14.6681077860	8.70417040825	0.0140731841462
110.607407361	1518.07948900	616.686879287	0.00162156847111	-1.38158180414	-1.31262186542	101.282218370	27.0843675852	78.0721200963	467.899983747	0.365447427980	54.9160537102	0.0792433151517	0.00213949495065	65.1327213586	0.0153532660565	1.74209990135	2.39502347826	134.802987296	26.1718557991	59.3951551111	180.474777149	14.6508500988	8.71363966113	0.0141025207603
110.672029924	1523.71828933	616.173848157	0.00162291860161	-1.37700785530	-1.30773413985	101.324079213	27.0849357007	78.2078498939	466.985220044	0.369319602238	54.8019439732	0.0791163053641	0.00212844663070	65.4106503975	0.0152880302202	1.74139192487	2.39395617189	134.771467088	26.1899727716	59.5774166661	180.443278254	14.6336213223	8.72311254135	0.0141319417061
110.736480524	1529.35708967	615.661029964	0.00162427042046	-1.37244106463	-1.30285307358	101.365853572	27.0855608144	78.3443327041	466.071706918	0.373206270524	54.6882256893	0.0789896373054	0.00211743897655	65.6890598058	0.0152232350860	1.74067792800	2.39288111634	134.739988025	26.2081449381	59.7608255557	180.411649259	14.6164207266	8.73258922156	0.0141614477643
110.800760230	1534.99589000	615.148417640	0.00162562394916	-1.36788136232	-1.29797859507	101.407542254	27.0862429772	78.4815752550	465.159433047	0.377107525263	54.5748949952	0.0788633089358	0.00210647175129	65.9679522881	0.0151588758680	1.73995791396	2.39179831787	134.708549442	26.2263733224	59.9453936744	180.379889667	14.5992475902	8.74206987441	0.0141910397211
110.864870098	1540.63469033	614.636004145	0.00162697920925	-1.36332867905	-1.29311063326	101.449146062	27.0869822438	78.6195843559	464.248387197	0.381023459611	54.4619480703	0.0787373182379	0.00209554472054	66.2473305673	0.0150949478483	1.73923188566	2.39070778236	134.677150680	26.2446589390	60.1311330291	180.347998972	14.5821011995	8.75155467252	0.0142207183687
110.928811175	1546.27349067	614.123782466	0.00162833622236	-1.35878294605	-1.28824911762	101.490665791	27.0877786728	78.7583668989	463.338558228	0.384954167466	54.3493811360	0.0786116632165	0.00208465765239	66.5271973847	0.0150314463755	1.73849984578	2.38960951533	134.645791082	26.2630027931	60.3180557402	180.315976660	14.5649808493	8.76104378854	0.0142504845047
110.992584495	1551.91229100	613.611745619	0.00162969501014	-1.35424409502	-1.28339397809	101.532102230	27.0886323263	78.8979298605	462.429935085	0.388899743479	54.2371904548	0.0784863418981	0.00207381031740	66.8075555001	0.0149683668638	1.73776179668	2.38850352192	134.614470000	26.2814058799	60.5061740433	180.283822209	14.5478858425	8.77053739511	0.0142803389327
111.056191085	1557.55109133	613.099886642	0.00163105559434	-1.34971205817	-1.27854514509	101.573456161	27.0895432702	79.0382803024	461.522506799	0.392860283064	54.1253723299	0.0783613523312	0.00206300248856	67.0884076922	0.0149057047916	1.73701774044	2.38738980690	134.583186786	26.2998691841	60.6955002905	180.251535091	14.5308154902	8.78003566497	0.0143102824623
111.119631959	1563.18989167	612.588198600	0.00163241799676	-1.34518676821	-1.27370254950	101.614728360	27.0905115742	79.1794253733	460.616262486	0.396835882409	54.0139231045	0.0782366925853	0.00205223394124	67.3697567588	0.0148434557005	1.73626767889	2.38626837465	134.551940800	26.3183936801	60.8860469523	180.219114773	14.5137691119	8.78953877089	0.0143403159088
111.182908122	1568.82869200	612.076674582	0.00163378223927	-1.34066815829	-1.26886612268	101.655919596	27.0915373117	79.3213723100	459.711191345	0.400826638485	53.9028391609	0.0781123607513	0.00204150445319	67.6516055171	0.0147816151938	1.73551161355	2.38513922920	134.520731406	26.3369803310	61.0778266189	180.186560716	14.4967460354	8.79904688575	0.0143704400939
111.246020569	1574.46749233	611.565307697	0.00163514834379	-1.33615616206	-1.26403579642	101.697030634	27.0926205597	79.4641284389	458.807282654	0.404832649060	53.7921169200	0.0779883549408	0.00203081380448	67.9339568040	0.0147201789362	1.73474954570	2.38400237421	134.489557971	26.3556300887	61.2708520018	180.153872381	14.4797455969	8.80856018251	0.0144006558451
111.308970284	1580.10629267	611.054091080	0.00163651633235	-1.33165071362	-1.25921150296	101.738062231	27.0937613990	79.6077011778	457.904525770	0.408854012709	53.6817528409	0.0778646732860	0.00202016177748	68.2168134760	0.0146591426519	1.73398147630	2.38285781297	134.458419868	26.3743438932	61.4651359360	180.121049222	14.4627671408	8.81807883429	0.0144309639966
111.371758245	1585.74509300	610.543017886	0.00163788622702	-1.32715174752	-1.25439317499	101.779015138	27.0949599140	79.7520980367	457.002910127	0.412890828823	53.5717434200	0.0777413139398	0.00200954815683	68.5001784101	0.0145985021238	1.73320740607	2.38170554840	134.427316473	26.3931226727	61.6606913816	180.088090693	14.4458100201	8.82760301433	0.0144613653884
111.434385415	1591.38389333	610.032081291	0.00163925804998	-1.32265919874	-1.24958074560	101.819890101	27.0962161931	79.8973266197	456.102425235	0.416943197624	53.4620851902	0.0776182750751	0.00199897272943	68.7840545033	0.0145382531928	1.73242733545	2.38054558306	134.396247166	26.4119673431	61.8575314255	180.054996248	14.4288735961	8.83713289605	0.0144918608673
111.496852751	1597.02269367	609.521274489	0.00164063182346	-1.31817300272	-1.24477414830	101.860687860	27.0975303279	80.0433946265	455.203060676	0.421011220173	53.3527747208	0.0774955548845	0.00198843528438	69.0684446737	0.0144783917565	1.73164126458	2.37937791914	134.365211333	26.4308788079	62.0556692839	180.021765338	14.4119572383	8.84666865306	0.0145224512865
111.559161201	1602.66149400	609.010590696	0.00164200756978	-1.31369309530	-1.23997331704	101.901409150	27.0989024143	80.1903098539	454.304806105	0.425094998387	53.2438086166	0.0773731515808	0.00197793561295	69.3533518599	0.0144189137681	1.73084919335	2.37820255847	134.334208362	26.4498579575	62.2551183038	179.988397416	14.3950603248	8.85621045915	0.0145531375056
111.621311702	1608.30029433	608.500023144	0.00164338531137	-1.30921941277	-1.23517818612	101.942054700	27.1003325515	80.3380801974	453.407651244	0.429194635043	53.1351835174	0.0772510633961	0.00196747350858	69.6387790221	0.0143598152357	1.73005112137	2.37701950253	134.303237646	26.4689056698	62.4558919655	179.954891936	14.3781822421	8.86575848836	0.0145839203910
111.683305182	1613.93909467	607.989565083	0.00164476507070	-1.30475189180	-1.23038869028	101.982625232	27.1018208425	80.4867136526	452.511585887	0.433310233800	53.0268960974	0.0771292885816	0.00195704876686	69.9247291416	0.0143010922212	1.72924704799	2.37582875241	134.272298580	26.4880228092	62.6580038846	179.921248354	14.3613223849	8.87531291495	0.0146148008160
111.745142561	1619.57789500	607.479209782	0.00164614687038	-1.30029046948	-1.22560476462	102.023121466	27.1033673942	80.6362183172	451.616599890	0.437441899202	52.9189430646	0.0770078254080	0.00194666118544	70.2112052219	0.0142427408394	1.72843697225	2.37463030886	134.241390565	26.5072102269	62.8614678144	179.887466129	14.3444801562	8.88487391347	0.0146457796606
111.806824750	1625.21669533	606.968950521	0.00164753073306	-1.29583508328	-1.22082634461	102.063544114	27.1049723169	80.7866023923	450.722683177	0.441589736696	52.8113211603	0.0768866721646	0.00193631056407	70.4982102882	0.0141847572571	1.72762089294	2.37342417226	134.210513004	26.5264687605	63.0662976481	179.853544721	14.3276549675	8.89444165873	0.0146768578117
111.868352650	1630.85549567	606.458780601	0.00164891668154	-1.29138567109	-1.21605336612	102.103893884	27.1066357251	80.9378741842	449.829825732	0.445753852644	52.7040271587	0.0767658271594	0.00192599670456	70.7857473883	0.0141271376922	1.72679880859	2.37221034264	134.179665304	26.5457992341	63.2725074216	179.819483596	14.3108462383	8.90401632584	0.0147080361635
111.929727156	1636.49429600	605.948693332	0.00165030473867	-1.28694217113	-1.21128576534	102.144171479	27.1083577365	81.0900421065	448.938017603	0.449934354334	52.5970578661	0.0766452887191	0.00191571941073	71.0738195924	0.0140698784128	1.72597071744	2.37098881966	134.148846877	26.5652024578	63.4801113154	179.785282224	14.2940533967	8.91359809025	0.0147393156170
111.990949151	1642.13309633	605.438682042	0.00165169492743	-1.28250452204	-1.20652347885	102.184377596	27.1101384730	81.2431146810	448.047248895	0.454131349994	52.4904101204	0.0765250551886	0.00190547848839	71.3624299938	0.0140129757365	1.72513661745	2.36975960262	134.118057135	26.5846792281	63.6891236580	179.750940080	14.2772758786	8.92318712773	0.0147706970809
112.052019513	1647.77189667	604.928740069	0.00165308727088	-1.27807266280	-1.20176644355	102.224512928	27.1119780600	81.3971005405	447.157509770	0.458344948806	52.3840807909	0.0764051249310	0.00189527374534	71.6515817091	0.0139564260292	1.72429650632	2.36852269045	134.087295495	26.6042303272	63.8995589277	179.716456644	14.2605131282	8.93278361443	0.0148021814708
112.112939110	1653.41069700	604.418860765	0.00165448179220	-1.27364653276	-1.19701459670	102.264578163	27.1138766269	81.5520084297	446.268790449	0.462575260918	52.2780667775	0.0762854963271	0.00188510499133	71.9412778784	0.0139002257048	1.72345038146	2.36727808175	134.056561379	26.6238565237	64.1114317560	179.681831403	14.2437645979	8.94238772687	0.0148337697101
112.173708800	1659.04949733	603.909037491	0.00165587851468	-1.26922607160	-1.19226787587	102.304573985	27.1158343066	81.7078472079	445.381081205	0.466822397460	52.1723650103	0.0761661677758	0.00187497203803	72.2315216655	0.0138443712238	1.72259824002	2.36602577472	134.025854209	26.6435585717	64.3247569302	179.647063850	14.2270297480	8.95199964196	0.0148654627296
112.234329437	1664.68829767	603.399263622	0.00165727746169	-1.26481121937	-1.18752621896	102.344501073	27.1178512362	81.8646258500	444.494372363	0.471086470553	52.0669724490	0.0760471376934	0.00186487469901	72.5223162586	0.0137888590932	1.72174007888	2.36476576723	133.995173412	26.6633372115	64.5395493963	179.612153487	14.2103080467	8.96161953704	0.0148972614679
112.294801863	1670.32709800	602.889532539	0.00165867865675	-1.26040191644	-1.18278956421	102.384360101	27.1199275562	82.0223534493	443.608654300	0.475367593329	51.9618860827	0.0759284045138	0.00185481278972	72.8136648704	0.0137336858649	1.72087589462	2.36349805678	133.964518417	26.6831931690	64.7558242621	179.577099820	14.1935989703	8.97124758989	0.0149291668714
112.355126915	1675.96589833	602.379837636	0.00166008212347	-1.25599810351	-1.17805785013	102.424151738	27.1220634113	82.1810392187	442.723917442	0.479665879941	51.8571029290	0.0758099666879	0.00184478612748	73.1055707382	0.0136788481357	1.72000568357	2.36222264050	133.933888657	26.7031271563	64.9735968001	179.541902366	14.1769020029	8.98088397875	0.0149611798942
112.415305421	1681.60469867	601.870172312	0.00166148788560	-1.25159972162	-1.17333101557	102.463876650	27.1242589498	82.3406924933	441.840152262	0.483981445579	51.7526200340	0.0756918226841	0.00183479453144	73.3980371247	0.0136243425461	1.71912944177	2.36093951517	133.903283566	26.7231398710	65.1928824510	179.506560649	14.1602166361	8.99052888233	0.0149933014987
112.475338200	1687.24349900	601.360529975	0.00166289596699	-1.24720671210	-1.16860899964	102.503535498	27.1265143241	82.5013227320	440.957349279	0.488314406486	51.6484344715	0.0755739709874	0.00182483782254	73.6910673180	0.0135701657799	1.71824716498	2.35964867719	133.872702582	26.7432319971	65.4136968266	179.471074204	14.1435423694	9.00018247985	0.0150255326553
112.535226066	1692.88229933	600.850904040	0.00166430639161	-1.24281901660	-1.16389174177	102.543128939	27.1288296904	82.6629395199	440.075499055	0.492664879968	51.5445433426	0.0754564100997	0.00181491582354	73.9846646319	0.0135163145630	1.71735884869	2.35835012263	133.842145145	26.7634042042	65.6360557136	179.435442571	14.1268787098	9.00984495104	0.0150578743427
112.594969825	1698.52109967	600.341287929	0.00166571918358	-1.23843657709	-1.15917918165	102.582657626	27.1312052089	82.8255525703	439.194592197	0.497032984414	51.4409437755	0.0753391385397	0.00180502835896	74.2788324066	0.0134627856632	1.71646448810	2.35704384717	133.811610699	26.7836571481	65.8599750763	179.399665304	14.1102251720	9.01951647618	0.0150903275480
112.654570273	1704.15990000	599.831675067	0.00166713436713	-1.23405933581	-1.15447125925	102.622122208	27.1336410438	82.9891717265	438.314619350	0.501418839310	51.3376329247	0.0752221548424	0.00179517525506	74.5735740087	0.0134095758892	1.71556407815	2.35572984612	133.781098687	26.8039914708	66.0854710612	179.363741964	14.0935812778	9.02919723610	0.0151228932669
112.714028201	1709.79870033	599.322058886	0.00166855196663	-1.22968723529	-1.14976791481	102.661523330	27.1361373630	83.1538069648	437.435571200	0.505822565254	51.2346079709	0.0751054575594	0.00178535633985	74.8688928317	0.0133566820902	1.71465761349	2.35440811445	133.750608559	26.8244078004	66.3125599995	179.327672123	14.0769465565	9.03888741222	0.0151555725036
112.773344392	1715.43750067	598.812432820	0.00166997200658	-1.22532021837	-1.14506908883	102.700861632	27.1386943389	83.3194683958	436.557438468	0.510244283972	51.1318661203	0.0749890452583	0.00177557144302	75.1647922964	0.0133041011549	1.71374508847	2.35307864675	133.720139764	26.8449067515	66.5412584117	179.291455364	14.0603205446	9.04858718655	0.0151883662712
112.832519623	1721.07630100	598.302790308	0.00167139451161	-1.22095822814	-1.14037472206	102.740137752	27.1413121476	83.4861662675	435.680211913	0.514684118332	51.0294046043	0.0748729165230	0.00176582039596	75.4612758509	0.0132518300111	1.71282649718	2.35174143723	133.689691754	26.8654889250	66.7715830109	179.255091278	14.0437027856	9.05829674173	0.0152212755917
112.891554662	1726.71510133	597.793124790	0.00167281950650	-1.21660120796	-1.13568475551	102.779352323	27.1439909695	83.6539109673	434.803882329	0.519142192364	50.9272206793	0.0747570699532	0.00175610303175	75.7583469718	0.0131998656250	1.71190183342	2.35039647976	133.659263984	26.8861549086	67.0035507070	179.218579470	14.0270928302	9.06801626103	0.0152543014961
112.950450272	1732.35390167	597.283429708	0.00167424701618	-1.21224910147	-1.13099913041	102.818505975	27.1467309891	83.8227130240	433.928440538	0.523618631274	50.8253116258	0.0746415041645	0.00174641918508	76.0560091635	0.0131482050005	1.71097109071	2.34904376782	133.628855910	26.9069052767	67.2371786104	179.181919554	14.0104902358	9.07774592841	0.0152874450247
113.009207207	1737.99270200	596.773698505	0.00167567706570	-1.20790185256	-1.12631778825	102.857599333	27.1495323949	83.9925831110	433.053877398	0.528113561460	50.7236747485	0.0745262177884	0.00173676869231	76.3542659595	0.0130968451786	1.71003426228	2.34768329453	133.598466991	26.9277405907	67.4724840363	179.145111156	13.9938945668	9.08748592849	0.0153207072271
113.067826215	1743.63150233	596.263924624	0.00167710968030	-1.20355940536	-1.12164067072	102.896633022	27.1523953799	84.1635320482	432.180183793	0.532627110532	50.6223073756	0.0744112094718	0.00172715139138	76.6531209223	0.0130457832371	1.70909134106	2.34631505263	133.568096686	26.9486613990	67.7094845092	179.108153912	13.9773053940	9.09723644661	0.0153540891623
113.126308039	1749.27030267	595.754101508	0.00167854488533	-1.19922170427	-1.11696771975	102.935607659	27.1553201412	84.3355708046	431.307350635	0.537159407327	50.5212068586	0.0742964778771	0.00171756712184	76.9525776438	0.0129950162895	1.70814231970	2.34493903450	133.537744459	26.9696682374	67.9481977663	179.071047471	13.9607222950	9.10699766883	0.0153875918991
113.184653413	1754.90910300	595.244222599	0.00167998270632	-1.19488869389	-1.11229887749	102.974523862	27.1583068802	84.5087105013	430.435368862	0.541710581924	50.4203705716	0.0741820216822	0.00170801572482	77.2526397460	0.0129445414848	1.70718719059	2.34355523212	133.507409773	26.9907616293	68.1886417631	179.033791492	13.9441448537	9.11676978196	0.0154212165159
113.242863066	1760.54790333	594.734281335	0.00168142316894	-1.19056031909	-1.10763408627	103.013382241	27.1613558028	84.6829624135	429.564229438	0.546280765667	50.3197959114	0.0740678395802	0.00169849704299	77.5533108812	0.0128943560067	1.70622594577	2.34216363713	133.477092095	27.0119420858	68.4308346768	178.996385645	13.9275726603	9.12655297358	0.0154549641013
113.300937718	1766.18670367	594.224271153	0.00168286629905	-1.18623652495	-1.10297328866	103.052183407	27.1644671191	84.8583379736	428.693923348	0.550870091182	50.2194802969	0.0739539302795	0.00168901092058	77.8545947321	0.0128444570734	1.70525857703	2.34076424076	133.446790891	27.0332101060	68.6747949116	178.958829615	13.9110053113	9.13634743208	0.0154888357539
113.358878086	1771.82550400	593.714185486	0.00168431212264	-1.18191725677	-1.09831642739	103.090927966	27.1676410439	85.0348487738	427.824441597	0.555478692388	50.1194211684	0.0738402925034	0.00167955720333	78.1564950130	0.0127948419365	1.70428507586	2.33935703388	133.416505630	27.0545661773	68.9205411034	178.921123093	13.8944424092	9.14615334663	0.0155228325823
113.416684878	1777.46430433	593.204017763	0.00168576066590	-1.17760246006	-1.09366344540	103.129616522	27.1708777964	85.2125065691	426.955775211	0.560106704528	50.0196159879	0.0737269249902	0.00167013573849	78.4590154694	0.0127455078810	1.70330543345	2.33794200698	133.386235784	27.0760107753	69.1680921241	178.883265787	13.8778835624	9.15597090727	0.0155569557061
113.474358798	1783.10310467	592.693761407	0.00168721195517	-1.17329208054	-1.08901428582	103.168249673	27.1741776004	85.3913232798	426.087915233	0.564754264176	49.9200622381	0.0736138264933	0.00166074637481	78.7621598791	0.0126964522245	1.70231964067	2.33651915015	133.355980824	27.0975443647	69.4174670871	178.845257413	13.8613283851	9.16580030489	0.0155912062549
113.531900541	1788.74190500	592.183409836	0.00168866601696	-1.16898606415	-1.08436889193	103.206828017	27.1775406843	85.5713109946	425.220852724	0.569421509263	49.8207574227	0.0735009957807	0.00165138896251	79.0659320520	0.0126476723166	1.70132768813	2.33508845311	133.325740224	27.1191673990	69.6686853522	178.807097700	13.8447764972	9.17564173125	0.0156255853695
113.589310799	1794.38070533	591.672956461	0.00169012287798	-1.16468435701	-1.07972720720	103.245352149	27.1809672814	85.7524819739	424.354578757	0.574108579094	49.7216990653	0.0733884316351	0.00164206335324	79.3703358311	0.0125991655387	1.70032956611	2.33364990519	133.295513458	27.1408803210	69.9217665304	178.768786387	13.8282275241	9.18549537903	0.0156600942016
113.646590255	1800.01950567	591.162394687	0.00169158256511	-1.16038690543	-1.07508917527	103.283822660	27.1844576294	85.9348486521	423.489084420	0.578815614369	49.6228847097	0.0732761328541	0.00163276940014	79.6753750926	0.0125509293033	1.69932526460	2.33220349534	133.265300001	27.1626835631	70.1767304898	178.730323226	13.8116810968	9.19536144183	0.0156947339138
113.703739587	1805.65830600	590.651717908	0.00169304510540	-1.15609365590	-1.07045473992	103.322240139	27.1880119713	86.1184236415	422.624360811	0.583542757202	49.5243119193	0.0731640982496	0.00162350695773	79.9810537467	0.0125029610533	1.69831477329	2.33074921210	133.235099332	27.1845775477	70.4335973606	178.691707979	13.7951368513	9.20524011421	0.0157295056802
113.760759469	1811.29710633	590.140919512	0.00169451052611	-1.15180455510	-1.06582384510	103.360605172	27.1916305547	86.3032197350	421.760399038	0.588290151139	49.4259782767	0.0730523266481	0.00161427588198	80.2873757375	0.0124552582621	1.69729808154	2.32928704364	133.204910928	27.2065626872	70.6923875405	178.652940419	13.7785944288	9.21513159170	0.0157644106865
113.817650567	1816.93590667	589.629992876	0.00169597885467	-1.14751954989	-1.06119643489	103.398918341	27.1953136324	86.4892499092	420.897190217	0.593057941185	49.3278813835	0.0729408168904	0.00160507603023	80.5943450442	0.0124078184326	1.69627517842	2.32781697772	133.174734269	27.2286393847	70.9531217009	178.614020331	13.7620534756	9.22503607083	0.0157994501298
113.874413542	1822.57470700	589.118931368	0.00169745011874	-1.14323858728	-1.05657245353	103.437180229	27.1990614620	86.6765273284	420.034725473	0.597846273818	49.2300188599	0.0728295678319	0.00159590726122	80.9019656809	0.0123606390968	1.69524605268	2.32633900170	133.144568834	27.2508080340	71.2158207918	178.574947511	13.7455136428	9.23495374915	0.0158346252194
113.931049048	1828.21350733	588.607728342	0.00169892434613	-1.13896161445	-1.05195184537	103.475391414	27.2028743067	86.8650653473	419.172995932	0.602655297015	49.1323883446	0.0727185783421	0.00158676943502	81.2102416974	0.0123137178156	1.69421069278	2.32485310257	133.114414104	27.2730690201	71.4805060488	178.535721763	13.7289745861	9.24488482527	0.0158699371765
113.987557736	1833.85230767	588.096377143	0.00170040156489	-1.13468857874	-1.04733455491	103.513552470	27.2067524344	87.0548775147	418.311992726	0.607485160269	49.0349874941	0.0726078473049	0.00157766241311	81.5191771799	0.0122670521783	1.69316908684	2.32335926688	133.084269562	27.2954227193	71.7471989979	178.496342904	13.7124359658	9.25482949884	0.0159053872347
114.043940248	1839.49110800	587.584871102	0.00170188180326	-1.13041942763	-1.04272052675	103.551663973	27.2106961188	87.2459775773	417.451706988	0.612336014617	48.9378139825	0.0724973736181	0.00156858605825	81.8287762511	0.0122206398020	1.69212122266	2.32185748079	133.054134690	27.3178695001	72.0159214627	178.456810760	13.6958974469	9.26478797066	0.0159409766400
114.100197224	1845.12990833	587.073203537	0.00170336508970	-1.12615410874	-1.03810970564	103.589726494	27.2147056387	87.4383794826	416.592129853	0.617208012656	48.8408655016	0.0723871561940	0.00155954023457	82.1390430709	0.0121744783310	1.69106708773	2.32034773007	133.024008971	27.3404097230	72.2866955701	178.417125168	13.6793586984	9.27476044259	0.0159767066512
114.156329295	1850.76870867	586.561367750	0.00170485145286	-1.12189256986	-1.03350203640	103.627740601	27.2187812786	87.6320973836	415.733252451	0.622101308571	48.7441397599	0.0722771939588	0.00155052480749	82.4499818370	0.0121285654371	1.69000666923	2.31883000005	132.993891888	27.3630437409	72.5595437569	178.377285974	13.6628193935	9.28474711769	0.0160125785401
114.212337090	1856.40750900	586.049357029	0.00170634092164	-1.11763475888	-1.02889746397	103.665706862	27.2229233286	87.8271456416	414.875065913	0.627016058155	48.6476344831	0.0721674858526	0.00154153964371	82.7615967853	0.0120828988183	1.68893995400	2.31730427568	132.963782928	27.3857718998	72.8344887762	178.337293033	13.6462792095	9.29474820017	0.0160485935914
114.268221231	1862.04630933	585.537164648	0.00170783352514	-1.11338062384	-1.02429593341	103.703625842	27.2271320843	88.0235388308	414.017561363	0.631952418830	48.5513474129	0.0720580308299	0.00153258461126	83.0738921904	0.0120374761990	1.68786692856	2.31577054148	132.933681573	27.4085945388	73.1115537043	178.297146210	13.6297378274	9.30476389543	0.0160847531034
114.323982334	1867.68510967	585.024783861	0.00170932929268	-1.10913011288	-1.01969738984	103.741498103	27.2314078474	88.2212917416	413.160729920	0.636910549678	48.4552763076	0.0719488278588	0.00152365957939	83.3868723663	0.0119922953293	1.68678757909	2.31422878154	132.903587310	27.4315119909	73.3907619478	178.256845378	13.6131949321	9.31479441012	0.0161210583880
114.379621011	1873.32391000	584.512207907	0.00171082825384	-1.10488317427	-1.01510177847	103.779324206	27.2357509252	88.4204193854	412.304562696	0.641890611458	48.3594189411	0.0718398759216	0.00151476441865	83.7005416668	0.0119473539846	1.68570189145	2.31267897955	132.873499625	27.4545245827	73.6721372498	178.216390420	13.5966502120	9.32483995211	0.0161575107707
114.435137869	1878.96271033	583.999430004	0.00171233043839	-1.10063975640	-1.01050904462	103.817104710	27.2401616314	88.6209369978	411.449050793	0.646892766632	48.2637731031	0.0717311740144	0.00150589900080	84.0149044862	0.0119026499657	1.68460985116	2.31112111876	132.843418002	27.4776326355	73.9557036980	178.175781226	13.5801033590	9.33490073058	0.0161941115915
114.490533508	1884.60151067	583.486443354	0.00171383587638	-1.09639980775	-1.00591913365	103.854840173	27.2446402856	88.8228600438	410.594185302	0.651917179394	48.1683365986	0.0716227211473	0.00149706319887	84.3299652599	0.0118581810975	1.68351144341	2.30955518201	132.813341929	27.5008364652	74.2414857312	178.135017695	13.5635540681	9.34497695600	0.0162308622042
114.545808525	1890.24031100	582.973241137	0.00171534459806	-1.09216327691	-1.00133199100	103.892531150	27.2491872135	89.0262042214	409.739957304	0.656964015690	48.0731072474	0.0715145163440	0.00148825688708	84.6457284647	0.0118139452296	1.68240665305	2.30798115170	132.783270892	27.5241363829	74.5295081474	178.094099733	13.5470020377	9.35506884017	0.0162677639777
114.600963510	1895.87911133	582.459816512	0.00171685663397	-1.08793011256	-0.996747562168	103.930178194	27.2538027476	89.2309854663	408.886357863	0.662033443247	47.9780828843	0.0714065586426	0.00147947994087	84.9621986197	0.0117699402351	1.68129546456	2.30639900979	132.753204378	27.5475326953	74.8197961112	178.053027254	13.5304469691	9.36517659626	0.0163048182953
114.655999052	1901.51791167	581.946162618	0.00171837201486	-1.08370026345	-0.992165792725	103.967781857	27.2584872265	89.4372199562	408.033378030	0.667125631597	47.8832613587	0.0712988470945	0.00147073223689	85.2793802866	0.0117261640110	1.68017786212	2.30480873783	132.723141871	27.5710257050	75.1123751613	178.011800178	13.5138885665	9.37530043884	0.0163420265556
114.710915729	1907.15671200	581.432272569	0.00171989077177	-1.07947367846	-0.987586628274	104.005342690	27.2632409956	89.6449241160	407.181008839	0.672240752105	47.7886405338	0.0711913807653	0.00146201365295	85.5972780708	0.0116826144772	1.67905382953	2.30321031689	132.693082860	27.5946157107	75.4072712190	177.970418433	13.4973265368	9.38544058387	0.0163793901726
114.765714120	1912.79551233	580.918139457	0.00172141293597	-1.07525030650	-0.983010014469	104.042861241	27.2680644072	89.8541146218	406.329241305	0.677378977996	47.6942182872	0.0710841587344	0.00145332406806	85.9158966215	0.0116392895765	1.67792335024	2.30160372763	132.663026830	27.6183030081	75.7045105960	177.928881951	13.4807605895	9.39559724878	0.0164169105756
114.820394796	1918.43431267	580.403756350	0.00172293853901	-1.07103009657	-0.978435897000	104.080338058	27.2729578200	90.0648084061	405.478066424	0.682540484381	47.5999925099	0.0709771800950	0.00144466336237	86.2352406327	0.0115961872741	1.67678640736	2.29998895026	132.632973267	27.6420878898	76.0041200029	177.887190671	13.4641904366	9.40577065247	0.0164545892103
114.874958325	1924.07311300	579.889116291	0.00172446761270	-1.06681299775	-0.973864221591	104.117773686	27.2779216003	90.2770226629	404.627475171	0.687725448287	47.5059611065	0.0708704439542	0.00143603141719	86.5553148433	0.0115533055574	1.67564298364	2.29836596451	132.602921658	27.6659706461	76.3061265575	177.845344539	13.4476157924	9.41596101536	0.0164924275381
114.929405267	1929.71191333	579.374212296	0.00172600018913	-1.06259895917	-0.969294933992	104.155168671	27.2829561212	90.4907748526	403.777458496	0.692934048683	47.4121219945	0.0707639494329	0.00142742811499	86.8761240388	0.0115106424356	1.67449306145	2.29673474970	132.572871487	27.6899515651	76.6105577939	177.803343503	13.4310363734	9.42616855938	0.0165304270371
114.983736181	1935.35071367	578.859037353	0.00172753630067	-1.05838793000	-0.964727979971	104.192523555	27.2880617632	90.7060827070	402.928007328	0.698166466511	47.3184731046	0.0706576956662	0.00141885333935	87.1976730507	0.0114681959393	1.67333662282	2.29509528465	132.542822240	27.7140309332	76.9174416709	177.761187518	13.4144518981	9.43639350805	0.0165685892021
115.037951621	1940.98951400	578.343584426	0.00172907597997	-1.05417985948	-0.960163305312	104.229838881	27.2932389142	90.9229642349	402.079112567	0.703422884712	47.2250123800	0.0705516818026	0.00141030697497	87.5199667581	0.0114259641204	1.67217364940	2.29344754774	132.512773402	27.7382090356	77.2268065814	177.718876542	13.3978620870	9.44663608649	0.0166069155449
115.092052134	1946.62831433	577.827846447	0.00173061925996	-1.04997469688	-0.955600855804	104.267115189	27.2984879699	91.1414377276	401.230765087	0.708703488262	47.1317377762	0.0704459070052	0.00140178890766	87.8430100881	0.0113839450515	1.67100412246	2.29179151689	132.482724456	27.7624861566	77.5386813617	177.676410538	13.3812666622	9.45689652143	0.0166454075949
115.146038264	1952.26711467	577.311816318	0.00173216617387	-1.04577239153	-0.951040577242	104.304353019	27.3038093334	91.3615217642	400.382955734	0.714008464194	47.0386472609	0.0703403704504	0.00139329902434	88.1668080162	0.0113421368256	1.66982802293	2.29012716953	132.452674886	27.7868625799	77.8530953009	177.633789471	13.3646653478	9.46717504130	0.0166840668989
115.199910553	1957.90591500	576.795486913	0.00173371675523	-1.04157289278	-0.946482415412	104.341552910	27.3092034160	91.5832352175	399.535675323	0.719338001636	46.9457388139	0.0702350713292	0.00138483721301	88.4913655677	0.0113005375562	1.66864533131	2.28845448263	132.422624176	27.8113385893	78.1700781507	177.591013308	13.3480578690	9.47747187618	0.0167228950217
115.253669533	1963.54471533	576.278851073	0.00173527103786	-1.03737614999	-0.941926316092	104.378715399	27.3146706371	91.8065972597	398.688914637	0.724692291839	46.8530104263	0.0701300088464	0.00137640336275	88.8166878177	0.0112591453765	1.66745602777	2.28677343268	132.392571807	27.8359144690	78.4896601352	177.548082021	13.3314439527	9.48778725792	0.0167618935465
115.307315737	1969.18351567	575.761901607	0.00173682905592	-1.03318211256	-0.937372225042	104.415841023	27.3202114241	92.0316273687	397.842664426	0.730071528208	46.7604601009	0.0700251822208	0.00136799736372	89.1427798923	0.0112179584394	1.66626009206	2.28508399568	132.362517261	27.8605905037	78.8118719613	177.504995583	13.3148233268	9.49812142011	0.0168010640752
115.360849691	1974.82231600	575.244631289	0.00173839084384	-1.02899072992	-0.932820087999	104.452930319	27.3258262130	92.2583453337	396.996915406	0.735475906338	46.6680858514	0.0699205906856	0.00135961910712	89.4696469691	0.0111769749169	1.66505750356	2.28338614715	132.332460018	27.8853669795	79.1367448290	177.461753968	13.2981957206	9.50847459814	0.0168404082286
115.414271917	1980.46111633	574.727032860	0.00173995643640	-1.02480195148	-0.928269850671	104.489983820	27.3315154484	92.4867712622	396.151658255	0.740905624044	46.5758857026	0.0698162334881	0.00135126848521	89.7972942782	0.0111361930004	1.66384824124	2.28167986210	132.302399559	27.9102441840	79.4643104419	177.418357150	13.2815608643	9.51884702923	0.0168799276469
115.467582934	1986.09991667	574.209099027	0.00174152586870	-1.02061572667	-0.923721458730	104.527002061	27.3372795836	92.7169255857	395.306883616	0.746360881395	46.4838576898	0.0697121098899	0.00134294539131	90.1257271028	0.0110956108999	1.66263228369	2.27996511508	132.272335361	27.9352224067	79.7946010182	177.374805106	13.2649184888	9.52923895248	0.0169196239897
115.520783255	1991.73871700	573.690822457	0.00174309917617	-1.01643200491	-0.919174857807	104.563985576	27.3431190808	92.9488290668	394.462582091	0.751841880748	46.3919998589	0.0696082191669	0.00133464971975	90.4549507800	0.0110552268436	1.66140960908	2.27824188009	132.242266902	27.9603019397	80.1276493019	177.331097811	13.2482683260	9.53965060887	0.0169594989371
115.573873390	1997.37751733	573.172195783	0.00174467639456	-1.01225073564	-0.914629993482	104.600934898	27.3490344115	93.1825028058	393.618744243	0.757348826786	46.3003102659	0.0695045606094	0.00132638136589	90.7849707018	0.0110150390783	1.66018019520	2.27651013067	132.212193659	27.9854830777	80.4634885741	177.287235241	13.2316101082	9.55008224133	0.0169995541892
115.626853844	2003.01631767	572.653211597	0.00174625755998	-1.00807186824	-0.910086811283	104.637850560	27.3550260563	93.4179682477	392.775360591	0.762881926549	46.2087869768	0.0694011335225	0.00131814022611	91.1157923155	0.0109750458684	1.65894401941	2.27476983982	132.182115107	28.0107661187	80.8021526649	177.243217370	13.2149435686	9.56053409477	0.0170397914671
115.679725120	2008.65511800	572.133862453	0.00174784270889	-1.00389535211	-0.905545256674	104.674733092	27.3610945055	93.6552471891	391.932421612	0.768441389471	46.1174280673	0.0692979372254	0.00130992619778	91.4474211252	0.0109352454962	1.65770105866	2.27302098002	132.152030721	28.0361513642	81.1436759647	177.199044172	13.1982684402	9.57100641610	0.0170802125130
115.732487715	2014.29391833	571.614140866	0.00174943187809	-0.999721136615	-0.901005275055	104.711583027	27.3672402590	93.8943617859	391.089917739	0.774027427420	46.0262316227	0.0691949710524	0.00130173917929	91.7798626919	0.0108956362613	1.65645128949	2.27126352325	132.121939971	28.0616391201	81.4880934372	177.154715618	13.1815844569	9.58149945429	0.0171208190906
115.785142122	2019.93271867	571.094039305	0.00175102510476	-0.995549171081	-0.896466811747	104.748400896	27.3734638268	94.1353345602	390.247839358	0.779640254731	45.9351957374	0.0690922343524	0.00129357907001	92.1131226350	0.0108562164803	1.65519468801	2.26949744094	132.091842331	28.0872296962	81.8354406314	177.110231675	13.1648913523	9.59201346040	0.0171616129857
115.837688832	2025.57151900	570.573550202	0.00175262242641	-0.991379404804	-0.891929811993	104.785187229	27.3797657288	94.3781884085	389.406176807	0.785280088248	45.8443185149	0.0689897264891	0.00128544577028	92.4472066327	0.0108169844869	1.65393122990	2.26772270401	132.061737269	28.1129234075	82.1857536947	177.065592311	13.1481888601	9.60254868762	0.0172025960063
115.890128330	2031.21031933	570.052665940	0.00175422388097	-0.987211787037	-0.887394220948	104.821942557	27.3861464953	94.6229466092	388.564920374	0.790947147357	45.7535980677	0.0688874468414	0.00127733918144	92.7821204234	0.0107779386312	1.65266089042	2.26593928281	132.031624254	28.1387205742	82.5390693857	177.020797488	13.1314767142	9.61310539130	0.0172437699833
115.942461097	2036.84911967	569.531378860	0.00175582950671	-0.983046266983	-0.882859983672	104.858667410	27.3926066674	94.8696328308	387.724060300	0.796641654033	45.6630325166	0.0687853948031	0.00126925920577	93.1178698061	0.0107390772800	1.65138364438	2.26414714719	132.001502753	28.1646215221	82.8954250878	176.975847164	13.1147546480	9.62368382901	0.0172851367708
115.994687614	2042.48792000	569.009681258	0.00175743934231	-0.978882793790	-0.878327045124	104.895362318	27.3991467965	95.1182711401	386.883586770	0.802363832873	45.5726199909	0.0686835697833	0.00126120574652	93.4544606416	0.0107003988160	1.65009946615	2.26234626640	131.971372229	28.1906265830	83.2548588232	176.930741294	13.0980223947	9.63428426055	0.0173266982464
116.046808353	2048.12672033	568.487565380	0.00175905342684	-0.974721316545	-0.873795350154	104.932027811	27.4057674455	95.3688860107	386.043489920	0.808113911144	45.4823586280	0.0685819712066	0.00125317870789	93.7918988536	0.0106619016378	1.64880832966	2.26053660917	131.941232147	28.2167360954	83.6174092664	176.885479825	13.0812796871	9.64490694805	0.0173684563119
116.098823785	2053.76552067	567.965023426	0.00176067179977	-0.970561784269	-0.869264843498	104.968664420	27.4124691881	95.6215023319	385.203759826	0.813892118816	45.3922465733	0.0684805985128	0.00124517799502	94.1301904293	0.0106235841598	1.64751020840	2.25871814366	131.911081967	28.2429504044	83.9831157593	176.840062703	13.0645262576	9.65555215595	0.0174104128936
116.150734377	2059.40432100	567.442047546	0.00176229450095	-0.966404145908	-0.864735469771	105.005272674	27.4192526098	95.8761454171	384.364386514	0.819698688614	45.3022819798	0.0683794511576	0.00123720351398	94.4693414208	0.0105854448116	1.64620507537	2.25689083744	131.880921149	28.2692698625	84.3520183253	176.794489864	13.0477618376	9.66622015106	0.0174525699429
116.202540593	2065.04312133	566.918629840	0.00176392157069	-0.962248350328	-0.860207173458	105.041853104	27.4261183077	96.1328410135	383.525359948	0.825533856052	45.2124630080	0.0682785286124	0.00122925517178	94.8093579456	0.0105474820384	1.64489290313	2.25505465754	131.850749150	28.2956948299	84.7241576851	176.748761239	13.0309861583	9.67691120265	0.0174949294365
116.254242893	2070.68192167	566.394762355	0.00176555304968	-0.958094346311	-0.855679898907	105.078406241	27.4330668906	96.3916153111	382.686670035	0.831397859484	45.1227878256	0.0681778303645	0.00122133287635	95.1502461883	0.0105096942999	1.64357366377	2.25320957038	131.820565425	28.3222256749	85.0995752718	176.702876753	13.0141989495	9.68762558242	0.0175374933772
116.305841732	2076.32072200	565.870437086	0.00176718897907	-0.953942082543	-0.851153590324	105.114932614	27.4400989799	96.6524949526	381.848306621	0.837290940145	45.0332546073	0.0680773559173	0.00121343653652	95.4920124010	0.0104720800710	1.64224732891	2.25135554180	131.790369427	28.3488627742	85.4783132470	176.656836321	12.9973999404	9.69836356463	0.0175802637943
116.357337562	2081.95952233	565.345645973	0.00176882940043	-0.949791507615	-0.846628191765	105.151432754	27.4472152092	96.9155070432	381.010259493	0.843213342201	44.9438615348	0.0679771047907	0.00120556606204	95.8346629047	0.0104346378407	1.64091386967	2.24949253706	131.760160607	28.3756065135	85.8604145170	176.610639852	12.9805888590	9.70912542605	0.0176232427439
116.408730834	2087.59832267	564.820380901	0.00177047435577	-0.945642570008	-0.842103647126	105.187907194	27.4544162247	97.1806791605	380.172518370	0.849165312787	44.8546067963	0.0678770765207	0.00119772136356	96.1782040905	0.0103973661128	1.63957325672	2.24762052079	131.729938413	28.4024572876	86.2459227497	176.564287244	12.9637654324	9.71991144610	0.0176664323096
116.460021992	2093.23712300	564.294633699	0.00177212388756	-0.941495218093	-0.837579900139	105.224356466	27.4617026859	97.4480393656	379.335072912	0.855147102066	44.7654885861	0.0677772706603	0.00118990235262	96.5226424203	0.0103602634048	1.63822546021	2.24573945703	131.699702292	28.4294155011	86.6348823915	176.517778388	12.9469293861	9.73072190685	0.0177098346031
116.511211478	2098.87592333	563.768396136	0.00177377803874	-0.937349400122	-0.833056894363	105.260781100	27.4690752652	97.7176162130	378.497912710	0.861158963267	44.6765051051	0.0676776867792	0.00118210894165	96.8679844283	0.0103233282483	1.63687044981	2.24384930921	131.669451687	28.4564815689	87.0273386853	176.471113165	12.9300804444	9.74155709306	0.0177534517647
116.562299731	2104.51472367	563.241659924	0.00177543685269	-0.933205064221	-0.828534573177	105.297181631	27.4765346488	97.9894387620	377.661027288	0.867201152740	44.5876545597	0.0675783244640	0.00117434104396	97.2142367222	0.0102865591884	1.63550819467	2.24195004011	131.639186038	28.4836559161	87.4233376879	176.424291443	12.9132183302	9.75241729228	0.0177972859637
116.613287187	2110.15352400	562.714416712	0.00177710037330	-0.929062158383	-0.824012879769	105.333558591	27.4840815365	98.2635365881	376.824406104	0.873273930007	44.4989351625	0.0674791833189	0.00116659857373	97.5614059838	0.0102499547840	1.63413866344	2.24004161190	131.608904786	28.5109389787	87.8229262892	176.377313083	12.8963427649	9.76330279484	0.0178413393991
116.664174277	2115.79232433	562.186658088	0.00177876864492	-0.924920630462	-0.819491757134	105.369912516	27.4917166421	98.5399397943	375.988038543	0.879377557809	44.4103451311	0.0673802629653	0.00115888144603	97.9094989711	0.0102135136070	1.63276182427	2.23812398611	131.578607364	28.5383312042	88.2261522309	176.330177931	12.8794534680	9.77421389395	0.0178856143000
116.714961429	2121.43112467	561.658375578	0.00178044171241	-0.920780428163	-0.814971148063	105.406243940	27.4994406941	98.8186790233	375.151913922	0.885512302160	44.3218826886	0.0672815630427	0.00115118957677	98.2585225187	0.0101772342426	1.63137764475	2.23619712360	131.548293206	28.5658330516	88.6330641257	176.282885823	12.8625501576	9.78515088574	0.0179301129266
116.765649069	2127.06992500	561.129560639	0.00178211962111	-0.916641499041	-0.810450995132	105.442553400	27.5072544352	99.0997854693	374.316021482	0.891678432404	44.2335460633	0.0671830832081	0.00114352288272	98.6084835395	0.0101411152885	1.62998609199	2.23426098461	131.517961741	28.5934449921	89.0437114777	176.235436581	12.8456325497	9.79611406929	0.0179748375705
116.816237620	2132.70872533	560.600204666	0.00178380241690	-0.912503790488	-0.805931240700	105.478841432	27.5151586234	99.3832908912	373.480350392	0.897876221263	44.1453334880	0.0670848231370	0.00113588128151	98.9593890260	0.0101051553556	1.62858713251	2.23231552868	131.487612398	28.6211675095	89.4581447029	176.187830017	12.8287003585	9.80710374673	0.0180197905552
116.866727499	2138.34752567	560.070298985	0.00178549014617	-0.908367249727	-0.801411826895	105.515108573	27.5231540319	99.6692276249	372.644889746	0.904105944897	44.0572432006	0.0669867825235	0.00112826469162	99.3112460512	0.0100693530669	1.62718073233	2.23036071471	131.457244599	28.6490011003	89.8764151500	176.140065925	12.8117532963	9.81812022326	0.0180649742370
116.917119122	2143.98632600	559.539834851	0.00178718285583	-0.904231823807	-0.796892695611	105.551355364	27.5312414494	99.9576285969	371.809628561	0.910367882959	43.9692734429	0.0668889610801	0.00112067303235	99.6640617704	0.0100337070579	1.62576685690	2.22839650090	131.426857765	28.6769462743	90.2985751223	176.092144087	12.7947910731	9.82916380721	0.0181103910055
116.967412902	2149.62512633	559.008803449	0.00178888059335	-0.900097459593	-0.792373788494	105.587582344	27.5394216805	100.248527338	370.974555775	0.916662318653	43.8814224612	0.0667913585388	0.00111310622387	100.017843422	0.00999821597610	1.62434547112	2.22642284475	131.396451313	28.7050035552	90.7246778997	176.044064271	12.7778133968	9.84023481014	0.0181560432845
117.017609247	2155.26392667	558.477195893	0.00179058340672	-0.895964103760	-0.787855046938	105.623790055	27.5476955461	100.541957997	370.139660247	0.922989538793	43.7936885057	0.0666939746506	0.00110556418714	100.372598331	0.00996287848110	1.62291653931	2.22443970308	131.366024659	28.7331734807	91.1547777615	175.995826227	12.7608199730	9.85133354684	0.0182019335323
117.067708565	2160.90272700	557.945003223	0.00179229134453	-0.891831702784	-0.783336412074	105.659979039	27.5560638836	100.837955355	369.304930756	0.929349833862	43.7060698304	0.0665968091862	0.00109804684398	100.728333905	0.00992769324413	1.62148002523	2.22244703201	131.335577212	28.7614566029	91.5889300102	175.947429691	12.7438105050	9.86246033544	0.0182480642425
117.117711258	2166.54152733	557.412216401	0.00179400445591	-0.887700202934	-0.778817824760	105.696149841	27.5645275473	101.136554842	368.470355997	0.935743498074	43.6185646927	0.0664998619364	0.00109055411700	101.085057643	0.00989265894800	1.62003589205	2.22044478690	131.305108379	28.7898534891	92.0271909952	175.898874382	12.7267846936	9.87361549743	0.0182944379451
117.167617725	2172.18032767	556.878826315	0.00179572279057	-0.883569550267	-0.774299225575	105.732303006	27.5730874087	101.437792548	367.635924585	0.942170829436	43.5311713534	0.0664031327122	0.00108308592965	101.442777131	0.00985777428694	1.61858410238	2.21843292243	131.274617564	28.8183647217	92.4696181375	175.850160002	12.7097422371	9.88479935778	0.0183410572067
117.217428364	2177.81912800	556.344823771	0.00179744639884	-0.879439690617	-0.769780554809	105.768439080	27.5817443570	101.741705245	366.801625045	0.948632129813	43.4438880764	0.0663066213452	0.00107564220617	101.801500047	0.00982303796640	1.61712461818	2.21641139252	131.244104167	28.8469908989	92.9162699553	175.801286234	12.6926828310	9.89601224494	0.0183879246316
117.267143569	2183.45792833	555.810199499	0.00179917533162	-0.875310569586	-0.765261752451	105.804558614	27.5904992992	102.048330396	365.967445819	0.955127704993	43.3567131283	0.0662103276881	0.00106822287163	102.161234161	0.00978844870284	1.61565740086	2.21438015033	131.213567583	28.8757326351	93.3672060901	175.752252744	12.6756061685	9.90725449096	0.0184350428623
117.316763730	2189.09672867	555.274944142	0.00180090964044	-0.871182132539	-0.760742758183	105.840662156	27.5993531607	102.357706176	365.133375261	0.961657864751	43.2696447787	0.0661142516148	0.00106082785187	102.521987335	0.00975400522364	1.61418241117	2.21233914828	131.183007205	28.9045905612	93.8224873336	175.703059178	12.6585119395	9.91852643153	0.0184824145806
117.366289237	2194.73552900	554.739048262	0.00180264937746	-0.867054324594	-0.756223511369	105.876750260	27.6083068856	102.669871490	364.299401635	0.968222922920	43.1826812994	0.0660183930212	0.00105345707355	102.883767528	0.00971970626684	1.61269960926	2.21028833802	131.152422421	28.9335653251	94.2821756548	175.653705164	12.6413998314	9.92982840606	0.0185300425080
117.415720472	2200.37432933	554.202502336	0.00180439459545	-0.862927090625	-0.751703951055	105.912823480	27.6173614369	102.984865986	363.465513118	0.974823197439	43.0958209644	0.0659227518252	0.00104611046411	103.246582797	0.00968555058101	1.61120895466	2.20822767041	131.121812613	28.9626575922	94.7463342298	175.604190307	12.6242695285	9.94116075774	0.0185779294070
117.465057820	2206.01312967	553.665296749	0.00180614534787	-0.858800375205	-0.747184015916	105.948882371	27.6265177974	103.302730078	362.631697784	0.981459010502	43.0090620494	0.0658273279669	0.00103878795180	103.610441296	0.00965153692516	1.60971040622	2.20615709552	131.091177162	28.9918680455	95.2150274678	175.554514195	12.6071207122	9.95252383361	0.0186260780815
117.514301659	2211.65193000	553.127421801	0.00180790168881	-0.854674122671	-0.742663644315	105.984927491	27.6357769693	103.623504962	361.797943626	0.988130688513	42.9224028323	0.0657321214099	0.00103148946562	103.975351279	0.00961766406843	1.60820392218	2.20407656263	131.060515444	29.0211973864	95.6883210453	175.504676391	12.5899530605	9.96391798466	0.0186744913779
117.563452365	2217.29073033	552.588867699	0.00180966367304	-0.850548277066	-0.738142774243	106.020959401	27.6451399755	103.947232633	360.964238537	0.994838562237	42.8358415922	0.0656371321408	0.00102421493537	104.341321104	0.00958393078999	1.60668946009	2.20198602018	131.029826828	29.0506463350	96.1662819340	175.454676438	12.5727662484	9.97534356589	0.0187231721860
117.612510313	2222.92953067	552.049624557	0.00181143135602	-0.846422782141	-0.733621343324	106.056978663	27.6546078591	104.273955910	360.130570314	1.00158296686	42.7493766098	0.0655423601704	0.00101696429162	104.708359232	0.00955033587894	1.60516697685	2.19988541582	130.999110680	29.0802156304	96.6489784338	175.404513856	12.5555599477	9.98680093637	0.0187721234397
117.661475872	2228.56833100	551.509682394	0.00181320479390	-0.842297581346	-0.729099288801	106.092985841	27.6641816847	104.603718451	359.296926655	1.00836424205	42.6630061665	0.0654478055337	0.00100973746573	105.076474230	0.00951687813405	1.60363642867	2.19777469632	130.968366364	29.1099060312	97.1364802048	175.354188142	12.5383338267	9.99829045934	0.0188213481183
117.710349412	2234.20713133	550.969031132	0.00181498404356	-0.838172617823	-0.724576547530	106.128981504	27.6738625381	104.936564779	358.463295162	1.01518273208	42.5767285448	0.0653534682903	0.00100253438981	105.445674771	0.00948355636368	1.60209777106	2.19565380762	130.937593234	29.1397183161	97.6288583016	175.303698767	12.5210875503	10.0098125023	0.0188708492469
117.759131296	2239.84593167	550.427660592	0.00181676916259	-0.834047834391	-0.720053055963	106.164966219	27.6836515274	105.272540300	357.629663332	1.02203878583	42.4905420275	0.0652593485254	0.000995354996734	105.815969641	0.00945036938559	1.60055095885	2.19352269481	130.906790643	29.1696532842	98.1261852073	175.253045181	12.5038207798	10.0213674370	0.0189206298981
117.807821889	2245.48473200	549.885560496	0.00181856020932	-0.829923173542	-0.715528750139	106.200940560	27.6935497826	105.611691324	356.796018564	1.02893275695	42.4044448980	0.0651654463499	0.000988199220146	106.187367734	0.00941731602677	1.59899594614	2.19138130207	130.875957937	29.1997117554	98.6285348694	175.202226806	12.4865331731	10.0329556398	0.0189706931922
117.856421549	2251.12353233	549.342720461	0.00182035724285	-0.825798577427	-0.711003565676	106.236905102	27.7035584570	105.954065091	355.962348150	1.03586500391	42.3184354397	0.0650717619011	0.000981066994446	106.559878059	0.00938439512332	1.59743268631	2.18922957271	130.845094459	29.2298945708	99.1359827367	175.151243039	12.4692243842	10.0445774913	0.0190210422989
117.904930633	2256.76233267	548.799129998	0.00182216032304	-0.821673987850	-0.706477437755	106.272860421	27.7136787269	106.299709796	355.128639278	1.04283589006	42.2325119357	0.0649782953432	0.000973958254790	106.933509741	0.00935160552028	1.59586113201	2.18706744913	130.814199543	29.2602025936	99.6486057968	175.100093250	12.4518940634	10.0562333768	0.0190716804380
117.953349497	2262.40113300	548.254778510	0.00182396951052	-0.817549346252	-0.701950301108	106.308807098	27.7239117927	106.648674606	354.294879030	1.04984578376	42.1466726690	0.0648850468681	0.000966872937084	107.308272022	0.00931894607147	1.59428123514	2.18489487281	130.783272522	29.2906367088	100.166482615	175.048776782	12.4345418574	10.0679236863	0.0191226108804
118.001678493	2268.03993333	547.709655292	0.00182578486674	-0.813424593703	-0.697422090009	106.344745717	27.7342588789	107.001009692	353.461054379	1.05689505845	42.0609159219	0.0647920166955	0.000959810977986	107.684174264	0.00928641563936	1.59269294685	2.18271178430	130.752312720	29.3211978245	100.689693374	174.997292950	12.4171674086	10.0796488147	0.0191738369497
118.049917968	2273.67873367	547.163749524	0.00182760645396	-0.809299670896	-0.692892738259	106.380676864	27.7447212347	107.356766252	352.627152186	1.06398409273	41.9752399756	0.0646992050740	0.000952772314898	108.061225951	0.00925401309492	1.59109621750	2.18051812320	130.721319458	29.3518868717	101.218319917	174.945641040	12.3997703556	10.0914091613	0.0192253620228
118.098068271	2279.31753400	546.617050271	0.00182943433525	-0.805174518126	-0.688362179176	106.416601129	27.7553001347	107.715996539	351.793159205	1.07111327050	41.8896431105	0.0646066122816	0.000945756885965	108.439436689	0.00922173731744	1.58949099669	2.17831382814	130.690292048	29.3827048051	101.752445787	174.893820311	12.3823503330	10.1032051309	0.0192771895312
118.146129744	2284.95633433	546.069546482	0.00183126857457	-0.801049075289	-0.683830345578	106.452519105	27.7659968794	108.078753884	350.959062073	1.07828298097	41.8041236054	0.0645142386263	0.000938764630076	108.818816215	0.00918958719443	1.58787723321	2.17609883678	130.659229799	29.4136526036	102.292156273	174.841829988	12.3649069711	10.1150371331	0.0193293229624
118.194102730	2290.59513467	545.521226985	0.00183310923670	-0.796923281863	-0.679297169772	106.488431388	27.7768127954	108.445092731	350.124847314	1.08549361887	41.7186797376	0.0644220844467	0.000931795486854	109.199374390	0.00915756162146	1.58625487504	2.17387308578	130.628132013	29.4447312708	102.837538458	174.789669268	12.3474398960	10.1269055825	0.0193817658610
118.241987568	2296.23393500	544.972080486	0.00183495638732	-0.792797076901	-0.674762583544	106.524338578	27.7877492362	108.815068659	349.290501335	1.09274558443	41.6333097823	0.0643301501129	0.000924849396661	109.581121209	0.00912565950198	1.58462386935	2.17163651079	130.596997985	29.4759418352	103.388681256	174.737337315	12.3299487294	10.1388108993	0.0194345218300
118.289784594	2301.87273533	544.422095565	0.00183681009302	-0.788670399016	-0.670226518139	106.560241279	27.7988075831	109.188738419	348.456010425	1.10003928358	41.5480120127	0.0642384360273	0.000917926300591	109.964066800	0.00909387974724	1.58298416245	2.16938904643	130.565827004	29.5072853512	103.945675473	174.684833262	12.3124330888	10.1507535089	0.0194875945319
118.337494142	2307.51153567	543.871260677	0.00183867042130	-0.784543186372	-0.665688904251	106.596140097	27.8099892448	109.566159958	347.621360754	1.10737512801	41.4627846996	0.0641469426248	0.000911026140470	110.348221428	0.00906222127609	1.58133569984	2.16713062628	130.534618354	29.5387628992	104.508613844	174.632156209	12.2948925871	10.1627338420	0.0195409876903
118.385116543	2313.15033600	543.319564143	0.00184053744057	-0.780415376669	-0.661149672006	106.632035644	27.8212956592	109.947392457	346.786538369	1.11475353527	41.3776261110	0.0640556703745	0.000904148858852	110.733595494	0.00903068301487	1.57967842611	2.16486118284	130.503371310	29.5703755864	105.077591096	174.579305220	12.2773268325	10.1747523352	0.0195947050913
118.432652127	2318.78913633	542.766994152	0.00184241122024	-0.776286907131	-0.656608750952	106.667928534	27.8327282928	110.332496359	345.951529196	1.12217492891	41.2925345120	0.0639646197795	0.000897294399019	111.120199542	0.00899926389728	1.57801228499	2.16258064756	130.472085141	29.6021245472	105.652703988	174.526279327	12.2597354287	10.1868094307	0.0196487505846
118.480101220	2324.42793667	542.213538759	0.00184429183065	-0.772157714494	-0.652066070039	106.703819388	27.8442886423	110.721533409	345.116319032	1.12963973855	41.2075081645	0.0638737913786	0.000890462704977	111.508044262	0.00896796286419	1.57633721934	2.16028895077	130.440759109	29.6340109437	106.234051379	174.473077525	12.2421179748	10.1989055763	0.0197031280852
118.527464146	2330.06673700	541.659185876	0.00184617934317	-0.768027734992	-0.647521557606	106.739708828	27.8559782347	111.114566682	344.280893553	1.13714840005	41.1225453268	0.0637831857465	0.000883653721459	111.897140487	0.00893677886357	1.57465317106	2.15798602167	130.409392471	29.6660359663	106.821734272	174.419698773	12.2244740647	10.2110412260	0.0197578415746
118.574741228	2335.70553733	541.103923276	0.00184807383015	-0.763896904343	-0.642975141366	106.775597482	27.8677986278	111.511660624	343.445238300	1.14470135556	41.0376442533	0.0636928034953	0.000876867393915	112.287499202	0.00890571085030	1.57296008116	2.15567178835	130.377984472	29.6982008346	107.415855880	174.366141994	12.2068032876	10.2232168397	0.0198128951029
118.621932784	2341.34433767	540.547738586	0.00184997536502	-0.759765157735	-0.638426748388	106.811485982	27.8797514114	111.912881089	342.609338689	1.15229905370	40.9528031945	0.0636026452748	0.000870103668518	112.679131545	0.00887475778603	1.57125788970	2.15334617772	130.346534354	29.7305067974	108.016521682	174.312406071	12.1891052279	10.2354328835	0.0198682927896
118.669039133	2346.98313800	539.990619284	0.00185188402222	-0.755632429816	-0.633876305082	106.847374965	27.8918382076	112.318295375	341.773180000	1.15994194966	40.8680203965	0.0635127117739	0.000863362492160	113.072048806	0.00884391863910	1.56954653578	2.15100911553	130.315041350	29.7629551337	108.623839485	174.258489849	12.1713794645	10.2476898298	0.0199240388260
118.716060587	2352.62193833	539.432552698	0.00185379987730	-0.751498654674	-0.629323737184	106.883265072	27.9040606713	112.727972268	340.936747379	1.16763050530	40.7832941004	0.0634230037216	0.000856643812450	113.466262438	0.00881319238435	1.56782595751	2.14866052631	130.283504684	29.7955471531	109.237919492	174.204392136	12.1536255715	10.2599881577	0.0199801374761
118.762997461	2358.26073867	538.873525999	0.00185572300689	-0.747363765823	-0.624768969734	106.919156950	27.9164204915	113.141982080	340.100025837	1.17536518933	40.6986225428	0.0633335218876	0.000849947577714	113.861784053	0.00878257800298	1.56609609203	2.14630033340	130.251923572	29.8282841964	109.858874359	174.150111695	12.1358431174	10.2723283523	0.0200365930790
118.809850064	2363.89953900	538.313526204	0.00185765348876	-0.743227696193	-0.620211927065	106.955051250	27.9289193913	113.560396694	339.263000245	1.18314647738	40.6140039546	0.0632442670837	0.000843273736991	114.258625427	0.00875207448246	1.56435687544	2.14392845886	130.220297224	29.8611676367	110.486819274	174.095647251	12.1180316657	10.2847109060	0.0200934100500
118.856618703	2369.53833933	537.752540163	0.00185959140183	-0.739090378108	-0.615652532778	106.990948629	27.9415591293	113.983289605	338.425655336	1.19097485221	40.5294365614	0.0631552401650	0.000836622240038	114.656798507	0.00872168081636	1.56260824284	2.14154482351	130.188624840	29.8941988793	111.121872018	174.040997484	12.1001907741	10.2971363177	0.0201505928830
118.903303685	2375.17713967	537.190554565	0.00186153682618	-0.734951743275	-0.611090709731	107.026849748	27.9543415000	114.410735969	337.587975698	1.19885080377	40.4449185825	0.0630664420306	0.000829993037323	115.056315408	0.00869139600423	1.56085012826	2.13914934688	130.156905612	29.9273793629	111.764153043	173.986161032	12.0823199951	10.3096050934	0.0202081461521
118.949905313	2380.81594000	536.627555928	0.00186348984310	-0.730811722766	-0.606526380014	107.062755275	27.9672683344	114.842812650	336.749945775	1.20677482940	40.3604482314	0.0629778736251	0.000823386080027	115.457188423	0.00866121905145	1.55908246465	2.13674194718	130.125138721	29.9607105600	112.413785545	173.931136490	12.0644188751	10.3221177462	0.0202660745133
118.996423888	2386.45474033	536.063530598	0.00186545053510	-0.726670247001	-0.601959464933	107.098665883	27.9803415013	115.279598263	335.911549863	1.21474743394	40.2760237146	0.0628895359399	0.000816801320044	115.859430022	0.00863114896912	1.55730518391	2.13432254129	130.093323343	29.9941939779	113.070895542	173.875922404	12.0464869553	10.3346747966	0.0203243827067
119.042859709	2392.09354067	535.498464746	0.00186741898592	-0.722527245732	-0.597389884990	107.134582251	27.9935629078	115.721173233	335.072772113	1.22276912989	40.1916432321	0.0628014300140	0.000810238709980	116.263052857	0.00860118477391	1.55551821679	2.13189104472	130.061458642	30.0278311589	113.735611957	173.820517276	12.0285237706	10.3472767725	0.0203830755587
119.089213072	2397.73234100	534.932344362	0.00186939528062	-0.718382648024	-0.592817559863	107.170505063	28.0069345000	116.167619842	334.233596519	1.23084043758	40.1073049763	0.0627135569356	0.000803698203152	116.668069765	0.00857132548792	1.55372149293	2.12944737161	130.029543772	30.0616236817	114.408066694	173.764919561	12.0105288502	10.3599242093	0.0204421579838
119.135484272	2403.37114133	534.365155251	0.00187137950552	-0.714236382241	-0.588242408385	107.206435010	28.0204582641	116.619022283	333.394006925	1.23896188528	40.0230071322	0.0626259178436	0.000797179753589	117.074493773	0.00854157013856	1.55191494080	2.12699143467	129.997577881	30.0955731614	115.088394733	173.709127663	11.9925017172	10.3726176504	0.0205016349867
119.181673601	2409.00994167	533.796883030	0.00187337174830	-0.710088376023	-0.583664348520	107.242372789	28.0341362275	117.075466717	332.553987017	1.24713400942	39.9387478769	0.0625385139285	0.000790683316029	117.482338103	0.00851191775841	1.55009848773	2.12452314517	129.965560104	30.1296812510	115.776734212	173.653139939	11.9744418885	10.3853576469	0.0205615116647
119.227781349	2414.64874200	533.227513123	0.00187537209800	-0.705938556270	-0.579083297349	107.278319104	28.0479704589	117.537041332	331.713520324	1.25535735470	39.8545253790	0.0624513464343	0.000784208845925	117.891616173	0.00848236738509	1.54827205981	2.12204241292	129.933489566	30.1639496414	116.473226522	173.596954694	11.9563488747	10.3981447582	0.0206217932100
119.273807805	2420.28754233	532.657030760	0.00187738064505	-0.701786849123	-0.574499171037	107.314274665	28.0619630703	118.003836398	330.872590213	1.26363247428	39.7703377985	0.0623644166596	0.000777756299438	118.302341602	0.00845291806113	1.54643558193	2.11954914624	129.901365384	30.1983800630	117.178016400	173.540570181	11.9382221803	10.4109795520	0.0206824849120
119.319753254	2425.92634267	532.085420965	0.00187939748130	-0.697633179944	-0.569911884821	107.350240189	28.0761162171	118.475944336	330.031179888	1.27195992996	39.6861832864	0.0622777259593	0.000771325633443	118.714528216	0.00842356883382	1.54458897774	2.11704325189	129.869186662	30.2329742860	117.891252031	173.483984599	11.9200613029	10.4238626043	0.0207435921594
119.365617980	2431.56514300	531.512668560	0.00188142270006	-0.693477473297	-0.565321352979	107.386216399	28.0904320995	118.953459777	329.189272384	1.28034029235	39.6020599844	0.0621912757464	0.000764916805527	119.128190050	0.00839431875509	1.54273216960	2.11452463512	129.836952494	30.2677341214	118.613085148	173.427196095	11.9018657338	10.4367945001	0.0208051204435
119.411402265	2437.20394333	530.938758154	0.00188345639613	-0.689319652922	-0.560727488809	107.422204027	28.1049129632	119.436479630	328.346850571	1.28877414103	39.5179660240	0.0621050674931	0.000758529773989	119.543341356	0.00836516688137	1.54086507860	2.11199319957	129.804661964	30.3026614217	119.343671136	173.370202757	11.8836349575	10.4497758329	0.0208670753597
119.457106387	2442.84274367	530.363674142	0.00188549866583	-0.685159641723	-0.556130204604	107.458203811	28.1195611010	119.925103151	327.503897144	1.29726206477	39.4338995269	0.0620191027330	0.000752164497843	119.959996602	0.00833611227346	1.53898762449	2.10944884724	129.772314143	30.3377580822	120.083169145	173.313002619	11.8653684516	10.4628072054	0.0209294626111
119.502730626	2448.48154400	529.787400698	0.00188754960704	-0.680997361738	-0.551529411627	107.494216498	28.1343788533	120.419432013	326.660394626	1.30580466171	39.3498586040	0.0619333830625	0.000745820936815	120.378170482	0.00830715399639	1.53709972568	2.10689147852	129.739908092	30.3730260416	120.831742200	173.255593656	11.8470656867	10.4758892297	0.0209922880106
119.548275256	2454.12034433	529.209921771	0.00188960931922	-0.676832734122	-0.546925020083	107.530242841	28.1493686095	120.919570383	325.816325361	1.31440253952	39.2658413550	0.0618479101426	0.000739499051350	120.797877919	0.00827829111927	1.53520129919	2.10432099208	129.707442859	30.4084672829	121.589557323	173.197973782	11.8287261265	10.4890225273	0.0210555574842
119.593740550	2459.75914467	528.631221078	0.00189167790347	-0.672665679120	-0.542316939098	107.566283602	28.1645328088	121.425624996	324.971671512	1.32305631567	39.1818458685	0.0617626857012	0.000733198802608	121.219134067	0.00824952271520	1.53329226065	2.10173728490	129.674917481	30.4440838347	122.356785648	173.140140851	11.8103492274	10.5022077292	0.0211192770734
119.639126781	2465.39794500	528.051282103	0.00189375546257	-0.668496116048	-0.537705076683	107.602339552	28.1798739420	121.937705236	324.126415061	1.33176661755	39.0978702208	0.0616777115346	0.000726920152467	121.641954321	0.00822084786109	1.53137252426	2.09914025217	129.642330982	30.4798777718	123.133602555	173.082092655	11.7919344383	10.5154454766	0.0211834529388
119.684434217	2471.03674533	527.470088085	0.00189584210098	-0.664323963267	-0.533089339715	107.638411469	28.1953945521	122.455923216	323.280537799	1.34053408276	39.0139124763	0.0615929895094	0.000720663063526	122.066354321	0.00819226563750	1.52944200273	2.09652978732	129.609682372	30.5158512164	123.920187795	173.023826920	11.7734812007	10.5287364207	0.0212480913625
119.729663125	2476.67554567	526.887622017	0.00189793792492	-0.660149138154	-0.528469633900	107.674500140	28.2110972357	122.980393868	322.434021333	1.34935935929	38.9299706862	0.0615085215650	0.000714427499103	122.492349954	0.00816377512860	1.52750060732	2.09390578193	129.576970651	30.5520063395	124.716725629	172.965341310	11.7549889485	10.5420812231	0.0213131987521
119.774813772	2482.31434600	526.303866641	0.00190004304240	-0.655971557085	-0.523845863749	107.710606362	28.2269846444	123.511235028	321.586847071	1.35824310571	38.8460428887	0.0614243097154	0.000708213423240	122.919957364	0.00813537542191	1.52554824771	2.09126812573	129.544194802	30.5883453612	125.523404968	172.906633419	11.7364571080	10.5554805559	0.0213787816431
119.819886421	2487.95314633	525.718804438	0.00190215756324	-0.651791135403	-0.519217932547	107.746730939	28.2430594860	124.048567528	320.738996229	1.36718599147	38.7621271082	0.0613403560516	0.000702020800706	123.349192954	0.00810706560824	1.52358483207	2.08861670651	129.511353799	30.6248705526	126.340419519	172.847700772	11.7178850971	10.5689351023	0.0214448467032
119.864881332	2493.59194667	525.132417624	0.00190428159915	-0.647607787391	-0.514585742318	107.782874686	28.2593245258	124.592515296	319.890449820	1.37618869707	38.6782213549	0.0612566627437	0.000695849596995	123.780073394	0.00807884478154	1.52161026695	2.08595141016	129.478446597	30.6615842367	127.167967938	172.788540826	11.6992723262	10.5824455565	0.0215114007352
119.909798766	2499.23074700	524.544688143	0.00190641526376	-0.643421426247	-0.509949193797	107.819038429	28.2757825882	125.143205450	319.041188655	1.38525191436	38.5943236243	0.0611732320434	0.000689699778330	124.212615628	0.00805071203872	1.51962445727	2.08327212053	129.445472140	30.6984887894	128.006253985	172.729150964	11.6806181970	10.5960126241	0.0215784506810
119.954638980	2504.86954733	523.955597663	0.00190855867264	-0.639231964056	-0.505308186393	107.855223000	28.2924365579	125.700768405	318.191193336	1.39437634671	38.5104318965	0.0610900662862	0.000683571311669	124.646836878	0.00802266647953	1.51762730631	2.08057871948	129.412429356	30.7355866409	128.855486691	172.669528496	11.6619221032	10.6096370222	0.0216460036250
119.999402230	2510.50834767	523.365127566	0.00191071194340	-0.635039311757	-0.500662618158	107.891429246	28.3092893815	126.265337976	317.340444257	1.40356270935	38.4265441363	0.0610071678944	0.000677464164701	125.082754650	0.00799470720643	1.51561871564	2.07787108675	129.379317160	30.7728802769	129.715880525	172.609670657	11.6431834296	10.6233194801	0.0217140667985
120.044088770	2516.14714800	522.773258943	0.00191287519569	-0.630843379118	-0.496012385753	107.927658020	28.3263440689	126.837051497	316.488921592	1.41281172956	38.3426582917	0.0609245393792	0.000671378305855	125.520386743	0.00796683332441	1.51359858507	2.07514909998	129.346134448	30.8103722402	130.587655573	172.549574602	11.6244015525	10.6370607391	0.0217826475831
120.088698850	2521.78594833	522.179972585	0.00191504855127	-0.626644074700	-0.491357384407	107.963910188	28.3436036952	127.416049926	315.636605302	1.42212414697	38.2587722942	0.0608421833436	0.000665313704300	125.959751255	0.00793904394089	1.51156681268	2.07241263464	129.312880104	30.8480651317	131.471037719	172.489237408	11.6055758393	10.6508615533	0.0218517535154
120.133232722	2527.42474867	521.585248978	0.00191723213407	-0.622441305830	-0.486697507885	108.000186627	28.3610714018	128.002477977	314.783475119	1.43150071385	38.1748840577	0.0607601024854	0.000659270329948	126.400866589	0.00791133816551	1.50952329469	2.06966156398	129.279552994	30.8859616117	132.366258837	172.428656071	11.5867056483	10.6647226892	0.0219213922911
120.177690633	2533.06354900	520.989068296	0.00191942607025	-0.618234978565	-0.482032648445	108.036488226	28.3787503985	128.596484233	313.929510552	1.44094219536	38.0909914785	0.0606782995998	0.000653248153458	126.843751460	0.00788371511004	1.50746792549	2.06689575896	129.246151966	30.9240644018	133.273556992	172.367827503	11.5677903285	10.6786449268	0.0219915717693
120.222072829	2538.70234933	520.391410389	0.00192163048820	-0.614024997661	-0.477362696805	108.072815884	28.3966439652	129.198221288	313.074690876	1.45044936987	38.0070924339	0.0605967775823	0.000647247146240	127.288424904	0.00785617388817	1.50540059757	2.06411508824	129.212675855	30.9623762862	134.193176638	172.306748530	11.5488292195	10.6926290595	0.0220622999774
120.266379555	2544.34114967	519.792254779	0.00192384551868	-0.609811266535	-0.472687542097	108.109170512	28.4147554533	129.807845874	312.218995130	1.46002302923	37.9231847823	0.0605155394323	0.000641267280460	127.734906286	0.00782871361540	1.50332120146	2.06131941809	129.179123475	31.0009001131	135.125368843	172.245415889	11.5298216513	10.7066758942	0.0221335851154
120.310611053	2549.97995000	519.191580650	0.00192607129481	-0.605593687233	-0.468007071826	108.145553035	28.4330882880	130.425519004	311.362402112	1.46966397910	37.8392663622	0.0604345882556	0.000635308529040	128.183215303	0.00780133340887	1.50122962572	2.05850861237	129.145493623	31.0396387962	136.070391504	172.183826228	11.5107669441	10.7207862524	0.0222054355615
120.354767563	2555.61875033	518.589366842	0.00192830795218	-0.601372160392	-0.463321171830	108.181964390	28.4516459701	131.051406121	310.504890375	1.47937303927	37.7553349917	0.0603539272684	0.000629370865665	128.633372000	0.00777403238719	1.49912575686	2.05568253242	129.111785080	31.0785953168	137.028509582	172.121976103	11.4916644080	10.7349609698	0.0222778598766
120.398849325	2561.25755067	517.985591841	0.00193055562887	-0.597146585214	-0.458629726250	108.218405527	28.4704320776	131.685677246	309.646438225	1.48915104394	37.6713884682	0.0602735598005	0.000623454264790	129.085396772	0.00774680967027	1.49700947932	2.05284103707	129.077996606	31.1177727251	137.999995349	172.059861974	11.4725133428	10.7492008969	0.0223508668100
120.442856575	2566.89635100	517.380233762	0.00193281446554	-0.592916859375	-0.453932617422	108.254877407	28.4894502683	132.328507148	308.787023701	1.49899884219	37.5874245662	0.0601934892979	0.000617558701638	129.539310373	0.00771966437926	1.49488067541	2.04998398254	129.044126942	31.1571741420	138.985128624	171.997480203	11.4533130380	10.7635068997	0.0224244653042
120.486789549	2572.53515133	516.773270354	0.00193508460551	-0.588682879063	-0.449229725920	108.291381009	28.5087042814	132.980075493	307.926624591	1.50891729813	37.5034410388	0.0601137193281	0.000611684152210	129.995133930	0.00769259563621	1.49273922525	2.04711122235	129.010174809	31.1968027611	139.984197054	171.934827053	11.4340627722	10.7778798596	0.0224986645018
120.530648480	2578.17395167	516.164678983	0.00193736619478	-0.584444538889	-0.444520930450	108.327917324	28.5281979401	133.640567029	307.065218413	1.51890729139	37.4194356157	0.0600342535830	0.000605830593291	130.452888948	0.00766560256401	1.49058500671	2.04422260734	128.976138910	31.2366618504	140.997496378	171.871898682	11.4147618132	10.7923206741	0.0225734737501
120.574433598	2583.81275200	515.554436619	0.00193965938215	-0.580201731848	-0.439806107816	108.364487355	28.5479351535	134.310171762	306.202782417	1.52896971746	37.3354060024	0.0599550958825	0.000599998002449	130.912597318	0.00763868428623	1.48841789541	2.04131798551	128.942017925	31.2767547544	142.025330709	171.808691145	11.3954094177	10.8068302572	0.0226489026079
120.618145135	2589.45155233	514.942519833	0.00194196431929	-0.575954349285	-0.435085132861	108.401092125	28.5679199189	134.989085145	305.339293569	1.53910548804	37.2513498799	0.0598762501794	0.000594186358048	131.374281331	0.00761183992689	1.48623776458	2.03839720201	128.907810514	31.3170848959	143.068012838	171.745200388	11.3760048309	10.8214095397	0.0227249608519
120.661783318	2595.09035267	514.328904781	0.00194428116076	-0.571702280844	-0.430357878426	108.437732669	28.5881563247	135.677508271	304.474728557	1.54931553145	37.1672649038	0.0597977205627	0.000588395639248	131.837963686	0.00758506861031	1.48404448509	2.03546009907	128.873515314	31.3576557783	144.125864536	171.681422242	11.3565472863	10.8360594698	0.0228016584827
120.705348373	2600.72915300	513.713567195	0.00194661006417	-0.567445414419	-0.425624215281	108.474410038	28.6086485522	136.375648079	303.609063777	1.55960079303	37.0831487033	0.0597195112627	0.000582625826018	132.303667499	0.00755836946095	1.48183792530	2.03250651590	128.839130941	31.3984709876	145.199216881	171.617352429	11.3370360056	10.8507810133	0.0228790057321
120.748840524	2606.36795333	513.096482371	0.00194895119019	-0.563183636113	-0.420884012082	108.511125299	28.6294008789	137.083717569	302.742275329	1.56996223554	36.9989988806	0.0596416266550	0.000576876899132	132.771416318	0.00753174160319	1.47961795109	2.02953628862	128.804655987	31.4395341947	146.288410596	171.552986547	11.3174701983	10.8655751545	0.0229570130701
120.792259995	2612.00675367	512.477625159	0.00195130470270	-0.558916830181	-0.416137135300	108.547879538	28.6504176805	137.801936021	301.874339011	1.58040083961	36.9148130099	0.0595640712654	0.000571148840187	133.241234129	0.00750518416116	1.47738442572	2.02654925019	128.770089021	31.4808491578	147.393796396	171.488320079	11.2978490612	10.8804428962	0.0230356912118
120.835607006	2617.64555400	511.856969950	0.00195367076880	-0.554644878982	-0.411383449170	108.584673856	28.6717034341	138.530529228	301.005230311	1.59091760415	36.8305886367	0.0594868497745	0.000565441631602	133.713145370	0.00747869625855	1.47513720981	2.02354523036	128.735428587	31.5224197245	148.515735356	171.423348378	11.2781717787	10.8953852607	0.0231150511258
120.878881776	2623.28435433	511.234490665	0.00195604955898	-0.550367662924	-0.406622815625	108.621509371	28.6932627207	139.269729739	300.134924403	1.60151354680	36.7463232765	0.0594099670227	0.000559755256628	134.187174944	0.00745227701841	1.47287616126	2.02052405552	128.700673204	31.5642498348	149.654599297	171.358066672	11.2584375219	10.9104032897	0.0231951040411
120.922084523	2628.92315467	510.610160737	0.00195844124715	-0.546085060409	-0.401855094228	108.658387222	28.7151002287	140.019777115	299.263396136	1.61218970444	36.6620144145	0.0593334280156	0.000554089699357	134.663348228	0.00742592556297	1.47060113517	2.01748554867	128.665821368	31.6063435230	150.810771183	171.292470057	11.2386454485	10.9254980455	0.0232758614564
120.965215463	2634.56195500	509.983953106	0.00196084601076	-0.541796947779	-0.397080142111	108.695308564	28.7372207565	140.780918189	298.390620030	1.62294713360	36.5776595040	0.0592572379290	0.000548444944726	135.141691089	0.00739964101339	1.46831198379	2.01442952931	128.630871545	31.6487049210	151.984645540	171.226553491	11.2187947028	10.9406706113	0.0233573351477
121.008274808	2640.20075533	509.355840199	0.00196326403092	-0.537503199252	-0.392297813904	108.732274572	28.7596292157	141.553407345	297.516570264	1.63378691101	36.4932559658	0.0591814021146	0.000542820978529	135.622229895	0.00737342248961	1.46600855641	2.01135581336	128.595822177	31.6913382606	153.176628893	171.160311794	11.1988844147	10.9559220915	0.0234395371777
121.051262773	2645.83955567	508.725793918	0.00196569549245	-0.533203686867	-0.387507961661	108.769286442	28.7823306347	142.337506812	296.641220675	1.64471013412	36.4088011870	0.0591059261056	0.000537217787425	136.104991530	0.00734726911010	1.46369069930	2.00826421305	128.560671677	31.7342478767	154.387140225	171.093739642	11.1789137001	10.9712536127	0.0235224799050
121.094179567	2651.47835600	508.093785625	0.00196814058406	-0.528898280416	-0.382710434790	108.806345389	28.8053301621	143.133486959	295.764544743	1.65571792155	36.3242925202	0.0590308156225	0.000531635358943	136.590003407	0.00732117999164	1.46135825567	2.00515453683	128.525418429	31.7774382102	155.616611450	171.026831564	11.1588816600	10.9866663242	0.0236061759932
121.137025399	2657.11715633	507.459786129	0.00197059949839	-0.524586847380	-0.377905079975	108.843452649	28.8286330699	143.941626618	294.886515586	1.66681141374	36.2397272819	0.0589560765794	0.000526073681496	137.077293481	0.00729515424913	1.45901106550	2.00202658927	128.490060789	31.8209138108	156.865487917	170.959581934	11.1387873803	11.0021613985	0.0236906384218
121.179800477	2662.75595667	506.823765664	0.00197307243217	-0.520269252866	-0.373091741095	108.880609480	28.8522447574	144.762213415	294.007105950	1.67799177343	36.1551027519	0.0588817150901	0.000520532744389	137.566890269	0.00726919099533	1.45664896553	1.99888017095	128.454597081	31.8646793407	158.134228934	170.891984970	11.1186299317	11.0177400321	0.0237758804955
121.222505005	2668.39475700	506.185693883	0.00197555958630	-0.515945359530	-0.368270259146	108.917817163	28.8761707553	145.595544116	293.126288204	1.68926018628	36.0704161718	0.0588077374750	0.000515012537826	138.058822860	0.00724328934064	1.45427178914	1.99571507838	128.419025601	31.9087395776	159.423308312	170.824034728	11.0984083689	11.0334034462	0.0238619158560
121.265139188	2674.03355733	505.545539831	0.00197806116603	-0.511615027511	-0.363440472153	108.955076999	28.9004167292	146.441924994	292.244034324	1.70061786146	35.9856647440	0.0587341502674	0.000509513052927	138.553120933	0.00721744839283	1.45187936627	1.99253110383	128.383344610	31.9530994181	160.733214943	170.755725097	11.0781217304	11.0491528874	0.0239487584925
121.307703228	2679.67235767	504.903271935	0.00198057738103	-0.507278114354	-0.358602215086	108.992390317	28.9249884841	147.301672208	291.360315887	1.71206603226	35.9008456304	0.0586609602205	0.000504034281730	139.049814776	0.00719166725686	1.44947152328	1.98932803527	128.347552338	31.9977638817	162.064453400	170.687049795	11.0577690380	11.0649896283	0.0240364227539
121.350197326	2685.31115800	504.258857979	0.00198310844555	-0.502934474930	-0.353755319764	109.029758467	28.9498919684	148.175112206	290.475104065	1.72360595677	35.8159559508	0.0585881743151	0.000498576217209	139.548935302	0.00716594503455	1.44704808293	1.98610565622	128.311646981	32.0427381142	163.417544566	170.618002360	11.0373492964	11.0809149685	0.0241249233609
121.392621679	2690.94995833	503.612265094	0.00198565457855	-0.498583961360	-0.348899614764	109.067182825	28.9751332787	149.062582143	289.588369605	1.73523891849	35.7309927823	0.0585157997667	0.000493138853285	140.050514062	0.00714028082436	1.44460886421	1.98286374563	128.275626700	32.0880273914	164.793026297	170.548576149	11.0168614931	11.0969302354	0.0242142754186
121.434976485	2696.58875867	502.963459731	0.00198821600387	-0.494226422931	-0.344034925323	109.104664793	29.0007186641	149.964430321	288.700082828	1.74696622706	35.6459531569	0.0584438440332	0.000487722184834	140.554583273	0.00711467372113	1.44215368226	1.97960207775	128.239489621	32.1336371237	166.191454112	170.478764328	10.9963045972	11.1130367845	0.0243044944300
121.477261941	2702.22755900	502.312407643	0.00199079295033	-0.489861706006	-0.339161073238	109.142205799	29.0266545312	150.881016654	287.810213613	1.75878921893	35.5608340612	0.0583723148233	0.000482326207702	141.061175830	0.00708912281578	1.43968234825	1.97632042200	128.203233832	32.1795728601	167.613401926	170.408559871	10.9756775596	11.1292360012	0.0243955963097
121.519478238	2707.86635933	501.659073869	0.00199338565191	-0.485489653939	-0.334277876756	109.179807299	29.0529474492	151.812713153	286.918731387	1.77070925812	35.4756324339	0.0583012201042	0.000476950918718	141.570325329	0.00706362719502	1.43719466928	1.97301854285	128.166857384	32.2258402920	169.059462808	170.337955548	10.9549793121	11.1455293007	0.0244875973984
121.561625570	2713.50515967	501.003422704	0.00199599434791	-0.481110106979	-0.329385150471	109.217470778	29.0796041548	152.759904433	286.025605112	1.78272773699	35.3903451650	0.0582305681110	0.000471596315709	142.082066085	0.00703818594110	1.43469044825	1.96969619961	128.130358289	32.2724452588	170.530249785	170.266943923	10.9342087671	11.1619181297	0.0245805144781
121.603704128	2719.14396000	500.345417682	0.00199861928312	-0.476722902176	-0.324482705207	109.255197749	29.1066315580	153.722988254	285.130803273	1.79484607699	35.3049690938	0.0581603673548	0.000466262397511	142.596433158	0.00701279813145	1.43216948375	1.96635314637	128.093734519	32.3193937516	172.026396685	170.195517343	10.9133648172	11.1784039671	0.0246743647877
121.645714099	2724.78276033	499.685021554	0.00200126070798	-0.472327873279	-0.319570347901	109.292989755	29.1340367474	154.702376078	284.234293869	1.80706572949	35.2195010074	0.0580906266323	0.000460949163983	143.113462372	0.00698746283840	1.42963156990	1.96298913176	128.056984003	32.3666919188	173.548559021	170.123667936	10.8924463339	11.1949883246	0.0247691660395
121.687655671	2730.42156067	499.022196258	0.00200391887876	-0.467924850634	-0.314647881483	109.330848370	29.1618269966	155.698493669	283.336044393	1.81938817663	35.1339376390	0.0580213550354	0.000455656616027	143.633190340	0.00696217912889	1.42707649624	1.95960389886	128.020104629	32.4143460709	175.097414925	170.051387599	10.8714521682	11.2116727484	0.0248649364364
121.729529030	2736.06036100	498.356902898	0.00200659405776	-0.463513661074	-0.309715104746	109.368775202	29.1900097695	156.711781711	282.436021826	1.83181493219	35.0482756660	0.0579525619609	0.000450384755600	144.155654486	0.00693694606407	1.42450404761	1.95619718497	127.983094240	32.4623626862	176.673666120	169.978667992	10.8503811490	11.2284588198	0.0249616946900
121.771334360	2741.69916133	497.689101719	0.00200928651350	-0.459094127809	-0.304771812217	109.406771891	29.2185927276	157.742696466	281.534192616	1.84434754248	34.9625117086	0.0578842571210	0.000445133585728	144.680893073	0.00691176269899	1.42191400396	1.95276872148	127.945950635	32.5107484158	178.278038959	169.905500531	10.8292320829	11.2453481568	0.0250594600393
121.813071842	2747.33796167	497.018752076	0.00201199652090	-0.454666070308	-0.299817794019	109.444840109	29.2475837360	158.791710467	280.630522669	1.85698758730	34.8766423270	0.0578164505534	0.000439903110530	145.208945227	0.00688662808228	1.41930614024	1.94931823366	127.908671565	32.5595100900	179.911285502	169.831876379	10.8080037537	11.2623424146	0.0251582522704
121.854741659	2752.97676200	496.345812408	0.00201472436153	-0.450229304179	-0.294852835727	109.482981566	29.2769908706	159.859313244	279.724977329	1.86973668091	34.7906640206	0.0577491526329	0.000434693335228	145.739850965	0.00686154125571	1.41668022623	1.94584544049	127.871254732	32.6086547239	181.574184663	169.757786435	10.7866949213	11.2794432874	0.0252580917370
121.896343987	2758.61556233	495.670240208	0.00201747032378	-0.445783641040	-0.289876718222	109.521198009	29.3068224253	160.946012094	278.817521368	1.88259647300	34.7045732248	0.0576823740825	0.000429504266170	146.273651224	0.00683650125387	1.41403602636	1.94235005446	127.833697790	32.6581895240	183.267543412	169.683221328	10.7653043214	11.2966525094	0.0253589993820
121.937879006	2764.25436267	494.991991993	0.00202023470314	-0.441328888392	-0.284889217536	109.559491219	29.3370869195	162.052332886	277.908118962	1.89556864980	34.6183663096	0.0576161259849	0.000424335910847	146.810387887	0.00681150710376	1.41137329958	1.93883178135	127.795998341	32.7081218948	184.992198042	169.608171407	10.7438306646	11.3139718562	0.0254609967601
121.979346890	2769.89316300	494.311023271	0.00202301780240	-0.436864849479	-0.279890104691	109.597863020	29.3677931062	163.178820921	276.996733683	1.90865493512	34.5320395772	0.0575504197954	0.000419188277912	147.350103820	0.00678655782437	1.40869179915	1.93529032004	127.758153932	32.7584594453	186.749015511	169.532626729	10.7222726358	11.3314031462	0.0255641060615
122.020747815	2775.53196333	493.627288510	0.00202581993192	-0.432391323149	-0.274879145532	109.636315274	29.3989499798	164.326041830	276.083328474	1.92185709148	34.4455892595	0.0574852673543	0.000414061377202	147.892842896	0.00676165242628	1.40599127248	1.93172536226	127.720162057	32.8092099967	188.538894850	169.456577051	10.7006288932	11.3489482420	0.0256683501365
122.062081951	2781.17076367	492.940741100	0.00202864140986	-0.427908103700	-0.269856100551	109.674849885	29.4305667849	165.494582525	275.167865634	1.93517692131	34.3590115159	0.0574206808997	0.000408955219761	148.438650037	0.00673678991119	1.40327146093	1.92813659238	127.682020153	32.8603815895	190.362768654	169.380011817	10.6788980676	11.3666090518	0.0257737525217
122.103349471	2786.80956400	492.251333321	0.00203148256248	-0.423414980734	-0.264820724710	109.713468801	29.4626530256	166.685052208	274.250306800	1.94861626814	34.2723024308	0.0573566730821	0.000403869817855	148.987571240	0.00671196927149	1.40053209960	1.92452368719	127.643725599	32.9119824915	192.221604656	169.302920149	10.6570787616	11.3843875311	0.0258803374673
122.144550543	2792.44836433	491.559016302	0.00203434372443	-0.418911738989	-0.259772767246	109.752174013	29.4952184742	167.898083434	273.330612924	1.96217701786	34.1854580107	0.0572932569774	0.000398805185003	149.539653620	0.00668718948981	1.39777291715	1.92088631558	127.605275712	32.9640212061	194.116407394	169.225290832	10.6351695487	11.4022856844	0.0259881299653
122.185685334	2798.08716467	490.863739984	0.00203722523899	-0.414398158174	-0.254711971477	109.790967558	29.5282731815	169.134333231	272.408744257	1.97586110006	34.0984741820	0.0572304461029	0.000393761335996	150.094945444	0.00666244953845	1.39499363556	1.91722413835	127.566667747	33.0165064805	196.048219961	169.147112306	10.6131689723	11.4203055667	0.0260971557802
122.226754012	2803.72596500	490.165453077	0.00204012745844	-0.409874012792	-0.249638074594	109.829851523	29.5618274869	170.394484297	271.484660323	1.98967048939	34.0113467875	0.0571682544318	0.000388738286923	150.653496172	0.00663774837897	1.39219396992	1.91353680790	127.527898894	33.0694473150	198.018125872	169.068372648	10.5910755450	11.4384492852	0.0262074414802
122.267756740	2809.36476533	489.464103022	0.00204305074432	-0.405339071961	-0.244550807448	109.868828043	29.5958920289	171.679246253	270.558319900	2.00360720697	33.9240715840	0.0571066964092	0.000383736055197	151.215356495	0.00661308496159	1.38937362818	1.90982396795	127.488966277	33.1228529722	200.027251032	168.989059564	10.5688877471	11.4567190018	0.0263190144703
122.308693680	2815.00356567	488.759635941	0.00204599546784	-0.400793099219	-0.239449894323	109.907899303	29.6304777568	172.989356984	269.629680996	2.01767332186	33.8366442390	0.0570457869694	0.000378754659581	151.780578385	0.00658845822465	1.38653231092	1.90608525324	127.449866950	33.1767329869	202.076765813	168.909160368	10.5466040263	11.4751169340	0.0264319030275
122.349564995	2820.64236600	488.051996591	0.00204896201016	-0.396235852327	-0.234335052701	109.947067543	29.6655959419	174.325584049	268.698700825	2.03187095262	33.7490603276	0.0569855415521	0.000373794120218	152.349215130	0.00656386709406	1.38366971109	1.90232028923	127.410597895	33.2310971760	204.167887271	168.828661973	10.5242227958	11.4936453580	0.0265461363373
122.390370842	2826.28116633	487.341128321	0.00205195076280	-0.391667083057	-0.229205993019	109.986335056	29.7012581901	175.688726184	267.765335782	2.04620226893	33.6613153289	0.0569259761214	0.000368854458655	152.921321392	0.00653931048266	1.38078551373	1.89852869177	127.371156020	33.2859556499	206.301881481	168.747550875	10.5017424340	11.5123066099	0.0266617445326
122.431111380	2831.91996667	486.626973014	0.00205496212799	-0.387086536980	-0.224062418410	110.025704194	29.7374764547	177.079614893	266.829541419	2.06066949322	33.5734046226	0.0568671071838	0.000363935697878	153.496953245	0.00651478728966	1.37787939571	1.89471006675	127.331538155	33.3413188232	208.480066020	168.665813130	10.4791612826	11.5311030888	0.0267787587339
122.471786765	2837.55876700	485.909471039	0.00205799651911	-0.382493953231	-0.218904024436	110.065177368	29.7742630499	178.499116138	265.891272413	2.07527490244	33.4853234856	0.0568089518081	0.000359037862342	154.076168234	0.00649029639990	1.37495102541	1.89086400975	127.291741051	33.3971974266	210.703812602	168.583434348	10.4564776459	11.5500372584	0.0268972110930
122.512397152	2843.19756733	485.188561193	0.00206105436109	-0.377889064278	-0.213730498806	110.104757047	29.8116306649	179.948132137	264.950482543	2.09002082985	33.3970670878	0.0567515276457	0.000354160978003	154.659025427	0.00646583668325	1.37200006245	1.88699010567	127.251761377	33.4536025196	212.974549878	168.500399663	10.4336897891	11.5691116496	0.0270171348374
122.552942692	2848.83636767	484.464180644	0.00206413609087	-0.373271595663	-0.208541521083	110.144445768	29.8495923788	181.427603269	264.007124658	2.10490966697	33.3086304882	0.0566948529521	0.000349305072351	155.245585468	0.00644140699385	1.36902615733	1.88308792835	127.211595715	33.5105455029	215.293766403	168.416693724	10.4107959374	11.5883288636	0.0271385643185
122.593423537	2854.47516800	483.736264867	0.00206724215782	-0.368641265749	-0.203336762372	110.184246131	29.8881616762	182.938510108	263.061150649	2.11994386549	33.2200086308	0.0566389466087	0.000344470174448	155.835910642	0.00641700616937	1.36602895110	1.87915704013	127.171240559	33.5680381326	217.663013800	168.332300669	10.3877942743	11.6076915738	0.0272615350617
122.633839836	2860.11396833	483.004747584	0.00207037302429	-0.363997785441	-0.198115885003	110.224160806	29.9273524635	184.481875585	262.112511411	2.13512593937	33.1311963401	0.0565838281466	0.000339656314962	156.430064930	0.00639263303027	1.36300807505	1.87519699146	127.130692308	33.6260925342	220.083910122	168.247204108	10.3646829401	11.6272025291	0.0273860838196
122.674191738	2865.75276867	482.269560696	0.00207352916605	-0.359340857897	-0.192878542187	110.264192533	29.9671790859	186.058767285	261.161156816	2.15045846699	33.0421883168	0.0565295177705	0.000334863526209	157.028114079	0.00636828637894	1.35996315029	1.87120732043	127.089947269	33.6847212176	222.558143427	168.161387097	10.3414600306	11.6468645569	0.0275122486285
122.714479387	2871.39156900	481.530634209	0.00207671107289	-0.354670178231	-0.187624377661	110.304344128	30.0076563459	187.670299905	260.207035677	2.16594409341	32.9529791323	0.0564760363850	0.000330091842189	157.630125667	0.00634396499888	1.35689378738	1.86718755229	127.049001647	33.7439370931	225.087475592	168.074832120	10.3181235954	11.6666805657	0.0276400688670
122.754702929	2877.03036933	480.787896167	0.00207991924916	-0.349985433192	-0.182353025319	110.344618482	30.0487995219	189.317637870	259.250095708	2.18158553269	32.8635632244	0.0564234056204	0.000325341298629	158.236169176	0.00631966765380	1.35379958591	1.86313719899	127.007851544	33.8037534877	227.673746377	167.987521061	10.2946716360	11.6866535489	0.0277695853196
122.794862505	2882.66916967	480.041272568	0.00208315421433	-0.345286300833	-0.177064108814	110.385018567	30.0906243882	191.001998122	258.290283489	2.19738557040	32.7739348916	0.0563716478620	0.000320611933029	158.846316065	0.00629539308667	1.35068013411	1.85905575862	126.966492953	33.8641841628	230.318877756	167.899435181	10.2711021044	11.7067865881	0.0279008402427
122.834958257	2888.30797000	479.290687285	0.00208641650366	-0.340572450163	-0.171757241151	110.425547438	30.1331472360	192.724653106	257.327544427	2.21334706616	32.6840882876	0.0563207862790	0.000315903784706	159.460639853	0.00627114001875	1.34753500835	1.85494271489	126.924921759	33.9252433324	233.024878546	167.810555087	10.2474129011	11.7270828566	0.0280338774352
122.874990323	2893.94677033	478.536061983	0.00208970666883	-0.335843540776	-0.166432024252	110.466208236	30.1763848958	194.486933955	256.361822713	2.22947295635	32.5940174154	0.0562708448558	0.000311216894839	160.079216197	0.00624690714858	1.34436377272	1.85079753657	126.883133727	33.9869456828	235.793849343	167.720860711	10.2236018731	11.7475456229	0.0281687423129
122.914958842	2899.58557067	477.777316025	0.00209302527864	-0.331099222466	-0.161088048499	110.507004194	30.2203547602	196.290233899	255.393061278	2.24576625693	32.5037161214	0.0562218484254	0.000306551306522	160.702122981	0.00622269315086	1.34116597849	1.84661967683	126.841124502	34.0493063923	238.627987809	167.630331273	10.1996668118	11.7681782555	0.0283054819880
122.954863948	2905.22437100	477.014366379	0.00209637291973	-0.326339134822	-0.155724892257	110.547938638	30.2650748090	198.136011915	254.421201747	2.26223006640	32.4131780886	0.0561738227035	0.000301907064816	161.329440407	0.00619849667534	1.33794116360	1.84240857269	126.798889603	34.1123411534	241.529594315	167.538945255	10.1756054513	11.7889842263	0.0284441453527
122.994705776	2910.86317133	476.247127519	0.00209975019736	-0.321562906797	-0.150342121366	110.589014991	30.3105636345	200.025796632	253.446184395	2.27886756891	32.3223968299	0.0561267943260	0.000297284216799	161.961251096	0.00617431634561	1.33468885211	1.83816364426	126.756424418	34.1760661949	244.501077992	167.446680363	10.1514154655	11.8099671155	0.0285847831684
123.034484457	2916.50197167	475.475511319	0.00210315773619	-0.316770156257	-0.144939288613	110.630236780	30.3568404693	201.961190523	252.467948094	2.29568203749	32.2313656811	0.0560807908873	0.000292682811626	162.597640184	0.00615015075785	1.33140855364	1.83388429413	126.713724198	34.2404983061	247.544963211	167.353513498	10.1270944663	11.8311306162	0.0287274481606
123.074200122	2922.14077200	474.699426941	0.00210659618118	-0.311960489505	-0.139515933165	110.671607638	30.4039252147	203.943874401	251.486430261	2.31267683748	32.1400777933	0.0560358409817	0.000288102900591	163.238695430	0.00612599847950	1.32809976271	1.82956990653	126.670784051	34.3056548621	250.663896526	167.259420712	10.1026400009	11.8524785389	0.0288721951196
123.113852900	2927.77957233	473.918780721	0.00211006619843	-0.307133500779	-0.134071579981	110.713131308	30.4518384718	205.975612242	250.501566802	2.32985543012	32.0485261249	0.0559919742476	0.000283544537181	163.884507335	0.00610185804786	1.32476195816	1.82521984664	126.627598937	34.3715538499	253.860654128	167.164377178	10.0780495489	11.8740148177	0.0290190810075
123.153442916	2933.41837267	473.133476044	0.00211356847619	-0.302288771721	-0.128605739183	110.754811651	30.5006015728	208.058256374	249.513292060	2.34722137631	31.9567034330	0.0559492214136	0.000279007777147	164.535169254	0.00607772796863	1.32139460241	1.82083345969	126.584163659	34.4382138972	257.138149852	167.068357138	10.0533205203	11.8957435148	0.0291681650728
123.192970295	2939.05717300	472.343413214	0.00211710372586	-0.297425870816	-0.123117905401	110.796652649	30.5502366157	210.193753054	248.521538746	2.36477834056	31.8646022650	0.0559076143486	0.000274492678572	165.190777530	0.00605360671433	1.31799714076	1.81641007013	126.540472860	34.5056543017	260.499443779	166.971333869	10.0284502518	11.9176688269	0.0293195089716
123.232435162	2944.69597333	471.548489316	0.00212067268299	-0.292544352801	-0.117607557065	110.838658410	30.6007665002	212.384148476	247.526237883	2.38253009516	31.7722149489	0.0558671861144	0.000269999301940	165.851431620	0.00602949272268	1.31456900063	1.81194898071	126.496521011	34.5738950630	263.947751494	166.873279632	10.0034360042	11.9397950911	0.0294731768977
123.271837636	2950.33477367	470.748598069	0.00212427610852	-0.287643758036	-0.112074155675	110.880833175	30.6522149656	214.631595241	246.527318733	2.40048052459	31.6795335837	0.0558279710227	0.000265527710210	166.517234243	0.00600538439485	1.31110959078	1.80744947146	126.452302409	34.6429569154	267.486454048	166.774165623	9.97827495915	11.9621267918	0.0296292357209
123.311177836	2955.97357400	469.943629676	0.00212791478988	-0.282723611845	-0.106517145012	110.923181324	30.7046066315	216.938359337	245.524708732	2.41863363007	31.5865500286	0.0557900046954	0.000261077968897	167.188291527	0.00598128009363	1.30761830041	1.80291079871	126.407811162	34.7128613638	271.119108707	166.673961924	9.95296421549	11.9846685672	0.0297877551354
123.350455880	2961.61237433	469.133470656	0.00213158954231	-0.277783423804	-0.100935950312	110.965707383	30.7579670402	219.306827671	244.518333414	2.43699353448	31.4932558921	0.0557533241298	0.000256650146154	167.864713166	0.00595717814148	1.30409449829	1.79833219394	126.363041188	34.7836307206	274.849460528	166.572637444	9.92750078594	12.0074252168	0.0299488078173
123.389671884	2967.25117467	468.318003674	0.00213530121019	-0.272822687005	-0.0953299773840	111.008416029	30.8123227027	221.739516216	243.508116331	2.45556448749	31.3996425204	0.0557179677684	0.000252244312856	168.546612592	0.00593307681846	1.30053753180	1.79371286270	126.317986200	34.8552881461	278.681454880	166.470159865	9.90188159315	12.0304017095	0.0301124695948
123.428825960	2972.88997500	467.497107354	0.00213905066848	-0.267840877261	-0.0896986116791	111.051312100	30.8677011465	224.239078814	242.493978974	2.47435087093	31.3057009848	0.0556839755738	0.000247860542692	169.234107150	0.00590897436007	1.29694672589	1.78905198327	126.272639697	34.9278576899	282.619250961	166.366495575	9.87610346568	12.0536031914	0.0302788196291
123.467918219	2978.52877533	466.670656090	0.00214283882423	-0.262837452262	-0.0840412172976	111.094400600	30.9241309671	226.808316711	241.475840686	2.49335720452	31.2114220686	0.0556513891101	0.000243498912262	169.927318291	0.00588486895491	1.29332138205	1.78434870547	126.226994959	35.0013643362	286.667236429	166.261609609	9.85016313379	12.0770349949	0.0304479406086
123.506948771	2984.16757567	465.838519833	0.00214666661820	-0.257811850689	-0.0783571359365	111.137686710	30.9816418824	229.450188897	240.453618569	2.51258815192	31.1167962531	0.0556202516298	0.000239159501176	170.626371770	0.00586075874221	1.28966077710	1.77960214918	126.181045028	35.0758340512	290.830043249	166.155465571	9.82405722486	12.1007026479	0.0306199189582
123.545917724	2989.80637600	465.000563873	0.00215053502660	-0.252763491262	-0.0726456857682	111.181175796	31.0402647907	232.167823322	239.427227386	2.53204852712	31.0218137025	0.0555906081684	0.000234842392159	171.331397862	0.00583664180924	1.28596416204	1.77481140291	126.134782704	35.1512938337	295.112564871	166.048025566	9.79778225864	12.1246118841	0.0307948450630
123.584825181	2995.44517633	464.156648604	0.00215444506291	-0.247691771724	-0.0669061602483	111.224873416	31.1000318326	234.964529077	238.396579465	2.55174330115	30.9264642485	0.0555625056469	0.000230547671163	172.042531594	0.00581251618851	1.28223076072	1.76997552221	126.088200526	35.2277717693	299.519974878	165.939250116	9.77133464214	12.1487686532	0.0309728135091
123.623671246	3001.08397667	463.306629276	0.00215839777981	-0.242596067771	-0.0611378268436	111.268785333	31.1609764564	237.843809648	237.361584585	2.57167760928	30.8307373729	0.0555359929827	0.000226275427486	172.759912979	0.00578837985477	1.27845976843	1.76509352802	126.041290764	35.3052970874	304.057747248	165.829098077	9.74471066424	12.1731791325	0.0311539233434
123.662456020	3006.72277700	462.450355727	0.00216239427133	-0.237475731900	-0.0553399256760	111.312917525	31.2231334888	240.809377345	236.322149865	2.59185675857	30.7346221903	0.0555111212102	0.000222025753892	173.483687285	0.00576423072191	1.27465035049	1.76016440485	125.994045403	35.3839002229	308.731678398	165.717526550	9.71790648993	12.1978497391	0.0313382783522
123.701179602	3012.36157733	461.587672100	0.00216643567505	-0.232330092181	-0.0495116680760	111.357276195	31.2865392096	243.865169028	235.278179640	2.61228623593	30.6381074282	0.0554879436121	0.000217798746746	174.214005307	0.00574006663952	1.27080164064	1.75518709892	125.946456127	35.4636128811	313.547911189	165.604490781	9.69091815421	12.2227871424	0.0315259873635
123.739842088	3018.00037767	460.718416538	0.00217052317447	-0.227158450946	-0.0436522350344	111.401867786	31.3512314316	247.015363281	234.229575336	2.63297171664	30.5411814073	0.0554665158624	0.000213594506149	174.951023662	0.00571588538933	1.26691273935	1.75016051607	125.898514306	35.5444681078	318.512961106	165.489944062	9.66374155553	12.2479982784	0.0317171645713
123.778443571	3023.63917800	459.842420860	0.00217465800160	-0.221960083394	-0.0377607755492	111.446698991	31.4172495866	250.264399168	233.176235332	2.65391907342	30.4438320189	0.0554468961827	0.000209413136086	175.694905109	0.00569168468135	1.26298271206	1.74508351964	125.850210974	35.6265003638	323.633744851	165.373837616	9.63637244893	12.2734903644	0.0319119298879
123.816984144	3029.27797833	458.959510218	0.00217884143968	-0.216734236081	-0.0318364048532	111.491776767	31.4846348167	253.616996777	232.118054814	2.67513438608	30.3460467021	0.0554291455132	0.000205254744576	176.445818884	0.00566746214971	1.25901058724	1.73995492810	125.801536815	35.7097456048	328.917611587	165.256120482	9.60880643851	12.2992709146	0.0321104093240
123.855463895	3034.91677867	458.069502717	0.00218307482613	-0.211480125317	-0.0258782025158	111.537108354	31.5534300726	257.078179710	231.054925624	2.69662395177	30.2478124186	0.0554133276996	0.000201119443843	177.203941066	0.00564321534827	1.25499535434	1.73477351260	125.752482143	35.7942413666	334.372377157	165.136739387	9.58103896962	12.3253477575	0.0323127354010
123.893882913	3040.55557900	457.172209023	0.00218735955569	-0.206196935440	-0.0198852104049	111.582701285	31.6236802192	260.653299787	229.986736094	2.71839429594	30.1491156256	0.0553995096983	0.000197007350480	177.969454965	0.00561894174590	1.25093596156	1.72953799424	125.703036878	35.8800268571	340.006361589	165.015638609	9.55306532032	12.3517290539	0.0325190475985
123.932241281	3046.19437933	456.267431931	0.00219169708381	-0.200883816962	-0.0138564305001	111.628563410	31.6954321481	264.348064174	228.913370869	2.74045218394	30.0499422474	0.0553877618022	0.000192918585641	178.742551541	0.00559463872134	1.24683131352	1.72424704125	125.653190527	35.9671430542	345.828430272	164.892759834	9.52488059230	12.3784233168	0.0327294928396
123.970539081	3051.83317967	455.354965905	0.00219608893034	-0.195539884573	-0.00779082253763	111.674702908	31.7687348998	268.168565249	227.834710727	2.76280463355	29.9502776441	0.0553781578881	0.000188853275229	179.523429851	0.00557030355776	1.24268026866	1.71889926588	125.602932157	36.0556328118	351.848039223	164.768041994	9.49647970122	12.4054394324	0.0329442260195
124.008776392	3057.47198000	454.434596585	0.00220053668342	-0.190164215001	-0.00168730147768	111.721128311	31.8436397937	272.121313523	226.750632372	2.78545892819	29.8501065787	0.0553707756910	0.000184811550109	180.312297539	0.00554593343687	1.23848163655	1.71349322107	125.552250369	36.1455409730	358.075284932	164.641421103	9.46785736624	12.4327866830	0.0331634105807
124.046953292	3063.11078033	453.506100248	0.00220504200374	-0.184755844691	0.00445526522789	111.767848525	31.9202005698	276.213273982	225.661008229	2.80842263124	29.7494131806	0.0553656971048	0.000180793546322	181.109371352	0.00552152543257	1.23423417491	1.70802739688	125.501133273	36.2369144922	364.520959329	164.512830071	9.43900809881	12.4604747714	0.0333872191404
124.085069854	3068.74958067	452.569243237	0.00220960662914	-0.179313767315	0.0106380605823	111.814872851	31.9984735396	280.451906273	224.565706210	2.83170360118	29.6481809078	0.0553630085161	0.000176799405325	181.914877709	0.00549707650411	1.22993658641	1.70250021665	125.449568452	36.3298025670	371.196610497	164.382198508	9.40992619063	12.4885138481	0.0336158341763
124.123126149	3074.38838100	451.623781335	0.00221423237953	-0.173836931073	0.0168623212314	111.862211015	32.0785177511	284.845209224	223.464589475	2.85531000800	29.5463925044	0.0553628011734	0.000172829274237	182.729053302	0.00547258348867	1.22558751527	1.69691003278	125.397542936	36.4242567800	378.114609847	164.249452515	9.38060570067	12.5169145390	0.0338494487756
124.161122245	3080.02718133	450.669459095	0.00221892116232	-0.168324235768	0.0231293409107	111.909873188	32.1603951652	289.401770235	222.357516165	2.87925035068	29.4440299558	0.0553651715956	0.000168883306105	183.552145762	0.00544804309340	1.22118554349	1.69125512228	125.345043161	36.5203312523	385.288226568	164.114514447	9.35104044117	12.5456879779	0.0340882674564
124.199058208	3085.66598167	449.706009109	0.00222367497819	-0.162774529649	0.0294404741824	111.957870022	32.2441708481	294.130820190	221.244339124	2.90353347606	29.3410744397	0.0553702220268	0.000164961660192	184.384414371	0.00542345188672	1.21672918683	1.68553368183	125.292054931	36.6180828090	392.731710281	163.977302673	9.32122396255	12.5748458389	0.0343325070693
124.236934099	3091.30478200	448.733151217	0.00222849592745	-0.157186605973	0.0357971404906	112.006212679	32.3299131791	299.042294609	220.124905597	2.92816859912	29.2375062732	0.0553780609410	0.000161064502277	185.226130830	0.00539880628893	1.21221689045	1.67974382251	125.238563380	36.7175711590	400.460382990	163.837731301	9.29114953703	12.6044003743	0.0345823977870
124.274749978	3096.94358233	447.750591649	0.00223338621691	-0.151559199275	0.0422008285685	112.054912866	32.4176940764	304.146901884	218.999056901	2.95316532483	29.1333048554	0.0553888036049	0.000157192004981	186.077580110	0.00537410256199	1.20764702416	1.67388356406	125.184552924	36.8188590897	408.490741538	163.695709884	9.26081014098	12.6343644538	0.0348381841955
124.312505900	3102.58238267	446.758022088	0.00223834816737	-0.145890981304	0.0486531012375	112.103982874	32.5075892426	309.456199582	217.866628075	2.97853367169	29.0284486043	0.0554025727053	0.000153344348117	186.939061361	0.00534933679841	1.20301787720	1.66795082858	125.130007211	36.9220126780	416.840572031	163.551143108	9.23019843570	12.6647516084	0.0351001264962
124.350201918	3108.22118300	445.755118655	0.00224338422185	-0.140180556597	0.0551556006373	112.153435615	32.5996784315	314.982679926	216.727447498	3.00428409726	28.9229148892	0.0554194990511	0.000149521719062	187.810888913	0.00532450490911	1.19832765269	1.66194343370	125.074909069	37.0271015199	425.529077857	163.403930438	9.19930674660	12.6955760775	0.0353685018353
124.387838080	3113.85998333	444.741540796	0.00224849695446	-0.134426457638	0.0617100539405	112.203284674	32.6940457398	320.739865788	215.581336480	3.03042752572	28.8166799559	0.0554397223581	0.000145724313159	188.693393363	0.00529960261024	1.19357446140	1.65585908521	125.019240445	37.1341989812	434.577023251	163.253965742	9.16812704053	12.7268528612	0.0356436057747
124.425414432	3119.49878367	443.716930062	0.00225368908025	-0.128627139572	0.0683182796030	112.253544352	32.7907799251	326.742418713	214.428108815	3.05697537773	28.7097188455	0.0554633921299	0.000141952334151	189.586922772	0.00527462540865	1.18875631508	1.64969536883	124.962982343	37.2433824695	444.006894616	163.101136882	9.13665090105	12.7585977771	0.0359257539243
124.462931015	3125.13758400	442.680908783	0.00225896346592	-0.122780974401	0.0749821942151	112.304229726	32.8899747535	333.006260776	213.267570294	3.08393960289	28.6020053056	0.0554906686478	0.000138205994641	190.491843967	0.00524956858610	1.18387111905	1.64344974133	124.906114756	37.3547337323	453.843082253	162.945325255	9.10486950150	12.7908275223	0.0362152837565
124.500387866	3130.77638433	441.633078605	0.00226432314164	-0.116886244615	0.0817038200245	112.355356700	32.9917293817	339.548712367	212.099518181	3.11133271504	28.4935116921	0.0555217240847	0.000134485516600	191.408543979	0.00522442718185	1.17891666418	1.63711952077	124.848616580	37.4683391830	464.112085531	162.786405303	9.07277357546	12.8235597426	0.0365125566270
124.537785019	3136.41518467	440.573018879	0.00226977131406	-0.110941136192	0.0884852932132	112.406942080	33.0961487748	346.388648390	210.923740637	3.13916783071	28.3842088625	0.0555567437619	0.000130791131904	192.337431614	0.00519919597349	1.17389061795	1.63070187569	124.790465541	37.5842902574	474.842745130	162.624243966	9.04035338450	12.8568131071	0.0368179600319
124.575122503	3142.05398500	439.500284897	0.00227531138059	-0.104943730870	0.0953288730225	112.459003639	33.2033441678	353.546675802	209.740016094	3.16745871103	28.2740660571	0.0555959275705	0.000127123082922	193.278939199	0.00517386945594	1.16879051469	1.62419381332	124.731638091	37.7026838061	486.066506589	162.458700081	9.00759868262	12.8906073924	0.0371319101331
124.612400342	3147.69278533	438.414405930	0.00228094694534	-0.0988919976156	0.102236951834	112.511560199	33.3134335723	361.045335952	208.548112567	3.19621980767	28.1630507687	0.0556394915804	0.000123481623155	194.233524497	0.00514844181810	1.16361374477	1.61759216644	124.672109313	37.8236225253	497.817720212	162.289623728	8.97449867730	12.9249635740	0.0374548545914
124.649618558	3153.33158567	437.314883069	0.00228668183662	-0.0927837831773	0.109212066332	112.564631719	33.4265423378	368.909335861	207.347786900	3.22546631309	28.0511285984	0.0556876698696	0.000119867017921	195.201672834	0.00512290691715	1.15835754265	1.61089357898	124.611852802	37.9472154320	510.133983273	162.116855491	8.94104198643	12.9599039288	0.0377872757539
124.686777164	3158.97038600	436.201186827	0.00229252012649	-0.0866168016007	0.116256909891	112.618239392	33.5428037720	377.165813364	206.138783944	3.25521421578	27.9382630953	0.0557407166045	0.000116279545109	196.183899455	0.00509725824992	1.15301897363	1.60409448989	124.550840538	38.0735783883	523.056531698	161.940225660	8.90721659077	12.9954521482	0.0381296942471
124.723876170	3164.60918633	435.072754466	0.00229846615247	-0.0803886225667	0.123374346360	112.672405757	33.6623598297	385.844642027	204.920835641	3.28548036101	27.8244155788	0.0557989084161	0.000112719495997	197.180752149	0.00507148892120	1.14759491910	1.59719111539	124.489042750	38.2028346824	536.630689693	161.759553329	8.87300978134	13.0316334645	0.0384826730419
124.760915582	3170.24798667	433.928987028	0.00230452454179	-0.0740966583826	0.130567425429	112.727154816	33.7853618777	394.978782960	203.693660021	3.31628251788	27.7095449404	0.0558625471184	0.000109187176144	198.192814171	0.00504559160828	1.14208206013	1.59017942906	124.426427756	38.3351156721	550.906387617	161.574645396	8.83840810090	13.0684747919	0.0388468220626
124.797895399	3175.88678700	432.769246012	0.00231070023856	-0.0677381494373	0.137839399822	112.782512170	33.9119715495	404.604692132	202.456960088	3.34763945347	27.5936074226	0.0559319628293	0.000105682906368	199.220707506	0.00501955852138	1.13647685916	1.58305513962	124.362961785	38.4705615007	565.938760448	161.385295460	8.80339727894	13.1060048840	0.0392228034314
124.834815613	3181.52558733	431.592849649	0.00231699853418	-0.0613101478910	0.145193744568	112.838505175	34.0423616985	414.762793643	201.210422582	3.37957101501	27.4765563705	0.0560075175623	0.000102207023818	200.265096541	0.00499338135936	1.13077553938	1.57581366609	124.298608789	38.6093218951	581.788841845	161.191282567	8.76796215898	13.1442545112	0.0396113374531
124.871676211	3187.16438767	430.399068720	0.00232342510167	-0.0548094993315	0.152634178686	112.895163111	34.1767174684	425.498031716	199.953716609	3.41209822132	27.3583419538	0.0560896093764	9.87598831526e-05	201.326692174	0.00496705125984	1.12497406171	1.56845010986	124.233330213	38.7515570565	598.524372098	160.992369824	8.73208661738	13.1832566596	0.0400132094697
124.908477174	3192.80318800	429.187121834	0.00232998603436	-0.0482328220812	0.160164689635	112.952517374	34.3152374955	436.860517082	198.686492105	3.44524336469	27.2389108524	0.0561786771842	9.53418578361e-05	202.406256460	0.00494055874304	1.11906809877	1.56095922316	124.167084753	38.8974386602	616.220742325	160.788302828	8.69575347199	13.2230467564	0.0404292777365
124.945218473	3198.44198833	427.956170100	0.00233668788971	-0.0415764837778	0.167789560998	113.010601695	34.4581352645	448.906287059	197.408378114	3.47903012487	27.1182059024	0.0562752063448	9.19533415736e-05	203.504607869	0.00491389364825	1.11305300542	1.55333537352	124.099828073	39.0471509770	634.962102481	160.578807894	8.65894437940	13.2636629246	0.0408604825087
124.981900075	3204.08078867	426.705311064	0.00234353773921	-0.0348365747784	0.175513403918	113.069452390	34.6056406427	461.698203293	196.118980866	3.51348369693	26.9961656931	0.0563797351932	8.85947498972e-05	204.622627243	0.00488704506179	1.10692378544	1.54557250333	124.031512485	39.2008921387	654.842667246	160.363590063	8.62163971884	13.3051462731	0.0413078565636
125.018521937	3209.71958900	425.433571821	0.00235054322516	-0.0280088778487	0.183341192921	113.129108642	34.7580016215	475.307017032	194.817881598	3.54863093526	26.8727241090	0.0564928626956	8.52665219299e-05	205.761264591	0.00486000123486	1.10067505352	1.53766408394	123.962086588	39.3588755680	675.968262251	160.142330820	8.58381846046	13.3475412270	0.0417725374371
125.055084007	3215.35838933	424.139901130	0.00235771262580	-0.0210888334837	0.191278306916	113.189612824	34.9154863001	489.812639481	193.504634099	3.58450051625	26.7478098070	0.0566152574624	8.19691223488e-05	206.921546857	0.00483274948978	1.09430099184	1.52960306309	123.891494853	39.5213316016	698.458163779	159.914685511	8.54545801550	13.3908959064	0.0422557817165
125.091586225	3220.99718967	422.823160365	0.00236505493014	-0.0140715000732	0.199330576282	113.251010873	35.0783851554	505.305664617	192.178761918	3.62112312285	26.6213456153	0.0567476684093	7.87030435795e-05	208.104586840	0.00480527611228	1.08779530028	1.52138180466	123.819677146	39.6885093372	722.447298951	159.680280379	8.50653406502	13.4352625615	0.0427589818129
125.128028521	3226.63599000	421.482113087	0.00237257992439	-0.00695150794505	0.207504337194	113.313352716	35.2470136467	521.889204819	190.839755184	3.65853165476	26.4932478426	0.0568909374297	7.54688082567e-05	209.311593475	0.00477756622745	1.08115113901	1.51299201926	123.746568179	39.8606787460	748.088891472	159.438709159	8.46702036349	13.4806980757	0.0432836857408
125.164410813	3232.27479033	420.115412967	0.00238029829217	0.000276993890096	0.215806494591	113.376692771	35.4217152219	539.681116621	189.487066968	3.69676146891	26.3634254768	0.0570460145381	7.22669719922e-05	210.543883744	0.00474960365611	1.07436106210	1.50442468391	123.672096880	40.0381330956	775.557661718	159.189529158	8.42688851230	13.5272645483	0.0438316205684
125.200733009	3237.91359067	418.721589735	0.00238822173137	0.00762039976142	0.224244595498	113.441090526	35.6028647994	558.816716551	188.120109100	3.73585065581	26.2317792552	0.0572139760666	6.90981265018e-05	211.802896539	0.00472137074771	1.06741694024	1.49566994856	123.596185649	40.2211917435	805.053721321	158.932256698	8.38610769771	13.5750299745	0.0444047203739
125.236995003	3243.55239100	417.299032747	0.00239636309104	0.0150857199340	0.232826914866	113.506611215	35.7908728226	579.452117170	186.738247333	3.77584035881	26.0982005761	0.0573960466629	6.59629031510e-05	213.090208882	0.00469284818503	1.06030987050	1.48671702694	123.518749498	40.4102033715	836.807344482	158.666361822	8.34464438565	13.6240690420	0.0450051597762
125.273196677	3249.19119133	415.845971646	0.00240473653271	0.0226806661004	0.241562556658	113.573326618	35.9861900073	601.768354692	185.340795727	3.81677514512	25.9625702202	0.0575936260577	6.28619769939e-05	214.407554993	0.00466401475466	1.05303007020	1.47755406823	123.439695038	40.6055497481	871.084854562	158.391262090	8.30246196501	13.6744640694	0.0456353944041
125.309337897	3254.82999167	414.360453543	0.00241335772140	0.0304137523985	0.250461573312	113.641316008	36.1893129225	625.976534191	183.927010140	3.85870343764	25.8247568428	0.0578083218472	5.97960713946e-05	215.756848894	0.00463484707497	1.04556675130	1.46816800518	123.358919279	40.8076501383	908.195943668	158.106315256	8.25952032675	13.7263061190	0.0462982101055
125.345418514	3260.46879200	412.840315725	0.00242224405396	0.0382944162999	0.259535108685	113.710667277	36.4007906189	652.324300086	182.496080456	3.90167802623	25.6846151698	0.0580419899875	5.67659633415e-05	217.140211240	0.00460531927408	1.03790797144	1.45854437395	123.276308203	41.0169664704	948.502843484	157.810810637	8.21577536794	13.7796963232	0.0469967831418
125.381438359	3266.10759233	411.283153086	0.00243141493274	0.0463331630359	0.268795568873	113.781478290	36.6212325071	681.104040225	181.047121568	3.94575666813	25.5419838508	0.0582967851465	5.37724895936e-05	218.560001599	0.00457540260196	1.03004045489	1.44866709768	123.191735057	41.2340094783	992.431925477	157.503958764	8.17117839760	13.8347474789	0.0477347545492
125.417397245	3271.74639267	409.686278714	0.00244089209709	0.0545417405735	0.278256829162	113.853858518	36.8513178307	712.663394216	179.579162547	3.99100280643	25.3966828592	0.0585752239278	5.08165538258e-05	220.018857373	0.00454506496370	1.02194937687	1.43851822569	123.105058288	41.4593460052	1040.48850636	157.184878986	8.12567542503	13.8915859771	0.0485163226653
125.453294963	3277.38519300	408.046675957	0.00245070002753	0.0629333526003	0.287934485966	113.927931035	37.0918071159	747.418850922	178.091133728	4.03748643135	25.2485103372	0.0588802649683	4.78991349943e-05	221.519741242	0.00451427035078	1.01361810088	1.42807761605	123.016119037	41.6936077788	1093.27594577	156.852584446	8.07920629742	13.9503541567	0.0493463594236
125.489131278	3283.02399333	406.360939433	0.00246086644399	0.0715229210036	0.297846167291	114.003834970	37.3435561684	785.873550427	176.581850943	4.08528512881	25.0972387113	0.0592154115354	4.50212971929e-05	223.065999328	0.00448297814555	1.00502785724	1.41732254695	122.924738065	41.9375019982	1151.52055013	156.505963786	8.03170365030	14.0112131991	0.0502305578912
125.524905929	3288.66279367	404.625202134	0.00247142292355	0.0803274105479	0.308011916879	114.081728543	37.6075332553	828.640869719	175.049996613	4.13448535479	24.9426099048	0.0595848442807	4.21842013549e-05	224.661433523	0.00445114225578	0.996157343551	1.40622723384	122.830711933	42.1918242984	1216.10446714	156.143758527	7.98309160899	14.0743467307	0.0511756217956
125.560618625	3294.30159400	402.835043887	0.00248240567740	0.0893662371112	0.318454677201	114.161792893	37.8848405127	876.476115985	173.494096229	4.18518401778	24.7843293269	0.0599935953424	3.93891192633e-05	226.310391968	0.00441871003493	0.986982225708	1.39476222651	122.733808236	42.4574746721	1288.10970118	155.764535001	7.93328417705	14.1399653424	0.0521895116518
125.596269037	3299.94039433	400.985375448	0.00249385653750	0.0986617852742	0.329200901906	114.244236916	38.1767408391	930.319748537	171.912489244	4.23749045398	24.6220582739	0.0604477796738	3.66374504734e-05	228.017883831	0.00438562091359	0.977474505692	1.38289364512	122.633759561	42.7354772968	1368.87790719	155.366648990	7.88218320539	14.2083123345	0.0532817689550
125.631856799	3305.57919467	399.070289705	0.00250582422645	0.108240073685	0.340281343224	114.329303498	38.4846921235	991.357317857	170.303292472	4.29152892895	24.4554041868	0.0609549071382	3.39307429615e-05	229.789726687	0.00435180464514	0.967601710918	1.37058220092	122.530255740	43.0270054824	1460.09296057	154.948200700	7.82967580386	14.2796711093	0.0544639495178
125.667381495	3311.21799500	397.082867954	0.00251836601552	0.118131622584	0.351732078722	114.417277639	38.8103913958	1061.10414453	168.664353493	4.34744185024	24.2839079855	0.0615243107045	3.12707186045e-05	231.632738490	0.00431717902452	0.957325839919	1.35778192261	122.422933776	43.3334134633	1563.89709120	154.506976615	7.77563099546	14.3543748248	0.0557502124132
125.702842659	3316.85679533	395.014923620	0.00253154992433	0.128372603186	0.363595871835	114.508497218	39.1558326469	1141.52746700	166.993190503	4.40539395909	24.1070273403	0.0621677451292	2.86593050120e-05	233.554991645	0.00428164687449	0.946601969190	1.34443847375	122.311364529	43.6562774907	1683.05762031	154.040373252	7.71989532349	14.4328192023	0.0571581354399
125.738239759	3322.49559567	392.856657091	0.00254545769290	0.139006388266	0.375924007554	114.603367520	39.5233838572	1235.22683087	165.286913406	4.46557789822	23.9241141784	0.0629002420249	2.60986758654e-05	235.566155394	0.00424509199263	0.935376378975	1.33048688950	122.195034810	43.9974497986	1821.21197992	153.545295457	7.66228698140	14.5154798326	0.0587098682370
125.773572188	3328.13439600	390.596181212	0.00256018888075	0.150085687476	0.388778820753	114.702381248	39.9158916273	1345.70772366	163.542118427	4.52822175966	23.7343838208	0.0637413611012	2.35913028597e-05	237.677966766	0.00420737358876	0.923583980044	1.31584846972	122.073322796	44.3591307682	1983.23742886	153.018018035	7.60258780954	14.6029360465	0.0604338023648
125.808839251	3333.77319633	388.218853479	0.00257586665624	0.161675558142	0.402237261736	114.806146744	40.3368265058	1477.80963718	161.754744434	4.59359955864	23.5368716339	0.0647170728739	2.11400238301e-05	239.904893808	0.00416831847041	0.911144697016	1.30042641311	121.945463479	44.7439674423	2175.82617277	152.453993225	7.54053212918	14.6959046320	0.0623670576113
125.844040138	3339.41199667	385.706310213	0.00259264620133	0.173857768482	0.416396064340	114.915428902	40.7904901279	1638.40011633	159.919872333	4.66204616756	23.3303704760	0.0658626847292	1.87481340343e-05	242.265095483	0.00412770976358	0.897958245203	1.28409951328	121.810498768	45.1551912624	2408.41223597	151.847575735	7.47579074154	14.7952887887	0.0645593036866
125.879173905	3345.05079700	383.035024258	0.00261072731387	0.186737327676	0.431379482221	115.031210408	41.2823195404	1837.54851639	158.031437096	4.73397929896	23.1133375162	0.0672275650543	1.64195115608e-05	244.781856268	0.00408527010639	0.883896342660	1.26671276145	121.667203109	45.5968160957	2694.72879522	151.191617853	7.40794726564	14.9022515436	0.0670788597260
125.914239431	3350.68959733	380.174067272	0.00263037404727	0.200452641582	0.447351323269	115.154787028	41.8193507502	2090.61364523	156.081800588	4.80993311712	22.8837500618	0.0688831252620	1.41587948418e-05	247.485813974	0.00404063563863	0.868790647307	1.24806279432	121.513968283	46.0739325228	3055.55855636	150.476851069	7.33646180799	15.0183301845	0.0700228767268
125.949235365	3356.32839767	377.081473079	0.00265194678443	0.215192061567	0.464534564856	115.287922918	42.4109563941	2422.19206635	154.061092286	4.89061205685	22.6388719797	0.0709370739827	1.19716431672e-05	250.418584161	0.00399331384829	0.852413188067	1.22787429355	121.348616550	46.5931629587	3523.89540034	149.690899022	7.26061257919	15.1456231917	0.0735352916910
125.984160050	3361.96719800	373.697976901	0.00267595775683	0.231222459912	0.483245234140	115.433118919	43.0700850668	2874.18038864	151.956141146	4.97698207673	22.3748529870	0.0735606888830	9.86513653213e-06	253.639007664	0.00394261123007	0.834442741806	1.20575944790	121.168079675	47.1634008604	4155.39444633	148.816613227	7.17939659763	15.2871139182	0.0778407177881
126.019011394	3367.60599833	369.935412617	0.00270317457019	0.248942368182	0.503955432799	115.594111679	43.8154925978	3523.94575638	149.748635752	5.07043714200	22.0859890535	0.0770458234004	7.84842538942e-06	257.234746145	0.00388749970595	0.814402657189	1.18114301671	120.967805509	47.7970878521	5051.69856214	147.829063983	7.09134810482	15.4472744196	0.0833142644909
126.053786661	3373.24479867	365.652996376	0.00273483332534	0.268991027287	0.527422727941	115.776898464	44.6761446622	4531.08161905	147.411692208	5.17313400713	21.7632178856	0.0819390453798	5.93386930836e-06	261.346027662	0.00382634474664	0.791534074816	1.15310959424	120.740548370	48.5126051662	6419.80222891	146.689572518	6.99417285240	15.6333092806	0.0906432382087
126.088482084	3378.88359900	360.601689177	0.00277314286098	0.292505446730	0.554995310099	115.992154292	45.7010910342	6282.80482330	144.902717860	5.28876416587	21.3906100451	0.0894150390653	4.13925389092e-06	266.221484727	0.00375627083977	0.764499344222	1.12004648656	120.473540436	49.3392704752	8754.25040594	145.332240826	6.88390444191	15.8581010818	0.101269304267
126.123092028	3384.52239933	354.262906290	0.00282276236728	0.321870211688	0.589502664479	116.262287565	46.9863813567	10004.1555912	142.146045849	5.42475038189	20.9352736374	0.102628617748	2.49285196491e-06	272.380551694	0.00367133407205	0.730525153225	1.07861259909	120.140323909	50.3295768618	13589.2141094	143.626931276	6.75250637280	16.1488531949	0.118956031270
126.157606700	3390.16119967	345.160337409	0.00289720426022	0.363945480962	0.639093586554	116.651846695	undefined	undefined	undefined	5.60142377549	20.3047563294	undefined	1.04871902927e-06	281.309841681	0.00355479919943	0.681763363150	1.01936340016	119.666090731	undefined	undefined	undefined	6.57789404971	16.5846259624	undefined
126.192000000	3395.80000002	313.299958972	0.00319182933595	0.515273685122	0.818906585990	118.073144116	undefined	undefined	undefined	6.08308947328	18.3039194131	undefined	0.00000000000	313.299958972	0.00319182933595	0.515273685122	0.818906585990	118.073144116	undefined	undefined	undefined	6.08308947328	18.3039194131	undefined
