epoch_ms,online_tick,tick_ms,engine_ms
1790213664055,1,37.1834,0.6168
1790213664107,2,0.8818,0.0320
1790213664112,3,0.6211,0.0290
1790213664192,4,17.6530,0.0304
1790213664227,5,6.8326,0.0369
1790213664274,6,5.9302,0.0322
1790213664322,7,6.4164,0.0302
1790213664370,8,6.6107,0.0408
1790213664433,9,6.0577,0.0332
1790213664481,10,8.6330,0.0379
1790213664520,11,0.8332,0.0286
1790213664566,12,0.7818,0.0339
1790213664613,13,0.7878,0.0309
1790213664677,14,0.6669,0.0274
1790213664725,15,0.6289,0.0322
1790213664772,16,0.6291,0.0278
1790213664819,17,0.5663,0.0238
1790213664867,18,0.4287,0.0175
1790213664915,19,0.3610,0.0141
1790213664963,20,0.8830,0.0099
1790213665026,21,0.7128,0.0303
1790213665074,22,0.7310,0.0269
1790213665121,23,0.7838,0.0292
1790213665167,24,0.4523,0.0220
1790213665215,25,0.5876,0.0302
1790213665263,26,0.4981,0.0193
1790213665326,27,0.3697,0.0156
1790213665374,28,0.3969,0.0144
1790213665421,29,0.4414,0.0137
1790213665469,30,0.4181,0.0104
1790213665516,31,0.3801,0.0120
1790213665564,32,0.3335,0.0102
1790213665626,33,0.8950,0.0373
1790213665675,34,0.9911,0.0340
1790213665722,35,0.7783,0.0275
1790213665769,36,0.4790,0.0266
1790213665815,37,0.3457,0.0132
1790213665863,38,0.3228,0.0200
1790213665925,39,0.2773,0.0135
1790213665973,40,0.3005,0.0121
1790213666020,41,0.3050,0.0127
1790213666067,42,0.2951,0.0127
1790213666115,43,0.9622,0.0272
1790213666177,44,0.6368,0.0273
1790213666224,45,0.5200,0.0301
1790213666272,46,0.5549,0.0395
1790213666318,47,0.5738,0.0503
1790213666365,48,0.5385,0.0291
1790213666427,49,0.3409,0.0160
1790213666475,50,0.3011,0.0120
1790213666521,51,0.4355,0.0359
1790213666570,52,0.2456,0.0130
1790213666616,53,0.2897,0.0157
1790213666663,54,0.2439,0.0177
1790213666727,55,0.5396,0.0308
1790213666774,56,0.3228,0.0169
1790213666821,57,0.5831,0.0285
1790213666868,58,0.7035,0.0359
1790213666916,59,0.6562,0.0316
1790213666964,60,0.5984,0.0329
1790213667025,61,0.5079,0.0303
1790213667073,62,0.3839,0.0229
1790213667120,63,0.2883,0.0175
1790213667168,64,0.5335,0.0227
1790213667216,65,0.5697,0.0227
1790213667263,66,0.2926,0.0171
1790213667326,67,0.4828,0.0274
1790213667373,68,0.4760,0.0295
1790213667420,69,0.4944,0.0282
1790213667467,70,0.5310,0.0287
1790213667515,71,0.4973,0.0260
1790213667562,72,0.4508,0.0324
1790213667625,73,0.4214,0.0204
1790213667673,74,0.3956,0.0242
1790213667719,75,0.4627,0.0269
1790213667765,76,0.4345,0.0293
1790213667813,77,0.5528,0.0320
1790213667875,78,0.3747,0.0224
1790213667922,79,0.3475,0.0135
1790213667969,80,0.3916,0.0123
1790213668016,81,0.3128,0.0142
1790213668063,82,0.3158,0.0210
1790213668128,83,0.4898,0.0306
1790213668175,84,0.4407,0.0329
1790213668223,85,0.4269,0.0343
1790213668270,86,0.3420,0.0150
1790213668318,87,0.3330,0.0123
1790213668365,88,0.4421,0.0321
1790213668427,89,0.2861,0.0133
1790213668475,90,0.2018,0.0121
1790213668521,91,0.1856,0.0123
1790213668569,92,0.1895,0.0130
1790213668616,93,0.1746,0.0129
1790213668663,94,0.3461,0.0264
1790213668727,95,0.4475,0.0307
1790213668773,96,0.2936,0.0232
1790213668821,97,0.1951,0.0139
1790213668867,98,0.1809,0.0181
1790213668915,99,0.2180,0.0162
1790213668962,100,0.2187,0.0120
1790213669026,101,0.4184,0.0114
1790213669074,102,0.2712,0.0176
1790213669121,103,0.3762,0.0301
1790213669168,104,0.3438,0.0276
1790213669215,105,0.5314,0.0382
1790213669262,106,0.4153,0.0276
1790213669325,107,0.4683,0.0334
1790213669374,108,0.7179,0.0323
1790213669421,109,0.4194,0.0353
1790213669467,110,0.4283,0.0392
1790213669515,111,0.4337,0.0430
1790213669562,112,0.3680,0.0305
1790213670301,113,84.4217,78.5704
1790213670303,114,0.9611,0.4369
1790213670304,115,0.5305,0.3812
1790213670304,116,0.6158,0.5130
1790213670305,117,0.6104,0.5099
1790213670306,118,0.5604,0.4497
1790213670306,119,0.4217,0.3088
1790213670307,120,0.4140,0.3117
1790213670307,121,0.3999,0.3105
1790213670307,122,0.3910,0.2922
1790213670308,123,0.3954,0.3156
1790213670308,124,0.4646,0.3832
1790213670309,125,0.5192,0.4089
1790213670309,126,0.5011,0.3205
1790213670322,127,1.0687,0.5241
1790213670372,128,9.0623,23.7474
1790213670418,129,2.1719,10.4669
1790213670466,130,3.2709,8.8806
1790213670530,131,3.0584,6.6720
1790213670576,132,2.1233,7.0004
1790213670622,133,1.7406,5.2771
1790213670671,134,2.4873,5.6266
1790213670717,135,1.4764,4.3357
1790213670766,136,1.9985,5.4633
1790213670829,137,2.2853,3.8156
1790213670876,138,1.4510,3.3336
1790213670925,139,2.1948,4.0557
1790213670971,140,1.3291,3.1162
1790213671020,141,2.0688,3.1613
1790213671066,142,1.0998,2.8610
1790213671114,143,2.4498,3.9842
1790213671178,144,1.7266,2.9733
1790213671226,145,1.3980,3.1579
1790213671273,146,1.2720,3.0846
1790213671321,147,1.9893,3.6668
1790213671367,148,1.1426,2.1814
1790213671415,149,1.1932,2.2465
1790213671478,150,1.3450,3.4672
1790213671524,151,1.8486,2.4495
1790213671572,152,1.8188,2.5150
1790213671621,153,2.5429,2.7708
1790213671668,154,1.5652,3.1719
1790213671715,155,2.0126,2.3912
1790213671777,156,1.2716,1.6500
1790213671825,157,0.9494,1.4992
1790213671873,158,0.9904,1.9000
1790213671920,159,1.0607,1.6645
1790213671967,160,1.2857,1.6823
1790213672016,161,1.0503,1.3576
1790213672063,162,0.8210,1.4465
1790213672127,163,1.3042,1.4765
1790213672175,164,0.9990,1.5276
1790213672221,165,0.9489,1.3005
1790213672269,166,1.2947,1.4935
1790213672315,167,0.8273,1.3806
1790213672378,168,0.8994,1.2813
1790213672425,169,1.0597,1.6020
1790213672470,170,1.5771,2.0177
1790213672517,171,1.2495,1.5772
1790213672564,172,1.4451,1.6109
1790213672628,173,1.0745,1.4065
1790213672674,174,1.2233,1.6518
1790213672721,175,0.9107,1.3382
1790213672767,176,0.7894,1.2097
1790213672816,177,0.9797,1.2272
1790213672876,178,0.8665,1.1877
1790213672924,179,0.8191,1.2161
1790213672973,180,1.0858,1.2648
1790213673020,181,0.9463,1.3865
1790213673068,182,1.0394,1.4444
1790213673115,183,1.0969,1.4070
1790213673162,184,0.6821,1.2698
1790213673225,185,0.8660,6.4805
1790213673273,186,0.6628,1.0830
1790213673321,187,0.7659,1.3074
1790213673368,188,0.6042,1.1660
1790213673416,189,0.5580,0.9863
1790213673463,190,0.6748,1.0574
1790213673528,191,0.9387,1.3654
1790213673575,192,0.7077,1.0316
1790213673622,193,0.6419,0.9946
1790213673671,194,0.9046,1.3302
1790213673718,195,0.9066,1.9103
1790213673764,196,0.8417,1.4119
1790213673828,197,0.9056,1.3533
1790213673875,198,0.8809,1.4638
1790213673921,199,0.8115,1.1933
1790213673971,200,1.3284,1.7490
1790213674017,201,1.4045,6.9303
1790213674066,202,1.6406,1.6794
1790213674129,203,1.4145,1.7658
1790213674179,204,3.3966,1.3142
1790213674231,205,8.7907,1.2690
1790213674277,206,6.3869,1.8734
1790213674323,207,4.4609,1.3379
1790213674369,208,3.7696,1.2982
1790213674417,209,4.0979,1.3054
1790213674479,210,3.5601,1.2865
1790213674523,211,0.7927,1.4235
1790213674572,212,0.8631,1.4044
1790213674620,213,1.2370,1.7932
1790213674668,214,1.0724,1.3990
1790213674714,215,1.2755,1.8602
1790213674777,216,0.7995,1.2503
1790213674823,217,0.5617,1.0342
1790213674870,218,0.5984,0.9360
1790213674917,219,0.6496,1.0015
1790213674965,220,0.5428,0.8485
1790213675028,221,0.5229,1.0468
1790213675076,222,0.3189,0.1620
1790213675124,223,0.5023,0.2049
1790213675171,224,0.4218,0.2144
1790213675219,225,0.4761,0.2330
1790213675266,226,0.5953,0.3353
1790213675315,227,0.4260,0.2029
1790213675377,228,0.5597,0.2631
1790213675424,229,0.3308,0.1578
1790213675471,230,0.3742,0.1695
1790213675518,231,0.6964,0.2478
1790213675566,232,0.5203,0.2485
1790213675614,233,0.4057,0.1979
1790213675677,234,0.3599,0.1825
1790213675724,235,0.4737,0.2121
1790213675771,236,0.6143,0.3161
1790213675819,237,0.3962,0.1959
1790213675866,238,0.3508,0.1515
1790213675914,239,1.2760,1.1260
1790213675977,240,0.6074,1.6364
1790213676024,241,0.6342,1.5442
1790213676070,242,0.6735,1.3510
1790213676118,243,0.6287,1.4236
1790213676165,244,0.6836,1.0770
1790213676213,245,0.6824,1.2545
1790213676276,246,0.6684,1.1178
1790213676323,247,0.8487,1.2036
1790213676370,248,0.6475,1.3421
1790213676417,249,0.5948,1.2285
1790213676464,250,0.6782,1.3131
1790213676527,251,0.7199,1.2689
1790213676574,252,0.6279,1.1671
1790213676622,253,0.6985,1.1674
1790213676670,254,0.7124,1.1480
1790213676717,255,0.6025,0.7659
1790213676764,256,0.6356,0.2731
1790213676828,257,0.6510,0.2751
1790213676874,258,0.5680,0.2732
1790213676922,259,0.4853,0.2197
1790213676968,260,0.5589,0.2323
1790213677016,261,0.3936,0.1569
1790213677064,262,0.4211,0.1833
1790213677127,263,0.4485,0.1772
1790213677174,264,0.5045,0.1835
1790213677221,265,0.4070,0.1621
1790213677268,266,0.5208,0.2041
1790213677316,267,0.4449,0.1799
1790213677363,268,0.5117,0.2256
1790213677426,269,0.4664,0.1959
1790213677473,270,0.5329,0.1799
1790213677520,271,0.5976,0.1987
1790213677567,272,0.4606,0.1923
1790213677613,273,0.5039,0.1866
1790213677675,274,0.4601,0.1797
1790213677722,275,0.5617,0.2252
1790213677769,276,0.4757,0.1871
1790213677816,277,0.4598,0.1895
1790213677865,278,0.3758,0.1557
1790213677928,279,0.4021,0.1739
1790213677975,280,0.3443,0.1421
1790213678023,281,0.2811,0.1380
1790213678070,282,0.2464,0.1255
1790213678118,283,0.3087,0.1443
1790213678166,284,0.3580,0.1814
1790213678213,285,0.5494,0.1975
1790213678276,286,0.5651,0.2293
1790213678324,287,0.4712,0.1997
1790213678372,288,0.5228,0.2157
1790213678419,289,0.5828,0.2386
1790213678466,290,0.5169,0.2317
1790213678513,291,0.7853,0.3817
1790213678577,292,0.5217,0.1941
1790213678624,293,0.4997,0.1934
1790213678671,294,0.5745,0.2374
1790213678719,295,0.5019,0.1961
1790213678765,296,0.4503,0.1767
1790213678813,297,0.4383,0.1638
1790213678875,298,0.4306,0.1517
1790213678922,299,0.3251,0.1477
1790213678970,300,0.2844,0.1216
1790213679017,301,0.2971,0.1242
1790213679065,302,0.5383,0.1394
1790213679128,303,0.4448,0.1794
1790213679176,304,0.4758,0.2041
1790213679222,305,0.3861,0.1629
1790213679269,306,0.2937,0.1426
1790213679318,307,0.4441,0.1736
1790213679363,308,0.4600,0.1688
1790213679425,309,0.4205,0.1638
1790213679472,310,0.4135,0.1589
1790213679520,311,0.4389,0.1893
1790213679568,312,0.4123,0.1661
1790213679615,313,0.4497,0.1784
1790213679663,314,0.5080,0.2250
1790213679725,315,0.5552,0.2478
1790213679772,316,0.4951,0.2315
1790213679818,317,0.2900,0.1363
1790213679864,318,0.3828,0.1369
1790213679912,319,0.5435,0.2057
1790213679976,320,0.4287,0.1653
1790213680023,321,0.4138,0.1626
1790213680071,322,0.3500,0.1357
1790213680119,323,0.3048,0.1369
1790213680166,324,0.3319,0.1458
1790213680227,325,0.5641,0.2491
1790213680275,326,0.4477,0.1911
1790213680322,327,0.4440,0.1878
1790213680370,328,0.4439,0.1831
1790213680417,329,0.4456,0.1786
1790213680464,330,0.3502,0.1499
1790213680512,331,0.4203,0.1792
1790213680574,332,0.4148,0.1849
1790213680623,333,0.5487,0.2125
1790213680669,334,0.5128,0.2002
1790213680716,335,0.4588,0.1863
1790213680764,336,0.4928,0.2314
1790213680827,337,0.5604,0.1966
1790213680874,338,0.4850,0.1960
1790213680922,339,1.3172,1.0411
1790213680969,340,0.5912,1.0515
1790213681017,341,0.5714,1.0600
1790213681065,342,0.5822,0.9545
1790213681113,343,0.5670,0.9714
1790213681177,344,0.4808,0.9045
1790213681225,345,0.8083,1.0799
1790213681273,346,0.4660,0.9531
1790213681320,347,0.4262,0.8662
1790213681369,348,1.3434,1.8205
1790213681416,349,0.5994,1.9483
1790213681464,350,0.9427,1.4384
1790213681527,351,0.6620,1.1509
1790213681574,352,0.5137,1.0546
1790213681622,353,0.4701,0.9718
1790213681668,354,0.5594,0.9377
1790213681715,355,0.5061,0.7798
1790213681763,356,0.5815,0.2895
1790213681827,357,0.5193,0.1769
1790213681874,358,0.3029,0.1372
1790213681920,359,0.3515,0.1609
1790213681967,360,0.4179,0.1465
1790213682014,361,0.3978,0.1705
1790213682077,362,0.4312,0.1679
1790213682123,363,0.4503,0.2081
1790213682171,364,0.4226,0.1886
1790213682218,365,0.3832,0.1716
1790213682266,366,0.4207,0.2110
1790213682314,367,0.2840,0.1121
1790213682376,368,0.3006,0.1313
1790213682423,369,0.3727,0.1675
1790213682470,370,0.2829,0.1450
1790213682517,371,0.4078,0.1882
1790213682564,372,0.5032,0.1741
1790213682626,373,0.4996,0.1942
1790213682674,374,0.5091,0.2073
1790213682721,375,0.4886,0.2006
1790213682769,376,0.4770,0.2096
1790213682816,377,0.4131,0.1677
1790213682863,378,0.4138,0.1838
1790213682926,379,0.5479,0.2550
1790213682974,380,0.5111,0.2276
1790213683022,381,0.5439,0.2264
1790213683069,382,0.6350,0.3878
1790213683116,383,0.4686,0.1992
1790213683164,384,0.6442,0.2523
1790213683226,385,0.5701,0.2053
1790213683272,386,0.5552,0.1897
1790213683320,387,0.4282,0.1937
1790213683368,388,0.3881,0.1809
1790213683415,389,0.3871,0.1788
1790213683478,390,0.3880,0.1672
1790213683526,391,0.3631,0.1624
1790213683572,392,0.3193,0.1568
1790213683619,393,0.5754,0.2584
1790213683667,394,0.4273,0.1993
1790213683714,395,0.5823,0.2561
1790213683777,396,0.4080,0.1753
1790213683825,397,0.3738,0.1647
1790213683872,398,0.4492,0.1781
1790213683918,399,0.4569,0.1837
1790213683966,400,0.4699,0.1601
1790213684012,401,0.3907,0.1741
1790213684075,402,0.8299,0.2107
1790213684122,403,0.5624,0.2807
1790213684170,404,0.4634,0.1962
1790213684218,405,0.4803,0.1498
1790213684266,406,0.6594,0.1750
1790213684313,407,0.4743,0.1634
1790213684377,408,0.4150,0.1650
1790213684425,409,0.4901,0.1909
1790213684472,410,0.4217,0.1539
1790213684520,411,0.5579,0.1938
1790213684567,412,0.4577,0.1378
1790213684615,413,0.4373,0.1613
1790213684678,414,0.5708,0.2161
1790213684725,415,0.3917,0.1598
1790213684772,416,0.4022,0.1794
1790213684820,417,0.4800,0.2047
1790213684867,418,0.3231,0.1405
1790213684913,419,0.3072,0.1280
1790213684977,420,0.3890,0.1218
1790213685024,421,0.2657,0.1199
1790213685071,422,0.4399,0.1849
1790213685119,423,0.4093,0.1667
1790213685166,424,0.4530,0.1946
1790213685213,425,0.3646,0.1555
1790213685276,426,0.4226,0.1563
1790213685324,427,0.4607,0.1727
1790213685371,428,0.3800,0.1648
1790213685419,429,0.3283,0.1494
1790213685466,430,0.3811,0.1579
1790213685514,431,0.3368,0.1430
1790213685577,432,0.3607,0.1481
1790213685625,433,0.3987,0.1923
1790213685671,434,0.4249,0.1949
1790213685719,435,0.4862,0.1731
1790213685767,436,0.4162,0.1654
1790213685814,437,0.3389,0.1523
1790213685877,438,0.4617,0.1872
1790213685925,439,0.9019,0.7388
1790213685973,440,0.7493,8.0194
1790213686021,441,0.6876,3.3543
1790213686069,442,0.7489,2.3879
1790213686116,443,0.7492,2.5187
1790213686164,444,0.5840,2.3929
1790213686227,445,0.6020,2.8773
1790213686274,446,0.5871,2.3479
1790213686322,447,0.6666,2.1144
1790213686369,448,0.7282,1.8053
1790213686417,449,0.6538,1.8033
1790213686465,450,0.8965,1.9026
1790213686513,451,0.5201,1.6360
1790213686575,452,0.6502,1.8119
1790213686623,453,0.7534,1.9327
1790213686670,454,0.6765,1.8003
1790213686718,455,0.4695,1.0943
1790213686766,456,0.4356,0.2405
1790213686813,457,0.4351,0.2780
1790213686876,458,0.4507,0.2383
1790213686924,459,0.5474,0.3078
1790213686973,460,0.5591,0.2327
1790213687020,461,0.3505,0.2018
1790213687068,462,0.3149,0.1819
1790213687115,463,0.3881,0.2335
1790213687162,464,0.4476,0.2297
1790213687226,465,0.4532,0.2455
1790213687272,466,0.4336,0.2338
1790213687320,467,0.4953,0.2864
1790213687367,468,0.4714,0.2907
1790213687415,469,0.4591,0.2507
1790213687478,470,0.6983,0.3505
1790213687525,471,0.7011,0.3955
1790213687572,472,0.5449,0.3036
1790213687619,473,0.5344,0.3088
1790213687666,474,0.5802,0.3465
1790213687714,475,0.5227,0.2681
1790213687777,476,0.6417,0.4093
1790213687825,477,0.5785,0.3086
1790213687872,478,0.4956,0.2900
1790213687920,479,0.5432,0.3275
1790213687968,480,0.5497,0.2799
1790213688016,481,0.5362,0.2743
1790213688064,482,0.3852,0.2132
1790213688127,483,0.5026,0.2845
1790213688175,484,0.6047,0.3288
1790213688222,485,0.4797,0.2700
1790213688271,486,0.5545,0.3326
1790213688318,487,0.5262,0.3264
1790213688365,488,0.4929,0.3051
1790213688428,489,0.3701,0.1927
1790213688476,490,0.5640,0.2744
1790213688524,491,0.4665,0.2688
1790213688571,492,0.3966,0.2377
1790213688618,493,0.4394,0.2134
1790213688665,494,0.5201,0.2439
1790213688727,495,0.4680,0.2343
1790213688775,496,0.5816,0.3000
1790213688823,497,0.5374,0.2719
1790213688870,498,0.4254,0.2196
1790213688917,499,0.6245,0.4130
1790213688965,500,0.4581,0.2054
1790213689027,501,0.5569,0.2666
1790213689075,502,0.7104,0.2599
1790213689122,503,0.4625,0.2458
1790213689169,504,0.4877,0.2638
1790213689216,505,0.4197,0.2002
1790213689265,506,0.3803,0.1859
1790213689312,507,0.4892,0.2776
1790213689376,508,0.4646,0.2144
1790213689423,509,0.4172,0.2112
1790213689471,510,0.4470,0.2085
1790213689519,511,0.5315,0.2639
1790213689567,512,0.8039,0.3922
1790213689614,513,0.4352,0.2242
1790213689678,514,0.4690,0.2561
1790213689725,515,0.5412,0.2835
1790213689774,516,0.4273,0.2115
1790213689821,517,0.7019,0.4351
1790213689869,518,0.4080,0.2071
1790213689917,519,0.5215,0.2294
1790213689965,520,0.4554,0.2101
1790213690012,521,0.4059,0.1947
1790213690077,522,0.4450,0.2281
1790213690124,523,0.4183,0.1998
1790213690172,524,0.4319,0.2517
1790213690221,525,0.3532,0.1889
1790213690269,526,0.5179,0.3154
1790213690316,527,0.4478,0.2417
1790213690364,528,0.6205,0.3576
1790213690428,529,0.5354,0.2749
1790213690476,530,0.4320,0.2013
1790213690523,531,0.4537,0.2275
1790213690569,532,0.4338,0.2294
1790213690616,533,0.3932,0.2011
1790213690664,534,0.5204,0.2608
1790213690727,535,0.5849,0.2713
1790213690775,536,0.5388,0.2764
1790213690822,537,0.4406,0.2237
1790213690870,538,0.3766,0.1873
1790213690917,539,0.5213,0.2868
1790213690965,540,0.5975,0.2485
1790213691028,541,0.4657,0.2046
1790213691074,542,0.4079,0.1958
1790213691121,543,0.4338,0.2169
1790213691168,544,0.4046,0.1787
1790213691216,545,0.4352,0.1952
1790213691264,546,0.3194,0.1345
1790213691327,547,0.3683,0.1545
1790213691376,548,0.3043,0.1275
1790213691423,549,0.3749,0.1508
1790213691470,550,0.3561,0.1139
1790213691518,551,0.4097,0.1465
1790213691565,552,0.2419,0.0891
1790213691628,553,0.4036,0.1844
1790213691676,554,0.1913,0.0090
1790213691723,555,0.3051,0.0109
1790213691770,556,0.2648,0.0108
1790213691816,557,0.1955,0.0100
1790213691863,558,0.1983,0.0076
1790213691927,559,0.1404,0.0061
1790213691975,560,0.2997,0.0089
1790213692023,561,0.1835,0.0075
1790213692071,562,0.3068,0.0149
1790213692118,563,0.2015,0.0089
1790213692166,564,0.2176,0.0089
1790213692212,565,0.2617,0.0093
1790213692276,566,0.2485,0.0096
1790213692324,567,0.3122,0.0094
1790213692370,568,0.2357,0.0128
1790213692418,569,0.2084,0.0098
1790213692466,570,0.1817,0.0059
1790213692514,571,0.2718,0.0081
1790213692577,572,0.2168,0.0077
1790213692624,573,0.1613,0.0067
1790213692672,574,0.1781,0.0083
1790213692718,575,0.2790,0.0102
1790213692765,576,0.2316,0.0089
1790213692812,577,0.1564,0.0066
1790213692876,578,0.1597,0.0064
1790213692922,579,0.2249,0.0082
1790213692970,580,0.2307,0.0086
1790213693017,581,0.2118,0.0088
1790213693064,582,0.2004,0.0085
1790213693127,583,0.1790,0.0079
1790213693174,584,0.2485,0.0091
1790213693222,585,0.2243,0.0085
1790213693269,586,0.2011,0.0087
1790213693317,587,0.2374,0.0099
1790213693365,588,0.1974,0.0079
1790213693413,589,0.1895,0.0082
1790213693476,590,0.1632,0.0067
1790213693523,591,0.1897,0.0089
1790213693570,592,0.2316,0.0096
1790213693618,593,0.1999,0.0083
1790213693665,594,0.2509,0.0100
1790213693713,595,0.3285,0.0107
1790213693776,596,0.2511,0.0096
1790213693824,597,0.2238,0.0102
1790213693871,598,0.2155,0.0073
1790213693918,599,0.2198,0.0076
1790213693965,600,0.1612,0.0058
1790213694030,601,2.1531,0.0077
1790213694075,602,0.1760,0.0081
1790213694122,603,0.5000,0.0111
1790213694170,604,0.2583,0.0101
1790213694218,605,0.2169,0.0089
1790213694264,606,0.2021,0.0085
1790213694326,607,0.1871,0.0086
1790213694373,608,0.2084,0.0095
1790213694421,609,0.2794,0.0085
1790213694469,610,0.2841,0.0090
1790213694516,611,0.1934,0.0087
1790213694563,612,0.2079,0.0087
1790213694626,613,0.1916,0.0082
1790213694674,614,0.2474,0.0086
1790213694721,615,0.2546,0.0096
1790213694768,616,0.2474,0.0102
1790213694815,617,0.2173,0.0095
1790213694877,618,0.2653,0.0089
1790213694924,619,0.1966,0.0093
1790213694972,620,0.2711,0.0088
1790213695019,621,0.2172,0.0090
1790213695067,622,0.1487,0.0069
1790213695114,623,0.1786,0.0077
1790213695162,624,0.2014,0.0089
1790213695225,625,0.2420,0.0086
1790213695273,626,0.1322,0.0058
1790213695320,627,0.1205,0.0060
1790213695368,628,0.2339,0.0089
1790213695416,629,0.2031,0.0095
1790213695463,630,0.2164,0.0095
1790213695528,631,0.2066,0.0098
1790213695575,632,0.2657,0.0108
1790213695623,633,0.1942,0.0080
1790213695670,634,0.2448,0.0085
1790213695717,635,0.2166,0.0099
1790213695764,636,0.2293,0.0102
1790213695827,637,0.2417,0.0092
1790213695874,638,0.3393,0.0121
1790213695922,639,0.1912,0.0091
1790213695969,640,0.2135,0.0090
1790213696017,641,0.3632,0.0106
1790213696064,642,0.1926,0.0083
1790213696127,643,0.1831,0.0077
1790213696174,644,0.1492,0.0066
1790213696223,645,0.2010,0.0082
1790213696270,646,0.1553,0.0066
1790213696317,647,0.1666,0.0058
1790213696364,648,0.1498,0.0064
1790213696428,649,0.1419,0.0074
1790213696476,650,0.3024,0.0067
1790213696523,651,0.1653,0.0064
1790213696570,652,0.2122,0.0094
1790213696618,653,0.2680,0.0109
1790213696665,654,0.4090,0.1606
1790213696713,655,0.2413,0.0303
1790213696777,656,0.2608,0.0355
1790213696824,657,0.2517,0.0132
1790213696872,658,0.2530,0.0127
1790213696919,659,0.1435,0.0085
1790213696967,660,0.1653,0.0070
1790213697014,661,0.1392,0.0077
1790213697063,662,0.1176,0.0066
1790213697125,663,0.1975,0.0113
1790213697172,664,0.2198,0.0113
1790213697219,665,0.2141,0.0107
1790213697266,666,0.2353,0.0134
1790213697313,667,0.1601,0.0105
1790213697377,668,0.1787,0.0100
1790213697426,669,0.2095,0.0115
1790213697474,670,0.2275,0.0110
1790213697520,671,0.2868,0.0149
1790213697566,672,0.2153,0.0110
1790213697628,673,0.2417,0.0120
1790213697676,674,0.2392,0.0122
1790213697722,675,0.2112,0.0112
1790213697770,676,0.2563,0.0133
1790213697817,677,0.1989,0.0116
1790213697864,678,0.2708,0.0145
1790213697928,679,0.1664,0.0097
1790213697975,680,0.1864,0.0082
1790213698023,681,0.1396,0.0075
1790213698071,682,0.1368,0.0077
1790213698118,683,0.1427,0.0073
1790213698166,684,0.1393,0.0078
1790213698213,685,0.1715,0.0083
1790213698278,686,0.1407,0.0077
1790213698324,687,0.1232,0.0070
1790213698372,688,0.1779,0.0092
1790213698420,689,0.1960,0.0117
1790213698467,690,0.2507,0.0099
1790213698513,691,0.2752,0.0130
1790213698577,692,0.1750,0.0087
1790213698624,693,0.1633,0.0077
1790213698671,694,0.1718,0.0076
1790213698718,695,0.2142,0.0109
1790213698765,696,0.2109,0.0107
1790213698812,697,0.1828,0.0100
1790213698875,698,0.2727,0.0121
1790213698922,699,0.1938,0.0102
1790213698971,700,0.1953,0.0089
1790213699017,701,0.1802,0.0097
1790213699064,702,0.2457,0.0122
1790213699127,703,0.3411,0.0104
1790213699175,704,0.1961,0.0107
1790213699221,705,0.2605,0.0101
1790213699269,706,0.1523,0.0074
1790213699315,707,0.1863,0.0093
1790213699363,708,0.1671,0.0087
1790213699426,709,0.2167,0.0095
1790213699475,710,0.1348,0.0071
1790213699522,711,0.1342,0.0072
1790213699569,712,0.1294,0.0060
1790213699617,713,0.2291,0.0092
1790213699664,714,0.2227,0.0101
1790213699727,715,0.2220,0.0111
1790213699775,716,0.1704,0.0090
1790213699822,717,0.1861,0.0094
1790213699869,718,0.2067,0.0109
1790213699917,719,0.1406,0.0080
1790213699964,720,0.1721,0.0080
1790213700027,721,0.2648,0.0137
1790213700075,722,0.2535,0.0133
1790213700123,723,0.2345,0.0119
1790213700171,724,0.2752,0.0120
1790213700218,725,0.2391,0.0121
1790213700266,726,0.3247,0.0141
1790213700313,727,0.1931,0.0114
1790213700376,728,0.2175,0.0114
1790213700424,729,0.2124,0.0115
1790213700471,730,0.2215,0.0106
1790213700517,731,0.2340,0.0129
1790213700565,732,0.1996,0.0110
1790213700628,733,0.2402,0.0144
1790213700676,734,0.2413,0.0118
1790213700723,735,0.3532,0.0112
1790213700770,736,0.2167,0.0122
1790213700816,737,0.2458,0.0137
1790213700864,738,0.2210,0.0131
1790213700928,739,0.2439,0.0124
1790213700975,740,0.2513,0.0112
1790213701023,741,0.2087,0.0121
1790213701071,742,0.1979,0.0133
1790213701118,743,0.1821,0.0110
1790213701165,744,0.1972,0.0103
1790213701212,745,0.2044,0.0106
1790213701275,746,0.2033,0.0110
1790213701322,747,0.1862,0.0091
1790213701370,748,0.2064,0.0114
1790213701417,749,0.1764,0.0105
1790213701465,750,0.1924,0.0093
1790213701528,751,0.2013,0.0117
1790213701575,752,0.1844,0.0117
1790213701623,753,0.1863,0.0106
1790213701671,754,0.2005,0.0108
1790213701718,755,0.2074,0.0101
1790213701766,756,0.1786,0.0088
1790213701813,757,0.1465,0.0073
1790213701876,758,0.1650,0.0091
1790213701924,759,0.1487,0.0073
1790213701972,760,0.1604,0.0068
1790213702019,761,0.1383,0.0070
1790213702066,762,0.2349,0.0107
1790213702114,763,0.2166,0.0127
1790213702177,764,0.2668,0.0145
1790213702224,765,0.2029,0.0088
1790213702272,766,0.1674,0.0098
1790213702319,767,0.1574,0.0082
1790213702366,768,0.1499,0.0085
1790213702413,769,0.2701,0.0137
1790213702476,770,0.2340,0.0100
1790213702523,771,0.2065,0.0138
1790213702571,772,0.2038,0.0282
1790213702618,773,0.1966,0.0148
1790213702666,774,0.2496,0.0384
1790213702714,775,0.2669,0.0132
1790213702777,776,0.2204,0.0089
1790213702825,777,0.2403,0.0099
1790213702872,778,0.2274,0.0097
1790213702919,779,0.2499,0.0098
1790213702966,780,0.2187,0.0091
1790213703013,781,0.2387,0.0094
1790213703077,782,0.2232,0.0083
1790213703125,783,0.2012,0.0091
1790213703172,784,0.2067,0.0115
1790213703220,785,0.2264,0.0101
1790213703267,786,0.3210,0.0117
1790213703313,787,0.2355,0.0096
1790213703377,788,0.2909,0.0122
1790213703423,789,0.2385,0.0095
1790213703471,790,0.2714,0.0104
1790213703518,791,0.2051,0.0099
1790213703565,792,0.2196,0.0109
1790213703613,793,0.2411,0.0101
1790213703675,794,0.1987,0.0094
1790213703722,795,0.2526,0.0101
1790213703768,796,0.2191,0.0087
1790213703816,797,0.1910,0.0095
1790213703864,798,0.2615,0.0093
1790213703927,799,0.2373,0.0116
1790213703974,800,0.2410,0.0097
1790213704022,801,0.2752,0.0087
1790213704070,802,0.1854,0.0081
1790213704118,803,0.3131,0.0105
1790213704164,804,0.3608,0.0103
1790213704212,805,0.2079,0.0089
1790213704275,806,0.2167,0.0105
1790213704322,807,0.1511,0.0069
1790213704368,808,0.1364,0.0059
1790213704416,809,0.1870,0.0080
1790213704464,810,0.1639,0.0069
1790213704527,811,0.2354,0.0087
1790213704575,812,0.2091,0.0091
1790213704622,813,0.1550,0.0066
1790213704670,814,0.2311,0.0100
1790213704717,815,0.2290,0.0091
1790213704765,816,0.2512,0.0099
1790213704812,817,0.1933,0.0074
1790213704876,818,0.2030,0.0078
1790213704923,819,0.1700,0.0080
1790213704970,820,0.1693,0.0077
1790213705017,821,0.1104,0.0056
1790213705064,822,0.0975,0.0045
1790213705125,823,0.2572,0.0099
1790213705173,824,0.2385,0.0105
1790213705222,825,0.2628,0.0103
1790213705270,826,0.1993,0.0091
1790213705317,827,0.2135,0.0089
1790213705364,828,0.1815,0.0076
1790213705428,829,0.2125,0.0103
1790213705475,830,0.2269,0.0092
1790213705523,831,0.1886,0.0080
1790213705570,832,0.1439,0.0066
1790213705617,833,0.1779,0.0072
1790213705665,834,0.2398,0.0108
1790213705712,835,0.2310,0.0100
1790213705775,836,0.4304,0.0088
1790213705823,837,0.2341,0.0095
1790213705871,838,0.2171,0.0183
1790213705917,839,0.2141,0.0092
1790213705964,840,0.2292,0.0089
1790213706028,841,0.1657,0.0076
1790213706074,842,0.1490,0.0064
1790213706120,843,0.1540,0.0072
1790213706166,844,0.1999,0.0061
1790213706213,845,0.1149,0.0051
1790213706277,846,0.1597,0.0065
1790213706324,847,0.2398,0.0101
1790213706372,848,0.2134,0.0106
1790213706418,849,0.2078,0.0101
1790213706466,850,0.3028,0.0097
1790213706514,851,0.2770,0.0113
1790213706577,852,0.2485,0.0097
1790213706624,853,0.1368,0.0059
1790213706671,854,0.1350,0.0063
1790213706718,855,0.2280,0.0092
1790213706765,856,0.2133,0.0107
1790213706828,857,0.2084,0.0100
1790213706875,858,0.1822,0.0079
1790213706922,859,0.2894,0.0105
1790213706970,860,0.3086,0.0105
1790213707018,861,0.2257,0.0090
1790213707066,862,0.2032,0.0087
1790213707113,863,0.1773,0.0081
1790213707176,864,0.1856,0.0091
1790213707223,865,0.1582,0.0069
1790213707271,866,0.1904,0.0085
1790213707318,867,0.1515,0.0059
1790213707364,868,0.2227,0.0092
1790213707412,869,0.1904,0.0081
1790213707475,870,0.2108,0.0082
1790213707521,871,0.2416,0.0085
1790213707568,872,0.1510,0.0067
1790213707614,873,0.2095,0.0081
1790213707677,874,0.2705,0.0133
1790213707724,875,0.2122,0.0095
1790213707771,876,0.2236,0.0101
1790213707817,877,0.1801,0.0086
1790213707863,878,0.1515,0.0069
1790213707927,879,0.2053,0.0095
1790213707974,880,0.2401,0.0084
1790213708020,881,0.1992,0.0116
1790213708067,882,0.1416,0.0069
1790213708115,883,0.1980,0.0084
1790213708163,884,0.2192,0.0088
1790213708226,885,0.1934,0.0081
1790213708273,886,0.1633,0.0076
1790213708320,887,0.1866,0.0064
1790213708367,888,0.2325,0.0086
1790213708415,889,0.2373,0.0092
1790213708478,890,0.2290,0.0091
1790213708525,891,0.2121,0.0096
1790213708572,892,0.1715,0.0076
1790213708620,893,0.1592,0.0068
1790213708667,894,0.1315,0.0070
1790213708715,895,0.2667,0.0093
1790213708778,896,0.2316,0.0106
1790213708824,897,0.1971,0.0076
1790213708872,898,0.1205,0.0054
1790213708920,899,0.1059,0.0062
1790213708966,900,0.1759,0.0073
1790213709013,901,0.2591,0.0102
1790213709076,902,0.1620,0.0072
1790213709122,903,0.1731,0.0099
1790213709168,904,0.2998,0.0068
1790213709215,905,0.1858,0.0080
1790213709263,906,0.2035,0.0089
1790213709325,907,0.2465,0.0104
1790213709373,908,0.2704,0.0088
1790213709420,909,0.4686,0.0075
1790213709467,910,0.1595,0.0062
1790213709514,911,0.2046,0.0073
1790213709575,912,0.1123,0.0050
1790213709622,913,0.0905,0.0047
1790213709670,914,0.0951,0.0049
1790213709717,915,0.3016,0.0100
1790213709764,916,0.2071,0.0088
1790213709826,917,0.1947,0.0086
1790213709874,918,0.4421,0.0066
1790213709921,919,0.1901,0.0078
1790213709968,920,0.1676,0.0053
1790213710014,921,0.1574,0.0058
1790213710076,922,0.1821,0.0075
1790213710123,923,0.1164,0.0046
1790213710171,924,0.1521,0.0052
1790213710218,925,0.1183,0.0050
1790213710265,926,0.3660,0.0044
1790213710312,927,0.1240,0.0050
1790213710374,928,0.1679,0.0060
1790213710422,929,0.1606,0.0085
1790213710469,930,0.1739,0.0074
1790213710514,931,0.1499,0.0056
1790213710577,932,0.1043,0.0053
1790213710624,933,0.0948,0.0046
1790213710670,934,0.1721,0.0039
1790213710717,935,0.1972,0.0097
1790213710765,936,0.2529,0.0103
1790213710827,937,0.1352,0.0065
1790213710874,938,0.1098,0.0049
1790213710921,939,0.1582,0.0051
1790213710967,940,0.2344,0.0086
1790213711015,941,0.1891,0.0079
1790213711077,942,0.1346,0.0066
1790213711124,943,0.1962,0.0087
1790213711171,944,0.1440,0.0061
1790213711217,945,0.1622,0.0066
1790213711264,946,0.1635,0.0062
1790213711326,947,0.1078,0.0045
1790213711373,948,0.1523,0.0059
1790213711420,949,0.1073,0.0046
1790213711467,950,0.1768,0.0069
1790213711514,951,0.1726,0.0077
1790213711576,952,0.3024,0.0117
1790213711623,953,0.2196,0.0101
1790213711670,954,0.1412,0.0073
1790213711716,955,0.2019,0.0091
1790213711764,956,0.2507,0.0102
1790213711825,957,0.1680,0.0088
1790213711872,958,0.1354,0.0060
1790213711920,959,0.1042,0.0049
1790213711966,960,0.1923,0.0061
1790213712013,961,0.1702,0.0076
1790213712076,962,0.2201,0.0095
1790213712124,963,0.1787,0.0075
1790213712171,964,0.1198,0.0044
1790213712216,965,0.2724,0.0110
1790213712263,966,0.2875,0.0107
1790213712325,967,0.1419,0.0060
1790213712371,968,0.1447,0.0307
1790213712418,969,0.1321,0.0239
1790213712465,970,0.1446,0.0182
1790213712512,971,0.1122,0.0051
1790213712574,972,0.2782,0.0113
1790213712621,973,0.2286,0.0078
1790213712667,974,0.1481,0.0057
1790213712715,975,0.2242,0.0098
1790213712776,976,0.2124,0.0101
1790213712823,977,0.1430,0.0067
1790213712871,978,0.1305,0.0064
1790213712919,979,0.2297,0.0095
1790213712965,980,0.3398,0.0096
1790213713013,981,0.2255,0.0101
1790213713075,982,0.2213,0.0094
1790213713122,983,0.1918,0.0093
1790213713170,984,0.1864,0.0090
1790213713217,985,0.2006,0.0090
1790213713263,986,0.2601,0.0094
1790213713325,987,0.2179,0.0097
1790213713372,988,0.1792,0.0090
1790213713419,989,0.1719,0.0081
1790213713467,990,0.3275,0.0116
1790213713515,991,0.2115,0.0088
1790213713562,992,0.2000,0.0082
1790213713625,993,0.2790,0.0109
1790213713671,994,0.1536,0.0071
1790213713719,995,0.2146,0.0098
1790213713766,996,0.1931,0.0084
1790213713812,997,0.2311,0.0090
1790213713876,998,0.2286,0.0098
1790213713923,999,0.1288,0.0058
1790213713970,1000,0.1336,0.0049
1790213714017,1001,0.2345,0.0092
1790213714064,1002,0.1855,0.0075
1790213714127,1003,0.1654,0.0068
1790213714175,1004,0.3390,0.0073
1790213714222,1005,0.1676,0.0073
1790213714269,1006,0.1223,0.0048
1790213714315,1007,0.1071,0.0049
1790213714363,1008,0.1153,0.0047
1790213714426,1009,0.1239,0.0047
1790213714473,1010,0.1213,0.0042
1790213714521,1011,0.1058,0.0042
1790213714568,1012,0.0878,0.0037
1790213714615,1013,0.1072,0.0034
1790213714663,1014,0.0914,0.0033
1790213714726,1015,0.2224,0.0092
1790213714772,1016,0.2521,0.0090
1790213714819,1017,0.1834,0.0088
1790213714866,1018,0.1511,0.0071
1790213714914,1019,0.1687,0.0062
1790213714976,1020,0.1743,0.0064
1790213715023,1021,0.1837,0.0135
1790213715070,1022,0.1886,0.0070
1790213715116,1023,0.1947,0.0081
1790213715163,1024,0.1714,0.0067
1790213715226,1025,0.1711,0.0076
1790213715274,1026,0.1639,0.0061
1790213715322,1027,0.1235,0.0057
1790213715369,1028,0.1320,0.0050
1790213715417,1029,0.1952,0.0092
1790213715464,1030,0.1976,0.0080
1790213715512,1031,0.2645,0.0096
1790213715576,1032,0.1654,0.0083
1790213715624,1033,0.1497,0.0070
1790213715671,1034,0.1139,0.0041
1790213715718,1035,0.2678,0.0111
1790213715766,1036,0.1892,0.0092
1790213715827,1037,0.2274,0.0102
1790213715875,1038,0.1998,0.0085
1790213715922,1039,0.2018,0.0078
1790213715969,1040,0.1896,0.0062
1790213716016,1041,0.1975,0.0083
1790213716064,1042,0.2695,0.0102
1790213716112,1043,0.1910,0.0089
1790213716175,1044,0.1687,0.0087
1790213716223,1045,0.1969,0.0084
1790213716271,1046,0.2064,0.0406
1790213716318,1047,0.1452,0.0256
1790213716365,1048,0.1215,0.0193
1790213716426,1049,0.1687,0.0070
1790213716474,1050,0.2972,0.0116
1790213716522,1051,0.1464,0.0072
1790213716570,1052,0.1327,0.0058
1790213716617,1053,0.1087,0.0055
1790213716665,1054,0.1077,0.0047
1790213716712,1055,0.1925,0.0080
1790213716776,1056,0.1838,0.0077
1790213716823,1057,0.1855,0.0080
1790213716870,1058,0.1629,0.0067
1790213716918,1059,0.1389,0.0077
1790213716965,1060,0.1914,0.0054
1790213717027,1061,0.0953,0.0048
1790213717075,1062,0.1846,0.0063
1790213717122,1063,0.1820,0.0066
1790213717169,1064,0.1606,0.0069
1790213717216,1065,0.1545,0.0055
1790213717264,1066,0.1316,0.0059
1790213717326,1067,0.1231,0.0045
1790213717373,1068,0.0984,0.0048
1790213717420,1069,0.1179,0.0048
1790213717468,1070,0.1891,0.0079
1790213717516,1071,0.1147,0.0039
1790213717563,1072,0.1146,0.0045
1790213717626,1073,0.1761,0.0072
1790213717673,1074,0.1451,0.0054
1790213717720,1075,0.2484,0.0106
1790213717766,1076,0.2468,0.0097
1790213717814,1077,0.3087,0.0113
1790213717877,1078,0.2258,0.0089
1790213717924,1079,0.1215,0.0058
1790213717970,1080,0.1597,0.0053
1790213718018,1081,0.1397,0.0091
1790213718065,1082,0.1544,0.0080
1790213718112,1083,0.1906,0.0079
1790213718175,1084,0.1722,0.0067
1790213718222,1085,0.1361,0.0056
1790213718269,1086,0.1523,0.0065
1790213718317,1087,0.2222,0.0079
1790213718364,1088,0.1289,0.0048
1790213718428,1089,0.2359,0.0124
1790213718475,1090,0.2070,0.0090
1790213718523,1091,0.1558,0.0081
1790213718571,1092,0.1436,0.0063
1790213718617,1093,0.1491,0.0061
1790213718665,1094,0.1271,0.0058
1790213718712,1095,0.1834,0.0074
1790213718776,1096,0.2094,0.0086
1790213718822,1097,0.1746,0.0070
1790213718870,1098,0.1429,0.0054
1790213718916,1099,0.1222,0.0051
1790213718963,1100,0.1396,0.0045
1790213719025,1101,0.0951,0.0045
1790213719072,1102,0.0954,0.0044
1790213719119,1103,0.1402,0.0047
1790213719165,1104,0.1515,0.0057
1790213719228,1105,0.3768,0.0061
1790213719275,1106,0.2046,0.0093
1790213719323,1107,0.3045,0.0112
1790213719370,1108,0.2384,0.0100
1790213719416,1109,0.2051,0.0096
1790213719463,1110,0.2514,0.0100
1790213719526,1111,0.2563,0.0099
1790213719574,1112,0.2137,0.0100
1790213719621,1113,0.2459,0.0093
1790213719669,1114,0.2737,0.0117
1790213719716,1115,0.2413,0.0099
1790213719763,1116,0.1938,0.0099
1790213719827,1117,0.2097,0.0088
1790213719874,1118,0.2164,0.0088
1790213719921,1119,0.1791,0.0080
1790213719969,1120,0.2015,0.0074
1790213720015,1121,0.1666,0.0074
1790213720062,1122,0.2149,0.0092
1790213720126,1123,0.2178,0.0094
1790213720173,1124,0.2526,0.0105
1790213720221,1125,0.2405,0.0115
1790213720268,1126,0.2569,0.0099
1790213720316,1127,0.2025,0.0099
1790213720363,1128,0.1979,0.0089
1790213720426,1129,0.2360,0.0094
1790213720474,1130,0.2380,0.0111
1790213720520,1131,0.2518,0.0112
1790213720567,1132,0.1869,0.0085
1790213720613,1133,0.2425,0.0110
1790213720677,1134,0.1984,0.0088
1790213720723,1135,0.2620,0.0096
1790213720770,1136,0.1900,0.0093
1790213720818,1137,0.2049,0.0085
1790213720865,1138,0.2384,0.0088
1790213720912,1139,0.2681,0.0121
1790213720976,1140,0.2210,0.0087
1790213721023,1141,0.2342,0.0089
1790213721071,1142,0.2384,0.0091
1790213721117,1143,0.2054,0.0094
1790213721166,1144,0.2499,0.0103
1790213721213,1145,0.2580,0.0103
1790213721276,1146,0.2882,0.0114
1790213721324,1147,0.2501,0.0110
1790213721371,1148,0.2123,0.0097
1790213721417,1149,0.2339,0.0097
1790213721465,1150,0.2723,0.0096
1790213721512,1151,0.2182,0.0102
1790213721575,1152,0.2185,0.0100
1790213721622,1153,0.2550,0.0093
1790213721669,1154,0.2547,0.0103
1790213721716,1155,0.2780,0.0109
1790213721765,1156,0.2563,0.0101
1790213721826,1157,0.1822,0.0084
1790213721874,1158,0.2942,0.0094
1790213721921,1159,0.1895,0.0078
1790213721970,1160,0.2265,0.0083
1790213722016,1161,0.2105,0.0107
1790213722065,1162,0.2700,0.0107
1790213722128,1163,0.2299,0.0098
1790213722175,1164,0.1510,0.0069
1790213722222,1165,0.2014,0.0086
1790213722269,1166,0.1526,0.0070
1790213722317,1167,0.1470,0.0059
1790213722365,1168,0.1375,0.0062
1790213722427,1169,0.2012,0.0126
1790213722475,1170,0.1980,0.0081
1790213722523,1171,0.2286,0.0089
1790213722570,1172,0.1616,0.0088
1790213722618,1173,0.1504,0.0073
1790213722665,1174,0.1452,0.0072
1790213722712,1175,0.2099,0.0085
1790213722775,1176,0.2226,0.0093
1790213722822,1177,0.2200,0.0098
1790213722870,1178,0.2949,0.0116
1790213722917,1179,0.2009,0.0085
1790213722965,1180,0.2003,0.0070
1790213723028,1181,0.2340,0.0115
1790213723076,1182,0.1928,0.0098
1790213723124,1183,0.2260,0.0094
1790213723171,1184,0.1899,0.0082
1790213723218,1185,0.2048,0.0086
1790213723265,1186,0.1674,0.0072
1790213723313,1187,0.1794,0.0073
1790213723377,1188,0.1566,0.0067
1790213723424,1189,0.1793,0.0088
1790213723472,1190,0.1875,0.0079
1790213723520,1191,0.2089,0.0086
1790213723566,1192,0.1920,0.0092
1790213723613,1193,0.2566,0.0092
1790213723677,1194,0.2099,0.0095
1790213723725,1195,0.2328,0.0096
1790213723773,1196,0.2307,0.0093
1790213723820,1197,0.2270,0.0113
1790213723867,1198,0.1957,0.0087
1790213723915,1199,0.2083,0.0084
1790213723963,1200,0.2460,0.0079
1790213724026,1201,0.1648,0.0074
1790213724074,1202,0.2266,0.0139
1790213724121,1203,0.2038,0.0093
1790213724169,1204,0.2116,0.0099
1790213724215,1205,0.1813,0.0082
1790213724262,1206,0.3378,0.0082
1790213724325,1207,0.2169,0.0101
1790213724373,1208,0.3306,0.0117
1790213724420,1209,0.2534,0.0103
1790213724467,1210,0.3424,0.0108
1790213724514,1211,0.2198,0.0098
1790213724578,1212,0.1961,0.0088
1790213724624,1213,0.3219,0.0111
1790213724672,1214,0.2065,0.0078
1790213724718,1215,0.2589,0.0096
1790213724766,1216,0.1980,0.0090
1790213724813,1217,0.1909,0.0082
1790213724876,1218,0.1982,0.0084
1790213724922,1219,0.2496,0.0165
1790213724970,1220,0.1985,0.0086
1790213725017,1221,0.1767,0.0077
1790213725065,1222,0.2170,0.0082
1790213725128,1223,0.2635,0.0105
1790213725176,1224,0.2650,0.0110
1790213725223,1225,0.2011,0.0090
1790213725271,1226,0.2454,0.0122
1790213725317,1227,0.2122,0.0077
1790213725363,1228,0.1912,0.0071
1790213725427,1229,0.1928,0.0083
1790213725473,1230,0.1714,0.0069
1790213725521,1231,0.1401,0.0060
1790213725568,1232,0.1285,0.0060
1790213725615,1233,0.1263,0.0054
1790213725663,1234,0.2207,0.0088
1790213725726,1235,0.2053,0.0093
1790213725774,1236,0.1963,0.0089
1790213725821,1237,0.2661,0.0111
1790213725868,1238,0.1972,0.0090
1790213725916,1239,0.2523,0.0094
1790213725964,1240,0.2001,0.0083
1790213726027,1241,0.1545,0.0077
1790213726074,1242,0.2008,0.0101
1790213726122,1243,0.1883,0.0086
1790213726170,1244,0.2634,0.0090
1790213726217,1245,0.2118,0.0097
1790213726264,1246,0.2001,0.0089
1790213726327,1247,0.1999,0.0090
1790213726375,1248,0.2337,0.0087
1790213726422,1249,0.2278,0.0107
1790213726470,1250,0.2053,0.0095
1790213726517,1251,0.1841,0.0082
1790213726564,1252,0.2209,0.0090
1790213726626,1253,0.1832,0.0084
1790213726674,1254,0.1624,0.0074
1790213726722,1255,0.2842,0.0103
1790213726769,1256,0.2743,0.0101
1790213726817,1257,0.1578,0.0064
1790213726863,1258,0.2096,0.0090
1790213726926,1259,0.2013,0.0090
1790213726974,1260,0.2719,0.0087
1790213727021,1261,0.1263,0.0065
1790213727068,1262,0.1545,0.0063
1790213727114,1263,0.1868,0.0078
1790213727178,1264,0.3645,0.0148
1790213727224,1265,0.2241,0.0099
1790213727270,1266,0.2476,0.0110
1790213727318,1267,0.2117,0.0099
1790213727363,1268,0.2324,0.0092
1790213727426,1269,0.2169,0.0104
1790213727473,1270,0.2478,0.0195
1790213727521,1271,0.1891,0.0087
1790213727569,1272,0.2149,0.0100
1790213727615,1273,0.2231,0.0095
1790213727662,1274,0.2655,0.0100
1790213727726,1275,0.2298,0.0104
1790213727774,1276,0.2087,0.0092
1790213727821,1277,0.1978,0.0095
1790213727868,1278,0.2011,0.0085
1790213727915,1279,0.2092,0.0093
1790213727962,1280,0.2724,0.0095
1790213728026,1281,0.2265,0.0090
1790213728073,1282,0.2179,0.0097
1790213728120,1283,0.2004,0.0083
1790213728167,1284,0.2277,0.0105
1790213728215,1285,0.2521,0.0080
1790213728278,1286,0.1607,0.0077
1790213728324,1287,0.1793,0.0085
1790213728372,1288,0.1742,0.0077
1790213728419,1289,0.1629,0.0071
1790213728466,1290,0.2608,0.0090
1790213728514,1291,0.1865,0.0090
1790213728578,1292,0.1996,0.0087
1790213728625,1293,0.2520,0.0098
1790213728673,1294,0.2101,0.0088
1790213728720,1295,0.2386,0.0098
1790213728767,1296,0.2152,0.0096
1790213728815,1297,0.1795,0.0076
1790213728863,1298,0.1840,0.0090
1790213728926,1299,0.2552,0.0076
1790213728974,1300,0.1992,0.0079
1790213729022,1301,0.1491,0.0064
1790213729068,1302,0.1978,0.0080
1790213729116,1303,0.1848,0.0083
1790213729163,1304,0.1858,0.0084
1790213729227,1305,0.2346,0.0085
1790213729274,1306,0.3091,0.0072
1790213729322,1307,0.1461,0.0070
1790213729369,1308,0.2073,0.0075
1790213729417,1309,0.1693,0.0077
1790213729465,1310,0.2232,0.0086
1790213729528,1311,0.2171,0.0085
1790213729575,1312,0.2029,0.0089
1790213729622,1313,0.1929,0.0076
1790213729669,1314,0.2374,0.0087
1790213729716,1315,0.2093,0.0094
1790213729763,1316,0.1974,0.0086
1790213729827,1317,0.2054,0.0091
1790213729874,1318,0.1877,0.0082
1790213729922,1319,0.2518,0.0106
1790213729969,1320,0.3000,0.0107
1790213730016,1321,0.2374,0.0098
1790213730064,1322,0.2192,0.0087
1790213730127,1323,0.3656,0.0133
1790213730176,1324,0.1881,0.0092
1790213730222,1325,0.2645,0.0107
1790213730269,1326,0.2205,0.0090
1790213730317,1327,0.2543,0.0095
1790213730364,1328,0.1867,0.0087
1790213730426,1329,0.1946,0.0089
1790213730472,1330,0.2341,0.0096
1790213730519,1331,0.1977,0.0085
1790213730564,1332,0.2363,0.0109
1790213730628,1333,0.1619,0.0078
1790213730674,1334,0.2333,0.0090
1790213730722,1335,0.2274,0.0100
1790213730769,1336,0.2285,0.0096
1790213730816,1337,0.2033,0.0098
1790213730863,1338,0.2907,0.0297
1790213730927,1339,0.2206,0.0096
1790213730975,1340,0.2746,0.0098
1790213731022,1341,0.1904,0.0093
1790213731070,1342,0.2167,0.0088
1790213731118,1343,0.2052,0.0088
1790213731165,1344,0.2436,0.0107
1790213731212,1345,0.1922,0.0096
1790213731275,1346,0.1989,0.0086
1790213731323,1347,0.1670,0.0092
1790213731370,1348,0.1821,0.0092
1790213731417,1349,0.1564,0.0064
1790213731465,1350,0.1854,0.0082
1790213731528,1351,0.1901,0.0079
1790213731575,1352,0.1791,0.0083
1790213731623,1353,0.1558,0.0060
1790213731671,1354,0.2096,0.0083
1790213731718,1355,0.4222,0.0127
1790213731766,1356,0.2470,0.0086
1790213731813,1357,0.1944,0.0085
1790213731876,1358,0.1942,0.0093
1790213731924,1359,0.1783,0.0086
1790213731972,1360,0.2145,0.0094
1790213732018,1361,0.2394,0.0095
1790213732066,1362,0.2008,0.0088
1790213732115,1363,0.2169,0.0100
1790213732163,1364,0.2534,0.0099
1790213732226,1365,0.2360,0.0097
1790213732273,1366,0.2098,0.0093
1790213732321,1367,0.1540,0.0065
1790213732368,1368,0.2359,0.0098
1790213732416,1369,0.2607,0.0098
1790213732464,1370,0.1754,0.0073
1790213732526,1371,0.1761,0.0076
1790213732573,1372,0.3057,0.0099
1790213732620,1373,0.1500,0.0062
1790213732668,1374,0.2634,0.0107
1790213732715,1375,0.2375,0.0102
1790213732762,1376,0.2212,0.0109
1790213732826,1377,0.1842,0.0090
1790213732873,1378,0.2020,0.0087
1790213732920,1379,0.1729,0.0074
1790213732968,1380,0.2626,0.0087
1790213733015,1381,0.1870,0.0079
1790213733063,1382,0.1891,0.0073
1790213733126,1383,0.2107,0.0077
1790213733174,1384,0.1392,0.0064
1790213733221,1385,0.2450,0.0087
1790213733269,1386,0.1727,0.0069
1790213733316,1387,0.1107,0.0053
1790213733364,1388,0.1115,0.0055
1790213733427,1389,0.1082,0.0051
1790213733475,1390,0.1212,0.0057
1790213733522,1391,0.1427,0.0054
1790213733570,1392,0.1008,0.0043
1790213733617,1393,0.0948,0.0040
1790213733665,1394,0.0979,0.0045
1790213733727,1395,0.3026,0.0117
1790213733775,1396,0.2947,0.0112
1790213733822,1397,0.2359,0.0099
1790213733871,1398,0.1240,0.0065
1790213733918,1399,0.1127,0.0057
1790213733965,1400,0.1309,0.0055
1790213734013,1401,0.1638,0.0105
1790213734076,1402,0.1959,0.0082
1790213734122,1403,0.1723,0.0074
1790213734170,1404,0.1326,0.0061
1790213734217,1405,0.1265,0.0052
1790213734265,1406,0.1687,0.0074
1790213734327,1407,0.3774,0.0113
1790213734375,1408,0.2673,0.0102
1790213734422,1409,0.2448,0.0112
1790213734470,1410,0.2596,0.0094
1790213734518,1411,0.2678,0.0095
1790213734565,1412,0.2148,0.0099
1790213734634,1413,2.0044,0.0391
1790213734678,1414,1.6569,0.0433
1790213734738,1415,1.6263,0.0317
1790213734773,1416,1.1213,0.0869
1790213734820,1417,0.9776,0.0553
1790213734868,1418,0.8877,0.0548
1790213734915,1419,0.9406,0.0507
1790213734979,1420,0.9102,0.0364
1790213735026,1421,0.9174,0.0400
1790213735073,1422,0.6781,0.0999
1790213735119,1423,0.7372,0.0826
1790213735167,1424,0.6813,0.0430
1790213735216,1425,0.8125,0.0467
1790213735264,1426,0.8840,0.0659
1790213735326,1427,0.7796,0.0814
1790213735373,1428,0.7026,0.1194
1790213735420,1429,0.7138,0.0425
1790213735468,1430,0.7605,0.2072
1790213735515,1431,0.5166,0.0371
1790213735563,1432,0.4767,0.0340
1790213735626,1433,0.3118,0.0214
1790213735674,1434,0.8078,0.0458
1790213735721,1435,0.5510,0.0453
1790213735767,1436,0.4732,0.0341
1790213735815,1437,0.5166,0.0368
1790213735863,1438,0.4031,0.0341
1790213735925,1439,0.3267,0.0293
1790213735973,1440,0.3051,0.0209
1790213736021,1441,0.1762,0.0193
1790213736068,1442,0.4035,0.1940
1790213736116,1443,0.2458,0.0262
1790213736162,1444,0.3615,0.0354
1790213736226,1445,0.3567,0.0249
1790213736273,1446,0.2806,0.0259
1790213736319,1447,0.2271,0.0173
1790213736367,1448,0.3426,0.0398
1790213736415,1449,0.2841,0.0160
1790213736478,1450,0.5708,0.0336
1790213736525,1451,0.7391,0.0277
1790213736572,1452,0.7078,0.0218
1790213736618,1453,0.3634,0.0204
1790213736667,1454,0.2137,0.0283
1790213736713,1455,0.3657,0.0446
1790213736776,1456,0.3290,0.0536
1790213736824,1457,0.3429,0.0515
1790213736871,1458,0.1848,0.0189
1790213736919,1459,0.3602,0.0307
1790213736966,1460,0.2373,0.0198
1790213737013,1461,0.1548,0.0133
1790213737077,1462,0.2284,0.0239
1790213737123,1463,0.2816,0.0209
1790213737170,1464,0.1882,0.0145
1790213737217,1465,0.2027,0.0324
1790213737264,1466,0.1475,0.0135
1790213737312,1467,0.1601,0.0158
1790213737376,1468,0.2294,0.0269
1790213737423,1469,0.2249,0.0210
1790213737470,1470,0.4246,0.0759
1790213737517,1471,0.1499,0.0166
1790213737564,1472,0.2581,0.0173
1790213737626,1473,0.2379,0.0319
1790213737674,1474,0.1818,0.0298
1790213737722,1475,0.3437,0.0699
1790213737769,1476,0.3816,0.1128
1790213737817,1477,0.2832,0.0408
1790213737865,1478,0.2831,0.0225
1790213737928,1479,0.2895,0.0671
1790213737975,1480,0.3368,0.0757
1790213738022,1481,0.2732,0.0215
1790213738069,1482,0.3632,0.0517
1790213738115,1483,0.3190,0.0426
1790213738177,1484,0.3885,0.0181
1790213738224,1485,0.1113,0.0064
1790213738271,1486,0.2379,0.0134
1790213738317,1487,0.1560,0.0184
1790213738364,1488,0.1570,0.0188
1790213738428,1489,0.1123,0.0066
1790213738474,1490,0.3603,0.0188
1790213738521,1491,0.2407,0.0140
1790213738568,1492,0.1594,0.0105
1790213738616,1493,0.1156,0.0074
1790213738662,1494,0.1501,0.0069
1790213738726,1495,0.2815,0.0172
1790213738773,1496,0.3410,0.0221
1790213738821,1497,0.2312,0.0160
1790213738868,1498,0.2386,0.0146
1790213738917,1499,0.1439,0.0084
1790213738964,1500,0.2437,0.0142
1790213739027,1501,0.3052,0.0465
1790213739075,1502,0.2452,0.0156
1790213739121,1503,0.2861,0.0176
1790213739168,1504,0.1482,0.0093
1790213739215,1505,0.1288,0.0072
1790213739277,1506,0.1729,0.0081
1790213739326,1507,0.2104,0.0123
1790213739374,1508,0.5577,0.0079
1790213739421,1509,0.1282,0.0085
1790213739469,1510,0.3145,0.0176
1790213739517,1511,0.2794,0.0154
1790213739565,1512,0.2964,0.0135
1790213739628,1513,0.2365,0.0122
1790213739676,1514,0.1647,0.0098
1790213739723,1515,0.2350,0.0129
1790213739770,1516,0.2483,0.0161
1790213739816,1517,0.1612,0.0086
1790213739865,1518,0.1284,0.0082
1790213739927,1519,0.1692,0.0091
1790213739975,1520,0.3093,0.0157
1790213740021,1521,0.2276,0.0141
1790213740069,1522,0.2813,0.0153
1790213740116,1523,0.2307,0.0165
1790213740164,1524,0.2180,0.0095
1790213740227,1525,0.1543,0.0085
1790213740275,1526,0.1539,0.0257
1790213740322,1527,0.1141,0.0103
1790213740370,1528,0.1254,0.0074
1790213740419,1529,0.1513,0.0069
1790213740467,1530,0.1639,0.0177
1790213740515,1531,0.1866,0.0140
1790213740562,1532,0.1542,0.0095
1790213740626,1533,0.3666,0.0174
1790213740674,1534,0.2428,0.0147
1790213740721,1535,0.4750,0.0190
1790213740769,1536,0.6072,0.0271
1790213740817,1537,0.7077,0.0708
1790213740864,1538,0.2507,0.0090
1790213740926,1539,0.1662,0.0064
1790213740974,1540,0.4218,0.0277
1790213741020,1541,0.2316,0.0111
1790213741068,1542,0.2181,0.0097
1790213741115,1543,0.2272,0.0090
1790213741163,1544,0.2593,0.0097
1790213741227,1545,0.2700,0.0097
1790213741275,1546,0.1948,0.0078
1790213741323,1547,0.2857,0.0088
1790213741371,1548,0.2554,0.0073
1790213741418,1549,0.1058,0.0055
1790213741465,1550,0.3855,0.0115
1790213741512,1551,0.1611,0.0083
1790213741576,1552,0.2119,0.0080
1790213741624,1553,0.1552,0.0053
1790213741672,1554,0.1157,0.0046
1790213741719,1555,0.2287,0.0083
1790213741766,1556,0.3501,0.0115
1790213741814,1557,0.2217,0.0086
1790213741862,1558,0.1437,0.0068
1790213741924,1559,0.2636,0.0075
1790213741972,1560,0.1365,0.0056
1790213742019,1561,0.1034,0.0047
1790213742067,1562,0.1979,0.0079
1790213742113,1563,0.1822,0.0077
1790213742177,1564,0.2031,0.0088
1790213742224,1565,0.2797,0.0073
1790213742271,1566,0.3577,0.0085
1790213742319,1567,0.2641,0.0121
1790213742367,1568,0.2487,0.0097
1790213742413,1569,0.1675,0.0064
1790213742477,1570,0.1835,0.0054
1790213742524,1571,0.1566,0.0054
1790213742571,1572,0.1238,0.0051
1790213742618,1573,0.1769,0.0045
1790213742667,1574,0.1969,0.0094
1790213742714,1575,0.2650,0.0095
1790213742776,1576,0.2387,0.0098
1790213742824,1577,0.2121,0.0100
1790213742870,1578,0.1917,0.0092
1790213742916,1579,0.1899,0.0090
1790213742964,1580,0.2166,0.0087
1790213743025,1581,0.1869,0.0093
1790213743073,1582,0.2323,0.0090
1790213743119,1583,0.2476,0.0105
1790213743167,1584,0.2087,0.0086
1790213743213,1585,0.1580,0.0061
1790213743275,1586,0.1170,0.0052
1790213743323,1587,0.1096,0.0056
1790213743369,1588,0.1729,0.0053
1790213743417,1589,0.1380,0.0061
1790213743464,1590,0.1715,0.0063
1790213743527,1591,0.1375,0.0062
1790213743576,1592,0.1243,0.0047
1790213743623,1593,0.1394,0.0085
1790213743671,1594,0.1143,0.0047
1790213743718,1595,0.3417,0.1281
1790213743766,1596,0.1984,0.0088
1790213743813,1597,0.3475,0.0106
1790213743875,1598,0.1323,0.0061
1790213743922,1599,0.2202,0.0068
1790213743969,1600,0.1624,0.0050
1790213744016,1601,0.2288,0.0080
1790213744064,1602,0.1461,0.0063
1790213744127,1603,0.2601,0.0101
1790213744175,1604,0.2305,0.0084
1790213744223,1605,0.1877,0.0058
1790213744269,1606,0.1541,0.0059
1790213744317,1607,0.1104,0.0057
1790213744365,1608,0.2083,0.0075
1790213744412,1609,0.6142,0.0073
1790213744476,1610,0.1974,0.0065
1790213744522,1611,0.1487,0.0069
1790213744570,1612,0.1751,0.0076
1790213744617,1613,0.2001,0.0085
1790213744665,1614,0.2786,0.0094
1790213744728,1615,0.2263,0.0088
1790213744775,1616,0.1599,0.0068
1790213744823,1617,0.2951,0.0079
1790213744870,1618,0.1337,0.0061
1790213744916,1619,0.2009,0.0090
1790213744964,1620,0.2725,0.0088
1790213745026,1621,0.2500,0.0095
1790213745074,1622,0.1282,0.0049
1790213745120,1623,0.2037,0.0080
1790213745168,1624,0.2064,0.0087
1790213745216,1625,0.1697,0.0058
1790213745264,1626,0.1327,0.0057
1790213745327,1627,0.1456,0.0066
1790213745375,1628,0.1334,0.0071
1790213745422,1629,0.1009,0.0051
1790213745470,1630,0.1180,0.0047
1790213745517,1631,0.0993,0.0043
1790213745564,1632,0.2207,0.0049
1790213745612,1633,0.1407,0.0049
1790213745676,1634,0.1698,0.0067
1790213745723,1635,0.1972,0.0085
1790213745771,1636,0.2162,0.0091
1790213745820,1637,0.1916,0.0074
1790213745867,1638,0.1844,0.0066
1790213745914,1639,0.1118,0.0044
1790213745977,1640,0.2031,0.0058
1790213746025,1641,0.1363,0.0038
1790213746073,1642,0.1164,0.0036
1790213746119,1643,0.3026,0.0095
1790213746167,1644,0.2387,0.0093
1790213746214,1645,0.2424,0.0100
1790213746277,1646,0.2365,0.0096
1790213746324,1647,0.2174,0.0103
1790213746371,1648,0.2211,0.0096
1790213746419,1649,0.2013,0.0099
1790213746465,1650,0.2343,0.0094
1790213746513,1651,0.1754,0.0071
1790213746573,1652,0.2044,0.0069
1790213746620,1653,0.1857,0.0072
1790213746667,1654,0.0944,0.0051
1790213746714,1655,0.2427,0.0091
1790213746777,1656,0.2131,0.0093
1790213746825,1657,0.2237,0.0091
1790213746871,1658,0.2613,0.0091
1790213746917,1659,0.1260,0.0055
1790213746964,1660,0.1210,0.0047
1790213747028,1661,0.1204,0.0043
1790213747076,1662,0.0825,0.0034
1790213747123,1663,0.0953,0.0036
1790213747171,1664,0.1254,0.0029
1790213747219,1665,0.2145,0.0104
1790213747267,1666,0.2048,0.0082
1790213747313,1667,0.1753,0.0075
1790213747377,1668,0.1477,0.0070
1790213747423,1669,0.1663,0.0057
1790213747472,1670,0.1292,0.0054
1790213747520,1671,0.1430,0.0048
1790213747567,1672,0.1099,0.0049
1790213747614,1673,0.2060,0.0062
1790213747662,1674,0.1567,0.0052
1790213747725,1675,0.2116,0.0076
1790213747772,1676,0.1841,0.0078
1790213747820,1677,0.1286,0.0057
1790213747867,1678,0.2117,0.0099
1790213747914,1679,0.1904,0.0092
1790213747977,1680,0.2568,0.0091
1790213748025,1681,0.1906,0.0088
1790213748072,1682,0.2160,0.0093
1790213748119,1683,0.1650,0.0069
1790213748166,1684,0.1531,0.0063
1790213748214,1685,0.2328,0.0072
1790213748277,1686,0.2047,0.0083
1790213748325,1687,0.1516,0.0071
1790213748373,1688,0.1630,0.0061
1790213748420,1689,0.2596,0.0095
1790213748469,1690,0.1740,0.0074
1790213748517,1691,0.1961,0.0065
1790213748564,1692,0.1285,0.0045
1790213748628,1693,0.1232,0.0048
1790213748675,1694,0.0899,0.0041
1790213748722,1695,0.2553,0.0083
1790213748769,1696,0.1736,0.0078
1790213748816,1697,0.1779,0.0057
1790213748863,1698,0.1205,0.0067
1790213748926,1699,0.1493,0.0059
1790213748974,1700,0.3358,0.0078
1790213749021,1701,0.1696,0.0060
1790213749069,1702,0.2224,0.0074
1790213749117,1703,0.1260,0.0180
1790213749165,1704,0.1407,0.0059
1790213749228,1705,0.2224,0.0083
1790213749275,1706,0.1391,0.0055
1790213749322,1707,0.2306,0.0090
1790213749369,1708,0.1798,0.0069
1790213749417,1709,0.5437,0.0060
1790213749465,1710,0.2024,0.0064
1790213749513,1711,0.1234,0.0060
1790213749574,1712,0.1727,0.0054
1790213749621,1713,0.1054,0.0054
1790213749669,1714,0.1879,0.0063
1790213749717,1715,0.1781,0.0070
1790213749765,1716,0.1938,0.0083
1790213749828,1717,0.1540,0.0063
1790213749876,1718,0.2222,0.0060
1790213749923,1719,0.1598,0.0055
1790213749970,1720,0.2243,0.0051
1790213750017,1721,0.1262,0.0046
1790213750065,1722,0.0966,0.0043
1790213750112,1723,0.1562,0.0051
1790213750176,1724,0.1793,0.0062
1790213750223,1725,0.1953,0.0059
1790213750270,1726,0.2218,0.0076
1790213750317,1727,0.1947,0.0086
1790213750364,1728,0.2157,0.0078
1790213750427,1729,0.1531,0.0065
1790213750474,1730,0.2252,0.0084
1790213750521,1731,0.1689,0.0062
1790213750568,1732,0.1080,0.0051
1790213750615,1733,0.1727,0.0055
1790213750663,1734,0.1695,0.0048
1790213750726,1735,0.1908,0.0084
1790213750773,1736,0.2885,0.0096
1790213750820,1737,0.1537,0.0067
1790213750868,1738,0.1787,0.0062
1790213750915,1739,0.1495,0.0069
1790213750963,1740,0.2605,0.0065
1790213751026,1741,0.1390,0.0052
1790213751074,1742,0.2773,0.0052
1790213751120,1743,0.2293,0.0065
1790213751167,1744,0.1288,0.0051
1790213751214,1745,0.2293,0.0058
1790213751275,1746,0.2802,0.0102
1790213751321,1747,0.1761,0.0087
1790213751369,1748,0.2105,0.0087
1790213751417,1749,1.5967,0.0087
1790213751463,1750,0.2513,0.0089
1790213751525,1751,0.2109,0.0096
1790213751574,1752,0.1880,0.0082
1790213751620,1753,0.1133,0.0062
1790213751667,1754,0.1908,0.0067
1790213751712,1755,0.1848,0.0072
1790213751776,1756,0.2000,0.0099
1790213751823,1757,0.1756,0.0080
1790213751869,1758,0.1774,0.0080
1790213751917,1759,0.2087,0.0072
1790213751965,1760,0.1689,0.0057
1790213752012,1761,0.1183,0.0061
1790213752076,1762,0.1083,0.0055
1790213752123,1763,0.2001,0.0072
1790213752170,1764,0.1916,0.0061
1790213752217,1765,0.1093,0.0043
1790213752264,1766,0.1788,0.0074
1790213752327,1767,0.1762,0.0073
1790213752374,1768,0.2046,0.0067
1790213752422,1769,0.2323,0.0082
1790213752469,1770,0.2580,0.0092
1790213752517,1771,0.2252,0.0081
1790213752564,1772,0.2024,0.0063
1790213752627,1773,0.2250,0.0058
1790213752674,1774,0.1067,0.0047
1790213752721,1775,0.1845,0.0077
1790213752769,1776,0.1933,0.0077
1790213752817,1777,0.1433,0.0048
1790213752865,1778,0.1277,0.0045
1790213752927,1779,0.2305,0.0076
1790213752974,1780,0.1517,0.0055
1790213753022,1781,0.1096,0.0047
1790213753068,1782,0.1191,0.0046
1790213753116,1783,0.2156,0.0075
1790213753164,1784,0.1784,0.0067
1790213753227,1785,0.2310,0.0090
1790213753274,1786,0.2267,0.0122
1790213753322,1787,0.2303,0.0099
1790213753369,1788,0.2882,0.0108
1790213753417,1789,0.2775,0.0098
1790213753462,1790,0.2134,0.0091
1790213753526,1791,0.2492,0.0117
1790213753574,1792,0.2756,0.0094
1790213753622,1793,0.2832,0.0101
1790213753669,1794,0.2639,0.0100
1790213753718,1795,0.1915,0.0095
1790213753765,1796,0.1895,0.0087
1790213753813,1797,0.1244,0.0058
1790213753876,1798,0.1530,0.0061
1790213753924,1799,0.1328,0.0062
1790213753971,1800,0.2611,0.0076
1790213754019,1801,0.1834,0.0090
1790213754067,1802,0.1747,0.0069
1790213754114,1803,0.3588,0.0092
1790213754177,1804,0.1168,0.0055
1790213754223,1805,0.1228,0.0053
1790213754271,1806,0.1751,0.0060
1790213754318,1807,0.1571,0.0068
1790213754366,1808,0.1669,0.0061
1790213754414,1809,0.1372,0.0053
1790213754476,1810,0.6511,0.0102
1790213754522,1811,0.1781,0.0078
1790213754569,1812,0.2358,0.0078
1790213754617,1813,0.1825,0.0069
1790213754664,1814,0.2307,0.0066
1790213754727,1815,0.2346,0.0090
1790213754774,1816,0.2145,0.0100
1790213754821,1817,0.2100,0.0094
1790213754868,1818,0.1568,0.0059
1790213754915,1819,0.1582,0.0063
1790213754963,1820,0.2271,0.0060
1790213755025,1821,0.1606,0.0078
1790213755072,1822,0.2790,0.0097
1790213755120,1823,0.1644,0.0087
1790213755167,1824,0.2026,0.0076
1790213755215,1825,0.1273,0.0059
1790213755263,1826,0.1494,0.0058
1790213755326,1827,0.1822,0.0079
1790213755374,1828,0.1239,0.0057
1790213755421,1829,0.1022,0.0046
1790213755468,1830,0.2023,0.0067
1790213755515,1831,0.2050,0.0094
1790213755563,1832,0.1997,0.0060
1790213755627,1833,0.1554,0.0061
1790213755675,1834,0.1317,0.0055
1790213755722,1835,0.2439,0.0099
1790213755768,1836,0.2481,0.0085
1790213755816,1837,0.1990,0.0075
1790213755865,1838,0.1711,0.0066
1790213755928,1839,0.1639,0.0065
1790213755975,1840,0.2178,0.0066
1790213756022,1841,0.1431,0.0069
1790213756070,1842,0.1055,0.0058
1790213756117,1843,0.1076,0.0051
1790213756165,1844,0.2132,0.0061
1790213756212,1845,0.4109,0.0055
1790213756276,1846,0.1320,0.0061
1790213756324,1847,0.2453,0.0100
1790213756372,1848,0.4048,0.0080
1790213756419,1849,0.2122,0.0083
1790213756467,1850,0.2497,0.0091
1790213756514,1851,0.2369,0.0105
1790213756576,1852,0.1983,0.0090
1790213756624,1853,0.1800,0.0065
1790213756672,1854,0.0957,0.0046
1790213756719,1855,0.2044,0.0089
1790213756766,1856,0.2142,0.0099
1790213756814,1857,0.1708,0.0063
1790213756876,1858,0.1483,0.0062
1790213756924,1859,0.1848,0.0059
1790213756971,1860,0.1661,0.0067
1790213757018,1861,0.1348,0.0066
1790213757065,1862,0.1308,0.0077
1790213757113,1863,0.1455,0.0059
1790213757176,1864,0.2069,0.0066
1790213757224,1865,0.1049,0.0043
1790213757272,1866,0.1977,0.0073
1790213757319,1867,0.1688,0.0080
1790213757367,1868,0.1874,0.0069
1790213757413,1869,0.1385,0.0056
1790213757477,1870,0.1431,0.0053
1790213757523,1871,0.1819,0.0069
1790213757571,1872,0.2598,0.0091
1790213757618,1873,0.1469,0.0057
1790213757666,1874,0.1360,0.0048
1790213757713,1875,0.1737,0.0060
1790213757777,1876,0.2002,0.0079
1790213757825,1877,0.1941,0.0085
1790213757872,1878,0.1896,0.0054
1790213757919,1879,0.2282,0.0065
1790213757967,1880,0.2527,0.0086
1790213758014,1881,0.1754,0.0093
1790213758077,1882,0.2079,0.0099
1790213758124,1883,0.1837,0.0090
1790213758171,1884,0.2078,0.0087
1790213758219,1885,0.1653,0.0061
1790213758266,1886,0.1251,0.0064
1790213758328,1887,0.1850,0.0142
1790213758375,1888,0.1771,0.0072
1790213758423,1889,0.1098,0.0093
1790213758471,1890,0.1522,0.0051
1790213758518,1891,0.1043,0.0051
1790213758565,1892,0.1440,0.0047
1790213758628,1893,0.2084,0.0072
1790213758675,1894,0.1515,0.0060
1790213758722,1895,0.2250,0.0084
1790213758769,1896,0.1617,0.0081
1790213758816,1897,0.1666,0.0065
1790213758864,1898,0.0960,0.0054
1790213758926,1899,0.2296,0.0089
1790213758974,1900,0.2359,0.0087
1790213759020,1901,0.2010,0.0086
1790213759069,1902,0.1119,0.0057
1790213759116,1903,0.1049,0.0047
1790213759164,1904,0.3550,0.0043
1790213759226,1905,0.1011,0.0048
1790213759274,1906,0.2141,0.0084
1790213759322,1907,0.1712,0.0055
1790213759369,1908,0.1646,0.0077
1790213759415,1909,0.1657,0.0064
1790213759463,1910,0.1765,0.0072
1790213759525,1911,0.4880,0.0076
1790213759572,1912,0.1163,0.0055
1790213759619,1913,0.1597,0.0074
1790213759667,1914,0.2162,0.0071
1790213759715,1915,0.3445,0.0091
1790213759778,1916,0.1676,0.0090
1790213759826,1917,0.1587,0.0055
1790213759874,1918,0.1556,0.0054
1790213759921,1919,0.0820,0.0043
1790213759969,1920,0.2713,0.0060
1790213760016,1921,0.1941,0.0088
1790213760063,1922,0.1662,0.0063
1790213760126,1923,0.2372,0.0089
1790213760174,1924,0.1796,0.0069
1790213760221,1925,0.2361,0.0083
1790213760267,1926,0.1500,0.0047
1790213760315,1927,0.1013,0.0057
1790213760376,1928,0.2105,0.0083
1790213760424,1929,0.2003,0.0319
1790213760472,1930,0.2279,0.0072
1790213760519,1931,0.1325,0.0050
1790213760565,1932,0.1376,0.0055
1790213760614,1933,0.1444,0.0044
1790213760675,1934,0.1621,0.0074
1790213760723,1935,0.2463,0.0088
1790213760770,1936,0.1819,0.0098
1790213760818,1937,0.1737,0.0069
1790213760865,1938,0.1586,0.0058
1790213760912,1939,0.1389,0.0055
1790213760974,1940,0.1857,0.0071
1790213761021,1941,0.1839,0.0057
1790213761069,1942,0.0924,0.0045
1790213761117,1943,0.1488,0.0059
1790213761164,1944,0.2313,0.0050
1790213761226,1945,0.3597,0.0046
1790213761273,1946,0.1090,0.0046
1790213761321,1947,0.0866,0.0052
1790213761367,1948,0.2652,0.0092
1790213761414,1949,0.1587,0.0077
1790213761478,1950,0.1852,0.0075
1790213761525,1951,0.1921,0.0080
1790213761572,1952,0.1773,0.0067
1790213761620,1953,0.2065,0.0068
1790213761668,1954,0.1923,0.0071
1790213761715,1955,0.2724,0.0095
1790213761763,1956,0.1693,0.0097
1790213761826,1957,0.1599,0.0090
1790213761873,1958,0.1501,0.0066
1790213761921,1959,0.1587,0.0056
1790213761968,1960,0.2183,0.0084
1790213762015,1961,0.2221,0.0097
1790213762063,1962,0.1775,0.0081
1790213762126,1963,0.1835,0.0095
1790213762173,1964,0.0978,0.0061
1790213762220,1965,0.1667,0.0062
1790213762267,1966,0.1548,0.0067
1790213762314,1967,0.1510,0.0073
1790213762362,1968,0.2111,0.0075
1790213762424,1969,0.1341,0.0069
1790213762471,1970,0.1764,0.0065
1790213762519,1971,0.1276,0.0053
1790213762565,1972,0.1366,0.0043
1790213762627,1973,0.2586,0.0078
1790213762673,1974,0.1486,0.0053
1790213762720,1975,0.3138,0.0106
1790213762768,1976,0.2026,0.0089
1790213762815,1977,0.1941,0.0098
1790213762864,1978,0.2650,0.0097
1790213762927,1979,0.1045,0.0055
1790213762973,1980,0.1268,0.0059
1790213763021,1981,0.2811,0.0107
1790213763068,1982,0.2225,0.0072
1790213763115,1983,0.1260,0.0066
1790213763178,1984,0.1442,0.0071
1790213763225,1985,0.1338,0.0049
1790213763273,1986,0.0906,0.0046
1790213763319,1987,0.1783,0.0070
1790213763367,1988,0.1025,0.0052
1790213763414,1989,0.1732,0.0068
1790213763462,1990,0.1847,0.0066
1790213763525,1991,0.2492,0.0063
1790213763572,1992,0.1518,0.0046
1790213763620,1993,0.0802,0.0044
1790213763667,1994,0.0820,0.0040
1790213763715,1995,0.1658,0.0067
1790213763762,1996,0.2015,0.0074
1790213763824,1997,0.1758,0.0080
1790213763872,1998,0.2355,0.0084
1790213763919,1999,0.2175,0.0070
1790213763966,2000,0.1932,0.0064
1790213764014,2001,0.2339,0.0085
1790213764077,2002,0.1534,0.0064
1790213764124,2003,0.1847,0.0088
1790213764171,2004,0.1678,0.0067
1790213764218,2005,0.1086,0.0063
1790213764264,2006,0.1452,0.0053
1790213764312,2007,0.0935,0.0048
1790213764375,2008,0.2128,0.0074
1790213764423,2009,0.2248,0.0092
1790213764471,2010,0.2637,0.0087
1790213764518,2011,0.1722,0.0070
1790213764566,2012,0.5450,0.0079
1790213764613,2013,0.1038,0.0052
1790213764676,2014,0.2016,0.0076
1790213764723,2015,0.1777,0.0084
1790213764771,2016,0.1947,0.0066
1790213764817,2017,0.1769,0.0089
1790213764864,2018,0.2166,0.0082
1790213764926,2019,0.1476,0.0068
1790213764974,2020,0.2121,0.0080
1790213765020,2021,0.1895,0.0081
1790213765067,2022,0.1387,0.0070
1790213765114,2023,0.2600,0.0091
1790213765176,2024,0.2575,0.0095
1790213765224,2025,0.2661,0.0093
1790213765272,2026,0.1341,0.0057
1790213765320,2027,0.2243,0.0085
1790213765369,2028,0.1646,0.0067
1790213765416,2029,0.1362,0.0056
1790213765463,2030,0.4621,0.0064
1790213765525,2031,0.1744,0.0074
1790213765572,2032,0.1025,0.0054
1790213765618,2033,0.1028,0.0054
1790213765664,2034,0.1622,0.0072
1790213765727,2035,0.2134,0.0085
1790213765775,2036,0.1587,0.0074
1790213765822,2037,0.1649,0.0060
1790213765870,2038,0.2536,0.0096
1790213765917,2039,0.1220,0.0058
1790213765964,2040,0.1744,0.0057
1790213766028,2041,0.1573,0.0067
1790213766074,2042,0.1537,0.0070
1790213766121,2043,0.1894,0.0089
1790213766169,2044,0.2082,0.0094
1790213766217,2045,0.1663,0.0056
1790213766264,2046,0.0993,0.0048
1790213766327,2047,0.1254,0.0056
1790213766376,2048,0.1498,0.0057
1790213766423,2049,0.1837,0.0083
1790213766471,2050,0.2015,0.0075
1790213766518,2051,0.1881,0.0068
1790213766565,2052,0.1264,0.0051
1790213766612,2053,0.1185,0.0063
1790213766676,2054,0.1239,0.0051
1790213766723,2055,0.1844,0.0081
1790213766770,2056,0.2072,0.0069
1790213766817,2057,0.2043,0.0082
1790213766864,2058,0.2132,0.0077
1790213766928,2059,0.1782,0.0079
1790213766976,2060,0.1791,0.0059
1790213767023,2061,0.1992,0.0056
1790213767071,2062,0.2167,0.0057
1790213767117,2063,0.1274,0.0055
1790213767164,2064,0.1043,0.0050
1790213767228,2065,0.2380,0.0077
1790213767276,2066,0.2065,0.0070
1790213767322,2067,0.1531,0.0057
1790213767370,2068,0.1948,0.0065
1790213767418,2069,0.1328,0.0068
1790213767465,2070,0.2043,0.0106
1790213767512,2071,0.1933,0.0093
1790213767575,2072,0.1857,0.0073
1790213767622,2073,0.1337,0.0065
1790213767670,2074,0.2361,0.0076
1790213767718,2075,0.1708,0.0072
1790213767766,2076,0.2599,0.0087
1790213767813,2077,0.2164,0.0096
1790213767876,2078,0.1763,0.0088
1790213767923,2079,0.2168,0.0082
1790213767971,2080,0.2072,0.0077
1790213768019,2081,0.1248,0.0069
1790213768065,2082,0.2298,0.0103
1790213768112,2083,0.2268,0.0088
1790213768176,2084,0.1979,0.0089
1790213768224,2085,0.1851,0.0087
1790213768272,2086,0.1929,0.0059
1790213768319,2087,0.1500,0.0066
1790213768365,2088,0.1788,0.0067
1790213768412,2089,0.1317,0.0055
1790213768475,2090,0.1894,0.0092
1790213768522,2091,0.1775,0.0081
1790213768570,2092,0.2720,0.0078
1790213768616,2093,0.1570,0.0058
1790213768664,2094,0.1296,0.0049
1790213768727,2095,0.2122,0.0084
1790213768775,2096,0.4737,0.0083
1790213768823,2097,0.1644,0.0074
1790213768869,2098,0.1733,0.0071
1790213768917,2099,0.1198,0.0057
1790213768963,2100,0.2285,0.0077
1790213769026,2101,0.2312,0.0087
1790213769073,2102,0.2105,0.0072
1790213769120,2103,0.1320,0.0063
1790213769168,2104,0.1152,0.0049
1790213769214,2105,0.1424,0.0050
1790213769277,2106,0.1462,0.0038
1790213769325,2107,0.1480,0.0043
1790213769372,2108,0.0925,0.0041
1790213769420,2109,0.1767,0.0052
1790213769466,2110,0.2287,0.0089
1790213769512,2111,0.2079,0.0086
1790213769575,2112,0.4309,0.0073
1790213769621,2113,0.2209,0.0086
1790213769667,2114,0.1039,0.0060
1790213769714,2115,0.1871,0.0079
1790213769778,2116,0.2278,0.0075
1790213769824,2117,0.1777,0.0077
1790213769871,2118,0.1124,0.0061
1790213769918,2119,0.1487,0.0060
1790213769964,2120,0.2213,0.0061
1790213770027,2121,0.2010,0.0081
1790213770073,2122,0.2216,0.0076
1790213770120,2123,0.1628,0.0064
1790213770166,2124,0.1078,0.0051
1790213770213,2125,0.2201,0.0062
1790213770276,2126,0.0912,0.0045
1790213770324,2127,0.1327,0.0052
1790213770372,2128,0.1572,0.0059
1790213770418,2129,0.1322,0.0053
1790213770467,2130,0.1990,0.0076
1790213770514,2131,0.1854,0.0076
1790213770562,2132,0.1219,0.0059
1790213770624,2133,0.1520,0.0056
1790213770672,2134,0.2454,0.0057
1790213770720,2135,0.2149,0.0094
1790213770768,2136,0.1751,0.0078
1790213770815,2137,0.1732,0.0092
1790213770862,2138,0.3935,0.0102
1790213770924,2139,0.1534,0.0083
1790213770972,2140,0.1855,0.0061
1790213771019,2141,0.1446,0.0069
1790213771067,2142,0.1865,0.0089
1790213771113,2143,0.1342,0.0075
1790213771176,2144,0.1625,0.0063
1790213771224,2145,0.1311,0.0055
1790213771271,2146,0.2107,0.0070
1790213771318,2147,0.1489,0.0052
1790213771365,2148,0.0936,0.0051
1790213771413,2149,0.1362,0.0054
1790213771476,2150,0.1769,0.0090
1790213771522,2151,0.2205,0.0093
1790213771570,2152,0.1570,0.0063
1790213771618,2153,0.2223,0.0079
1790213771665,2154,0.1033,0.0049
1790213771712,2155,0.1937,0.0091
1790213771776,2156,0.1818,0.0087
1790213771821,2157,0.2256,0.0081
1790213771868,2158,0.1084,0.0057
1790213771916,2159,0.1840,0.0067
1790213771963,2160,0.1251,0.0062
1790213772026,2161,0.1119,0.0070
1790213772072,2162,0.1960,0.0090
1790213772120,2163,0.1556,0.0083
1790213772168,2164,0.1492,0.0081
1790213772214,2165,0.1555,0.0066
1790213772263,2166,0.0827,0.0049
1790213772326,2167,0.1438,0.0056
1790213772373,2168,0.1576,0.0069
1790213772420,2169,0.1603,0.0046
1790213772468,2170,0.1333,0.0043
1790213772514,2171,0.1268,0.0047
1790213772577,2172,0.1004,0.0048
1790213772625,2173,0.1272,0.0057
1790213772671,2174,0.0770,0.0031
1790213772717,2175,0.2494,0.0096
1790213772763,2176,0.1496,0.0077
1790213772827,2177,0.2316,0.0077
1790213772874,2178,0.1670,0.0063
1790213772921,2179,0.1837,0.0063
1790213772967,2180,0.1698,0.0053
1790213773014,2181,0.1416,0.0061
1790213773078,2182,0.2115,0.0107
1790213773126,2183,0.1908,0.0095
1790213773174,2184,0.1188,0.0066
1790213773221,2185,0.1623,0.0074
1790213773267,2186,0.1711,0.0077
1790213773314,2187,0.2124,0.0068
1790213773377,2188,0.1478,0.0063
1790213773424,2189,0.1256,0.0039
1790213773472,2190,0.1208,0.0045
1790213773520,2191,0.1544,0.0063
1790213773567,2192,0.1750,0.0072
1790213773614,2193,0.1403,0.0044
1790213773662,2194,0.0763,0.0040
1790213773726,2195,0.1324,0.0066
1790213773774,2196,0.1418,0.0072
1790213773821,2197,0.1637,0.0070
1790213773868,2198,0.1445,0.0055
1790213773914,2199,0.0937,0.0043
1790213773963,2200,0.1259,0.0043
1790213774025,2201,0.1974,0.0076
1790213774071,2202,0.1460,0.0069
1790213774117,2203,0.1689,0.0086
1790213774166,2204,0.1856,0.0081
1790213774228,2205,0.1706,0.0082
1790213774276,2206,0.0967,0.0057
1790213774324,2207,0.0889,0.0048
1790213774371,2208,0.1698,0.0073
1790213774419,2209,0.1369,0.0054
1790213774467,2210,0.1767,0.0066
1790213774514,2211,0.1496,0.0084
1790213774576,2212,0.3572,0.0061
1790213774623,2213,0.2612,0.0071
1790213774671,2214,0.1033,0.0044
1790213774719,2215,0.1764,0.0068
1790213774767,2216,0.1812,0.0069
1790213774814,2217,0.1809,0.0085
1790213774877,2218,0.1486,0.0061
1790213774924,2219,0.2625,0.0060
1790213774972,2220,0.2804,0.0092
1790213775020,2221,0.2207,0.0089
1790213775068,2222,0.1975,0.0081
1790213775115,2223,0.1394,0.0073
1790213775162,2224,0.1512,0.0081
1790213775225,2225,0.1579,0.0098
1790213775272,2226,0.2044,0.0102
1790213775320,2227,0.1579,0.0093
1790213775368,2228,0.1630,0.0059
1790213775416,2229,0.0874,0.0059
1790213775463,2230,0.1299,0.0053
1790213775525,2231,0.1375,0.0079
1790213775573,2232,0.1465,0.0076
1790213775620,2233,0.1320,0.0070
1790213775668,2234,0.0833,0.0042
1790213775715,2235,0.1340,0.0066
1790213775762,2236,0.1191,0.0053
1790213775824,2237,0.1276,0.0058
1790213775872,2238,0.1006,0.0048
1790213775920,2239,0.1262,0.0044
1790213775967,2240,0.2214,0.0058
1790213776014,2241,0.1890,0.0079
1790213776078,2242,0.1649,0.0068
1790213776126,2243,0.1737,0.0117
1790213776174,2244,0.1491,0.0054
1790213776221,2245,0.1801,0.0087
1790213776269,2246,0.1658,0.0072
1790213776315,2247,0.1123,0.0067
1790213776364,2248,0.0944,0.0058
1790213776425,2249,0.0864,0.0050
1790213776472,2250,0.2088,0.0097
1790213776519,2251,0.1779,0.0085
1790213776565,2252,0.1411,0.0076
1790213776628,2253,0.1319,0.0073
1790213776676,2254,0.0865,0.0058
1790213776723,2255,0.1643,0.0076
1790213776771,2256,0.1601,0.0076
1790213776819,2257,0.1770,0.0070
1790213776866,2258,0.0974,0.0056
1790213776913,2259,0.1391,0.0054
1790213776977,2260,0.1421,0.0052
1790213777024,2261,0.1227,0.0041
1790213777072,2262,0.1093,0.0040
1790213777119,2263,0.1855,0.0061
1790213777167,2264,0.1397,0.0070
1790213777214,2265,0.0906,0.0051
1790213777278,2266,0.1455,0.0079
1790213777325,2267,0.1384,0.0069
1790213777372,2268,0.1377,0.0074
1790213777419,2269,0.0724,0.0053
1790213777466,2270,0.1718,0.0052
1790213777513,2271,0.1228,0.0057
1790213777576,2272,0.2194,0.0101
1790213777624,2273,0.1264,0.0057
1790213777672,2274,0.1771,0.0062
1790213777719,2275,0.2484,0.0089
1790213777767,2276,0.1461,0.0071
1790213777814,2277,0.1712,0.0065
1790213777863,2278,0.1580,0.0074
1790213777925,2279,0.0788,0.0047
1790213777972,2280,0.0969,0.0047
1790213778019,2281,0.1389,0.0045
1790213778067,2282,0.0842,0.0041
1790213778115,2283,0.1678,0.0078
1790213778163,2284,0.2818,0.0115
1790213778226,2285,0.2225,0.0093
1790213778275,2286,0.2071,0.0113
1790213778321,2287,0.2022,0.0107
1790213778369,2288,0.1344,0.0059
1790213778416,2289,0.0826,0.0060
1790213778464,2290,0.0920,0.0051
1790213778528,2291,0.1446,0.0067
1790213778575,2292,0.1580,0.0069
1790213778623,2293,0.1821,0.0067
1790213778670,2294,0.1145,0.0059
1790213778718,2295,0.1663,0.0081
1790213778765,2296,0.1759,0.0081
1790213778813,2297,0.1788,0.0078
1790213778875,2298,0.1247,0.0061
1790213778922,2299,0.1122,0.0048
1790213778970,2300,0.0843,0.0051
1790213779017,2301,0.1525,0.0039
1790213779065,2302,0.0983,0.0039
1790213779127,2303,0.1987,0.0092
1790213779175,2304,0.1512,0.0095
1790213779222,2305,0.1028,0.0060
1790213779270,2306,0.0934,0.0053
1790213779316,2307,0.1446,0.0083
1790213779363,2308,0.1850,0.0066
1790213779425,2309,0.1067,0.0052
1790213779472,2310,0.1248,0.0050
1790213779519,2311,0.1197,0.0056
1790213779567,2312,0.1171,0.0068
1790213779613,2313,0.3938,0.0068
1790213779677,2314,0.0751,0.0047
1790213779723,2315,0.1787,0.0084
1790213779772,2316,0.1949,0.0088
1790213779820,2317,0.1752,0.0081
1790213779867,2318,0.2010,0.0077
1790213779915,2319,0.1443,0.0074
1790213779963,2320,0.1220,0.0051
1790213780026,2321,0.1098,0.0044
1790213780074,2322,0.0793,0.0047
1790213780121,2323,0.1661,0.0064
1790213780168,2324,0.1237,0.0068
1790213780216,2325,0.1078,0.0058
1790213780262,2326,0.0922,0.0051
1790213780326,2327,0.1886,0.0084
1790213780374,2328,0.1739,0.0075
1790213780421,2329,0.1259,0.0063
1790213780468,2330,0.1226,0.0057
1790213780515,2331,0.1957,0.0076
1790213780563,2332,0.1421,0.0050
1790213780626,2333,0.1314,0.0056
1790213780672,2334,0.1331,0.0054
1790213780719,2335,0.1457,0.0067
1790213780767,2336,0.1790,0.0068
1790213780814,2337,0.1903,0.0092
1790213780876,2338,0.1846,0.0076
1790213780924,2339,0.1688,0.0059
1790213780972,2340,0.1546,0.0067
1790213781019,2341,0.1493,0.0047
1790213781067,2342,0.1222,0.0060
1790213781114,2343,0.1057,0.0052
1790213781178,2344,0.1429,0.0077
1790213781226,2345,0.1190,0.0052
1790213781273,2346,0.1652,0.0064
1790213781320,2347,0.1361,0.0046
1790213781367,2348,0.1567,0.0076
1790213781415,2349,0.1013,0.0060
1790213781462,2350,0.0864,0.0049
1790213781525,2351,0.2246,0.0094
1790213781571,2352,0.1583,0.0062
1790213781620,2353,0.1267,0.0074
1790213781667,2354,0.2006,0.0072
1790213781714,2355,0.1798,0.0085
1790213781777,2356,0.1520,0.0081
1790213781823,2357,0.1351,0.0082
1790213781870,2358,0.1609,0.0070
1790213781918,2359,0.0885,0.0057
1790213781965,2360,0.1263,0.0050
1790213782027,2361,0.1593,0.0057
1790213782074,2362,0.1691,0.0087
1790213782120,2363,0.2042,0.0076
1790213782167,2364,0.0988,0.0058
1790213782215,2365,0.0948,0.0050
1790213782278,2366,0.1630,0.0049
1790213782324,2367,0.1757,0.0057
1790213782372,2368,0.0775,0.0041
1790213782420,2369,0.2029,0.0060
1790213782467,2370,0.1504,0.0039
1790213782516,2371,0.1593,0.0072
1790213782563,2372,0.1673,0.0094
1790213782626,2373,0.1562,0.0090
1790213782674,2374,0.1314,0.0076
1790213782722,2375,0.1587,0.0097
1790213782769,2376,0.1962,0.0082
1790213782815,2377,0.2240,0.0085
1790213782862,2378,0.1415,0.0063
1790213782924,2379,0.0892,0.0056
1790213782972,2380,0.1660,0.0067
1790213783020,2381,0.1383,0.0057
1790213783068,2382,0.1693,0.0055
1790213783114,2383,0.1728,0.0074
1790213783176,2384,0.1615,0.0102
1790213783223,2385,0.1771,0.0092
1790213783270,2386,0.2556,0.0099
1790213783317,2387,0.2017,0.0066
1790213783364,2388,0.1574,0.0078
1790213783428,2389,0.1660,0.0076
1790213783474,2390,0.1071,0.0057
1790213783522,2391,0.1391,0.0065
1790213783569,2392,0.1189,0.0069
1790213783616,2393,0.1363,0.0072
1790213783664,2394,0.0906,0.0051
1790213783726,2395,0.1914,0.0100
1790213783773,2396,0.1746,0.0077
1790213783820,2397,0.1254,0.0077
1790213783868,2398,0.1190,0.0068
1790213783916,2399,0.1393,0.0060
1790213783964,2400,0.1249,0.0055
1790213784026,2401,0.1163,0.0058
1790213784075,2402,1.0163,0.0051
1790213784120,2403,0.1737,0.0071
1790213784167,2404,0.2516,0.0056
1790213784214,2405,0.1873,0.0077
1790213784262,2406,0.1299,0.0068
1790213784326,2407,0.1446,0.0079
1790213784373,2408,0.1460,0.0085
1790213784420,2409,0.1457,0.0067
1790213784468,2410,0.1925,0.0096
1790213784516,2411,0.1613,0.0077
1790213784563,2412,0.1676,0.0057
1790213784626,2413,0.4531,0.0084
1790213784675,2414,0.1944,0.0082
1790213784722,2415,0.1510,0.0083
1790213784768,2416,0.1602,0.0091
1790213784815,2417,0.1525,0.0063
1790213784863,2418,0.1423,0.0075
1790213784925,2419,0.1550,0.0080
1790213784973,2420,0.1308,0.0051
1790213785020,2421,0.0844,0.0048
1790213785068,2422,0.0754,0.0041
1790213785115,2423,0.0819,0.0041
1790213785163,2424,0.1557,0.0056
1790213785226,2425,0.1730,0.0071
1790213785273,2426,0.0817,0.0043
1790213785320,2427,0.1027,0.0045
1790213785366,2428,0.1882,0.0092
1790213785428,2429,0.1814,0.0107
1790213785475,2430,0.2401,0.0107
1790213785522,2431,0.2029,0.0093
1790213785569,2432,0.1663,0.0078
1790213785616,2433,0.1121,0.0069
1790213785663,2434,0.1368,0.0077
1790213785728,2435,0.1973,0.0090
1790213785775,2436,0.1427,0.0084
1790213785822,2437,0.1084,0.0066
1790213785869,2438,0.1711,0.0057
1790213785916,2439,0.0957,0.0057
1790213785963,2440,0.1650,0.0063
1790213786026,2441,0.0858,0.0051
1790213786073,2442,0.1374,0.0064
1790213786121,2443,0.0812,0.0044
1790213786167,2444,0.1360,0.0067
1790213786216,2445,0.1320,0.0064
1790213786263,2446,0.1345,0.0056
1790213786326,2447,0.0777,0.0040
1790213786374,2448,0.1437,0.0052
1790213786421,2449,0.0747,0.0033
1790213786469,2450,0.0722,0.0027
1790213786517,2451,0.2452,0.0121
1790213786564,2452,0.2082,0.0097
1790213786627,2453,0.1583,0.0095
1790213786676,2454,0.2013,0.0086
1790213786722,2455,0.1469,0.0094
1790213786770,2456,0.1629,0.0067
1790213786818,2457,0.0922,0.0058
1790213786865,2458,0.1023,0.0049
1790213786913,2459,0.0881,0.0047
1790213786977,2460,0.0895,0.0042
1790213787024,2461,0.0792,0.0043
1790213787072,2462,0.1840,0.0062
1790213787120,2463,0.1339,0.0064
1790213787167,2464,0.1556,0.0066
1790213787213,2465,0.1009,0.0063
1790213787277,2466,0.1141,0.0058
1790213787323,2467,0.0826,0.0047
1790213787370,2468,0.1335,0.0064
1790213787417,2469,0.0743,0.0042
1790213787465,2470,0.1728,0.0052
1790213787512,2471,0.0975,0.0056
1790213787576,2472,0.1621,0.0077
1790213787623,2473,0.1894,0.0077
1790213787671,2474,0.2064,0.0091
1790213787717,2475,0.1949,0.0090
1790213787765,2476,0.1421,0.0082
1790213787827,2477,0.2124,0.0105
1790213787876,2478,0.1295,0.0078
1790213787923,2479,0.0962,0.0054
1790213787970,2480,0.0950,0.0050
1790213788018,2481,0.0694,0.0037
1790213788065,2482,0.1318,0.0038
1790213788127,2483,0.1008,0.0048
1790213788175,2484,0.2394,0.0073
1790213788222,2485,0.1393,0.0071
1790213788270,2486,0.1547,0.0077
1790213788317,2487,0.2059,0.0097
1790213788363,2488,0.1609,0.0099
1790213788426,2489,0.1600,0.0089
1790213788473,2490,0.0939,0.0060
1790213788519,2491,0.0981,0.0066
1790213788566,2492,0.1072,0.0050
1790213788613,2493,0.1500,0.0076
1790213788676,2494,0.2041,0.0081
1790213788723,2495,0.1856,0.0089
1790213788770,2496,0.1671,0.0084
1790213788816,2497,0.1604,0.0087
1790213788864,2498,0.1908,0.0078
1790213788927,2499,0.1412,0.0072
1790213788975,2500,0.1049,0.0063
1790213789022,2501,0.1809,0.0066
1790213789070,2502,0.0740,0.0042
1790213789117,2503,0.1170,0.0038
1790213789164,2504,0.0842,0.0040
1790213789227,2505,0.1071,0.0046
1790213789275,2506,0.1338,0.0064
1790213789322,2507,0.0869,0.0050
1790213789369,2508,0.1329,0.0047
1790213789417,2509,0.0853,0.0042
1790213789464,2510,0.0728,0.0038
1790213789527,2511,0.1766,0.0065
1790213789575,2512,0.0675,0.0034
1790213789622,2513,0.1245,0.0054
1790213789670,2514,0.4463,0.0061
1790213789717,2515,0.1906,0.0102
1790213789764,2516,0.1870,0.0105
1790213789827,2517,0.1738,0.0089
1790213789875,2518,0.1545,0.0073
1790213789923,2519,0.1266,0.0073
1790213789970,2520,0.1716,0.0067
1790213790016,2521,0.1402,0.0059
1790213790064,2522,0.1010,0.0060
1790213790127,2523,0.1114,0.0062
1790213790173,2524,0.0979,0.0053
1790213790221,2525,0.1017,0.0051
1790213790268,2526,0.1109,0.0055
1790213790315,2527,0.1092,0.0048
1790213790377,2528,0.2017,0.0074
1790213790423,2529,0.0833,0.0049
1790213790471,2530,0.1187,0.0045
1790213790519,2531,0.0804,0.0049
1790213790565,2532,0.1226,0.0058
1790213790626,2533,0.0634,0.0037
1790213790672,2534,0.1406,0.0077
1790213790720,2535,0.1540,0.0087
1790213790767,2536,0.1375,0.0081
1790213790812,2537,0.1380,0.0072
1790213790876,2538,0.1012,0.0061
1790213790924,2539,0.1489,0.0060
1790213790971,2540,0.1360,0.0052
1790213791018,2541,0.0762,0.0038
1790213791065,2542,0.1219,0.0057
1790213791112,2543,0.1036,0.0051
1790213791176,2544,0.1191,0.0050
1790213791223,2545,0.1731,0.0064
1790213791270,2546,0.2084,0.0061
1790213791317,2547,0.1958,0.0071
1790213791365,2548,0.1578,0.0060
1790213791412,2549,0.1209,0.0043
1790213791476,2550,0.0944,0.0044
1790213791523,2551,0.0961,0.0047
1790213791571,2552,0.1186,0.0057
1790213791618,2553,0.1100,0.0057
1790213791666,2554,0.3717,0.2852
1790213791712,2555,0.1499,0.0080
1790213791775,2556,0.2563,0.0116
1790213791823,2557,0.1410,0.0061
1790213791870,2558,0.1268,0.0061
1790213791916,2559,0.1600,0.0065
1790213791963,2560,0.1646,0.0083
1790213792027,2561,0.1705,0.0081
1790213792074,2562,0.1216,0.0061
1790213792121,2563,0.1362,0.0066
1790213792168,2564,0.1207,0.0075
1790213792216,2565,0.1457,0.0061
1790213792264,2566,0.2198,0.0079
1790213792327,2567,0.1213,0.0061
1790213792375,2568,0.1627,0.0067
1790213792423,2569,0.1130,0.0051
1790213792470,2570,0.1718,0.0065
1790213792518,2571,0.1092,0.0047
1790213792564,2572,0.1175,0.0051
1790213792627,2573,0.0722,0.0043
1790213792673,2574,0.0769,0.0040
1790213792719,2575,0.2275,0.0091
1790213792767,2576,0.1493,0.0089
1790213792813,2577,0.1063,0.0070
1790213792876,2578,0.1254,0.0077
1790213792922,2579,0.0842,0.0051
1790213792969,2580,0.1297,0.0048
1790213793017,2581,0.0785,0.0043
1790213793064,2582,0.1275,0.0044
1790213793128,2583,0.1641,0.0075
1790213793175,2584,0.1294,0.0046
1790213793220,2585,0.0933,0.0052
1790213793268,2586,0.1608,0.0100
1790213793315,2587,0.1118,0.0074
1790213793363,2588,0.1557,0.0080
1790213793426,2589,0.1821,0.0082
1790213793473,2590,0.0960,0.0058
1790213793520,2591,0.1344,0.0059
1790213793567,2592,0.1200,0.0049
1790213793614,2593,0.0719,0.0044
1790213793677,2594,0.1484,0.0060
1790213793725,2595,0.1479,0.0083
1790213793773,2596,0.1743,0.0097
1790213793820,2597,0.1406,0.0077
1790213793866,2598,0.1462,0.0069
1790213793912,2599,0.1459,0.0063
1790213793976,2600,0.1148,0.0054
1790213794025,2601,0.1320,0.0060
1790213794072,2602,0.0794,0.0059
1790213794119,2603,0.0818,0.0054
1790213794167,2604,0.0857,0.0050
1790213794214,2605,0.1815,0.0075
1790213794277,2606,0.1152,0.0061
1790213794323,2607,0.1083,0.0050
1790213794370,2608,0.0931,0.0049
1790213794416,2609,0.0800,0.0043
1790213794462,2610,0.1808,0.0053
1790213794525,2611,0.1127,0.0060
1790213794572,2612,0.1220,0.0062
1790213794621,2613,0.0975,0.0046
1790213794669,2614,0.1060,0.0044
1790213794714,2615,0.5082,0.0069
1790213794763,2616,0.2098,0.0089
1790213794826,2617,0.1913,0.0160
1790213794873,2618,0.1667,0.0102
1790213794921,2619,0.1601,0.0100
1790213794969,2620,0.2550,0.0100
1790213795015,2621,0.1692,0.0086
1790213795063,2622,0.1263,0.0065
1790213795127,2623,0.1133,0.0073
1790213795173,2624,0.1088,0.0060
1790213795219,2625,0.1092,0.0053
1790213795267,2626,0.0927,0.0053
1790213795314,2627,0.1328,0.0080
1790213795376,2628,0.2253,0.0103
1790213795422,2629,0.2091,0.0096
1790213795471,2630,0.1980,0.0096
1790213795557,2631,0.3201,0.0250
1790213795565,2632,0.1121,0.0057
1790213795627,2633,0.1946,0.0102
1790213795675,2634,0.1682,0.0080
1790213795723,2635,0.1823,0.0092
1790213795769,2636,0.1764,0.0085
1790213795816,2637,0.1394,0.0091
1790213795865,2638,0.1507,0.0082
1790213795912,2639,0.1197,0.0068
1790213795974,2640,0.1353,0.0064
1790213796022,2641,0.0849,0.0059
1790213796070,2642,0.1412,0.0065
1790213796117,2643,0.1511,0.0064
1790213796165,2644,0.0932,0.0042
1790213796228,2645,0.0814,0.0041
1790213796276,2646,0.1298,0.0049
1790213796323,2647,0.0972,0.0035
1790213796371,2648,0.1205,0.0046
1790213796419,2649,0.1585,0.0061
1790213796466,2650,0.1030,0.0048
1790213796513,2651,0.0835,0.0044
1790213796577,2652,0.0837,0.0036
1790213796624,2653,0.1621,0.0058
1790213796672,2654,0.0906,0.0045
1790213796719,2655,0.1694,0.0078
1790213796767,2656,0.1616,0.0082
1790213796816,2657,0.1943,0.0077
1790213796864,2658,0.1675,0.0098
1790213796926,2659,0.1397,0.0084
1790213796974,2660,0.1723,0.0074
1790213797021,2661,0.0929,0.0059
1790213797068,2662,0.0863,0.0052
1790213797117,2663,0.0880,0.0049
1790213797165,2664,0.0758,0.0045
1790213797228,2665,0.0791,0.0045
1790213797275,2666,0.0861,0.0045
1790213797322,2667,0.0746,0.0034
1790213797370,2668,0.0841,0.0040
1790213797416,2669,0.0774,0.0036
1790213797464,2670,0.0680,0.0034
1790213797527,2671,0.1274,0.0062
1790213797574,2672,0.1102,0.0051
1790213797622,2673,0.0773,0.0049
1790213797670,2674,0.0763,0.0038
1790213797717,2675,0.1548,0.0067
1790213797765,2676,0.1297,0.0065
1790213797814,2677,0.1377,0.0068
1790213797878,2678,0.1284,0.0068
1790213797925,2679,0.1124,0.0054
1790213797972,2680,0.1186,0.0057
1790213798019,2681,0.1033,0.0047
1790213798066,2682,0.0868,0.0049
1790213798114,2683,0.1426,0.0079
1790213798177,2684,0.1696,0.0084
1790213798224,2685,0.0950,0.0048
1790213798272,2686,0.1474,0.0077
1790213798319,2687,0.1407,0.0075
1790213798366,2688,0.1691,0.0076
1790213798414,2689,0.1527,0.0089
1790213798478,2690,0.1718,0.0088
1790213798524,2691,0.1474,0.0079
1790213798573,2692,0.1062,0.0064
1790213798619,2693,0.0865,0.0052
1790213798667,2694,0.0884,0.0043
1790213798714,2695,0.1626,0.0075
1790213798778,2696,0.1217,0.0068
1790213798825,2697,0.1486,0.0073
1790213798873,2698,0.1514,0.0075
1790213798920,2699,0.0976,0.0056
1790213798968,2700,0.1860,0.0075
1790213799015,2701,0.1065,0.0051
1790213799063,2702,0.1116,0.0054
1790213799126,2703,0.1313,0.0055
1790213799174,2704,0.0971,0.0049
1790213799221,2705,0.1041,0.0048
1790213799269,2706,0.0847,0.0035
1790213799315,2707,0.0767,0.0034
1790213799364,2708,0.1525,0.0042
1790213799427,2709,0.1455,0.0059
1790213799475,2710,0.0783,0.0034
1790213799523,2711,0.0939,0.0037
1790213799571,2712,0.0780,0.0028
1790213799618,2713,0.0697,0.0025
1790213799666,2714,0.1009,0.0026
1790213799713,2715,0.1185,0.0044
1790213799776,2716,0.5387,0.0091
1790213799823,2717,0.1429,0.0076
1790213799871,2718,0.1287,0.0059
1790213799919,2719,0.1993,0.0098
1790213799966,2720,0.2002,0.0099
1790213800028,2721,0.1866,0.0105
1790213800076,2722,0.2250,0.0098
1790213800123,2723,0.1673,0.0094
1790213800169,2724,0.1587,0.0087
1790213800217,2725,0.1549,0.0084
1790213800264,2726,0.1843,0.0097
1790213800312,2727,0.1962,0.0104
1790213800376,2728,0.1914,0.0098
1790213800422,2729,0.1979,0.0102
1790213800469,2730,0.1543,0.0071
1790213800516,2731,0.0940,0.0057
1790213800577,2732,0.0955,0.0060
1790213800625,2733,0.1204,0.0066
1790213800672,2734,0.0896,0.0047
1790213800719,2735,0.1223,0.0063
1790213800766,2736,0.1375,0.0069
1790213800814,2737,0.1088,0.0048
1790213800877,2738,0.2352,0.0102
1790213800925,2739,0.1269,0.0070
1790213800971,2740,0.1991,0.0078
1790213801018,2741,0.1408,0.0070
1790213801065,2742,0.0875,0.0047
1790213801127,2743,0.1716,0.0084
1790213801174,2744,0.1315,0.0065
1790213801221,2745,0.0928,0.0053
1790213801269,2746,0.1386,0.0108
1790213801317,2747,0.0936,0.0046
1790213801363,2748,0.1171,0.0052
1790213801426,2749,0.1649,0.0097
1790213801474,2750,0.1042,0.0059
1790213801521,2751,0.1019,0.0053
1790213801569,2752,0.1840,0.0068
1790213801615,2753,0.1174,0.0052
1790213801662,2754,0.1781,0.0078
1790213801726,2755,0.1563,0.0092
1790213801774,2756,0.1340,0.0074
1790213801822,2757,0.1226,0.0063
1790213801869,2758,0.1313,0.0064
1790213801917,2759,0.1152,0.0060
1790213801964,2760,0.1265,0.0056
1790213802027,2761,0.0994,0.0052
1790213802075,2762,0.0908,0.0044
1790213802123,2763,0.1143,0.0048
1790213802170,2764,0.0961,0.0039
1790213802218,2765,0.1284,0.0044
1790213802265,2766,0.0756,0.0036
1790213802313,2767,0.0822,0.0039
1790213802377,2768,0.0828,0.0044
1790213802424,2769,0.1357,0.0066
1790213802472,2770,0.0966,0.0045
1790213802520,2771,0.1272,0.0068
1790213802567,2772,0.1012,0.0054
1790213802615,2773,0.0755,0.0044
1790213802662,2774,0.0761,0.0042
1790213802725,2775,0.1275,0.0061
1790213802772,2776,0.1205,0.0063
1790213802820,2777,0.1049,0.0050
1790213802868,2778,0.2118,0.0092
1790213802914,2779,0.0944,0.0058
1790213802977,2780,0.1140,0.0164
1790213803024,2781,0.0794,0.0046
1790213803072,2782,0.0906,0.0047
1790213803119,2783,0.0831,0.0046
1790213803166,2784,0.1107,0.0055
1790213803213,2785,0.1561,0.0097
1790213803276,2786,0.1592,0.0092
1790213803323,2787,0.2019,0.0095
1790213803371,2788,0.1576,0.0095
1790213803417,2789,0.1833,0.0098
1790213803465,2790,0.1545,0.0090
1790213803513,2791,0.1514,0.0083
1790213803576,2792,0.2414,0.0126
1790213803623,2793,0.1909,0.0106
1790213803671,2794,0.1688,0.0098
1790213803719,2795,0.1686,0.0089
1790213803766,2796,0.1737,0.0087
1790213803813,2797,0.2235,0.0105
1790213803877,2798,0.2297,0.0111
1790213803924,2799,0.1803,0.0089
1790213803972,2800,0.2259,0.0098
1790213804019,2801,0.1910,0.0091
1790213804066,2802,0.1876,0.0097
1790213804114,2803,0.1965,0.0107
1790213804177,2804,0.1541,0.0093
1790213804225,2805,0.1974,0.0099
1790213804273,2806,0.1437,0.0070
1790213804320,2807,0.1973,0.0088
1790213804367,2808,0.1818,0.0087
1790213804415,2809,0.1181,0.0072
1790213804476,2810,0.1034,0.0059
1790213804524,2811,0.1641,0.0077
1790213804570,2812,0.1299,0.0058
1790213804616,2813,0.1355,0.0070
1790213804663,2814,0.1634,0.0077
1790213804726,2815,0.1897,0.0102
1790213804772,2816,0.1644,0.0092
1790213804819,2817,0.5948,0.0106
1790213804867,2818,0.1689,0.0110
1790213804914,2819,0.1376,0.0080
1790213804977,2820,0.2126,0.0099
1790213805025,2821,0.1670,0.0098
1790213805062,2822,0.1480,0.0095
1790213805113,2823,0.1420,0.0086
1790213805162,2824,0.1382,0.0084
1790213805213,2825,0.1303,0.0080
1790213805263,2826,0.1400,0.0084
1790213805312,2827,0.1306,0.0078
1790213805362,2828,0.1376,0.0083
1790213805413,2829,0.1284,0.0078
1790213805462,2830,0.1402,0.0081
1790213805512,2831,0.1298,0.0079
1790213805562,2832,0.1358,0.0077
1790213805612,2833,0.1408,0.0082
1790213805662,2834,0.1249,0.0074
1790213805731,2835,17.7520,3.2592
1790213805762,2836,0.3034,0.2207
1790213805813,2837,0.5543,0.3666
1790213805863,2838,0.1612,0.2180
1790213805913,2839,0.1400,0.0086
1790213805963,2840,0.1294,0.0076
1790213806013,2841,0.3639,0.2370
1790213806063,2842,0.1433,0.2256
1790213806113,2843,0.1625,0.0099
1790213806162,2844,0.1532,0.0094
1790213806212,2845,0.3607,0.2224
1790213806262,2846,0.9093,0.9014
1790213806313,2847,0.1353,0.0078
1790213806363,2848,0.1603,0.0095
1790213806413,2849,0.1675,0.0363
1790213806463,2850,0.1484,0.0090
1790213806513,2851,0.1316,0.0078
1790213806563,2852,0.1114,0.0068
1790213806613,2853,0.1037,0.0059
1790213806662,2854,0.0822,0.0050
1790213806713,2855,0.1568,0.0101
1790213806764,2856,1.7862,1.5365
1790213806812,2857,0.2475,0.1908
1790213806862,2858,0.3454,0.2231
1790213806913,2859,0.1459,0.1231
1790213806962,2860,0.1458,0.0090
1790213807013,2861,0.1386,0.0088
1790213807063,2862,0.3530,0.2237
1790213807113,2863,0.1793,0.1602
1790213807163,2864,0.1324,0.0079
1790213807213,2865,0.1099,0.0064
1790213807262,2866,0.3931,0.2634
1790213807312,2867,0.4974,0.4525
1790213807362,2868,0.1125,0.0058
1790213807412,2869,0.1117,0.0055
1790213807463,2870,0.1441,0.0123
1790213807512,2871,0.1333,0.0080
1790213807563,2872,0.1283,0.0076
1790213807612,2873,0.1122,0.0066
1790213807662,2874,0.0879,0.0049
1790213807713,2875,0.2034,0.0813
1790213807763,2876,1.1735,0.8942
1790213807813,2877,0.2800,0.1117
1790213807863,2878,0.3331,0.2074
1790213807913,2879,0.1477,0.2776
1790213807962,2880,0.1394,0.0080
1790213808014,2881,0.1453,0.0089
1790213808062,2882,0.3289,0.2137
1790213808112,2883,0.1818,0.1498
1790213808162,2884,0.1713,0.0125
1790213808212,2885,0.1553,0.0093
1790213808263,2886,0.3933,0.2478
1790213808314,2887,0.6839,0.6213
1790213808363,2888,0.1527,0.0096
1790213808412,2889,0.1492,0.0092
1790213808462,2890,0.1523,0.0115
1790213808512,2891,0.1474,0.0094
1790213808563,2892,0.1573,0.0093
1790213808612,2893,0.1517,0.0114
1790213808662,2894,0.1447,0.0091
1790213808712,2895,0.2087,0.0103
1790213808764,2896,1.2357,1.0026
1790213808813,2897,0.2294,0.1841
1790213808863,2898,0.3801,0.2437
1790213808913,2899,0.1429,0.1687
1790213808963,2900,0.1613,0.0099
1790213809013,2901,0.1708,0.0099
1790213809063,2902,0.3394,0.2066
1790213809113,2903,0.1394,0.1277
1790213809162,2904,0.1308,0.0073
1790213809213,2905,0.1719,0.0505
1790213809262,2906,0.3491,0.2147
1790213809313,2907,0.5369,0.4069
1790213809362,2908,0.1367,0.0086
1790213809413,2909,0.1392,0.0087
1790213809463,2910,0.1191,0.0097
1790213809513,2911,0.1113,0.0070
1790213809563,2912,0.1424,0.0183
1790213809612,2913,0.1744,0.0093
1790213809663,2914,0.1345,0.0086
1790213809713,2915,0.1473,0.0088
1790213809762,2916,0.7346,0.5640
1790213809812,2917,0.1918,0.1056
1790213809863,2918,0.5244,0.1741
1790213809913,2919,0.1445,0.1208
1790213809963,2920,0.1524,0.0088
1790213810012,2921,0.1232,0.0078
1790213810062,2922,0.3722,0.2612
1790213810112,2923,0.1446,0.1197
1790213810162,2924,0.1358,0.0087
1790213810212,2925,0.1669,0.0107
1790213810263,2926,0.2807,0.1493
1790213810313,2927,0.4944,0.5298
1790213810363,2928,0.1030,0.0048
1790213810414,2929,0.1420,0.0097
1790213810463,2930,0.1533,0.0112
1790213810512,2931,0.4547,0.0084
1790213810562,2932,0.1177,0.0073
1790213810614,2933,0.1159,0.0065
1790213810662,2934,0.1337,0.0082
1790213810713,2935,0.1854,0.0083
1790213810763,2936,0.1471,0.0110
1790213810814,2937,0.7938,0.6110
1790213810863,2938,0.5233,0.1322
1790213810912,2939,0.3155,0.1874
1790213810962,2940,0.2000,0.0929
1790213811012,2941,0.1568,0.0096
1790213811063,2942,0.1362,0.0099
1790213811112,2943,0.4051,0.2337
1790213811163,2944,0.1534,0.1466
1790213811213,2945,0.1578,0.0110
1790213811263,2946,0.1683,0.0097
1790213811313,2947,0.3090,0.1685
1790213811362,2948,0.5191,0.4319
1790213811413,2949,0.1429,0.0090
1790213811462,2950,0.1544,0.0102
1790213811513,2951,0.1498,0.0121
1790213811562,2952,0.1417,0.0094
1790213811613,2953,0.1421,0.0089
1790213811662,2954,0.1359,0.0089
1790213811713,2955,0.1446,0.0094
1790213811763,2956,0.1425,0.0107
1790213811812,2957,0.6513,0.4997
1790213811862,2958,0.1773,0.2180
1790213811912,2959,0.3391,0.2017
1790213811963,2960,0.1458,0.0984
1790213812013,2961,0.1386,0.0081
1790213812063,2962,0.1174,0.0087
1790213812113,2963,0.3039,0.1969
1790213812162,2964,0.1306,0.1347
1790213812212,2965,0.1216,0.0080
1790213812263,2966,0.1065,0.0064
1790213812312,2967,0.2653,0.1571
1790213812363,2968,0.3986,0.3639
1790213812412,2969,0.1175,0.0069
1790213812463,2970,0.1315,0.0070
1790213812512,2971,0.1380,0.0101
1790213812563,2972,0.1326,0.0076
1790213812612,2973,0.1395,0.0082
1790213812663,2974,0.1127,0.0070
1790213812712,2975,0.1365,0.0077
1790213812762,2976,0.1503,0.0091
1790213812812,2977,0.7478,0.6010
1790213812862,2978,0.1683,0.1687
1790213812912,2979,0.2881,0.1501
1790213812962,2980,0.1810,0.1296
1790213813013,2981,0.1658,0.0284
1790213813062,2982,0.1280,0.0064
1790213813113,2983,0.3088,0.1918
1790213813162,2984,0.1331,0.1001
1790213813213,2985,0.1129,0.0069
1790213813264,2986,0.1163,0.0087
1790213813313,2987,0.2755,0.1561
1790213813363,2988,0.5007,0.4380
1790213813413,2989,0.1315,0.0070
1790213813463,2990,0.1231,0.0058
1790213813513,2991,0.1355,0.0096
1790213813562,2992,0.1481,0.0080
1790213813613,2993,0.1239,0.0073
1790213813663,2994,0.1078,0.0061
1790213813713,2995,0.1817,0.0087
1790213813763,2996,0.1444,0.0095
1790213813814,2997,0.1425,0.0104
1790213813863,2998,0.7709,0.5797
1790213813913,2999,0.1791,0.1029
1790213813963,3000,0.3234,0.1706
1790213814013,3001,0.1490,0.1074
1790213814063,3002,0.1219,0.0075
1790213814113,3003,0.1432,0.0105
1790213814163,3004,0.3074,0.1724
1790213814213,3005,0.2033,0.1225
1790213814263,3006,0.1431,0.0104
1790213814312,3007,0.1181,0.0065
1790213814363,3008,0.2895,0.1589
1790213814413,3009,0.5205,0.4530
1790213814462,3010,0.1812,0.0102
1790213814513,3011,0.1484,0.0091
1790213814563,3012,0.1411,0.0111
1790213814612,3013,0.1442,0.0181
1790213814663,3014,0.1424,0.0089
1790213814713,3015,0.1483,0.0093
1790213814762,3016,0.1459,0.0093
1790213814813,3017,0.1444,0.0104
1790213814862,3018,0.6932,0.5233
1790213814913,3019,0.3899,0.1549
1790213814963,3020,0.3620,0.2056
1790213815013,3021,0.1502,0.1414
1790213815063,3022,0.1482,0.0094
1790213815113,3023,0.1650,0.0246
1790213815162,3024,0.6336,0.4604
1790213815213,3025,0.1464,0.1053
1790213815263,3026,0.1644,0.0107
1790213815312,3027,0.1171,0.0070
1790213815363,3028,0.2548,0.1323
1790213815413,3029,0.4477,0.4004
1790213815462,3030,0.1318,0.0066
1790213815513,3031,0.1264,0.0067
1790213815563,3032,0.1555,0.0120
1790213815612,3033,0.1516,0.0095
1790213815662,3034,0.1587,0.0094
1790213815715,3035,2.1732,0.0095
1790213815764,3036,2.0309,0.0074
1790213815814,3037,0.1495,0.0100
1790213815864,3038,1.2464,1.0587
1790213815913,3039,0.1755,0.1286
1790213815962,3040,0.3587,0.2087
1790213816013,3041,0.2260,0.1361
1790213816063,3042,0.1504,0.0099
1790213816114,3043,0.1588,0.0104
1790213816163,3044,0.2666,0.1248
1790213816213,3045,0.1450,0.1129
1790213816263,3046,0.1489,0.0092
1790213816313,3047,0.1487,0.0111
1790213816363,3048,0.5220,0.3313
1790213816414,3049,1.0249,0.9833
1790213816462,3050,0.2649,0.2323
1790213816513,3051,0.1466,0.1116
1790213816562,3052,0.1459,0.0113
1790213816613,3053,0.1602,0.0106
1790213816663,3054,0.4110,0.2125
1790213816713,3055,0.1457,0.1196
1790213816762,3056,0.1527,0.0096
1790213816813,3057,0.1439,0.0092
1790213816863,3058,0.3406,0.1630
1790213816913,3059,1.2017,1.1448
1790213816962,3060,0.2965,0.2409
1790213817012,3061,0.1567,0.1346
1790213817063,3062,0.1720,0.0378
1790213817113,3063,0.1402,0.0087
1790213817162,3064,0.2253,0.0976
1790213817213,3065,0.1974,0.1880
1790213817262,3066,0.1533,0.0101
1790213817312,3067,0.1523,0.0107
1790213817363,3068,0.1448,0.0098
1790213817412,3069,0.2944,0.1531
1790213817464,3070,0.9817,1.3791
1790213817512,3071,0.2491,0.2540
1790213817563,3072,0.1516,0.1040
1790213817613,3073,0.2225,0.0108
1790213817662,3074,0.1491,0.0094
1790213817712,3075,0.2528,0.1036
1790213817763,3076,0.1460,0.0994
1790213817812,3077,0.1424,0.0095
1790213817863,3078,0.1337,0.0095
1790213817913,3079,0.2936,0.1387
1790213817964,3080,0.9814,0.9691
1790213818012,3081,0.3049,0.2352
1790213818063,3082,0.1579,0.1204
1790213818113,3083,0.1464,0.0115
1790213818163,3084,0.1446,0.0107
1790213818213,3085,0.2383,0.1174
1790213818263,3086,0.1467,0.1094
1790213818313,3087,0.1531,0.0112
1790213818363,3088,0.1498,0.0101
1790213818413,3089,0.2620,0.1272
1790213818463,3090,0.8896,0.8131
1790213818513,3091,0.2981,0.2561
1790213818562,3092,0.1496,0.0801
1790213818612,3093,0.2054,0.0142
1790213818663,3094,0.1435,0.0097
1790213818712,3095,0.2307,0.0925
1790213818763,3096,0.1447,0.1319
1790213818813,3097,0.1407,0.0100
1790213818863,3098,0.1291,0.0076
1790213818913,3099,0.2905,0.1429
1790213818963,3100,1.1371,1.0625
1790213819012,3101,0.1630,0.1024
1790213819063,3102,0.1585,0.0549
1790213819112,3103,0.1346,0.0107
1790213819162,3104,0.1103,0.0083
1790213819213,3105,0.1748,0.0834
1790213819262,3106,0.1432,0.0723
1790213819312,3107,0.1467,0.0089
1790213819362,3108,0.1489,0.0113
1790213819413,3109,0.2775,0.1344
1790213819463,3110,0.7337,0.6238
1790213819512,3111,0.2388,0.1560
1790213819563,3112,0.1391,0.0845
1790213819612,3113,0.1300,0.0113
1790213819663,3114,0.1674,0.0097
1790213819712,3115,0.2366,0.0925
1790213819763,3116,0.1415,0.0786
1790213819813,3117,0.1444,0.0085
1790213819863,3118,0.1492,0.0113
1790213819912,3119,0.2430,0.0923
1790213819963,3120,0.9697,0.7186
1790213820012,3121,0.2487,0.1557
1790213820063,3122,0.1402,0.0822
1790213820113,3123,0.1315,0.0102
1790213820163,3124,0.1438,0.0361
1790213820212,3125,0.2779,0.1193
1790213820262,3126,0.1064,0.0717
1790213820312,3127,0.1210,0.0073
1790213820362,3128,0.1052,0.0079
1790213820412,3129,0.2765,0.1412
1790213820463,3130,0.6924,0.6076
1790213820512,3131,0.2175,0.1390
1790213820563,3132,0.1167,0.0691
1790213820613,3133,0.1001,0.0079
1790213820664,3134,0.1495,0.0068
1790213820712,3135,0.2273,0.1029
1790213820763,3136,0.1511,0.1122
1790213820813,3137,0.1512,0.0427
1790213820863,3138,0.1117,0.0085
1790213820913,3139,0.5302,0.3981
1790213820962,3140,0.4078,0.2176
1790213821014,3141,1.2563,1.4692
1790213821062,3142,0.2142,0.1379
1790213821113,3143,0.1509,0.0778
1790213821163,3144,0.1236,0.0074
1790213821213,3145,0.1273,0.0085
1790213821263,3146,0.1785,0.0768
1790213821314,3147,0.1361,0.0790
1790213821362,3148,0.1056,0.0082
1790213821413,3149,0.1134,0.0074
1790213821463,3150,0.2552,0.1063
1790213821512,3151,0.7046,0.6135
1790213821563,3152,0.2320,0.1418
1790213821613,3153,0.1436,0.0783
1790213821662,3154,0.1389,0.0118
1790213821713,3155,0.1394,0.0107
1790213821763,3156,0.2113,0.0794
1790213821812,3157,0.1459,0.0758
1790213821863,3158,0.1406,0.0103
1790213821913,3159,0.1151,0.0068
1790213821963,3160,0.2652,0.1190
1790213822014,3161,1.2080,1.0989
1790213822062,3162,0.3163,0.1372
1790213822112,3163,0.1538,0.0810
1790213822164,3164,0.1337,0.0111
1790213822213,3165,0.1316,0.0094
1790213822263,3166,0.1816,0.0790
1790213822313,3167,0.1280,0.0995
1790213822362,3168,0.1153,0.0079
1790213822413,3169,0.1429,0.0088
1790213822463,3170,0.2139,0.0932
1790213822512,3171,0.7435,0.6536
1790213822562,3172,0.2198,0.1255
1790213822613,3173,0.1555,0.0628
1790213822662,3174,0.1535,0.0116
1790213822712,3175,0.1531,0.0113
1790213822762,3176,0.2185,0.0807
1790213822812,3177,0.1761,0.0820
1790213822862,3178,0.1647,0.0270
1790213822912,3179,0.1476,0.0112
1790213822962,3180,0.3291,0.1383
1790213823013,3181,0.7662,0.6723
1790213823063,3182,0.2543,0.1526
1790213823113,3183,0.1407,0.0514
1790213823162,3184,0.1521,0.0380
1790213823213,3185,0.1403,0.0085
1790213823263,3186,0.1972,0.0764
1790213823312,3187,0.1771,0.0505
1790213823362,3188,0.1399,0.0085
1790213823413,3189,0.1385,0.0103
1790213823463,3190,0.2433,0.1165
1790213823512,3191,0.7199,0.5936
1790213823562,3192,0.2296,0.1366
1790213823613,3193,0.1430,0.0453
1790213823663,3194,0.1148,0.0107
1790213823713,3195,0.1330,0.0080
1790213823762,3196,0.1978,0.0719
1790213823813,3197,0.1221,0.0426
1790213823863,3198,0.1089,0.0064
1790213823912,3199,0.1143,0.0082
1790213823963,3200,0.2077,0.0734
1790213824013,3201,0.6400,0.5580
1790213824062,3202,0.2014,0.0951
1790213824113,3203,0.1838,0.0469
1790213824163,3204,0.1486,0.0129
1790213824212,3205,0.1308,0.0079
1790213824262,3206,0.1839,0.0934
1790213824313,3207,0.1384,0.0796
1790213824363,3208,0.1345,0.0086
1790213824413,3209,0.1554,0.0092
1790213824463,3210,0.2179,0.0953
1790213824514,3211,1.0568,0.9573
1790213824563,3212,0.2095,0.1040
1790213824612,3213,0.1367,0.0360
1790213824663,3214,0.1011,0.0089
1790213824713,3215,0.1900,0.0095
1790213824763,3216,0.2535,0.0976
1790213824812,3217,0.1232,0.0372
1790213824862,3218,0.1305,0.0071
1790213824913,3219,0.1370,0.0089
1790213824962,3220,0.1173,0.0061
1790213825013,3221,0.4082,0.0848
1790213825064,3222,1.5994,1.7501
1790213825113,3223,0.2132,0.0980
1790213825162,3224,0.1678,0.0648
1790213825212,3225,0.1484,0.0088
1790213825263,3226,0.1463,0.0108
1790213825312,3227,0.2039,0.0920
1790213825362,3228,0.1193,0.0394
1790213825412,3229,0.1215,0.0077
1790213825462,3230,0.1085,0.0058
1790213825512,3231,0.2347,0.1165
1790213825564,3232,1.5376,1.4439
1790213825613,3233,0.3574,0.1164
1790213825663,3234,0.1381,0.0454
1790213825713,3235,0.1534,0.0152
1790213825763,3236,0.9629,0.0097
1790213825812,3237,0.1756,0.0541
1790213825862,3238,0.1278,0.0339
1790213825912,3239,0.1328,0.0094
1790213825963,3240,0.1338,0.0075
1790213826012,3241,0.2982,0.1343
1790213826063,3242,0.7182,0.6028
1790213826112,3243,0.2179,0.1267
1790213826162,3244,0.1539,0.0421
1790213826212,3245,0.1253,0.0099
1790213826263,3246,0.0990,0.0071
1790213826312,3247,0.2310,0.1005
1790213826363,3248,0.1314,0.0584
1790213826412,3249,0.1393,0.0087
1790213826463,3250,0.1096,0.0062
1790213826514,3251,0.2785,0.1436
1790213826563,3252,1.4838,1.3959
1790213826613,3253,0.1530,0.0603
1790213826663,3254,0.1386,0.0527
1790213826713,3255,0.2056,0.0115
1790213826763,3256,0.4541,0.3179
1790213826813,3257,0.3006,0.0605
1790213826862,3258,0.1713,0.0871
1790213826912,3259,0.1480,0.0095
1790213826963,3260,0.1467,0.0105
1790213827013,3261,0.2938,0.0977
1790213827062,3262,0.6864,0.5751
1790213827113,3263,0.2043,0.0935
1790213827163,3264,0.1646,0.0465
1790213827212,3265,0.1518,0.0138
1790213827263,3266,0.1455,0.0093
1790213827312,3267,0.1969,0.0614
1790213827363,3268,0.1439,0.0361
1790213827412,3269,0.1477,0.0105
1790213827463,3270,0.1607,0.0108
1790213827512,3271,0.3189,0.1830
1790213827563,3272,0.6321,0.5169
1790213827613,3273,0.1610,0.0637
1790213827663,3274,0.1543,0.0307
1790213827712,3275,0.1398,0.0101
1790213827763,3276,0.1428,0.0088
1790213827813,3277,0.1623,0.0528
1790213827863,3278,0.0960,0.0328
1790213827912,3279,0.1193,0.0070
1790213827962,3280,0.1395,0.0087
1790213828013,3281,0.2170,0.0969
1790213828063,3282,0.6336,0.5025
1790213828112,3283,0.1744,0.0674
1790213828164,3284,0.1487,0.0361
1790213828212,3285,0.1433,0.0101
1790213828263,3286,0.1124,0.0065
1790213828312,3287,0.1371,0.0508
1790213828363,3288,0.0896,0.0327
1790213828412,3289,0.1362,0.0082
1790213828463,3290,0.1175,0.0083
1790213828513,3291,0.1684,0.0665
1790213828563,3292,0.6593,0.5603
1790213828612,3293,0.2011,0.0795
1790213828662,3294,0.1656,0.0526
1790213828713,3295,0.1608,0.0145
1790213828763,3296,0.1425,0.0091
1790213828812,3297,0.1837,0.0560
1790213828862,3298,0.1067,0.0401
1790213828913,3299,0.1317,0.0069
1790213828962,3300,0.1487,0.0101
1790213829012,3301,0.2053,0.0860
1790213829062,3302,0.7563,0.6532
1790213829112,3303,0.1891,0.0771
1790213829162,3304,0.1450,0.0362
1790213829212,3305,0.1409,0.0120
1790213829263,3306,0.1047,0.0066
1790213829313,3307,0.1548,0.0555
1790213829363,3308,0.0987,0.0340
1790213829413,3309,0.1159,0.0068
1790213829462,3310,0.1028,0.0074
1790213829513,3311,0.0936,0.0054
1790213829562,3312,0.1716,0.0737
1790213829612,3313,0.6479,0.8320
1790213829663,3314,0.1666,0.0666
1790213829713,3315,0.1439,0.0386
1790213829763,3316,0.1441,0.0082
1790213829812,3317,0.1200,0.0079
1790213829863,3318,0.1513,0.0525
1790213829912,3319,0.1255,0.0361
1790213829963,3320,0.1316,0.0081
1790213830013,3321,0.1054,0.0055
1790213830063,3322,0.3642,0.0831
1790213830113,3323,0.5702,0.4699
1790213830163,3324,0.2025,0.0922
1790213830213,3325,0.1495,0.0375
1790213830264,3326,0.1558,0.0127
1790213830313,3327,0.1436,0.0104
1790213830362,3328,0.2261,0.0883
1790213830413,3329,0.1921,0.0411
1790213830463,3330,0.1552,0.0106
1790213830512,3331,0.1636,0.0084
1790213830563,3332,0.2106,0.0782
1790213830613,3333,1.0888,0.9781
1790213830663,3334,0.1518,0.0552
1790213830714,3335,0.1519,0.0296
1790213830763,3336,0.2028,0.0120
1790213830813,3337,0.1494,0.0110
1790213830862,3338,0.1888,0.0526
1790213830913,3339,0.1505,0.0396
1790213830963,3340,0.1637,0.0112
1790213831013,3341,0.1538,0.0095
1790213831063,3342,0.2343,0.0870
1790213831112,3343,0.7033,0.5525
1790213831163,3344,0.1928,0.0766
1790213831212,3345,0.1679,0.0863
1790213831262,3346,0.3129,0.0132
1790213831313,3347,0.1998,0.0125
1790213831363,3348,0.1922,0.0519
1790213831413,3349,0.2002,0.0606
1790213831463,3350,0.1509,0.0097
1790213831513,3351,0.2289,0.0143
1790213831563,3352,0.2522,0.0974
1790213831613,3353,1.0802,0.9305
1790213831663,3354,0.1870,0.0913
1790213831713,3355,0.1502,0.0407
1790213831762,3356,0.1950,0.0551
1790213831813,3357,0.1467,0.0094
1790213831862,3358,0.1804,0.0483
1790213831913,3359,0.1278,0.0322
1790213831963,3360,0.1296,0.0068
1790213832013,3361,0.1138,0.0083
1790213832062,3362,0.1789,0.0661
1790213832113,3363,0.5261,0.4467
1790213832163,3364,0.1552,0.0701
1790213832212,3365,0.1312,0.0302
1790213832263,3366,0.1061,0.0161
1790213832312,3367,0.2508,0.1393
1790213832362,3368,0.1492,0.0447
1790213832412,3369,0.1395,0.0328
1790213832462,3370,0.1238,0.0066
1790213832513,3371,0.1162,0.0080
1790213832563,3372,0.2126,0.0800
1790213832613,3373,0.6083,0.4687
1790213832663,3374,0.1495,0.0524
1790213832713,3375,0.1365,0.0281
1790213832763,3376,0.1422,0.0107
1790213832814,3377,0.1553,0.0102
1790213832862,3378,0.1903,0.0519
1790213832912,3379,0.1461,0.0374
1790213832962,3380,0.1548,0.0080
1790213833013,3381,0.1021,0.0081
1790213833062,3382,0.2206,0.0840
1790213833113,3383,0.6406,0.5242
1790213833162,3384,0.1866,0.0718
1790213833212,3385,0.1362,0.0330
1790213833262,3386,0.1400,0.0107
1790213833312,3387,0.1052,0.0059
1790213833362,3388,0.1423,0.0477
1790213833413,3389,0.0931,0.0314
1790213833463,3390,0.1362,0.0079
1790213833512,3391,0.1367,0.0099
1790213833562,3392,0.1972,0.0710
1790213833613,3393,0.6021,0.4840
1790213833663,3394,0.1881,0.0716
1790213833713,3395,0.1518,0.0356
1790213833763,3396,0.1988,0.0128
1790213833813,3397,0.1529,0.0100
1790213833863,3398,0.1938,0.0542
1790213833913,3399,0.1479,0.0359
1790213833963,3400,0.1376,0.0074
1790213834012,3401,0.1171,0.0085
1790213834063,3402,0.2061,0.0751
1790213834112,3403,0.5576,0.4542
1790213834162,3404,0.1645,0.0639
1790213834213,3405,0.1296,0.0337
1790213834262,3406,0.1355,0.0101
1790213834312,3407,0.1170,0.0056
1790213834362,3408,0.1425,0.0462
1790213834413,3409,0.1087,0.0321
1790213834463,3410,0.1304,0.0073
1790213834513,3411,0.1136,0.0081
1790213834563,3412,0.1700,0.0623
1790213834613,3413,0.6873,0.5429
1790213834663,3414,0.1281,0.0588
1790213834712,3415,0.1169,0.0250
1790213834763,3416,0.1400,0.0098
1790213834813,3417,0.1212,0.0070
1790213834862,3418,0.1662,0.0500
1790213834913,3419,0.1240,0.0332
1790213834962,3420,0.1706,0.0096
1790213835013,3421,0.1584,0.0116
1790213835062,3422,0.2361,0.0843
1790213835112,3423,0.8535,0.5215
1790213835162,3424,0.1904,0.0775
1790213835213,3425,0.1467,0.0392
1790213835263,3426,0.1541,0.0118
1790213835313,3427,0.1428,0.0094
1790213835362,3428,0.1938,0.0520
1790213835412,3429,0.1420,0.0397
1790213835462,3430,0.1479,0.0098
1790213835512,3431,0.1475,0.0102
1790213835563,3432,0.1498,0.0089
1790213835613,3433,0.6112,0.2341
1790213835663,3434,0.7096,0.8795
1790213835713,3435,0.1870,0.0867
1790213835762,3436,0.1572,0.0430
1790213835812,3437,0.8161,0.0089
1790213835863,3438,0.1399,0.0105
1790213835912,3439,0.1610,0.0499
1790213835963,3440,0.1462,0.0393
1790213836012,3441,0.1235,0.0086
1790213836063,3442,0.1236,0.0075
1790213836119,3443,5.5412,3.7524
1790213836162,3444,0.1860,0.1222
1790213836213,3445,0.2778,0.1425
1790213836263,3446,0.1454,0.0721
1790213836313,3447,0.1610,0.0454
1790213836363,3448,0.0952,0.0320
1790213836413,3449,0.1633,0.0641
1790213836463,3450,0.1162,0.1718
1790213836512,3451,0.1174,0.0086
1790213836563,3452,0.0973,0.0058
1790213836613,3453,0.4133,0.2784
1790213836662,3454,0.7228,0.7042
1790213836713,3455,0.1616,0.0092
1790213836762,3456,0.1480,0.0088
1790213836812,3457,0.1468,0.0154
1790213836863,3458,0.1373,0.0102
1790213836913,3459,0.1112,0.0067
1790213836963,3460,0.1690,0.0072
1790213837013,3461,0.1122,0.0086
1790213837062,3462,0.0992,0.0057
1790213837114,3463,2.2450,2.0601
1790213837163,3464,0.1620,0.0901
1790213837213,3465,0.2250,0.0838
1790213837263,3466,0.1058,0.1183
1790213837312,3467,0.1529,0.0195
1790213837362,3468,0.1349,0.0096
1790213837412,3469,0.1719,0.0805
1790213837462,3470,0.1107,0.1153
1790213837513,3471,0.1069,0.0059
1790213837562,3472,0.1044,0.0076
1790213837612,3473,0.2503,0.1452
1790213837663,3474,0.6928,0.6974
1790213837713,3475,0.1340,0.0094
1790213837763,3476,0.1432,0.0077
1790213837812,3477,0.1216,0.0139
1790213837863,3478,0.1141,0.0062
1790213837913,3479,0.1514,0.0118
1790213837963,3480,0.1442,0.0079
1790213838013,3481,0.1234,0.0076
1790213838063,3482,0.0999,0.0057
1790213838115,3483,2.0928,1.8810
1790213838163,3484,0.2829,0.1933
1790213838213,3485,0.3347,0.1943
1790213838262,3486,0.2537,0.2337
1790213838312,3487,0.2768,0.1376
1790213838363,3488,0.2065,0.0869
1790213838413,3489,0.2868,0.1655
1790213838462,3490,0.2661,0.2144
1790213838513,3491,0.2349,0.1081
1790213838562,3492,0.2346,0.1054
1790213838613,3493,0.2263,0.1013
1790213838662,3494,0.3150,0.1795
1790213838713,3495,0.7780,2.8380
1790213838763,3496,0.1451,0.0368
1790213838812,3497,0.1406,0.0160
1790213838863,3498,0.1054,0.0067
1790213838913,3499,0.1064,0.0069
1790213838962,3500,0.1241,0.0071
1790213839012,3501,0.1417,0.0088
1790213839062,3502,0.1260,0.0078
1790213839113,3503,0.1338,0.0115
1790213839164,3504,2.5078,2.2922
1790213839212,3505,0.1633,0.1445
1790213839263,3506,0.1702,0.0651
1790213839312,3507,0.1228,0.1562
1790213839362,3508,0.1033,0.0052
1790213839412,3509,0.0954,0.0100
1790213839463,3510,0.1839,0.0759
1790213839512,3511,0.1173,0.0934
1790213839562,3512,0.1405,0.0102
1790213839613,3513,0.1377,0.0103
1790213839662,3514,0.2673,0.1423
1790213839713,3515,0.6007,0.5361
1790213839762,3516,0.1455,0.0088
1790213839812,3517,0.1133,0.0070
1790213839863,3518,0.1004,0.0131
1790213839913,3519,0.1459,0.0076
1790213839962,3520,0.1264,0.0123
1790213840013,3521,0.1046,0.0060
1790213840063,3522,0.0861,0.0051
1790213840113,3523,0.3240,0.0107
1790213840164,3524,1.8601,1.6828
1790213840212,3525,0.1431,0.0925
1790213840263,3526,0.1644,0.0535
1790213840313,3527,0.0974,0.0771
1790213840363,3528,0.1447,0.0094
1790213840412,3529,0.1477,0.0118
1790213840462,3530,0.3462,0.2046
1790213840513,3531,0.1341,0.2015
1790213840563,3532,0.1524,0.0072
1790213840612,3533,0.1207,0.0083
1790213840662,3534,0.3650,0.2194
1790213840712,3535,0.7999,0.7443
1790213840763,3536,0.1528,0.0089
1790213840813,3537,0.1455,0.0091
1790213840863,3538,0.1508,0.0162
1790213840913,3539,0.1278,0.0077
1790213840962,3540,0.1370,0.0080
1790213841012,3541,0.1168,0.0070
1790213841062,3542,0.1060,0.0066
1790213841112,3543,0.1092,0.0066
1790213841163,3544,1.9691,1.7565
1790213841212,3545,0.1568,0.0885
1790213841263,3546,0.2284,0.0865
1790213841313,3547,0.1415,0.0998
1790213841363,3548,0.1402,0.0094
1790213841412,3549,0.1408,0.0089
1790213841462,3550,0.3062,0.1684
1790213841512,3551,0.1452,0.1122
1790213841563,3552,0.1472,0.0092
1790213841613,3553,0.1380,0.0108
1790213841662,3554,0.2851,0.1633
1790213841713,3555,0.5671,0.4912
1790213841763,3556,0.1444,0.0093
1790213841813,3557,0.1448,0.0093
1790213841862,3558,0.2094,0.0214
1790213841913,3559,0.1883,0.0518
1790213841962,3560,0.1657,0.0417
1790213842013,3561,0.1508,0.0101
1790213842063,3562,0.1467,0.0098
1790213842113,3563,0.1465,0.0092
1790213842163,3564,0.1447,0.0121
1790213842214,3565,1.8253,1.6411
1790213842263,3566,0.1724,0.1003
1790213842312,3567,0.2120,0.0790
1790213842363,3568,0.1415,0.0963
1790213842413,3569,0.0945,0.0065
1790213842463,3570,0.1118,0.0101
1790213842513,3571,0.1900,0.0794
1790213842563,3572,0.1176,0.1037
1790213842612,3573,0.1126,0.0081
1790213842663,3574,0.2639,0.1730
1790213842713,3575,0.2755,0.1416
1790213842763,3576,0.5558,0.4822
1790213842813,3577,0.1244,0.0069
1790213842863,3578,0.1098,0.0054
1790213842913,3579,0.1248,0.0153
1790213842962,3580,0.1485,0.0084
1790213843012,3581,0.1146,0.0069
1790213843063,3582,0.1666,0.0074
1790213843112,3583,0.1560,0.0074
1790213843163,3584,0.1235,0.0124
1790213843214,3585,1.9002,1.7265
1790213843262,3586,0.1844,0.1170
1790213843313,3587,0.1951,0.1009
1790213843363,3588,0.1667,0.1216
1790213843412,3589,0.1683,0.0603
1790213843463,3590,0.2012,0.0752
1790213843514,3591,0.2502,0.1423
1790213843563,3592,0.2077,0.2117
1790213843612,3593,0.1547,0.0516
1790213843662,3594,0.1478,0.0597
1790213843713,3595,0.2862,0.1488
1790213843762,3596,0.5102,0.4463
1790213843813,3597,0.1241,0.0058
1790213843863,3598,0.1054,0.0058
1790213843912,3599,0.1051,0.0150
1790213843963,3600,0.1435,0.0077
1790213844012,3601,0.1453,0.0090
1790213844063,3602,0.1210,0.0075
1790213844112,3603,0.1137,0.0072
1790213844162,3604,0.1064,0.0069
1790213844214,3605,1.8892,1.7404
1790213844263,3606,0.1718,0.0739
1790213844313,3607,0.2152,0.0871
1790213844363,3608,0.1235,0.0945
1790213844412,3609,0.1316,0.0073
1790213844463,3610,0.1447,0.0077
1790213844513,3611,0.1986,0.0927
1790213844563,3612,0.1721,0.0824
1790213844612,3613,0.1101,0.0065
1790213844663,3614,0.0936,0.0074
1790213844713,3615,0.3020,0.1717
1790213844762,3616,0.5344,0.4702
1790213844813,3617,0.1151,0.0055
1790213844862,3618,0.1048,0.0050
1790213844912,3619,0.1269,0.0161
1790213844963,3620,0.1399,0.0068
1790213845013,3621,0.1242,0.0071
1790213845062,3622,0.1137,0.0068
1790213845113,3623,0.1440,0.0085
1790213845163,3624,0.3507,0.0105
1790213845214,3625,1.7938,1.6440
1790213845263,3626,0.1305,0.0799
1790213845313,3627,0.1990,0.0787
1790213845363,3628,0.1340,0.1655
1790213845413,3629,0.1457,0.0094
1790213845462,3630,0.1435,0.0085
1790213845513,3631,0.2515,0.0976
1790213845563,3632,0.1478,0.1455
1790213845613,3633,0.1629,0.0105
1790213845663,3634,0.1500,0.0118
1790213845713,3635,0.2889,0.1472
1790213845763,3636,0.5349,0.4671
1790213845812,3637,0.9698,0.0081
1790213845862,3638,0.1260,0.0068
1790213845912,3639,0.1112,0.0154
1790213845963,3640,0.1251,0.0070
1790213846012,3641,0.1309,0.0083
1790213846062,3642,0.1093,0.0064
1790213846114,3643,1.7773,0.0095
1790213846162,3644,0.1309,0.0070
1790213846212,3645,0.1495,0.0131
1790213846263,3646,0.1254,0.0075
1790213846313,3647,0.1003,0.0084
1790213846363,3648,0.1002,0.0058
1790213846413,3649,0.1456,0.0110
1790213846463,3650,0.1359,0.0079
1790213846513,3651,0.1410,0.0117
1790213846562,3652,0.1304,0.0076
1790213846613,3653,0.1400,0.0101
1790213846662,3654,0.1256,0.0096
1790213846712,3655,0.1391,0.0109
1790213846763,3656,0.1486,0.0100
1790213846812,3657,0.1349,0.0079
1790213846863,3658,0.1114,0.0069
1790213846913,3659,0.1457,0.0485
1790213846962,3660,0.1236,0.0314
1790213847013,3661,0.1378,0.0085
1790213847062,3662,0.1123,0.0068
1790213847113,3663,0.1109,0.0087
1790213847163,3664,0.1157,0.0067
1790213847213,3665,0.1070,0.0101
1790213847263,3666,0.1019,0.0055
1790213847312,3667,0.1300,0.0114
1790213847363,3668,0.1063,0.0065
1790213847413,3669,0.0930,0.0072
1790213847463,3670,0.1324,0.0079
1790213847513,3671,0.1167,0.0099
1790213847562,3672,0.1300,0.0080
1790213847613,3673,0.1396,0.0104
1790213847662,3674,0.4749,0.3434
1790213847713,3675,0.1426,0.0104
1790213847762,3676,0.1458,0.0083
1790213847813,3677,0.1426,0.0090
1790213847863,3678,0.1461,0.0088
1790213847913,3679,0.1004,0.0056
1790213847963,3680,0.1397,0.0069
1790213848013,3681,0.1080,0.0065
1790213848062,3682,0.1124,0.0065
1790213848113,3683,0.1210,0.0094
1790213848163,3684,0.1043,0.0065
1790213848214,3685,0.1074,0.0080
1790213848263,3686,0.1000,0.0054
1790213848312,3687,0.0787,0.0046
1790213848362,3688,0.0813,0.0049
1790213848412,3689,0.1171,0.0079
1790213848462,3690,0.1416,0.0085
1790213848512,3691,0.1286,0.0079
1790213848562,3692,0.1307,0.0088
1790213848613,3693,0.1403,0.0085
1790213848663,3694,0.1584,0.0125
1790213848713,3695,0.1541,0.0096
1790213848762,3696,0.1514,0.0099
1790213848812,3697,0.1507,0.0099
1790213848862,3698,0.1510,0.0094
1790213848913,3699,0.1902,0.0127
1790213848962,3700,0.1641,0.0094
1790213849012,3701,0.1473,0.0091
1790213849062,3702,0.1457,0.0092
1790213849113,3703,0.1404,0.0087
1790213849162,3704,0.1441,0.0110
1790213849213,3705,0.1457,0.0092
