epoch_ms,online_tick,tick_ms,engine_ms
1790164300735,1,14.8444,0.4990
1790164300779,2,0.6869,0.0274
1790164300830,3,14.2347,0.0262
1790164300869,4,4.8703,0.0255
1790164300922,5,6.1708,0.0296
1790164300971,6,4.9772,0.0258
1790164301020,7,5.8412,0.0317
1790164301070,8,5.1191,0.0367
1790164301116,9,0.7008,0.0316
1790164301170,10,5.8682,0.0298
1790164301216,11,0.9419,0.0270
1790164301266,12,0.9547,0.0294
1790164301315,13,0.8143,0.0301
1790164301366,14,0.6666,0.0284
1790164301415,15,0.9212,0.0291
1790164301465,16,0.8353,0.0304
1790164301516,17,0.6308,0.0267
1790164301565,18,0.6376,0.0277
1790164301615,19,0.6108,0.0282
1790164301666,20,1.1146,0.0254
1790164301715,21,0.5259,0.0245
1790164301765,22,0.5410,0.0208
1790164301815,23,0.6141,0.0242
1790164301865,24,0.5759,0.0270
1790164301916,25,0.4643,0.0221
1790164301965,26,0.5742,0.0236
1790164302016,27,0.7578,0.0288
1790164302066,28,0.6457,0.0212
1790164302116,29,0.6063,0.0281
1790164302165,30,0.5833,0.0250
1790164302215,31,0.5130,0.0228
1790164302265,32,0.3955,0.0165
1790164302316,33,0.4053,0.0149
1790164302365,34,0.3688,0.0132
1790164302416,35,0.7074,0.0253
1790164302465,36,0.3895,0.0223
1790164302516,37,0.5060,0.0281
1790164302565,38,0.4830,0.0266
1790164302616,39,0.4781,0.0271
1790164302665,40,0.3575,0.0183
1790164302716,41,0.5799,0.0221
1790164302765,42,0.3241,0.0153
1790164302815,43,0.7366,0.0185
1790164302865,44,0.3700,0.0162
1790164302917,45,1.0924,0.0400
1790164302966,46,0.4491,0.0312
1790164303016,47,0.3734,0.0331
1790164303065,48,0.3819,0.0183
1790164303115,49,0.5050,0.0265
1790164303165,50,0.4742,0.0276
1790164303215,51,0.3635,0.0208
1790164303265,52,0.3127,0.0183
1790164303315,53,0.2743,0.0147
1790164303365,54,0.4511,0.0264
1790164303416,55,0.4031,0.0246
1790164303465,56,0.3557,0.0181
1790164303516,57,0.3550,0.0177
1790164303565,58,0.3357,0.0167
1790164303616,59,0.4502,0.0255
1790164303665,60,0.3468,0.0175
1790164303715,61,0.4419,0.0257
1790164303765,62,0.3012,0.0163
1790164303816,63,0.2932,0.0184
1790164303865,64,0.3694,0.0187
1790164303916,65,0.3962,0.0161
1790164303965,66,0.2950,0.0144
1790164304016,67,0.3523,0.0199
1790164304066,68,0.2954,0.0175
1790164304115,69,0.4385,0.0232
1790164304165,70,0.4590,0.0266
1790164304215,71,0.3552,0.0196
1790164304265,72,0.2728,0.0142
1790164304316,73,0.2341,0.0134
1790164304365,74,0.2435,0.0135
1790164304415,75,0.2650,0.0143
1790164304465,76,0.4080,0.0208
1790164304515,77,0.5100,0.0293
1790164304566,78,0.3093,0.0171
1790164304615,79,0.3765,0.0263
1790164304666,80,0.3783,0.0176
1790164304715,81,0.5048,0.0246
1790164304765,82,0.2336,0.0146
1790164304816,83,0.2481,0.0199
1790164304865,84,0.2581,0.0179
1790164304915,85,0.2581,0.0163
1790164304966,86,0.3061,0.0148
1790164305015,87,0.5576,0.0271
1790164305065,88,0.2636,0.0195
1790164305115,89,0.3035,0.0242
1790164305165,90,0.3370,0.0267
1790164305216,91,0.3630,0.0273
1790164305265,92,0.4117,0.0290
1790164305315,93,0.3112,0.0243
1790164305365,94,0.2839,0.0224
1790164305415,95,0.3697,0.0302
1790164305465,96,0.3406,0.0284
1790164305515,97,0.2083,0.0158
1790164305565,98,0.2211,0.0171
1790164305615,99,0.2262,0.0173
1790164305665,100,0.2451,0.0177
1790164305715,101,0.2458,0.0177
1790164305765,102,0.4175,0.0142
1790164305816,103,0.1662,0.0127
1790164305865,104,0.2055,0.0148
1790164305916,105,0.2343,0.0161
1790164305965,106,0.2298,0.0152
1790164306017,107,0.2927,0.0222
1790164306066,108,0.2659,0.0211
1790164306115,109,0.2874,0.0241
1790164306165,110,0.3610,0.0273
1790164306215,111,0.2477,0.0178
1790164306266,112,0.2605,0.0195
1790164306315,113,0.1914,0.0152
1790164306365,114,0.1835,0.0129
1790164306415,115,0.1878,0.0132
1790164306728,116,1.4279,0.0364
1790164306728,117,0.1750,0.0095
1790164306732,118,4.1955,4.1387
1790164306733,119,0.2839,0.0215
1790164306733,120,0.1328,0.0102
1790164306734,121,0.2299,0.0302
1790164306765,122,0.5547,0.1734
1790164306816,123,0.3995,0.0322
1790164306865,124,0.5457,0.1745
1790164306915,125,0.4389,0.0313
1790164306965,126,0.3806,0.0284
1790164307015,127,0.2499,0.0279
1790164307066,128,0.8718,0.0322
1790164307115,129,0.5025,0.0312
1790164307166,130,0.6352,0.2413
1790164307215,131,0.2138,0.0185
1790164307266,132,0.1979,0.0145
1790164307315,133,0.1474,0.0143
1790164307366,134,0.3449,0.2160
1790164307415,135,0.2016,0.0185
1790164307466,136,0.3939,0.0298
1790164307515,137,0.2978,0.0296
1790164307565,138,0.2737,0.0270
1790164307616,139,0.2122,0.0195
1790164307665,140,0.1780,0.0147
1790164307716,141,0.3406,0.0321
1790164307765,142,0.2986,0.0297
1790164307815,143,0.2511,0.0172
1790164307865,144,0.6050,0.1998
1790164307915,145,0.4304,0.0227
1790164307965,146,0.5421,0.1963
1790164308016,147,0.2704,0.0161
1790164308066,148,0.4524,0.1552
1790164308115,149,0.3395,0.0285
1790164308166,150,0.3725,0.0277
1790164308215,151,0.2879,0.0169
1790164308265,152,0.2582,0.0142
1790164308316,153,0.1621,0.0118
1790164308365,154,0.3037,0.1491
1790164308415,155,0.1666,0.0120
1790164308466,156,0.2707,0.0183
1790164308516,157,0.1934,0.0150
1790164308565,158,0.4921,0.1890
1790164308615,159,0.3650,0.0195
1790164308665,160,0.3010,0.0216
1790164308716,161,0.2905,0.0226
1790164308765,162,0.4839,0.1597
1790164308816,163,0.3573,0.0296
1790164308865,164,0.4927,0.2013
1790164308916,165,0.3254,0.0257
1790164308966,166,0.4656,0.0271
1790164309015,167,0.2995,0.0236
1790164309065,168,0.3144,0.0249
1790164309115,169,0.3376,0.0274
1790164309165,170,0.4616,0.0358
1790164309215,171,0.3465,0.0203
1790164309265,172,0.4181,0.0188
1790164309315,173,0.3242,0.0144
1790164309365,174,0.4148,0.2547
1790164309416,175,0.1776,0.0125
1790164309465,176,0.2909,0.1170
1790164309516,177,0.1743,0.0122
1790164309566,178,0.3504,0.0269
1790164309615,179,0.3168,0.0184
1790164309665,180,0.2987,0.0147
1790164309716,181,0.4396,0.0321
1790164309765,182,0.1929,0.0189
1790164309815,183,0.1975,0.0145
1790164309865,184,0.2597,0.1277
1790164309915,185,0.1592,0.0155
1790164309966,186,0.3533,0.1990
1790164310016,187,0.1518,0.0136
1790164310065,188,0.1446,0.0128
1790164310115,189,0.2768,0.0295
1790164310165,190,0.4265,0.1777
1790164310216,191,0.2353,0.0265
1790164310266,192,0.2184,0.0219
1790164310315,193,0.2133,0.0308
1790164310365,194,0.2611,0.1238
1790164310415,195,0.1630,0.0134
1790164310465,196,0.1660,0.0149
1790164310515,197,0.1589,0.0124
1790164310565,198,0.1822,0.0149
1790164310615,199,0.1638,0.0133
1790164310665,200,0.2638,0.0188
1790164310716,201,0.3313,0.0229
1790164310765,202,0.5897,0.2287
1790164310815,203,0.2951,0.0297
1790164310869,204,4.4578,0.1456
1790164310916,205,0.3647,0.0246
1790164310967,206,2.1139,0.0293
1790164311015,207,0.7866,0.0298
1790164311068,208,2.0890,0.0249
1790164311116,209,1.0839,0.0280
1790164311166,210,0.4946,0.1941
1790164311215,211,0.2242,0.0180
1790164311266,212,0.1988,0.0141
1790164311315,213,0.1770,0.0148
1790164311365,214,0.3715,0.2212
1790164311422,215,7.8634,7.7133
1790164311469,216,2.2659,0.2943
1790164311520,217,1.1282,9.8964
1790164311576,218,7.9828,33.0692
1790164311615,219,0.4720,0.2819
1790164311667,220,0.5146,0.0361
1790164311718,221,0.6924,0.0619
1790164311765,222,0.4793,0.0372
1790164311816,223,0.5275,0.0804
1790164311872,224,4.9404,4.5189
1790164311920,225,0.7063,0.0680
1790164311971,226,4.1348,0.0335
1790164312017,227,0.4362,0.0403
1790164312067,228,0.8065,0.1933
1790164312116,229,0.3378,4.1969
1790164312165,230,0.6523,1.2186
1790164312216,231,0.3103,0.0293
1790164312265,232,0.2692,0.0250
1790164312316,233,0.2461,0.0246
1790164312366,234,0.7004,0.4785
1790164312415,235,0.1654,0.0128
1790164312465,236,0.1860,0.0430
1790164312515,237,0.1317,0.0136
1790164312566,238,0.2061,0.0747
1790164312615,239,0.2143,0.0874
1790164312665,240,0.2959,0.0199
1790164312715,241,0.2857,0.0162
1790164312765,242,0.2632,0.0162
1790164312816,243,0.2045,0.0166
1790164312865,244,0.3980,0.2208
1790164312916,245,0.2601,0.0200
1790164312965,246,0.4279,0.2092
1790164313017,247,0.1554,0.0119
1790164313066,248,0.3451,0.1829
1790164313115,249,0.2402,0.0182
1790164313165,250,0.3101,0.0193
1790164313215,251,0.1691,0.0138
1790164313265,252,0.1598,0.0128
1790164313315,253,0.1530,0.0122
1790164313365,254,0.3217,0.1805
1790164313415,255,0.1800,0.0309
1790164313465,256,0.1946,0.0172
1790164313515,257,0.1790,0.0203
1790164313565,258,0.2956,0.1559
1790164313615,259,0.1678,0.0125
1790164313666,260,0.2090,0.0130
1790164313715,261,0.1833,0.0138
1790164313765,262,0.3344,0.1737
1790164313816,263,0.1577,0.0112
1790164313865,264,0.2923,0.1643
1790164313916,265,0.1915,0.0129
1790164313965,266,0.1746,0.0118
1790164314016,267,0.1725,0.0117
1790164314065,268,0.2098,0.0143
1790164314115,269,0.2829,0.0187
1790164314165,270,0.2831,0.0205
1790164314216,271,0.2600,0.0195
1790164314265,272,0.2552,0.0206
1790164314316,273,0.2649,0.0206
1790164314365,274,0.5268,0.2991
1790164314416,275,0.2665,0.0249
1790164314465,276,0.4230,0.1856
1790164314515,277,0.2651,0.0211
1790164314566,278,0.2620,0.0201
1790164314616,279,0.3269,0.0237
1790164314665,280,0.2939,0.0224
1790164314715,281,0.2837,0.0213
1790164314765,282,0.2580,0.0202
1790164314816,283,0.2595,0.0204
1790164314865,284,0.4241,0.1866
1790164314916,285,0.2766,0.0218
1790164314965,286,0.5439,0.3023
1790164315015,287,0.2919,0.0231
1790164315065,288,0.2726,0.0203
1790164315115,289,0.2585,0.0201
1790164315166,290,0.5913,0.3422
1790164315215,291,0.2484,0.0194
1790164315265,292,0.1895,0.0142
1790164315316,293,0.2670,0.0213
1790164315365,294,0.4475,0.2095
1790164315415,295,0.2044,0.0123
1790164315466,296,0.2845,0.0176
1790164315515,297,0.1722,0.0138
1790164315565,298,0.1895,0.0139
1790164315615,299,0.1771,0.0119
1790164315665,300,0.1748,0.0114
1790164315715,301,0.3242,0.0210
1790164315766,302,0.6150,0.1501
1790164315816,303,0.1771,0.0154
1790164315865,304,0.2804,0.1289
1790164315915,305,0.1566,0.0135
1790164315966,306,0.2241,0.0162
1790164316016,307,0.1315,0.0112
1790164316065,308,0.1565,0.0139
1790164316116,309,0.2189,0.0170
1790164316165,310,0.3562,0.1374
1790164316216,311,0.2190,0.0185
1790164316265,312,0.1658,0.0134
1790164316316,313,0.1514,0.0132
1790164316366,314,0.3086,0.1781
1790164316417,315,1.7641,1.6209
1790164316465,316,0.2618,9.9282
1790164316516,317,0.2406,0.0214
1790164316565,318,0.4013,0.1817
1790164316616,319,0.2518,0.0219
1790164316665,320,0.3079,0.0252
1790164316716,321,0.2719,0.0242
1790164316765,322,0.6470,0.4166
1790164316816,323,0.2706,0.0206
1790164316865,324,0.4938,0.2662
1790164316915,325,0.2469,0.0215
1790164316965,326,0.2388,0.0202
1790164317015,327,0.1637,0.0156
1790164317066,328,0.4095,0.2801
1790164317116,329,0.8276,0.2669
1790164317166,330,0.3864,0.0289
1790164317215,331,0.3463,0.0258
1790164317265,332,0.3720,0.0266
1790164317315,333,0.3829,0.0304
1790164317365,334,0.7964,0.4731
1790164317415,335,0.3511,0.0254
1790164317466,336,0.7071,0.0831
1790164317517,337,0.3629,0.0268
1790164317571,338,0.3903,0.0256
1790164317616,339,0.6489,0.0676
1790164317665,340,0.3770,0.0274
1790164317716,341,0.3395,0.0263
1790164317765,342,0.3264,0.0255
1790164317815,343,0.3279,0.0253
1790164317866,344,0.7706,0.4530
1790164317915,345,0.3518,0.0274
1790164317965,346,0.3819,0.0269
1790164318015,347,0.3620,0.0283
1790164318065,348,0.6578,0.3022
1790164318115,349,0.3861,0.0261
1790164318165,350,0.3854,0.0253
1790164318217,351,2.6905,0.0314
1790164318266,352,0.2989,0.0234
1790164318316,353,0.4191,0.0270
1790164318365,354,0.6144,0.2873
1790164318416,355,0.3261,0.0409
1790164318465,356,0.3420,0.0251
1790164318515,357,0.2916,0.0246
1790164318565,358,0.3305,0.0244
1790164318615,359,0.3458,0.0260
1790164318666,360,0.3793,0.0272
1790164318715,361,0.3363,0.0261
1790164318766,362,0.4378,0.1671
1790164318815,363,0.3003,0.0242
1790164318865,364,0.6966,0.3182
1790164318915,365,0.3191,0.0256
1790164318965,366,0.3069,0.0233
1790164319015,367,0.3477,0.0276
1790164319065,368,0.3434,0.0672
1790164319116,369,0.2851,0.8182
1790164319165,370,0.2696,0.6919
1790164319215,371,0.2296,0.0196
1790164319265,372,0.1764,0.0147
1790164319315,373,0.2110,0.0179
1790164319365,374,0.4838,0.3313
1790164319415,375,0.1550,0.0118
1790164319465,376,0.2576,0.1173
1790164319515,377,0.1490,0.0115
1790164319566,378,0.1548,0.0117
1790164319615,379,0.1374,0.0104
1790164319666,380,0.1412,0.0096
1790164319715,381,0.1160,0.0089
1790164319765,382,0.1785,0.0143
1790164319815,383,0.2568,0.0181
1790164319865,384,0.5066,0.2734
1790164319916,385,0.2601,0.0128
1790164319965,386,0.3461,0.1182
1790164320016,387,0.2394,0.0238
1790164320065,388,0.2277,0.0230
1790164320116,389,0.2334,0.0236
1790164320165,390,0.3593,0.1435
1790164320216,391,0.1541,0.0141
1790164320265,392,0.1589,0.0152
1790164320316,393,0.1962,0.0189
1790164320365,394,0.3630,0.2193
1790164320415,395,0.1557,0.0129
1790164320466,396,0.1600,0.0128
1790164320515,397,0.1326,0.0113
1790164320565,398,0.1567,0.0139
1790164320615,399,0.1449,0.0114
1790164320665,400,0.1788,0.0111
1790164320715,401,0.1602,0.0149
1790164320765,402,0.2777,0.1346
1790164320815,403,0.4278,0.0149
1790164320865,404,0.3471,0.1847
1790164320915,405,0.1371,0.0106
1790164320966,406,0.1484,0.0107
1790164321015,407,0.1286,0.0106
1790164321065,408,0.1307,0.0114
1790164321116,409,0.2540,0.0259
1790164321165,410,0.4104,0.1913
1790164321216,411,0.2053,0.0177
1790164321265,412,0.1850,0.0164
1790164321316,413,0.1924,0.0190
1790164321365,414,0.4093,0.2424
1790164321416,415,0.5093,0.3479
1790164321466,416,0.2461,0.6205
1790164321515,417,0.2484,0.0402
1790164321566,418,0.3628,0.1546
1790164321616,419,0.2040,0.0205
1790164321666,420,0.2253,0.0176
1790164321715,421,0.2339,0.0209
1790164321765,422,0.2167,0.0228
1790164321815,423,0.2347,0.0242
1790164321865,424,0.2236,0.0227
1790164321916,425,0.2059,0.0195
1790164321966,426,0.1681,0.0154
1790164322015,427,0.1512,0.0137
1790164322065,428,0.1484,0.0128
1790164322116,429,0.2017,0.0186
1790164322165,430,0.3438,0.1382
1790164322216,431,0.2024,0.0185
1790164322265,432,0.1905,0.0171
1790164322315,433,0.1508,0.0138
1790164322366,434,0.1922,0.0180
1790164322415,435,0.1721,0.0149
1790164322465,436,0.1794,0.0160
1790164322516,437,0.1516,0.0144
1790164322565,438,0.1316,0.0119
1790164322616,439,0.1200,0.0111
1790164322665,440,0.1401,0.0096
1790164322716,441,0.1156,0.0091
1790164322765,442,0.1523,0.0121
1790164322815,443,0.1354,0.0094
1790164322865,444,0.2374,0.0189
1790164322915,445,0.1598,0.0133
1790164322966,446,0.3226,0.1431
1790164323015,447,0.1518,0.0113
1790164323065,448,0.2629,0.1208
1790164323116,449,0.2568,0.0226
1790164323165,450,0.2840,0.0239
1790164323215,451,0.1992,0.0192
1790164323265,452,0.1607,0.0151
1790164323315,453,0.1339,0.0119
1790164323365,454,0.1938,0.0171
1790164323416,455,0.1703,0.0198
1790164323465,456,0.1470,0.0136
1790164323516,457,0.1353,0.0121
1790164323565,458,0.2511,0.1330
1790164323615,459,0.1273,0.0101
1790164323665,460,0.1526,0.0099
1790164323716,461,0.1186,0.0097
1790164323765,462,0.2901,0.1375
1790164323816,463,0.1391,0.0116
1790164323865,464,0.2391,0.0178
1790164323915,465,0.1470,0.0110
1790164323967,466,0.1554,0.0124
1790164324016,467,0.1710,0.0116
1790164324066,468,0.3658,0.2324
1790164324115,469,0.4309,0.1971
1790164324165,470,0.3525,0.0266
1790164324215,471,0.2632,0.0257
1790164324265,472,0.2564,0.0255
1790164324316,473,0.2592,0.0271
1790164324365,474,0.5265,0.0292
1790164324415,475,0.2569,0.0960
1790164324467,476,0.3752,0.1399
1790164324516,477,0.2537,0.0230
1790164324565,478,0.2450,0.0918
1790164324616,479,0.2373,0.1176
1790164324665,480,0.2551,0.0641
1790164324716,481,0.2246,0.0185
1790164324765,482,0.2299,0.0210
1790164324815,483,0.2366,0.0206
1790164324867,484,1.0764,0.0221
1790164324915,485,0.3229,0.0269
1790164324965,486,0.2346,0.0217
1790164325015,487,0.2322,0.0217
1790164325065,488,0.2358,0.0220
1790164325115,489,0.2391,0.0234
1790164325166,490,0.3677,0.1324
1790164325215,491,0.2334,0.0204
1790164325266,492,0.2704,0.0216
1790164325315,493,0.2315,0.0225
1790164325365,494,0.2369,0.0227
1790164325415,495,0.2498,0.0246
1790164325465,496,0.3103,0.0239
1790164325515,497,0.2364,0.0231
1790164325565,498,0.2486,0.0256
1790164325615,499,0.2377,0.0228
1790164325666,500,0.2685,0.0232
1790164325715,501,0.2368,0.0241
1790164325765,502,0.2893,0.0245
1790164325815,503,0.3962,0.0211
1790164325865,504,0.2444,0.0221
1790164325915,505,0.2495,0.0225
1790164325965,506,0.2259,0.0217
1790164326015,507,0.2443,0.0220
1790164326066,508,0.2508,0.0324
1790164326115,509,0.2618,0.6100
1790164326165,510,0.2283,0.5715
1790164326215,511,0.2219,0.0178
1790164326266,512,0.3120,0.0498
1790164326315,513,0.2321,0.0605
1790164326366,514,0.2667,0.1439
1790164326415,515,0.6611,0.4821
1790164326466,516,0.1586,0.3657
1790164326516,517,0.1283,0.0055
1790164326565,518,0.2441,0.1094
1790164326615,519,0.1160,0.0048
1790164326665,520,0.1446,0.0061
1790164326716,521,0.1059,0.0048
1790164326765,522,0.1276,0.0068
1790164326816,523,0.1394,0.0080
1790164326866,524,0.1194,0.0068
1790164326916,525,0.1623,0.0080
1790164326965,526,0.1362,0.0072
1790164327015,527,0.1288,0.0068
1790164327065,528,0.1243,0.0068
1790164327115,529,0.1855,0.0099
1790164327165,530,0.3605,0.1569
1790164327216,531,0.1737,0.0094
1790164327265,532,0.1816,0.0097
1790164327316,533,0.1471,0.0097
1790164327365,534,0.1226,0.0076
1790164327415,535,0.1964,0.0111
1790164327465,536,0.1680,0.0100
1790164327515,537,0.1461,0.0086
1790164327565,538,0.1199,0.0082
1790164327616,539,0.1148,0.0082
1790164327665,540,0.1870,0.0080
1790164327716,541,0.1613,0.0073
1790164327765,542,0.1540,0.0084
1790164327815,543,0.1551,0.0089
1790164327865,544,0.1285,0.0083
1790164327915,545,0.2102,0.0108
1790164327966,546,0.3445,0.1581
1790164328016,547,0.1565,0.0088
1790164328065,548,0.2806,0.1251
1790164328115,549,0.2406,0.0141
1790164328165,550,0.2183,0.0112
1790164328215,551,0.1493,0.0097
1790164328265,552,0.1522,0.0094
1790164328315,553,0.1407,0.0089
1790164328365,554,0.1364,0.0087
1790164328415,555,0.1914,0.0433
1790164328465,556,0.2011,0.0115
1790164328516,557,0.1509,0.0097
1790164328565,558,0.2752,0.1352
1790164328615,559,0.1352,0.0088
1790164328666,560,0.1568,0.0077
1790164328716,561,0.1447,0.0081
1790164328765,562,0.2787,0.1342
1790164328815,563,0.1297,0.0080
1790164328865,564,0.1345,0.0071
1790164328915,565,0.1387,0.0079
1790164328965,566,0.2096,0.0104
1790164329015,567,0.2757,0.0132
1790164329066,568,0.2207,0.0133
1790164329115,569,0.2198,0.0127
1790164329165,570,0.2209,0.0129
1790164329215,571,0.1572,0.0108
1790164329265,572,0.2491,0.0133
1790164329315,573,0.2064,0.0176
1790164329366,574,0.3016,0.1398
1790164329415,575,0.1533,0.0100
1790164329465,576,0.3594,0.1367
1790164329516,577,0.1964,0.0112
1790164329565,578,0.1517,0.0094
1790164329615,579,0.1416,0.0092
1790164329665,580,0.1602,0.0085
1790164329716,581,0.1276,0.0079
1790164329765,582,0.1363,0.0092
1790164329815,583,0.1490,0.0087
1790164329865,584,0.1242,0.0081
1790164329915,585,0.1260,0.0077
1790164329966,586,0.2865,0.1355
1790164330015,587,0.1471,0.0085
1790164330066,588,0.1624,0.0087
1790164330115,589,0.2132,0.0123
1790164330165,590,0.3462,0.1368
1790164330215,591,0.1604,0.0099
1790164330265,592,0.1375,0.0086
1790164330316,593,0.1450,0.0091
1790164330365,594,0.1927,0.0112
1790164330415,595,0.2999,0.0095
1790164330466,596,0.1410,0.0095
1790164330515,597,0.1819,0.0109
1790164330565,598,0.1706,0.0098
1790164330615,599,0.1916,0.0092
1790164330665,600,0.1772,0.0088
1790164330717,601,2.1952,0.0091
1790164330766,602,0.2933,0.1307
1790164330816,603,0.2923,0.0099
1790164330865,604,0.1678,0.0093
1790164330915,605,0.1369,0.0081
1790164330965,606,0.1351,0.0079
1790164331015,607,0.1380,0.0085
1790164331065,608,0.4982,0.3690
1790164331115,609,0.6934,0.4628
1790164331166,610,0.3596,0.0149
1790164331215,611,0.2408,0.0127
1790164331266,612,0.2882,0.0144
1790164331315,613,0.2405,0.0146
1790164331365,614,0.2852,0.0141
1790164331415,615,0.6813,0.6278
1790164331465,616,0.2223,0.3610
1790164331515,617,0.2248,0.0127
1790164331566,618,0.2250,0.0126
1790164331615,619,0.2298,0.0127
1790164331666,620,0.2618,0.0148
1790164331715,621,0.2264,0.0140
1790164331765,622,0.2291,0.0139
1790164331815,623,0.2286,0.0125
1790164331866,624,0.2470,0.0137
1790164331916,625,0.2372,0.0138
1790164331965,626,0.2552,0.0138
1790164332016,627,0.2739,0.0139
1790164332065,628,0.2326,0.0139
1790164332115,629,0.2346,0.0144
1790164332166,630,0.2500,0.0129
1790164332215,631,0.2301,0.0132
1790164332265,632,0.2205,0.0138
1790164332316,633,0.2290,0.0127
1790164332365,634,0.2197,0.0124
1790164332416,635,0.2314,0.0135
1790164332465,636,0.2302,0.0152
1790164332515,637,0.2365,0.0126
1790164332566,638,0.2775,0.0118
1790164332616,639,0.2402,0.0140
1790164332666,640,0.2678,0.0127
1790164332715,641,0.3003,0.0137
1790164332766,642,0.2457,0.0127
1790164332815,643,0.2229,0.0134
1790164332865,644,0.2259,0.0137
1790164332915,645,0.2454,0.0135
1790164332965,646,0.2283,0.0133
1790164333015,647,0.2207,0.0127
1790164333066,648,0.8701,0.6296
1790164333115,649,0.2680,0.0610
1790164333165,650,0.2904,0.4064
1790164333215,651,0.1874,0.0109
1790164333265,652,0.1355,0.0094
1790164333316,653,0.1282,0.0086
1790164333365,654,0.1489,0.0095
1790164333415,655,0.1396,0.0140
1790164333465,656,0.1339,0.0087
1790164333516,657,0.1239,0.0085
1790164333565,658,0.3130,0.1374
1790164333616,659,0.1353,0.0089
1790164333666,660,0.1613,0.0086
1790164333716,661,0.1872,0.0123
1790164333765,662,0.3462,0.1443
1790164333815,663,0.1772,0.0115
1790164333865,664,0.1761,0.0108
1790164333916,665,0.1475,0.0099
1790164333965,666,0.1261,0.0096
1790164334015,667,0.1330,0.0091
1790164334066,668,0.1673,0.0107
1790164334116,669,0.2019,0.0122
1790164334166,670,0.1970,0.0114
1790164334215,671,0.1520,0.0097
1790164334265,672,0.1340,0.0086
1790164334315,673,0.1179,0.0082
1790164334365,674,0.3584,0.1775
1790164334415,675,0.1633,0.0088
1790164334465,676,0.2562,0.1234
1790164334515,677,0.1136,0.0074
1790164334567,678,0.1823,0.0102
1790164334615,679,0.1301,0.0088
1790164334665,680,0.1506,0.0145
1790164334715,681,0.1086,0.0077
1790164334765,682,0.1201,0.0076
1790164334815,683,0.1190,0.0078
1790164334865,684,0.1766,0.0102
1790164334915,685,0.1483,0.0080
1790164334965,686,0.3229,0.1362
1790164335016,687,0.1698,0.0104
1790164335065,688,0.1868,0.0102
1790164335116,689,0.2317,0.0154
1790164335165,690,0.3756,0.1443
1790164335215,691,0.2316,0.0138
1790164335266,692,0.1973,0.0114
1790164335315,693,0.1909,0.0114
1790164335366,694,0.1644,0.0106
1790164335416,695,0.1682,0.0100
1790164335465,696,0.1422,0.0098
1790164335515,697,0.2128,0.0128
1790164335566,698,0.2283,0.0157
1790164335615,699,0.2007,0.0121
1790164335665,700,0.1810,0.0100
1790164335715,701,0.1472,0.0098
1790164335766,702,0.2960,0.1441
1790164335815,703,0.1508,0.0103
1790164335865,704,0.2923,0.0091
1790164335915,705,0.1255,0.0088
1790164335966,706,0.1113,0.0079
1790164336015,707,0.1079,0.0078
1790164336065,708,0.1714,0.0085
1790164336115,709,0.2146,0.0133
1790164336165,710,0.2173,0.0126
1790164336215,711,0.1677,0.0108
1790164336265,712,0.1595,0.0103
1790164336315,713,0.1707,0.0088
1790164336365,714,0.2437,0.1295
1790164336415,715,0.3928,0.2500
1790164336465,716,0.1997,0.2808
1790164336515,717,0.1368,0.0077
1790164336565,718,0.2455,0.1322
1790164336616,719,0.1909,0.0100
1790164336665,720,0.1801,0.0095
1790164336715,721,0.1438,0.0086
1790164336766,722,0.1630,0.0103
1790164336815,723,0.1549,0.0094
1790164336865,724,0.2012,0.0124
1790164336915,725,0.1784,0.0106
1790164336965,726,0.2087,0.0127
1790164337015,727,0.1363,0.0094
1790164337066,728,0.2121,0.0144
1790164337115,729,0.2197,0.0140
1790164337165,730,0.3557,0.1442
1790164337215,731,0.2057,0.0123
1790164337265,732,0.1877,0.0110
1790164337315,733,0.1357,0.0094
1790164337365,734,0.1173,0.0081
1790164337416,735,0.1402,0.0089
1790164337466,736,0.1314,0.0088
1790164337515,737,0.1227,0.0082
1790164337565,738,0.1125,0.0074
1790164337615,739,0.1594,0.0095
1790164337666,740,0.1647,0.0082
1790164337715,741,0.1466,0.0086
1790164337765,742,0.1445,0.0084
1790164337816,743,0.1337,0.0079
1790164337865,744,0.1181,0.0067
1790164337915,745,0.1168,0.0058
1790164337965,746,0.2359,0.1314
1790164338015,747,0.3327,0.2241
1790164338066,748,0.4595,0.1480
1790164338115,749,0.4543,0.2213
1790164338166,750,0.2691,0.0134
1790164338215,751,0.2834,0.0136
1790164338265,752,0.2360,0.0146
1790164338315,753,0.2690,0.0145
1790164338365,754,0.2272,0.0135
1790164338416,755,0.2255,0.0177
1790164338465,756,0.2420,0.0141
1790164338515,757,0.2337,0.0137
1790164338565,758,0.2223,0.0130
1790164338616,759,0.2499,0.0981
1790164338665,760,0.2497,0.0124
1790164338715,761,0.2214,0.0123
1790164338765,762,0.3925,0.1479
1790164338815,763,0.2155,0.0123
1790164338865,764,0.2440,0.0126
1790164338915,765,0.2575,0.0124
1790164338965,766,0.2141,0.0143
1790164339015,767,0.2172,0.0132
1790164339065,768,0.2317,0.0117
1790164339116,769,0.2445,0.0903
1790164339166,770,0.2462,0.0135
1790164339215,771,0.2254,0.0125
1790164339266,772,0.2290,0.0135
1790164339315,773,0.2243,0.0138
1790164339366,774,0.2354,0.0131
1790164339415,775,0.2353,0.0147
1790164339465,776,0.4855,0.1852
1790164339516,777,0.2402,0.0141
1790164339565,778,0.2437,0.0135
1790164339616,779,0.2661,0.0139
1790164339666,780,0.2571,0.0143
1790164339715,781,0.2364,0.0145
1790164339766,782,0.3713,0.0156
1790164339816,783,0.2349,0.0145
1790164339865,784,0.2316,0.0139
1790164339915,785,0.2421,0.0137
1790164339966,786,0.2243,0.0127
1790164340016,787,1.8738,1.6549
1790164340065,788,0.1906,0.0485
1790164340115,789,0.2316,0.0246
1790164340165,790,0.3335,0.5523
1790164340216,791,0.1783,0.0099
1790164340265,792,0.1593,0.0094
1790164340316,793,0.1274,0.0081
1790164340366,794,0.1447,0.0082
1790164340415,795,0.1361,0.0079
1790164340465,796,0.1243,0.0078
1790164340515,797,0.1483,0.0091
1790164340565,798,0.1311,0.0076
1790164340615,799,0.1088,0.0073
1790164340666,800,0.2037,0.0104
1790164340715,801,0.1925,0.0112
1790164340765,802,0.3035,0.1486
1790164340816,803,0.1396,0.0091
1790164340865,804,0.1339,0.0082
1790164340915,805,0.2344,0.0078
1790164340965,806,0.1152,0.0081
1790164341016,807,0.1077,0.0075
1790164341065,808,0.1098,0.0071
1790164341115,809,0.2072,0.0127
1790164341166,810,0.2186,0.0125
1790164341216,811,0.1679,0.0106
1790164341266,812,0.1331,0.0098
1790164341315,813,0.1178,0.0087
1790164341365,814,0.2374,0.1330
1790164341415,815,0.4488,0.3435
1790164341465,816,0.1485,0.2677
1790164341515,817,0.1400,0.0076
1790164341565,818,0.2665,0.1403
1790164341615,819,0.1268,0.0073
1790164341666,820,0.1506,0.0066
1790164341716,821,0.1876,0.0098
1790164341765,822,0.1597,0.0092
1790164341815,823,0.1271,0.0079
1790164341866,824,0.1397,0.0081
1790164341915,825,0.1258,0.0076
1790164341966,826,0.1075,0.0071
1790164342016,827,0.1054,0.0071
1790164342065,828,0.1073,0.0068
1790164342115,829,0.2119,0.0125
1790164342166,830,0.3970,0.1637
1790164342215,831,0.1994,0.0121
1790164342266,832,0.1680,0.0102
1790164342315,833,0.1522,0.0093
1790164342366,834,0.1520,0.0101
1790164342416,835,0.1447,0.0090
1790164342466,836,0.1838,0.0111
1790164342515,837,0.2035,0.0130
1790164342566,838,0.1934,0.0120
1790164342615,839,0.1322,0.0100
1790164342665,840,0.1779,0.0128
1790164342716,841,0.1760,0.0109
1790164342765,842,0.1898,0.0129
1790164342816,843,0.1811,0.0114
1790164342867,844,0.2936,0.0140
1790164342916,845,0.1010,0.0052
1790164342965,846,0.2191,0.1286
1790164343015,847,0.1155,0.0061
1790164343065,848,0.3121,0.1303
1790164343116,849,0.2163,0.0128
1790164343165,850,0.2423,0.0129
1790164343216,851,0.2015,0.0120
1790164343266,852,0.1893,0.0119
1790164343315,853,0.1879,0.0115
1790164343366,854,0.1855,0.0115
1790164343415,855,0.1890,0.0261
1790164343465,856,0.1764,0.0103
1790164343515,857,0.1798,0.0111
1790164343566,858,0.2900,0.1350
1790164343615,859,0.1460,0.0091
1790164343665,860,0.1846,0.0094
1790164343715,861,0.1872,0.0102
1790164343765,862,0.3516,0.1451
1790164343815,863,0.2321,0.0137
1790164343865,864,0.2269,0.0121
1790164343915,865,0.1865,0.0115
1790164343965,866,0.2080,0.0124
1790164344015,867,0.1426,0.0099
1790164344065,868,0.1384,0.0091
1790164344115,869,0.2038,0.0124
1790164344165,870,0.2150,0.0122
1790164344215,871,0.1987,0.0121
1790164344265,872,0.1694,0.0104
1790164344315,873,0.1635,0.0107
1790164344365,874,0.2724,0.1379
1790164344415,875,0.1497,0.0089
1790164344465,876,0.2725,0.1386
1790164344516,877,0.1307,0.0081
1790164344565,878,0.1628,0.0094
1790164344615,879,0.1682,0.0101
1790164344665,880,0.1720,0.0083
1790164344715,881,0.1351,0.0080
1790164344765,882,0.2405,0.0150
1790164344816,883,0.2131,0.0131
1790164344865,884,0.2038,0.0113
1790164344916,885,0.1548,0.0105
1790164344965,886,0.6505,0.5204
1790164345015,887,0.2550,0.0132
1790164345066,888,0.2702,0.0127
1790164345115,889,0.6467,0.4283
1790164345165,890,0.4771,0.1348
1790164345216,891,0.2420,0.0128
1790164345265,892,0.2346,0.1341
1790164345315,893,0.2255,0.0579
1790164345365,894,0.2208,0.0844
1790164345415,895,0.2292,0.0119
1790164345466,896,0.3587,0.0145
1790164345515,897,0.2496,0.0864
1790164345565,898,0.2149,0.0125
1790164345616,899,0.2228,0.0138
1790164345665,900,0.2459,0.0132
1790164345716,901,0.2218,0.0136
1790164345765,902,0.3127,0.0129
1790164345816,903,0.2198,0.0127
1790164345866,904,0.2179,0.0134
1790164345915,905,0.2247,0.0129
1790164345966,906,0.3362,0.0131
1790164346016,907,0.2138,0.0122
1790164346065,908,0.2206,0.0127
1790164346115,909,0.5457,0.0132
1790164346165,910,0.2501,0.0138
1790164346215,911,0.2144,0.0126
1790164346265,912,0.2111,0.0125
1790164346316,913,0.2466,0.0126
1790164346365,914,0.2233,0.0135
1790164346415,915,0.4754,0.2590
1790164346465,916,0.2234,0.4056
1790164346515,917,0.2240,0.0134
1790164346566,918,0.5106,0.0128
1790164346616,919,0.2303,0.0126
1790164346665,920,0.2479,0.0141
1790164346715,921,0.2161,0.0129
1790164346765,922,0.2137,0.0128
1790164346815,923,0.2155,0.0137
1790164346865,924,0.2583,0.0127
1790164346915,925,0.2285,0.0128
1790164346965,926,0.7349,0.5446
1790164347016,927,0.2891,0.0409
1790164347065,928,0.1817,0.0109
1790164347115,929,0.6982,0.4587
1790164347165,930,0.3326,0.1804
1790164347215,931,0.1773,0.0114
1790164347266,932,0.1689,0.0103
1790164347316,933,0.1417,0.0099
1790164347365,934,0.1490,0.0089
1790164347415,935,0.1298,0.0088
1790164347467,936,0.1768,0.0105
1790164347515,937,0.1031,0.0071
1790164347565,938,0.1101,0.0077
1790164347615,939,0.1155,0.0071
1790164347665,940,0.1715,0.0062
1790164347715,941,0.0913,0.0054
1790164347766,942,0.0922,0.0058
1790164347815,943,0.1639,0.0095
1790164347866,944,0.1716,0.0097
1790164347916,945,0.1685,0.0088
1790164347965,946,0.2665,0.1323
1790164348015,947,0.1112,0.0076
1790164348065,948,0.2228,0.1084
1790164348115,949,0.1915,0.0122
1790164348165,950,0.2140,0.0115
1790164348215,951,0.1660,0.0107
1790164348265,952,0.1918,0.0114
1790164348315,953,0.1330,0.0089
1790164348366,954,0.1922,0.0121
1790164348416,955,0.2251,0.0206
1790164348466,956,0.2103,0.0131
1790164348515,957,0.2124,0.0130
1790164348565,958,0.3456,0.1465
1790164348616,959,0.2155,0.0135
1790164348665,960,0.2350,0.0117
1790164348715,961,0.1887,0.0117
1790164348765,962,0.2928,0.1346
1790164348815,963,0.1975,0.0120
1790164348865,964,0.2034,0.0119
1790164348915,965,0.1860,0.0110
1790164348966,966,0.1493,0.0096
1790164349015,967,0.1194,0.0090
1790164349065,968,0.1202,0.0086
1790164349115,969,0.1892,0.0126
1790164349166,970,0.2207,0.0131
1790164349215,971,0.2061,0.0132
1790164349265,972,0.1928,0.0124
1790164349315,973,0.1513,0.0100
1790164349365,974,0.2803,0.1508
1790164349415,975,0.1474,0.0096
1790164349466,976,0.2453,0.1171
1790164349515,977,0.1170,0.0081
1790164349565,978,0.1324,0.0085
1790164349615,979,0.1291,0.0087
1790164349665,980,0.1369,0.0078
1790164349715,981,0.0969,0.0070
1790164349765,982,0.1094,0.0071
1790164349815,983,0.2008,0.0128
1790164349866,984,0.1650,0.0113
1790164349915,985,0.2080,0.0125
1790164349965,986,0.4080,0.2326
1790164350015,987,0.1985,0.0121
1790164350065,988,0.1659,0.0107
1790164350115,989,0.2077,0.0140
1790164350166,990,0.3359,0.1264
1790164350215,991,0.1540,0.0103
1790164350266,992,0.1935,0.0118
1790164350316,993,0.1585,0.0106
1790164350366,994,0.1712,0.0118
1790164350415,995,0.1839,0.0099
1790164350465,996,0.1494,0.0099
1790164350516,997,0.1438,0.0094
1790164350565,998,0.1423,0.0103
1790164350616,999,0.1430,0.0094
1790164350665,1000,0.1384,0.0079
1790164350715,1001,0.1244,0.0076
1790164350766,1002,0.2498,0.1213
1790164350815,1003,0.1168,0.0071
1790164350866,1004,0.1861,0.0106
1790164350915,1005,0.1510,0.0086
1790164350965,1006,0.1391,0.0091
1790164351015,1007,0.2618,0.0078
1790164351065,1008,0.1257,0.0080
1790164351115,1009,0.1948,0.0121
1790164351165,1010,0.2150,0.0125
1790164351216,1011,0.1930,0.0118
1790164351265,1012,0.1613,0.0106
1790164351315,1013,0.1491,0.0099
1790164351365,1014,0.2480,0.1239
1790164351415,1015,0.3589,0.2335
1790164351466,1016,0.1378,0.2829
1790164351515,1017,0.1080,0.0058
1790164351566,1018,0.2054,0.1012
1790164351616,1019,0.1103,0.0064
1790164351666,1020,0.1493,0.0064
1790164351715,1021,0.1146,0.0059
1790164351765,1022,0.1222,0.0062
1790164351816,1023,0.1083,0.0059
1790164351865,1024,0.1892,0.0111
1790164351915,1025,0.1725,0.0107
1790164351966,1026,0.4248,0.2745
1790164352015,1027,0.1827,0.0113
1790164352065,1028,0.2150,0.0127
1790164352116,1029,0.4278,0.2193
1790164352165,1030,0.2470,0.0136
1790164352216,1031,0.2650,0.0150
1790164352265,1032,0.2257,0.1030
1790164352316,1033,0.2224,0.0795
1790164352366,1034,0.2260,0.0127
1790164352415,1035,0.2407,0.0142
1790164352465,1036,0.2261,0.0952
1790164352515,1037,0.2091,0.0975
1790164352565,1038,0.2157,0.0136
1790164352615,1039,0.2270,0.0222
1790164352666,1040,0.2414,0.0121
1790164352715,1041,0.2081,0.0120
1790164352765,1042,0.2112,0.0127
1790164352815,1043,0.2098,0.0134
1790164352866,1044,0.2211,0.0129
1790164352915,1045,0.2226,0.0127
1790164352966,1046,0.2148,0.0130
1790164353015,1047,0.2208,0.0139
1790164353066,1048,0.3655,0.1462
1790164353115,1049,0.2470,0.0184
1790164353165,1050,0.2514,0.0141
1790164353215,1051,0.2185,0.0141
1790164353265,1052,0.2132,0.0140
1790164353316,1053,0.2151,0.0130
1790164353365,1054,0.2178,0.0129
1790164353415,1055,0.2436,0.0251
1790164353465,1056,0.2148,0.0139
1790164353515,1057,0.2110,0.0129
1790164353566,1058,0.2232,0.0123
1790164353616,1059,0.2298,0.0224
1790164353665,1060,0.2448,0.0128
1790164353715,1061,0.2215,0.0146
1790164353766,1062,0.3761,0.1535
1790164353815,1063,0.2957,0.0221
1790164353865,1064,0.2244,0.0128
1790164353916,1065,0.2289,0.0136
1790164353966,1066,0.7390,0.5014
1790164354016,1067,0.1841,0.0148
1790164354065,1068,0.1907,0.0116
1790164354115,1069,0.2139,0.0217
1790164354166,1070,0.1999,0.4709
1790164354215,1071,0.1709,0.0099
1790164354266,1072,0.1348,0.0088
1790164354315,1073,0.1320,0.0086
1790164354366,1074,0.2394,0.1187
1790164354416,1075,0.1633,0.0080
1790164354465,1076,0.2136,0.1033
1790164354515,1077,0.1009,0.0071
1790164354566,1078,0.1122,0.0115
1790164354616,1079,0.0999,0.0067
1790164354665,1080,0.1307,0.0063
1790164354715,1081,0.1000,0.0059
1790164354765,1082,0.1162,0.0062
1790164354816,1083,0.1110,0.0056
1790164354866,1084,0.1171,0.0064
1790164354916,1085,0.1221,0.0066
1790164354965,1086,0.2783,0.1238
1790164355015,1087,0.1266,0.0081
1790164355065,1088,0.1491,0.0082
1790164355115,1089,0.1599,0.0104
1790164355165,1090,0.3255,0.1295
1790164355216,1091,0.2002,0.0159
1790164355265,1092,0.1902,0.0109
1790164355316,1093,0.1609,0.0102
1790164355366,1094,0.1690,0.0110
1790164355415,1095,0.1494,0.0093
1790164355465,1096,0.1355,0.0088
1790164355516,1097,0.1198,0.0080
1790164355565,1098,0.1142,0.0079
1790164355616,1099,0.1190,0.0077
1790164355665,1100,0.1413,0.0071
1790164355716,1101,0.2045,0.0120
1790164355765,1102,0.3323,0.1303
1790164355816,1103,0.1969,0.0121
1790164355866,1104,0.1793,0.0109
1790164355916,1105,0.1475,0.0102
1790164355965,1106,0.1825,0.0118
1790164356016,1107,0.3599,0.0108
1790164356066,1108,0.1517,0.0102
1790164356115,1109,0.1889,0.0111
1790164356166,1110,0.2189,0.0123
1790164356216,1111,0.1759,0.0120
1790164356265,1112,0.1664,0.0115
1790164356316,1113,0.1549,0.0096
1790164356365,1114,0.2424,0.1222
1790164356415,1115,0.4948,0.3358
1790164356466,1116,0.1508,0.3306
1790164356515,1117,0.1174,0.0053
1790164356565,1118,0.2103,0.1021
1790164356616,1119,0.1178,0.0063
1790164356665,1120,0.1298,0.0050
1790164356716,1121,0.1120,0.0054
1790164356765,1122,0.1332,0.0054
1790164356815,1123,0.1258,0.0067
1790164356865,1124,0.1109,0.0055
1790164356916,1125,0.1249,0.0067
1790164356966,1126,0.1982,0.0120
1790164357015,1127,0.1538,0.0101
1790164357065,1128,0.2080,0.0127
1790164357115,1129,0.1829,0.0109
1790164357165,1130,0.3353,0.1303
1790164357215,1131,0.1895,0.0119
1790164357265,1132,0.2305,0.0133
1790164357316,1133,0.2262,0.0140
1790164357365,1134,0.1887,0.0120
1790164357416,1135,0.1745,0.0109
1790164357466,1136,0.1722,0.0113
1790164357515,1137,0.1352,0.0095
1790164357565,1138,0.1182,0.0091
1790164357616,1139,0.1164,0.0082
1790164357665,1140,0.1431,0.0082
1790164357715,1141,0.1171,0.0078
1790164357766,1142,0.1232,0.0082
1790164357816,1143,0.1225,0.0082
1790164357865,1144,0.1354,0.0079
1790164357916,1145,0.1242,0.0075
1790164357965,1146,0.2730,0.1282
1790164358015,1147,0.1385,0.0078
1790164358065,1148,0.2422,0.1113
1790164358116,1149,0.2032,0.0123
1790164358165,1150,0.2255,0.0127
1790164358215,1151,0.1724,0.0118
1790164358265,1152,0.1505,0.0094
1790164358316,1153,0.1292,0.0091
1790164358366,1154,0.1465,0.0091
1790164358416,1155,0.2236,0.0158
1790164358465,1156,0.1618,0.0103
1790164358516,1157,0.1433,0.0099
1790164358565,1158,0.2425,0.1220
1790164358615,1159,0.1194,0.0087
1790164358665,1160,0.1687,0.0079
1790164358715,1161,0.1394,0.0085
1790164358766,1162,0.2461,0.1281
1790164358815,1163,0.1342,0.0082
1790164358866,1164,0.1217,0.0071
1790164358915,1165,0.3333,0.2218
1790164358965,1166,0.2179,0.0132
1790164359016,1167,0.2142,0.0127
1790164359065,1168,0.2200,0.0124
1790164359115,1169,0.4551,0.2304
1790164359166,1170,0.2977,0.0152
1790164359215,1171,0.2376,0.0132
1790164359265,1172,0.2770,0.0128
1790164359315,1173,0.2773,0.0144
1790164359365,1174,0.2284,0.0133
1790164359416,1175,0.2379,0.0127
1790164359465,1176,0.3443,0.2017
1790164359515,1177,0.2904,0.0148
1790164359565,1178,0.2414,0.0133
1790164359617,1179,1.2403,0.0174
1790164359665,1180,0.2637,0.0195
1790164359715,1181,0.2680,0.0143
1790164359765,1182,0.2255,0.0140
1790164359815,1183,0.2337,0.0142
1790164359865,1184,0.2324,0.0146
1790164359915,1185,0.2347,0.0993
1790164359966,1186,0.2289,0.0136
1790164360016,1187,0.2243,0.0139
1790164360065,1188,0.2254,0.0136
1790164360115,1189,0.2877,0.0134
1790164360165,1190,0.3427,0.1186
1790164360215,1191,0.2285,0.0131
1790164360265,1192,0.2387,0.0148
1790164360315,1193,0.2416,0.0142
1790164360365,1194,0.2514,0.0144
1790164360415,1195,0.2794,0.0233
1790164360466,1196,0.2198,0.0138
1790164360515,1197,0.2357,0.0147
1790164360566,1198,0.2236,0.0138
1790164360615,1199,0.2276,0.0130
1790164360665,1200,0.2628,0.0124
1790164360716,1201,0.2246,0.0132
1790164360765,1202,0.2498,0.0157
1790164360815,1203,0.2282,0.0141
1790164360866,1204,0.2403,0.0237
1790164360915,1205,0.7054,0.4767
1790164360966,1206,0.2453,0.6341
1790164361016,1207,0.1981,0.0112
1790164361065,1208,0.3607,0.0131
1790164361115,1209,0.2170,0.0223
1790164361165,1210,0.2220,0.4140
1790164361215,1211,0.1567,0.0101
1790164361265,1212,0.1375,0.0094
1790164361315,1213,0.1254,0.0084
1790164361366,1214,0.2356,0.1189
1790164361415,1215,0.1472,0.0086
1790164361466,1216,0.2412,0.0132
1790164361515,1217,0.2112,0.0143
1790164361565,1218,0.3107,0.1231
1790164361616,1219,0.2195,0.0138
1790164361665,1220,0.2162,0.0116
1790164361715,1221,0.1791,0.0114
1790164361765,1222,0.1638,0.0101
1790164361815,1223,0.1701,0.0115
1790164361866,1224,0.1855,0.0110
1790164361915,1225,0.1593,0.0103
1790164361965,1226,0.2082,0.0118
1790164362016,1227,0.1915,0.0103
1790164362065,1228,0.1951,0.0109
1790164362115,1229,0.1846,0.0115
1790164362165,1230,0.3271,0.1260
1790164362216,1231,0.1528,0.0127
1790164362265,1232,0.1437,0.0100
1790164362316,1233,0.1282,0.0088
1790164362365,1234,0.1212,0.0086
1790164362416,1235,0.1555,0.0094
1790164362465,1236,0.1646,0.0105
1790164362515,1237,0.1338,0.0090
1790164362565,1238,0.1331,0.0090
1790164362615,1239,0.1295,0.0084
1790164362666,1240,0.1520,0.0100
1790164362715,1241,0.1112,0.0074
1790164362765,1242,0.1284,0.0077
1790164362816,1243,0.1217,0.0080
1790164362865,1244,0.1094,0.0068
1790164362915,1245,0.1272,0.0105
1790164362965,1246,0.2433,0.1216
1790164363015,1247,0.1158,0.0073
1790164363065,1248,0.3585,0.1287
1790164363116,1249,0.1937,0.0114
1790164363166,1250,0.2278,0.0125
1790164363215,1251,0.1592,0.0108
1790164363265,1252,0.1456,0.0105
1790164363316,1253,0.1218,0.0092
1790164363365,1254,0.1235,0.0093
1790164363415,1255,0.1324,0.0089
1790164363466,1256,0.1998,0.0126
1790164363515,1257,0.1693,0.0106
1790164363565,1258,0.2386,0.1173
1790164363615,1259,0.1201,0.0089
1790164363666,1260,0.1625,0.0089
1790164363715,1261,0.1292,0.0081
1790164363766,1262,0.3110,0.1335
1790164363815,1263,0.2073,0.0138
1790164363865,1264,0.2171,0.0130
1790164363915,1265,0.1895,0.0121
1790164363965,1266,0.1772,0.0115
1790164364015,1267,0.1605,0.0110
1790164364065,1268,0.2004,0.0128
1790164364115,1269,0.2069,0.0135
1790164364165,1270,0.2178,0.0129
1790164364215,1271,0.1484,0.0098
1790164364266,1272,0.1589,0.0095
1790164364315,1273,0.1318,0.0089
1790164364365,1274,0.2410,0.1217
1790164364415,1275,0.1546,0.0092
1790164364465,1276,0.2733,0.1204
1790164364516,1277,0.1367,0.0085
1790164364565,1278,0.1373,0.0081
1790164364615,1279,0.1066,0.0074
1790164364665,1280,0.1528,0.0067
1790164364716,1281,0.1180,0.0064
1790164364766,1282,0.1030,0.0065
1790164364815,1283,0.1523,0.0090
1790164364865,1284,0.1491,0.0076
1790164364915,1285,0.1782,0.0068
1790164364965,1286,0.2321,0.1246
1790164365015,1287,0.1132,0.0070
1790164365065,1288,0.1214,0.0068
1790164365115,1289,0.2113,0.0130
1790164365165,1290,0.3662,0.1302
1790164365215,1291,0.1938,0.0125
1790164365266,1292,0.1763,0.0110
1790164365315,1293,0.1599,0.0107
1790164365365,1294,0.1434,0.0094
1790164365415,1295,0.3728,0.2315
1790164365465,1296,0.1618,0.2954
1790164365516,1297,0.1636,0.0103
1790164365565,1298,0.1522,0.0097
1790164365615,1299,0.1929,0.0120
1790164365665,1300,0.2131,0.0122
1790164365715,1301,0.1669,0.0103
1790164365766,1302,0.2674,0.1252
1790164365815,1303,0.2176,0.0132
1790164365866,1304,0.2285,0.0139
1790164365916,1305,0.4584,0.2674
1790164365966,1306,0.2226,0.0134
1790164366015,1307,0.2169,0.0133
1790164366065,1308,0.2133,0.0127
1790164366116,1309,0.5679,0.2031
1790164366165,1310,0.2447,0.0158
1790164366215,1311,0.2751,0.0154
1790164366265,1312,0.2281,0.0141
1790164366315,1313,0.3057,0.0141
1790164366366,1314,0.2269,0.0157
1790164366415,1315,0.2318,0.0134
1790164366465,1316,0.2337,0.0884
1790164366515,1317,0.2671,0.0143
1790164366565,1318,0.2220,0.0152
1790164366615,1319,0.2678,0.0132
1790164366665,1320,0.2436,0.0134
1790164366716,1321,0.2361,0.0128
1790164366766,1322,0.2516,0.0144
1790164366815,1323,0.2734,0.0139
1790164366865,1324,0.2174,0.0133
1790164366915,1325,0.2147,0.0137
1790164366965,1326,0.2134,0.0143
1790164367015,1327,0.2518,0.0135
1790164367065,1328,0.2093,0.0135
1790164367116,1329,0.2691,0.0155
1790164367167,1330,0.3021,0.0161
1790164367215,1331,0.2240,0.0140
1790164367266,1332,0.2092,0.0139
1790164367315,1333,0.2809,0.0154
1790164367366,1334,0.2142,0.0134
1790164367415,1335,0.2186,0.0187
1790164367465,1336,0.2209,0.0141
1790164367515,1337,0.3018,0.0161
1790164367566,1338,0.2227,0.0127
1790164367616,1339,0.2107,0.0127
1790164367665,1340,0.2430,0.0136
1790164367715,1341,0.2645,0.0141
1790164367766,1342,0.2141,0.0133
1790164367816,1343,0.2647,0.0142
1790164367865,1344,0.2268,0.0148
1790164367916,1345,0.7151,0.4971
1790164367965,1346,0.2864,0.1494
1790164368015,1347,0.1782,0.0103
1790164368066,1348,0.3038,0.1269
1790164368116,1349,0.2152,0.0221
1790164368166,1350,0.2223,0.3993
1790164368216,1351,0.1609,0.0111
1790164368265,1352,0.1751,0.0106
1790164368315,1353,0.1376,0.0093
1790164368365,1354,0.1264,0.0095
1790164368416,1355,0.1235,0.0082
1790164368466,1356,0.1567,0.0091
1790164368516,1357,0.1726,0.0103
1790164368566,1358,0.3160,0.1441
1790164368615,1359,0.1416,0.0099
1790164368665,1360,0.1513,0.0092
1790164368715,1361,0.1108,0.0086
1790164368765,1362,0.2416,0.1331
1790164368816,1363,0.1345,0.0090
1790164368866,1364,0.1424,0.0085
1790164368915,1365,0.1149,0.0073
1790164368966,1366,0.1240,0.0073
1790164369015,1367,0.1665,0.0067
1790164369065,1368,0.1315,0.0077
1790164369116,1369,0.1891,0.0113
1790164369165,1370,0.2113,0.0135
1790164369215,1371,0.1954,0.0130
1790164369265,1372,0.1906,0.0128
1790164369316,1373,0.1744,0.0115
1790164369365,1374,0.2948,0.1259
1790164369415,1375,0.2159,0.0161
1790164369465,1376,0.3527,0.1502
1790164369515,1377,0.2006,0.0121
1790164369565,1378,0.1984,0.0118
1790164369616,1379,0.1448,0.0097
1790164369665,1380,0.1478,0.0085
1790164369716,1381,0.1254,0.0085
1790164369765,1382,0.1242,0.0086
1790164369815,1383,0.1292,0.0091
1790164369865,1384,0.1364,0.0091
1790164369916,1385,0.3256,0.2153
1790164369965,1386,0.2373,0.4965
1790164370015,1387,0.1357,0.0070
1790164370065,1388,0.1375,0.0077
1790164370116,1389,0.1843,0.0120
1790164370166,1390,0.3715,0.1713
1790164370215,1391,0.1750,0.0111
1790164370266,1392,0.1856,0.0114
1790164370315,1393,0.1580,0.0114
1790164370366,1394,0.1299,0.0088
1790164370415,1395,0.1479,0.0091
1790164370465,1396,0.1634,0.0101
1790164370515,1397,0.1459,0.0088
1790164370565,1398,0.1417,0.0089
1790164370615,1399,0.1358,0.0079
1790164370665,1400,0.1835,0.0101
1790164370716,1401,0.1737,0.0106
1790164370766,1402,0.2509,0.1164
1790164370815,1403,0.1776,0.0095
1790164370865,1404,0.1576,0.0090
1790164370915,1405,0.2899,0.1733
1790164370965,1406,0.1240,0.0073
1790164371015,1407,0.1185,0.0075
1790164371065,1408,0.1269,0.0072
1790164371115,1409,0.1935,0.0119
1790164371165,1410,0.3449,0.0119
1790164371215,1411,0.1554,0.0111
1790164371265,1412,0.1332,0.0094
1790164371315,1413,0.1395,0.0096
1790164371365,1414,0.2403,0.1150
1790164371415,1415,0.1280,0.0087
1790164371465,1416,0.1371,0.0088
1790164371515,1417,0.1280,0.0082
1790164371565,1418,0.2436,0.1171
1790164371615,1419,0.1482,0.0090
1790164371665,1420,0.1600,0.0087
1790164371716,1421,0.1319,0.0079
1790164371767,1422,0.1281,0.0079
1790164371815,1423,0.1313,0.0082
1790164371866,1424,0.1268,0.0072
1790164371916,1425,0.1200,0.0101
1790164371966,1426,0.1135,0.0071
1790164372015,1427,0.1057,0.0063
1790164372066,1428,0.1173,0.0068
1790164372116,1429,0.1957,0.0114
1790164372165,1430,0.3541,0.1246
1790164372215,1431,0.1862,0.0114
1790164372265,1432,0.1551,0.0099
1790164372315,1433,0.1502,0.0099
1790164372365,1434,0.1365,0.0098
1790164372416,1435,0.1349,0.0088
1790164372465,1436,0.1242,0.0083
1790164372515,1437,0.1153,0.0079
1790164372566,1438,0.1323,0.0083
1790164372616,1439,0.1316,0.0085
1790164372665,1440,0.1460,0.0076
1790164372715,1441,0.1184,0.0071
1790164372765,1442,0.1239,0.0072
1790164372815,1443,0.1362,0.0079
1790164372865,1444,0.1399,0.0076
1790164372915,1445,0.5960,0.4799
1790164372965,1446,0.2131,0.0133
1790164373015,1447,0.2195,0.0137
1790164373065,1448,0.3207,0.1166
1790164373115,1449,0.6067,0.3921
1790164373166,1450,0.3106,0.0148
1790164373215,1451,0.2322,0.1035
1790164373265,1452,0.2753,0.0143
1790164373315,1453,0.2313,0.0144
1790164373365,1454,0.2261,0.0926
1790164373415,1455,0.2966,0.0138
1790164373465,1456,0.2211,0.0812
1790164373515,1457,0.2191,0.0140
1790164373566,1458,0.2249,0.0139
1790164373616,1459,0.2346,0.0135
1790164373665,1460,0.2393,0.0128
1790164373716,1461,0.2178,0.0140
1790164373765,1462,0.4037,0.1212
1790164373815,1463,0.2199,0.0131
1790164373866,1464,0.2429,0.0840
1790164373915,1465,0.2428,0.0121
1790164373965,1466,0.2448,0.0145
1790164374015,1467,0.2103,0.0135
1790164374066,1468,0.2427,0.0145
1790164374115,1469,0.2403,0.0144
1790164374165,1470,0.2595,0.0141
1790164374216,1471,0.2164,0.0134
1790164374265,1472,0.2173,0.0132
1790164374316,1473,0.2159,0.0135
1790164374366,1474,0.2214,0.0129
1790164374415,1475,0.4492,0.2385
1790164374466,1476,0.3838,0.4548
1790164374516,1477,0.2195,0.0151
1790164374565,1478,0.2373,0.0130
1790164374615,1479,0.2118,0.0130
1790164374665,1480,0.2266,0.0791
1790164374715,1481,0.2096,0.0127
1790164374765,1482,0.2308,0.0126
1790164374816,1483,0.3192,0.0122
1790164374865,1484,0.2173,0.0129
1790164374915,1485,0.2296,0.0232
1790164374966,1486,0.2425,0.6422
1790164375015,1487,0.2114,0.0132
1790164375065,1488,0.2123,0.0132
1790164375115,1489,0.2372,0.0230
1790164375167,1490,0.3285,0.6141
1790164375215,1491,0.2017,0.0119
1790164375265,1492,0.2227,0.0126
1790164375315,1493,0.2031,0.0126
1790164375365,1494,0.2070,0.0122
1790164375416,1495,0.2024,0.0128
1790164375466,1496,0.2049,0.0124
1790164375516,1497,0.2095,0.0125
1790164375565,1498,0.2091,0.0132
1790164375615,1499,0.2002,0.0124
1790164375666,1500,0.2184,0.0128
1790164375716,1501,0.1936,0.0122
1790164375765,1502,0.2923,0.1146
1790164375815,1503,0.1744,0.3570
1790164375865,1504,0.2347,0.0129
1790164375916,1505,0.2431,0.0131
1790164375966,1506,0.1900,0.0121
1790164376015,1507,0.1515,0.0107
1790164376065,1508,0.1349,0.0097
1790164376115,1509,0.1860,0.0117
1790164376166,1510,0.3221,0.0115
1790164376216,1511,0.1726,0.0109
1790164376265,1512,0.1868,0.0116
1790164376316,1513,0.1452,0.0097
1790164376365,1514,0.2482,0.1142
1790164376415,1515,0.3547,0.0146
1790164376465,1516,0.1714,0.0101
1790164376515,1517,0.1257,0.0096
1790164376566,1518,0.2519,0.1413
1790164376615,1519,0.1167,0.0087
1790164376666,1520,0.1570,0.0086
1790164376716,1521,0.1155,0.0082
1790164376765,1522,0.1001,0.0072
1790164376815,1523,0.1521,0.0082
1790164376865,1524,0.1082,0.0075
1790164376916,1525,0.1220,0.0105
1790164376965,1526,0.1069,0.0072
1790164377015,1527,0.1150,0.0071
1790164377065,1528,0.1073,0.0071
1790164377115,1529,0.1797,0.0108
1790164377165,1530,0.3441,0.1616
1790164377216,1531,0.1642,0.0099
1790164377265,1532,0.1857,0.0107
1790164377316,1533,0.1506,0.0092
1790164377365,1534,0.1315,0.0091
1790164377415,1535,0.1477,0.0094
1790164377465,1536,0.1470,0.0121
1790164377516,1537,0.1269,0.0088
1790164377565,1538,0.1241,0.0088
1790164377616,1539,0.1310,0.0082
1790164377666,1540,0.1515,0.0085
1790164377715,1541,0.1294,0.0082
1790164377765,1542,0.1154,0.0071
1790164377816,1543,0.1569,0.0099
1790164377865,1544,0.1283,0.0079
1790164377915,1545,0.1186,0.0076
1790164377965,1546,0.2241,0.1179
1790164378016,1547,0.1125,0.0073
1790164378065,1548,0.2255,0.1085
1790164378115,1549,0.1913,0.0116
1790164378166,1550,0.2317,0.0144
1790164378215,1551,0.1822,0.0118
1790164378265,1552,0.1315,0.0090
1790164378315,1553,0.1778,0.0109
1790164378366,1554,0.1408,0.0100
1790164378416,1555,0.1325,0.0093
1790164378465,1556,0.1442,0.0098
1790164378515,1557,0.1252,0.0089
1790164378565,1558,0.2299,0.1105
1790164378615,1559,0.1314,0.0084
1790164378665,1560,0.1490,0.0077
1790164378715,1561,0.2028,0.0128
1790164378765,1562,0.3415,0.1392
1790164378815,1563,0.1806,0.0102
1790164378866,1564,0.1514,0.0086
1790164378916,1565,0.3474,0.2267
1790164378965,1566,0.1357,0.2614
1790164379015,1567,0.1261,0.0078
1790164379065,1568,0.1190,0.0070
1790164379115,1569,0.2220,0.0121
1790164379166,1570,0.2037,0.0118
1790164379215,1571,0.1800,0.0112
1790164379265,1572,0.1295,0.0090
1790164379315,1573,0.1784,0.0105
1790164379365,1574,0.2712,0.1167
1790164379415,1575,0.2271,0.0146
1790164379465,1576,0.3357,0.1214
1790164379515,1577,0.2153,0.0132
1790164379566,1578,0.2075,0.0124
1790164379615,1579,0.1641,0.0106
1790164379665,1580,0.1768,0.0109
1790164379715,1581,0.1616,0.0112
1790164379765,1582,0.1345,0.0088
1790164379815,1583,0.1675,0.0107
1790164379866,1584,0.1443,0.0093
1790164379915,1585,0.2925,0.1721
1790164379966,1586,0.3096,0.1101
1790164380015,1587,0.2216,0.0148
1790164380065,1588,0.2326,0.0125
1790164380115,1589,0.3832,0.1847
1790164380165,1590,0.3530,0.1332
1790164380215,1591,0.2381,0.1021
1790164380265,1592,0.2405,0.0133
1790164380315,1593,0.2229,0.0866
1790164380365,1594,0.2184,0.0147
1790164380415,1595,0.3160,0.0146
1790164380465,1596,0.2204,0.0137
1790164380515,1597,0.2220,0.0136
1790164380565,1598,0.2204,0.0126
1790164380615,1599,0.2216,0.0131
1790164380665,1600,0.2471,0.0133
1790164380715,1601,0.2281,0.0162
1790164380765,1602,0.3962,0.1780
1790164380816,1603,0.2194,0.0135
1790164380865,1604,0.2295,0.0136
1790164380915,1605,0.2314,0.0178
1790164380965,1606,0.2998,0.1056
1790164381015,1607,0.2107,0.3912
1790164381065,1608,0.2157,0.0138
1790164381115,1609,0.2156,0.0141
1790164381166,1610,0.2306,0.0136
1790164381215,1611,0.3445,0.0140
1790164381266,1612,0.2138,0.0132
1790164381315,1613,0.2344,0.0127
1790164381365,1614,0.2624,0.0131
1790164381415,1615,0.2157,0.0129
1790164381465,1616,0.2163,0.0129
1790164381515,1617,0.2198,0.0127
1790164381565,1618,0.4669,0.2057
1790164381615,1619,0.2212,0.0123
1790164381665,1620,0.2512,0.0138
1790164381716,1621,0.2146,0.0125
1790164381765,1622,0.2160,0.0135
1790164381815,1623,0.2159,0.0120
1790164381865,1624,0.2297,0.0131
1790164381915,1625,0.7225,0.4996
1790164381966,1626,0.2036,0.0429
1790164382015,1627,0.2061,0.0124
1790164382065,1628,0.2209,0.0127
1790164382115,1629,0.7745,0.4956
1790164382165,1630,0.3435,0.1698
1790164382215,1631,0.2381,0.0131
1790164382265,1632,0.1523,0.0093
1790164382315,1633,0.1333,0.0100
1790164382365,1634,0.1651,0.0101
1790164382416,1635,0.1676,0.0099
1790164382465,1636,0.1789,0.0112
1790164382515,1637,0.1395,0.0097
1790164382566,1638,0.1258,0.0090
1790164382616,1639,0.1092,0.0080
1790164382666,1640,0.1374,0.0080
1790164382715,1641,0.1223,0.0083
1790164382765,1642,0.1253,0.0113
1790164382815,1643,0.1439,0.0085
1790164382865,1644,0.1334,0.0082
1790164382915,1645,0.1190,0.0072
1790164382965,1646,0.1979,0.1010
1790164383015,1647,0.1112,0.0067
1790164383065,1648,0.2788,0.1675
1790164383115,1649,0.1556,0.0094
1790164383165,1650,0.1929,0.0135
1790164383215,1651,0.1364,0.0090
1790164383265,1652,0.1235,0.0083
1790164383316,1653,0.1182,0.0075
1790164383365,1654,0.1691,0.0101
1790164383416,1655,0.3255,0.1905
1790164383465,1656,0.1474,0.2819
1790164383515,1657,0.1416,0.0084
1790164383565,1658,0.2001,0.0898
1790164383616,1659,0.1263,0.0076
1790164383665,1660,0.1420,0.0070
1790164383715,1661,0.1023,0.0062
1790164383766,1662,0.2131,0.0952
1790164383815,1663,0.1923,0.0119
1790164383865,1664,0.1740,0.0106
1790164383916,1665,0.1361,0.0091
1790164383965,1666,0.1233,0.0085
1790164384015,1667,0.1455,0.0086
1790164384066,1668,0.1228,0.0084
1790164384115,1669,0.1911,0.0110
1790164384166,1670,0.1973,0.0118
1790164384216,1671,0.1447,0.0095
1790164384265,1672,0.1484,0.0089
1790164384316,1673,0.1592,0.0104
1790164384365,1674,0.2415,0.1198
1790164384415,1675,0.3047,0.0918
1790164384465,1676,0.3748,0.1537
1790164384516,1677,0.1698,0.0105
1790164384566,1678,0.1522,0.0090
1790164384615,1679,0.1179,0.0078
1790164384665,1680,0.1394,0.0078
1790164384716,1681,0.1206,0.0079
1790164384766,1682,0.1202,0.0071
1790164384815,1683,0.1675,0.0100
1790164384865,1684,0.1513,0.0094
1790164384915,1685,0.1348,0.0082
1790164384966,1686,0.2743,0.1058
1790164385015,1687,0.1194,0.0081
1790164385065,1688,0.1242,0.0077
1790164385116,1689,0.2008,0.0118
1790164385166,1690,0.3011,0.1075
1790164385215,1691,0.1643,0.0095
1790164385266,1692,0.1475,0.0085
1790164385315,1693,0.1287,0.0087
1790164385365,1694,0.1243,0.0080
1790164385415,1695,0.2023,0.0142
1790164385466,1696,0.1636,0.0101
1790164385515,1697,0.1536,0.0094
1790164385565,1698,0.1545,0.0093
1790164385615,1699,0.1301,0.0084
1790164385666,1700,0.1405,0.0082
1790164385715,1701,0.1870,0.0108
1790164385766,1702,0.2845,0.1087
1790164385815,1703,0.1672,0.0101
1790164385866,1704,0.1652,0.0098
1790164385915,1705,0.1362,0.0085
1790164385966,1706,0.3367,0.1470
1790164386015,1707,0.2085,0.0130
1790164386065,1708,0.2029,0.0114
1790164386116,1709,0.7828,0.0125
1790164386165,1710,0.2546,0.0115
1790164386215,1711,0.1937,0.0112
1790164386265,1712,0.3046,0.0105
1790164386316,1713,0.2154,0.0103
1790164386366,1714,0.2697,0.0953
1790164386415,1715,0.1980,0.0112
1790164386466,1716,0.2084,0.0116
1790164386515,1717,0.1867,0.0112
1790164386565,1718,0.2242,0.0111
1790164386615,1719,0.1763,0.0104
1790164386665,1720,0.2187,0.0111
1790164386715,1721,0.1748,0.0108
1790164386765,1722,0.1981,0.0112
1790164386815,1723,0.2272,0.0115
1790164386866,1724,0.1940,0.0115
1790164386915,1725,0.5859,0.4032
1790164386965,1726,0.2615,0.0125
1790164387015,1727,0.2052,0.0128
1790164387065,1728,0.6075,0.4002
1790164387116,1729,0.2759,0.0120
1790164387165,1730,0.2378,0.0140
1790164387215,1731,0.2682,0.0128
1790164387267,1732,0.2791,0.1774
1790164387316,1733,0.2133,0.0137
1790164387365,1734,0.2679,0.0133
1790164387415,1735,0.2139,0.0774
1790164387465,1736,0.2206,0.0120
1790164387515,1737,0.2178,0.0136
1790164387566,1738,0.2735,0.0131
1790164387616,1739,0.2249,0.0137
1790164387665,1740,0.3428,0.0142
1790164387715,1741,0.2641,0.5137
1790164387766,1742,0.2237,0.0130
1790164387816,1743,0.2731,0.0126
1790164387865,1744,0.3086,0.0137
1790164387916,1745,0.5471,0.2142
1790164387965,1746,0.3181,0.4067
1790164388015,1747,0.2311,0.0124
1790164388065,1748,0.3202,0.1103
1790164388115,1749,0.2628,0.0130
1790164388165,1750,0.3387,0.0123
1790164388215,1751,0.2178,0.0118
1790164388266,1752,0.2288,0.0138
1790164388315,1753,0.2260,0.0147
1790164388365,1754,0.2182,0.0118
1790164388415,1755,0.2191,0.0124
1790164388465,1756,0.2188,0.0129
1790164388516,1757,0.2143,0.0128
1790164388565,1758,0.2194,0.0122
1790164388616,1759,0.2083,0.0122
1790164388665,1760,0.2406,0.0124
1790164388715,1761,0.2525,0.0119
1790164388766,1762,0.3207,0.1177
1790164388815,1763,0.2238,0.0128
1790164388866,1764,0.2326,0.0127
1790164388916,1765,0.6216,0.3861
1790164388965,1766,0.2230,0.0131
1790164389015,1767,0.1982,0.0119
1790164389066,1768,0.5487,0.3546
1790164389115,1769,0.2250,0.0558
1790164389165,1770,0.2264,0.0119
1790164389215,1771,0.1985,0.0120
1790164389265,1772,0.2123,0.0126
1790164389315,1773,0.2255,0.0122
1790164389365,1774,0.2666,0.1040
1790164389415,1775,0.1326,0.0087
1790164389466,1776,0.2890,0.1325
1790164389516,1777,0.1878,0.0114
1790164389565,1778,0.2221,0.0117
1790164389615,1779,0.1972,0.0120
1790164389666,1780,0.2071,0.0114
1790164389716,1781,0.1476,0.0094
1790164389766,1782,0.1253,0.0082
1790164389815,1783,0.1290,0.0084
1790164389865,1784,0.1399,0.0091
1790164389915,1785,0.1461,0.0116
1790164389965,1786,0.2689,0.1320
1790164390015,1787,0.1356,0.0076
1790164390065,1788,0.1533,0.0069
1790164390115,1789,0.1800,0.0105
1790164390165,1790,0.2928,0.1007
1790164390215,1791,0.1610,0.0093
1790164390266,1792,0.2356,0.0083
1790164390315,1793,0.1699,0.0079
1790164390365,1794,0.1552,0.0071
1790164390415,1795,0.1168,0.0073
1790164390465,1796,0.1163,0.0074
1790164390515,1797,0.1545,0.0089
1790164390565,1798,0.1290,0.0082
1790164390616,1799,0.1047,0.0070
1790164390666,1800,0.1440,0.0073
1790164390715,1801,0.1514,0.0078
1790164390765,1802,0.1905,0.0926
1790164390816,1803,0.1343,0.0077
1790164390865,1804,0.1518,0.0082
1790164390916,1805,0.1405,0.0085
1790164390965,1806,0.1148,0.0076
1790164391016,1807,0.1037,0.0067
1790164391065,1808,0.1080,0.0074
1790164391115,1809,0.1680,0.0103
1790164391165,1810,0.1814,0.0103
1790164391215,1811,0.1392,0.0084
1790164391265,1812,0.1114,0.0068
1790164391315,1813,0.2384,0.0067
1790164391366,1814,0.2282,0.1061
1790164391416,1815,0.1209,0.0074
1790164391465,1816,0.1584,0.0083
1790164391515,1817,0.1842,0.0107
1790164391566,1818,0.2881,0.1210
1790164391615,1819,0.1358,0.0081
1790164391665,1820,0.1513,0.0078
1790164391715,1821,0.1309,0.0081
1790164391765,1822,0.1148,0.0076
1790164391815,1823,0.1720,0.0103
1790164391865,1824,0.1933,0.0107
1790164391915,1825,0.1430,0.0093
1790164391965,1826,0.1333,0.0082
1790164392015,1827,0.1316,0.0079
1790164392066,1828,0.1247,0.0081
1790164392115,1829,0.1934,0.0118
1790164392166,1830,0.2820,0.1040
1790164392216,1831,0.1689,0.0104
1790164392265,1832,0.1401,0.0089
1790164392315,1833,0.1186,0.0080
1790164392366,1834,0.1235,0.0082
1790164392415,1835,0.3399,0.2027
1790164392465,1836,0.2377,0.2757
1790164392516,1837,0.2104,0.0125
1790164392565,1838,0.1964,0.0121
1790164392615,1839,0.2014,0.0127
1790164392665,1840,0.3446,0.1506
1790164392715,1841,0.1976,0.0118
1790164392766,1842,0.1919,0.0115
1790164392815,1843,0.1949,0.0119
1790164392865,1844,0.1724,0.0105
1790164392916,1845,0.1538,0.0100
1790164392965,1846,0.2341,0.0929
1790164393015,1847,0.1353,0.0090
1790164393065,1848,0.2576,0.0877
1790164393115,1849,0.1706,0.0110
1790164393166,1850,0.1949,0.0110
1790164393215,1851,0.1621,0.0101
1790164393265,1852,0.1907,0.0116
1790164393315,1853,0.1668,0.0105
1790164393366,1854,0.1404,0.0104
1790164393415,1855,0.1353,0.0093
1790164393465,1856,0.1281,0.0098
1790164393516,1857,0.1290,0.0094
1790164393565,1858,0.2569,0.0935
1790164393615,1859,0.1743,0.0102
1790164393666,1860,0.1606,0.0103
1790164393715,1861,0.1426,0.0103
1790164393765,1862,0.2174,0.0917
1790164393815,1863,0.1724,0.0108
1790164393865,1864,0.3871,0.1918
1790164393916,1865,0.2004,0.0119
1790164393965,1866,0.2105,0.0133
1790164394017,1867,0.2068,0.0111
1790164394065,1868,0.3614,0.1661
1790164394116,1869,0.2615,0.0133
1790164394166,1870,0.2154,0.1299
1790164394215,1871,0.2162,0.0126
1790164394266,1872,0.2110,0.0760
1790164394316,1873,0.2080,0.0125
1790164394365,1874,0.2021,0.0744
1790164394417,1875,0.2750,0.3511
1790164394466,1876,0.2589,0.0927
1790164394515,1877,0.1913,0.0113
1790164394566,1878,0.2415,0.0124
1790164394617,1879,0.3304,0.1271
1790164394665,1880,0.2180,0.0153
1790164394716,1881,0.1974,0.0117
1790164394766,1882,0.1929,0.0115
1790164394816,1883,0.1928,0.0120
1790164394866,1884,0.1936,0.0118
1790164394916,1885,0.2450,0.0143
1790164394966,1886,0.2411,0.0129
1790164395016,1887,0.1953,0.0120
1790164395065,1888,0.1911,0.0115
1790164395115,1889,0.2553,0.0118
1790164395166,1890,0.3214,0.0999
1790164395216,1891,0.1891,0.0112
1790164395265,1892,0.2067,0.0119
1790164395316,1893,0.1940,0.0118
1790164395366,1894,0.1940,0.0118
1790164395416,1895,0.1943,0.0119
1790164395465,1896,0.1968,0.0121
1790164395516,1897,0.2015,0.0118
1790164395565,1898,0.2062,0.0125
1790164395616,1899,0.1972,0.0120
1790164395666,1900,0.2214,0.0117
1790164395715,1901,0.1953,0.0116
1790164395765,1902,0.3037,0.0117
1790164395815,1903,0.1934,0.0111
1790164395865,1904,0.2601,0.0224
1790164395916,1905,0.1940,0.3863
1790164395965,1906,0.1843,0.0114
1790164396016,1907,0.1805,0.0108
1790164396065,1908,0.5419,0.3548
1790164396116,1909,0.1966,0.0393
1790164396165,1910,0.2003,0.0126
1790164396216,1911,0.1535,0.0099
1790164396266,1912,0.1302,0.0091
1790164396316,1913,0.2373,0.0088
1790164396365,1914,0.2005,0.1011
1790164396415,1915,0.1949,0.0121
1790164396465,1916,0.2011,0.0125
1790164396515,1917,0.1729,0.0115
1790164396567,1918,0.3183,0.1382
1790164396615,1919,0.1706,0.0101
1790164396666,1920,0.1569,0.0090
1790164396716,1921,0.1245,0.0083
1790164396766,1922,0.1444,0.0091
1790164396816,1923,0.1338,0.0092
1790164396866,1924,0.1350,0.0094
1790164396915,1925,0.3307,0.1947
1790164396966,1926,0.1270,0.2529
1790164397016,1927,0.1209,0.0070
1790164397066,1928,0.1269,0.0078
1790164397115,1929,0.2040,0.0122
1790164397166,1930,0.3154,0.1114
1790164397215,1931,0.1890,0.0148
1790164397265,1932,0.1543,0.0091
1790164397316,1933,0.1212,0.0084
1790164397366,1934,0.1083,0.0081
1790164397416,1935,0.1088,0.0070
1790164397466,1936,0.1048,0.0073
1790164397515,1937,0.1108,0.0074
1790164397565,1938,0.2109,0.0136
1790164397615,1939,0.1992,0.0125
1790164397665,1940,0.2124,0.0119
1790164397715,1941,0.1912,0.0119
1790164397765,1942,0.1945,0.0127
1790164397816,1943,0.1902,0.0119
1790164397866,1944,0.1517,0.0186
1790164397915,1945,0.1454,0.0126
1790164397965,1946,0.2141,0.1018
1790164398016,1947,0.1366,0.0088
1790164398065,1948,0.2383,0.0985
1790164398115,1949,0.1618,0.0107
1790164398165,1950,0.2218,0.0117
1790164398215,1951,0.1858,0.0116
1790164398266,1952,0.1759,0.0115
1790164398316,1953,0.1358,0.0091
1790164398365,1954,0.1149,0.0088
1790164398415,1955,0.1177,0.0085
1790164398465,1956,0.1487,0.0090
1790164398516,1957,0.1352,0.0090
1790164398566,1958,0.2273,0.1080
1790164398616,1959,0.1367,0.0105
1790164398665,1960,0.2106,0.0158
1790164398716,1961,0.1416,0.0099
1790164398765,1962,0.2551,0.1265
1790164398815,1963,0.1423,0.0095
1790164398865,1964,0.1631,0.0095
1790164398916,1965,0.1322,0.0117
1790164398966,1966,0.1823,0.0115
1790164399015,1967,0.1260,0.0087
1790164399065,1968,0.1582,0.0093
1790164399115,1969,0.2005,0.0127
1790164399165,1970,0.1904,0.0112
1790164399216,1971,0.1837,0.0111
1790164399265,1972,0.1793,0.0099
1790164399316,1973,0.2015,0.0107
1790164399365,1974,0.3621,0.2299
1790164399415,1975,0.1354,0.0083
1790164399465,1976,0.2402,0.0901
1790164399515,1977,0.1593,0.0098
1790164399566,1978,0.2546,0.0139
1790164399615,1979,0.2077,0.0125
1790164399665,1980,0.2209,0.0115
1790164399715,1981,0.1956,0.0119
1790164399766,1982,0.1890,0.0116
1790164399815,1983,0.2147,0.0118
1790164399865,1984,0.1858,0.0114
1790164399915,1985,0.1644,0.0104
1790164399965,1986,0.2452,0.0964
1790164400015,1987,0.1363,0.0094
1790164400065,1988,0.1552,0.0099
1790164400116,1989,0.1878,0.0114
1790164400165,1990,0.2718,0.0905
1790164400216,1991,0.2138,0.0128
1790164400265,1992,0.2042,0.0118
1790164400316,1993,0.1812,0.0112
1790164400365,1994,0.1946,0.0121
1790164400415,1995,0.1990,0.0114
1790164400467,1996,0.1776,0.0114
1790164400517,1997,0.1756,0.0117
1790164400565,1998,0.1776,0.0114
1790164400615,1999,0.1739,0.0108
1790164400666,2000,0.2559,0.0121
1790164400715,2001,0.1867,0.0116
1790164400765,2002,0.2812,0.1138
1790164400816,2003,0.1722,0.2884
1790164400866,2004,0.2879,0.1538
1790164400916,2005,0.1735,0.0110
1790164400965,2006,0.1975,0.0116
1790164401016,2007,0.2017,0.0117
1790164401066,2008,0.3470,0.1620
1790164401116,2009,0.2120,0.0133
1790164401165,2010,0.2514,0.0163
1790164401216,2011,0.2037,0.0783
1790164401266,2012,0.2027,0.0112
1790164401316,2013,0.2044,0.0121
1790164401365,2014,0.3361,0.0160
1790164401416,2015,0.5175,0.3871
1790164401465,2016,0.2013,0.4067
1790164401515,2017,0.2294,0.0109
1790164401566,2018,0.3697,0.1733
1790164401616,2019,0.2068,0.0125
1790164401666,2020,0.2359,0.0119
1790164401716,2021,0.2015,0.0126
1790164401766,2022,0.2025,0.0127
1790164401816,2023,0.2010,0.0118
1790164401865,2024,0.1967,0.0115
1790164401917,2025,0.2089,0.0124
1790164401965,2026,0.1984,0.0964
1790164402016,2027,0.1992,0.0121
1790164402066,2028,0.2047,0.0111
1790164402116,2029,0.2047,0.0122
1790164402165,2030,0.2556,0.0124
1790164402216,2031,0.1989,0.0118
1790164402266,2032,0.2005,0.0123
1790164402315,2033,0.1984,0.0116
1790164402365,2034,0.1961,0.0113
1790164402415,2035,0.2008,0.0117
1790164402466,2036,0.1987,0.0129
1790164402515,2037,0.2046,0.0110
1790164402565,2038,0.1944,0.0116
1790164402616,2039,0.1972,0.0116
1790164402665,2040,0.2255,0.0163
1790164402716,2041,0.2001,0.0118
1790164402765,2042,0.1988,0.0119
1790164402815,2043,0.1947,0.0119
1790164402865,2044,0.2187,0.0211
1790164402915,2045,0.1911,0.4119
1790164402965,2046,0.3249,0.1511
1790164403017,2047,0.1941,0.0123
1790164403065,2048,0.2800,0.1071
1790164403115,2049,0.1910,0.4805
1790164403165,2050,0.2250,0.0116
1790164403215,2051,0.1642,0.0104
1790164403266,2052,0.1206,0.0083
1790164403315,2053,0.1086,0.0081
1790164403365,2054,0.1522,0.0102
1790164403417,2055,0.1595,0.0126
1790164403465,2056,0.1497,0.0101
1790164403515,2057,0.1373,0.0092
1790164403566,2058,0.2318,0.1069
1790164403615,2059,0.1107,0.0076
1790164403666,2060,0.1334,0.0074
1790164403716,2061,0.1056,0.0074
1790164403765,2062,0.2582,0.1343
1790164403815,2063,0.1236,0.0069
1790164403865,2064,0.1603,0.0073
1790164403915,2065,0.1027,0.0065
1790164403965,2066,0.1067,0.0069
1790164404016,2067,0.1424,0.0083
1790164404066,2068,0.1309,0.0078
1790164404116,2069,0.2021,0.0164
1790164404166,2070,0.1789,0.0111
1790164404215,2071,0.1556,0.0097
1790164404265,2072,0.1266,0.0085
1790164404316,2073,0.1114,0.0083
1790164404365,2074,0.2402,0.1288
1790164404415,2075,0.1940,0.0111
1790164404465,2076,0.2777,0.1312
1790164404515,2077,0.1435,0.0087
1790164404565,2078,0.1582,0.0089
1790164404615,2079,0.1246,0.0086
1790164404666,2080,0.1296,0.0073
1790164404716,2081,0.1086,0.0069
1790164404765,2082,0.1922,0.0096
1790164404816,2083,0.2423,0.0112
1790164404866,2084,0.1488,0.0084
1790164404915,2085,0.1154,0.0080
1790164404965,2086,0.2335,0.0931
1790164405015,2087,0.1786,0.0080
1790164405066,2088,0.1613,0.0096
1790164405115,2089,0.1863,0.0117
1790164405166,2090,0.3216,0.0985
1790164405216,2091,0.2634,0.0147
1790164405265,2092,0.1546,0.0090
1790164405315,2093,0.1309,0.0091
1790164405365,2094,0.1101,0.0083
1790164405416,2095,0.1123,0.0086
1790164405466,2096,0.2905,0.1880
1790164405515,2097,0.1113,0.1439
1790164405565,2098,0.1216,0.0071
1790164405615,2099,0.1118,0.0064
1790164405665,2100,0.1658,0.0060
1790164405716,2101,0.1052,0.0062
1790164405765,2102,0.3880,0.2171
1790164405815,2103,0.1938,0.0119
1790164405865,2104,0.1990,0.0126
1790164405916,2105,0.1801,0.0114
1790164405965,2106,0.1657,0.2952
1790164406016,2107,0.1508,0.0085
1790164406066,2108,0.1351,0.0119
1790164406115,2109,0.1706,0.0101
1790164406165,2110,0.2001,0.0121
1790164406215,2111,0.1972,0.0127
1790164406265,2112,0.1871,0.0120
1790164406315,2113,0.1795,0.0104
1790164406365,2114,0.2348,0.0870
1790164406415,2115,0.2522,0.0089
1790164406465,2116,0.1409,0.0093
1790164406515,2117,0.1091,0.0078
1790164406566,2118,0.2357,0.1169
1790164406615,2119,0.1383,0.0080
1790164406665,2120,0.2052,0.0074
1790164406715,2121,0.1034,0.0070
1790164406766,2122,0.0994,0.0073
1790164406815,2123,0.1891,0.0120
1790164406865,2124,0.1368,0.0095
1790164406916,2125,0.1377,0.0097
1790164406965,2126,0.1171,0.0088
1790164407015,2127,0.1140,0.0082
1790164407065,2128,0.1373,0.0091
1790164407115,2129,0.2461,0.0126
1790164407165,2130,0.3004,0.1200
1790164407215,2131,0.1590,0.0099
1790164407265,2132,0.2530,0.0134
1790164407315,2133,0.1923,0.0131
1790164407366,2134,0.3883,0.0152
1790164407416,2135,0.3124,0.0132
1790164407465,2136,0.2134,0.0161
1790164407515,2137,0.1859,0.0137
1790164407565,2138,0.2915,0.0124
1790164407616,2139,0.1841,0.0122
1790164407666,2140,0.2459,0.0131
1790164407716,2141,0.2333,0.0170
1790164407765,2142,0.1886,0.0157
1790164407815,2143,0.1836,0.0124
1790164407865,2144,0.3454,0.1711
1790164407915,2145,0.2078,0.0146
1790164407965,2146,0.2527,0.0136
1790164408015,2147,0.1810,0.0118
1790164408065,2148,0.4717,0.2964
1790164408115,2149,0.2245,0.0145
1790164408166,2150,0.2645,0.0155
1790164408215,2151,0.2368,0.0152
1790164408265,2152,0.1989,0.0125
1790164408316,2153,0.1941,0.0126
1790164408366,2154,0.1935,0.0121
1790164408415,2155,0.1922,0.0792
1790164408466,2156,0.2245,0.0121
1790164408516,2157,0.2024,0.0137
1790164408566,2158,0.1943,0.0147
1790164408615,2159,0.1966,0.0126
1790164408665,2160,0.2060,0.0122
1790164408716,2161,0.1923,0.0132
1790164408765,2162,0.2710,0.0874
1790164408816,2163,0.2046,0.0132
1790164408865,2164,0.2127,0.0128
1790164408916,2165,0.2024,0.0215
1790164408966,2166,0.2389,0.0128
1790164409015,2167,0.1954,0.0131
1790164409065,2168,0.2004,0.0134
1790164409116,2169,0.2048,0.0140
1790164409165,2170,0.2424,0.0118
1790164409216,2171,0.2097,0.0166
1790164409265,2172,0.1963,0.0125
1790164409315,2173,0.2026,0.0135
1790164409365,2174,0.1981,0.0131
1790164409415,2175,0.1949,0.0127
1790164409465,2176,0.3342,0.0911
1790164409515,2177,0.6337,0.3612
1790164409565,2178,0.2275,0.2400
1790164409616,2179,0.1831,0.0126
1790164409665,2180,0.1942,0.0130
1790164409716,2181,0.1843,0.0132
1790164409765,2182,0.2526,0.0138
1790164409815,2183,0.2174,0.0138
1790164409865,2184,0.2028,0.0234
1790164409915,2185,0.1865,0.4020
1790164409965,2186,0.1693,0.0126
1790164410015,2187,0.1588,0.0717
1790164410065,2188,0.6382,0.4834
1790164410115,2189,0.1656,0.0144
1790164410165,2190,0.2485,0.0833
1790164410215,2191,0.1622,0.0117
1790164410266,2192,0.1656,0.0114
1790164410315,2193,0.1606,0.0127
1790164410366,2194,0.1588,0.0120
1790164410416,2195,0.1622,0.0112
1790164410465,2196,0.1599,0.0107
1790164410516,2197,0.1352,0.0108
1790164410565,2198,0.1504,0.0112
1790164410615,2199,0.1551,0.0121
1790164410667,2200,0.1622,0.0108
1790164410715,2201,0.1497,0.0114
1790164410765,2202,0.2167,0.0824
1790164410816,2203,0.1525,0.0113
1790164410865,2204,0.1747,0.0116
1790164410915,2205,0.2995,0.1460
1790164410966,2206,0.1570,0.0116
1790164411015,2207,0.1711,0.0115
1790164411065,2208,0.1586,0.0113
1790164411115,2209,0.2096,0.0136
1790164411165,2210,0.1776,0.0142
1790164411215,2211,0.1722,0.0125
1790164411266,2212,0.1724,0.0134
1790164411315,2213,0.2109,0.0123
1790164411365,2214,0.2462,0.0864
1790164411416,2215,0.3040,0.0158
1790164411466,2216,0.2324,0.0160
1790164411515,2217,0.1747,0.0154
1790164411566,2218,0.1825,0.0133
1790164411615,2219,0.2454,0.0124
1790164411666,2220,0.2116,0.0127
1790164411715,2221,0.1748,0.0128
1790164411765,2222,0.1790,0.3833
1790164411816,2223,0.1773,0.0134
1790164411865,2224,0.1690,0.0125
1790164411915,2225,0.2098,0.0128
1790164411965,2226,0.1651,0.0117
1790164412016,2227,0.1563,0.0148
1790164412065,2228,0.1555,0.0117
1790164412115,2229,0.1679,0.0120
1790164412165,2230,0.2530,0.0896
1790164412215,2231,0.1700,0.0120
1790164412265,2232,0.1677,0.0119
1790164412316,2233,0.1627,0.0126
1790164412365,2234,0.1549,0.0119
1790164412416,2235,0.1594,0.0117
1790164412465,2236,0.1552,0.0123
1790164412515,2237,0.1650,0.0127
1790164412565,2238,0.1747,0.0124
1790164412615,2239,0.1686,0.0120
1790164412666,2240,0.1615,0.3033
1790164412715,2241,0.1147,0.0082
1790164412766,2242,0.0940,0.0078
1790164412815,2243,0.0816,0.0071
1790164412865,2244,0.1617,0.0105
1790164412915,2245,0.1050,0.0115
1790164412965,2246,0.1798,0.0900
1790164413015,2247,0.0794,0.0068
1790164413065,2248,0.1734,0.0747
1790164413116,2249,0.1704,0.0124
1790164413165,2250,0.1761,0.0117
1790164413215,2251,0.1266,0.0098
1790164413266,2252,0.1173,0.0095
1790164413316,2253,0.0981,0.0082
1790164413365,2254,0.1465,0.0110
1790164413415,2255,0.1363,0.0097
1790164413466,2256,0.0829,0.0072
1790164413516,2257,0.1515,0.0113
1790164413565,2258,0.3941,0.2790
1790164413615,2259,0.1431,0.2207
1790164413665,2260,0.1817,0.0115
1790164413716,2261,0.1188,0.0099
1790164413765,2262,0.2045,0.0829
1790164413815,2263,0.1366,0.0111
1790164413865,2264,0.1225,0.0093
1790164413915,2265,0.1454,0.0108
1790164413965,2266,0.1007,0.0083
1790164414015,2267,0.0901,0.0082
1790164414065,2268,0.1146,0.0090
1790164414115,2269,0.1690,0.0146
1790164414165,2270,0.2213,0.0155
1790164414215,2271,0.1275,0.0098
1790164414265,2272,0.1450,0.0106
1790164414316,2273,0.1063,0.0090
1790164414365,2274,0.1838,0.0882
1790164414415,2275,0.1005,0.0086
1790164414466,2276,0.1639,0.0730
1790164414515,2277,0.1004,0.0079
1790164414566,2278,0.0986,0.0078
1790164414615,2279,0.1079,0.0073
1790164414667,2280,0.1101,0.0074
1790164414715,2281,0.0909,0.0074
1790164414766,2282,0.0825,0.0056
1790164414815,2283,0.0840,0.0063
1790164414866,2284,0.3038,0.2077
1790164414915,2285,0.1747,0.0122
1790164414966,2286,0.2446,0.0854
1790164415015,2287,0.3741,0.2140
1790164415065,2288,0.1912,0.0124
1790164415115,2289,0.1831,0.0130
1790164415165,2290,0.2591,0.0853
1790164415215,2291,0.1775,0.0132
1790164415265,2292,0.1907,0.0140
1790164415316,2293,0.1843,0.0146
1790164415365,2294,0.1777,0.0134
1790164415416,2295,0.2222,0.0819
1790164415465,2296,0.1796,0.0126
1790164415516,2297,0.1746,0.0119
1790164415565,2298,0.1775,0.0158
1790164415616,2299,0.1798,0.0136
1790164415666,2300,0.2142,0.0119
1790164415716,2301,0.2297,0.0156
1790164415766,2302,0.1768,0.0137
1790164415815,2303,0.1834,0.0131
1790164415865,2304,0.1838,0.0130
1790164415916,2305,0.2149,0.0129
1790164415966,2306,0.1791,0.0139
1790164416015,2307,0.2078,0.0135
1790164416065,2308,0.1786,0.0128
1790164416115,2309,0.1843,0.0140
1790164416165,2310,0.1902,0.0139
1790164416215,2311,0.1826,0.0133
1790164416266,2312,0.1988,0.0137
1790164416315,2313,0.1765,0.0126
1790164416366,2314,0.1843,0.0120
1790164416415,2315,0.1828,0.0126
1790164416466,2316,0.3074,0.0131
1790164416515,2317,0.2963,0.0153
1790164416565,2318,0.2703,0.1042
1790164416615,2319,0.1759,0.0134
1790164416665,2320,0.1976,0.0122
1790164416716,2321,0.3572,0.1887
1790164416765,2322,0.1780,0.0767
1790164416815,2323,0.2227,0.0132
1790164416865,2324,0.1799,0.0951
1790164416915,2325,0.1779,0.5918
1790164416965,2326,0.1780,0.0130
1790164417015,2327,0.1751,0.5254
1790164417066,2328,0.1730,0.0136
1790164417115,2329,0.2457,0.0147
1790164417165,2330,0.2769,0.1036
1790164417215,2331,0.1819,0.0128
1790164417266,2332,0.1835,0.0135
1790164417315,2333,0.1741,0.0124
1790164417365,2334,0.1853,0.0131
1790164417415,2335,0.2454,0.0134
1790164417465,2336,0.1783,0.0132
1790164417516,2337,0.2445,0.0133
1790164417565,2338,0.1738,0.0122
1790164417615,2339,0.4138,0.2515
1790164417665,2340,0.1921,0.1241
1790164417715,2341,0.1819,0.0126
1790164417765,2342,0.1831,0.0143
1790164417815,2343,0.1739,0.0129
1790164417866,2344,0.2147,0.5014
1790164417916,2345,0.1912,0.0141
1790164417966,2346,0.2965,0.0904
1790164418015,2347,0.1737,0.0127
1790164418065,2348,0.2656,0.0860
1790164418115,2349,0.1799,0.0128
1790164418165,2350,0.2575,0.0152
1790164418215,2351,0.1718,0.0131
1790164418265,2352,0.2098,0.0124
1790164418316,2353,0.1770,0.0136
1790164418365,2354,0.1713,0.0139
1790164418415,2355,0.1677,0.3124
1790164418465,2356,0.1699,0.0110
1790164418515,2357,0.1717,0.0140
1790164418566,2358,0.2378,0.4578
1790164418615,2359,0.1505,0.0096
1790164418665,2360,0.1838,0.2839
1790164418715,2361,0.1232,0.0110
1790164418766,2362,0.1646,0.0722
1790164418815,2363,0.0853,0.0070
1790164418865,2364,0.1192,0.0111
1790164418915,2365,0.0932,0.0072
1790164418965,2366,0.0941,0.0096
1790164419016,2367,0.1169,0.0084
1790164419065,2368,0.0984,0.0078
1790164419116,2369,0.1917,0.0139
1790164419165,2370,0.1652,0.0117
1790164419215,2371,0.1520,0.0116
1790164419266,2372,0.0985,0.0089
1790164419316,2373,0.0906,0.0079
1790164419365,2374,0.2290,0.1014
1790164419416,2375,0.1234,0.0092
1790164419465,2376,0.2187,0.0852
1790164419515,2377,0.1980,0.0860
1790164419565,2378,0.1204,0.0086
1790164419615,2379,0.1059,0.0112
1790164419666,2380,0.1030,0.0076
1790164419715,2381,0.0934,0.0076
1790164419766,2382,0.0874,0.0066
1790164419815,2383,0.0806,0.0056
1790164419866,2384,0.1606,0.0116
1790164419915,2385,0.1705,0.0127
1790164419965,2386,0.2286,0.0942
1790164420015,2387,0.1595,0.0118
1790164420065,2388,0.1420,0.0100
1790164420115,2389,0.1706,0.0126
1790164420165,2390,0.2312,0.0867
1790164420216,2391,0.1529,0.0115
1790164420265,2392,0.1090,0.0088
1790164420315,2393,0.1096,0.0080
1790164420365,2394,0.0833,0.0075
1790164420416,2395,0.0933,0.0079
1790164420465,2396,0.1047,0.0081
1790164420516,2397,0.0832,0.0059
1790164420565,2398,0.0830,0.0064
1790164420616,2399,0.0836,0.0065
1790164420665,2400,0.1044,0.0068
1790164420715,2401,0.1107,0.0079
1790164420765,2402,0.1694,0.0825
1790164420815,2403,0.0924,0.0071
1790164420865,2404,0.1261,0.0070
1790164420915,2405,0.0926,0.0062
1790164420966,2406,0.0964,0.0069
1790164421015,2407,0.1437,0.0099
1790164421066,2408,0.1075,0.0082
1790164421115,2409,0.1533,0.0115
1790164421165,2410,0.1609,0.0114
1790164421216,2411,0.1398,0.0103
1790164421265,2412,0.1640,0.0112
1790164421316,2413,0.1127,0.0090
1790164421365,2414,0.1989,0.1017
1790164421416,2415,0.1216,0.0089
1790164421465,2416,0.1807,0.0133
1790164421515,2417,0.3003,0.0118
1790164421565,2418,0.2802,0.1128
1790164421615,2419,0.1601,0.0130
1790164421665,2420,0.6559,0.4901
1790164421715,2421,0.1373,0.2051
1790164421765,2422,0.1223,0.0087
1790164421815,2423,0.1343,0.0099
1790164421865,2424,0.2983,0.1684
1790164421916,2425,0.1504,0.0111
1790164421965,2426,0.2871,0.1325
1790164422015,2427,0.4374,0.0125
1790164422065,2428,0.1947,0.0117
1790164422116,2429,0.2187,0.0150
1790164422166,2430,0.2671,0.0981
1790164422216,2431,0.1710,0.0124
1790164422266,2432,0.1853,0.0117
1790164422315,2433,0.1783,0.0122
1790164422366,2434,0.1679,0.0124
1790164422416,2435,0.1679,0.3275
1790164422465,2436,0.1689,0.0125
1790164422515,2437,0.1654,0.0127
1790164422566,2438,0.2250,0.0183
1790164422615,2439,0.1628,0.0119
1790164422665,2440,0.1814,0.0123
1790164422715,2441,0.1677,0.0121
1790164422765,2442,0.1703,0.0144
1790164422816,2443,0.2976,0.1444
1790164422865,2444,0.1815,0.0127
1790164422915,2445,0.1751,0.0130
1790164422965,2446,0.1856,0.0119
1790164423016,2447,0.1743,0.0138
1790164423066,2448,0.2427,0.0841
1790164423115,2449,0.1682,0.0121
1790164423166,2450,0.1901,0.0122
1790164423216,2451,0.1704,0.0122
1790164423265,2452,0.1760,0.0123
1790164423316,2453,0.1695,0.0122
1790164423365,2454,0.2997,0.1438
1790164423415,2455,0.1765,0.0125
1790164423466,2456,0.1742,0.0127
1790164423515,2457,0.5251,0.3633
1790164423565,2458,0.1802,0.0128
1790164423615,2459,0.4577,0.2931
1790164423665,2460,0.2476,0.0218
1790164423715,2461,0.1717,0.0842
1790164423766,2462,0.2436,0.4770
1790164423815,2463,0.1717,0.0153
1790164423866,2464,0.5512,0.3842
1790164423915,2465,0.1883,0.0613
1790164423965,2466,0.1719,0.0153
1790164424015,2467,0.1719,0.0128
1790164424065,2468,0.1680,0.0121
1790164424115,2469,0.2127,0.0136
1790164424165,2470,0.1841,0.0126
1790164424215,2471,0.2219,0.0145
1790164424265,2472,0.1798,0.0122
1790164424315,2473,0.1702,0.0126
1790164424365,2474,0.2556,0.0990
1790164424415,2475,0.1737,0.0130
1790164424466,2476,0.2963,0.0825
1790164424515,2477,0.1653,0.3205
1790164424565,2478,0.1742,0.0120
1790164424616,2479,0.1656,0.0120
1790164424665,2480,0.1868,0.0122
1790164424715,2481,0.1688,0.0126
1790164424765,2482,0.1712,0.0124
1790164424815,2483,0.1656,0.0156
1790164424865,2484,0.1666,0.0116
1790164424915,2485,0.1644,0.0117
1790164424965,2486,0.2328,0.0873
1790164425016,2487,0.1647,0.0117
1790164425065,2488,0.1586,0.5494
1790164425115,2489,0.1698,0.0121
1790164425166,2490,0.2420,0.0874
1790164425215,2491,0.1417,0.0104
1790164425267,2492,0.1415,0.0107
1790164425315,2493,0.1294,0.0096
1790164425365,2494,0.0994,0.0113
1790164425415,2495,0.1066,0.0087
1790164425466,2496,0.1096,0.0090
1790164425516,2497,0.0977,0.0103
1790164425565,2498,0.0974,0.0080
1790164425615,2499,0.1003,0.0113
1790164425665,2500,0.1183,0.0080
1790164425716,2501,0.3214,0.2210
1790164425765,2502,0.1571,0.2891
1790164425815,2503,0.1011,0.0056
1790164425865,2504,0.1548,0.0101
1790164425915,2505,0.1500,0.0104
1790164425965,2506,0.1011,0.0085
1790164426015,2507,0.1006,0.0083
1790164426065,2508,0.0925,0.0072
1790164426115,2509,0.1740,0.0137
1790164426165,2510,0.1611,0.0119
1790164426216,2511,0.1320,0.0095
1790164426265,2512,0.1167,0.0093
1790164426316,2513,0.1329,0.0101
1790164426365,2514,0.2490,0.1051
1790164426415,2515,0.1707,0.0126
1790164426465,2516,0.2129,0.0127
1790164426515,2517,0.2387,0.0093
1790164426565,2518,0.2048,0.0985
1790164426615,2519,0.0991,0.0089
1790164426666,2520,0.1146,0.0089
1790164426716,2521,0.0900,0.0076
1790164426765,2522,0.0990,0.0080
1790164426815,2523,0.1113,0.0083
1790164426865,2524,0.1050,0.0084
1790164426915,2525,0.1040,0.0082
1790164426965,2526,0.0885,0.0079
1790164427015,2527,0.0816,0.0059
1790164427065,2528,0.0802,0.0065
1790164427115,2529,0.1741,0.0125
1790164427166,2530,0.2566,0.1023
1790164427215,2531,0.1460,0.0109
1790164427265,2532,0.1187,0.0089
1790164427315,2533,0.1174,0.0100
1790164427365,2534,0.2582,0.1552
1790164427415,2535,0.1093,0.0090
1790164427466,2536,0.1227,0.0099
1790164427516,2537,0.1428,0.0111
1790164427565,2538,0.1485,0.0111
1790164427615,2539,0.1531,0.0121
1790164427665,2540,0.1781,0.0122
1790164427715,2541,0.1589,0.0152
1790164427765,2542,0.1555,0.0120
1790164427816,2543,0.1519,0.0117
1790164427865,2544,0.1579,0.0119
1790164427915,2545,0.1840,0.0118
1790164427965,2546,0.2141,0.0804
1790164428015,2547,0.1594,0.0129
1790164428065,2548,0.2480,0.0837
1790164428115,2549,0.1695,0.0130
1790164428165,2550,0.1771,0.0121
1790164428217,2551,0.1860,0.0130
1790164428265,2552,0.1516,0.0117
1790164428316,2553,0.1581,0.0117
1790164428366,2554,0.1594,0.0127
1790164428415,2555,0.1541,0.0109
1790164428465,2556,0.2040,0.0150
1790164428515,2557,0.1573,0.0117
1790164428565,2558,0.2437,0.0956
1790164428615,2559,0.1698,0.0120
1790164428665,2560,0.1952,0.0155
1790164428716,2561,0.3060,0.1715
1790164428765,2562,0.2246,0.0773
1790164428816,2563,0.1928,0.0110
1790164428866,2564,0.3565,0.1984
1790164428915,2565,0.1652,0.0617
1790164428965,2566,0.1651,0.0127
1790164429015,2567,0.1659,0.0120
1790164429065,2568,0.1849,0.0129
1790164429115,2569,0.1745,0.0129
1790164429165,2570,0.2715,0.0174
1790164429216,2571,0.1729,0.3317
1790164429265,2572,0.1749,0.0137
1790164429315,2573,0.1865,0.0128
1790164429365,2574,0.1854,0.0168
1790164429416,2575,0.1827,0.0128
1790164429465,2576,0.3934,0.2307
1790164429516,2577,0.1818,0.0125
1790164429565,2578,0.1912,0.0140
1790164429616,2579,0.2604,0.0160
1790164429666,2580,0.2143,0.3782
1790164429716,2581,0.1723,0.0127
1790164429765,2582,0.5166,0.3540
1790164429815,2583,0.1741,0.3104
1790164429866,2584,0.1735,0.0120
1790164429915,2585,0.1672,0.0123
1790164429965,2586,0.2680,0.1013
1790164430015,2587,0.2986,0.1353
1790164430065,2588,0.1867,0.0136
1790164430115,2589,0.1694,0.4301
1790164430165,2590,0.2482,0.0828
1790164430215,2591,0.1664,0.3277
1790164430265,2592,0.3023,0.0122
1790164430315,2593,0.1633,0.0112
1790164430365,2594,0.1695,0.0168
1790164430415,2595,0.1710,0.0124
1790164430465,2596,0.1687,0.0116
1790164430515,2597,0.1701,0.0117
1790164430565,2598,0.1607,1.0972
1790164430615,2599,0.1579,0.0111
1790164430666,2600,0.1884,0.0124
1790164430715,2601,0.1729,0.0155
1790164430766,2602,0.1607,0.0122
1790164430816,2603,0.1581,0.0120
1790164430865,2604,0.1950,0.0223
1790164430915,2605,0.1195,0.2932
1790164430965,2606,0.0928,0.0055
1790164431016,2607,0.0852,0.0048
1790164431066,2608,0.0955,0.0064
1790164431116,2609,0.1763,0.0147
1790164431165,2610,0.1708,0.0146
1790164431215,2611,0.1640,0.0129
1790164431265,2612,0.3018,0.1376
1790164431315,2613,0.1707,0.0124
1790164431365,2614,0.2631,0.1014
1790164431416,2615,0.1766,0.0127
1790164431465,2616,0.2002,0.0158
1790164431515,2617,0.3165,0.0124
1790164431566,2618,0.2527,0.0973
1790164431615,2619,0.1718,0.0127
1790164431666,2620,0.1909,0.0143
1790164431715,2621,0.1895,0.0186
1790164431765,2622,0.1598,0.0139
1790164431816,2623,0.1551,0.0120
1790164431865,2624,0.1598,0.0114
1790164431915,2625,0.1550,0.0117
1790164431966,2626,0.1214,0.0110
1790164432015,2627,0.1267,0.0126
1790164432066,2628,0.1409,0.0112
1790164432115,2629,0.1752,0.0130
1790164432166,2630,0.2620,0.1005
1790164432215,2631,0.1737,0.2693
1790164432265,2632,0.1267,0.0084
1790164432316,2633,0.1006,0.0080
1790164432365,2634,0.1057,0.0080
1790164432415,2635,0.1150,0.0086
1790164432465,2636,0.1390,0.0102
1790164432515,2637,0.1204,0.0088
1790164432565,2638,0.1149,0.0089
1790164432615,2639,0.0922,0.0085
1790164432665,2640,0.1558,0.0106
1790164432715,2641,0.1121,0.0093
1790164432765,2642,0.1941,0.0132
1790164432815,2643,0.1103,0.0093
1790164432867,2644,0.1512,0.0113
1790164432915,2645,0.1222,0.0105
1790164432965,2646,0.2064,0.0879
1790164433015,2647,0.0977,0.0081
1790164433065,2648,0.2563,0.1204
1790164433115,2649,0.1581,0.0120
1790164433166,2650,0.1616,0.0111
1790164433215,2651,0.1611,0.0120
1790164433265,2652,0.1052,0.0123
1790164433315,2653,0.0959,0.0081
1790164433366,2654,0.1039,0.0086
1790164433415,2655,0.0986,0.0079
1790164433466,2656,0.1032,0.0086
1790164433515,2657,0.0939,0.0084
1790164433565,2658,0.1899,0.0953
1790164433616,2659,0.1275,0.0423
1790164433665,2660,0.1326,0.0205
1790164433716,2661,0.1070,0.0168
1790164433765,2662,0.1511,0.0744
1790164433815,2663,0.2516,0.1635
1790164433866,2664,0.1249,0.1843
1790164433915,2665,0.0995,0.0062
1790164433965,2666,0.0826,0.0053
1790164434016,2667,0.0932,0.0057
1790164434065,2668,0.0889,0.0062
1790164434115,2669,0.1550,0.0110
1790164434165,2670,0.1543,0.0105
1790164434215,2671,0.1386,0.0098
1790164434265,2672,0.1469,0.0099
1790164434315,2673,0.1401,0.0107
1790164434365,2674,0.2064,0.0948
1790164434415,2675,0.1239,0.0095
1790164434465,2676,0.2223,0.0849
1790164434515,2677,0.1018,0.0082
1790164434565,2678,0.1442,0.0094
1790164434615,2679,0.2359,0.1260
1790164434665,2680,0.1232,0.0082
1790164434716,2681,0.1188,0.0083
1790164434765,2682,0.1303,0.0093
1790164434816,2683,0.1361,0.0096
1790164434865,2684,0.1435,0.0103
1790164434915,2685,0.1434,0.0106
1790164434965,2686,0.2391,0.0950
1790164435015,2687,0.1653,0.0105
1790164435066,2688,0.2786,0.1380
1790164435115,2689,0.1686,0.0113
1790164435165,2690,0.3604,0.1964
1790164435215,2691,0.1725,0.0117
1790164435265,2692,0.1791,0.0605
1790164435315,2693,0.1714,0.0127
1790164435365,2694,0.1719,0.0123
1790164435415,2695,0.1637,0.2922
1790164435466,2696,0.1646,0.0110
1790164435515,2697,0.3192,0.1624
1790164435565,2698,0.2014,0.0114
1790164435615,2699,0.1678,0.0117
1790164435665,2700,0.1857,0.0118
1790164435715,2701,0.1649,0.2876
1790164435766,2702,0.2393,0.0843
1790164435815,2703,0.1709,0.0152
1790164435865,2704,0.3465,0.1482
1790164435915,2705,0.1674,0.0117
1790164435966,2706,0.1728,0.0121
1790164436015,2707,0.1721,0.0119
1790164436066,2708,0.1879,0.0117
1790164436116,2709,0.1784,0.0114
1790164436165,2710,0.1767,0.0117
1790164436215,2711,0.1734,0.0117
1790164436266,2712,0.1760,0.0124
1790164436315,2713,0.1727,0.0122
1790164436365,2714,0.2480,0.3903
1790164436416,2715,0.1686,0.0117
1790164436465,2716,0.1811,0.0127
1790164436515,2717,0.1681,0.0114
1790164436565,2718,0.3716,0.0953
1790164436615,2719,0.1711,0.0147
1790164436665,2720,0.1911,0.0120
1790164436715,2721,0.1640,0.0118
1790164436765,2722,0.1593,0.3042
1790164436815,2723,0.1585,0.0110
1790164436865,2724,0.1563,0.0111
1790164436916,2725,0.1627,0.0111
1790164436966,2726,0.1576,0.0113
1790164437016,2727,0.1466,0.0110
1790164437066,2728,0.1515,0.0131
1790164437115,2729,0.1794,0.0113
1790164437165,2730,0.2807,0.1242
1790164437215,2731,0.2281,0.0112
1790164437265,2732,0.1588,0.0118
1790164437315,2733,0.1609,0.0122
1790164437365,2734,0.1561,0.0118
1790164437416,2735,0.1594,0.0112
1790164437466,2736,0.1896,0.0115
1790164437516,2737,0.1606,0.0149
1790164437565,2738,0.1487,0.0110
1790164437616,2739,0.1542,0.0112
1790164437665,2740,0.1640,0.0110
1790164437715,2741,0.1490,0.0115
1790164437765,2742,0.1494,0.0114
1790164437815,2743,0.1490,0.0115
1790164437865,2744,0.3044,0.1607
1790164437915,2745,0.1236,0.4438
1790164437965,2746,0.2026,0.0823
1790164438015,2747,0.1179,0.0077
1790164438065,2748,0.1557,0.0645
1790164438115,2749,0.1481,0.0109
1790164438165,2750,0.1463,0.0103
1790164438215,2751,0.1328,0.0103
1790164438266,2752,0.1166,0.0081
1790164438315,2753,0.1313,0.0069
1790164438366,2754,0.1315,0.0076
1790164438415,2755,0.2120,0.1200
1790164438465,2756,0.1110,0.0084
1790164438516,2757,0.1266,0.0095
1790164438565,2758,0.1577,0.0102
1790164438615,2759,0.1137,0.2768
1790164438665,2760,0.1197,0.0072
1790164438715,2761,0.0936,0.0067
1790164438765,2762,0.1578,0.0770
1790164438815,2763,0.1252,0.0087
1790164438865,2764,0.1395,0.0096
1790164438916,2765,0.1243,0.0094
1790164438965,2766,0.1364,0.0106
1790164439015,2767,0.1280,0.0096
1790164439065,2768,0.1052,0.0086
1790164439115,2769,0.1353,0.0094
1790164439166,2770,0.1536,0.0107
1790164439215,2771,0.1530,0.0115
1790164439266,2772,0.1088,0.0088
1790164439315,2773,0.0948,0.0078
1790164439365,2774,0.2201,0.0950
1790164439415,2775,0.1236,0.0087
1790164439465,2776,0.1636,0.0680
1790164439516,2777,0.0988,0.0074
1790164439565,2778,0.1141,0.0080
1790164439615,2779,0.0867,0.0072
1790164439665,2780,0.1850,0.0102
1790164439715,2781,0.0978,0.0080
1790164439765,2782,0.1357,0.0580
1790164439815,2783,0.0977,0.0074
1790164439865,2784,0.1273,0.0123
1790164439916,2785,0.1113,0.0095
1790164439966,2786,0.1786,0.0935
1790164440015,2787,0.1671,0.0123
1790164440065,2788,0.1781,0.0123
1790164440116,2789,0.1657,0.0117
1790164440166,2790,0.2432,0.0870
1790164440216,2791,0.1782,0.0126
1790164440265,2792,0.1315,0.0100
1790164440315,2793,0.1008,0.0084
1790164440365,2794,0.2582,0.1302
1790164440415,2795,0.1369,0.0119
1790164440466,2796,0.1357,0.0094
1790164440515,2797,0.1432,0.0099
1790164440566,2798,0.1582,0.0114
1790164440615,2799,0.1574,0.0111
1790164440665,2800,0.4778,0.3220
1790164440716,2801,0.1607,0.0112
1790164440765,2802,0.2635,0.0786
1790164440815,2803,0.1610,0.0113
1790164440865,2804,0.1769,0.0115
1790164440915,2805,0.1668,0.0107
1790164440965,2806,0.1640,0.0112
1790164441015,2807,0.1595,0.0111
1790164441065,2808,0.1657,0.0118
1790164441116,2809,0.1687,0.0116
1790164441165,2810,0.1700,0.0119
1790164441216,2811,0.1709,0.0115
1790164441265,2812,0.1645,0.0119
1790164441315,2813,0.4949,0.3436
1790164441366,2814,0.1703,0.0113
1790164441415,2815,0.1760,0.0172
1790164441466,2816,0.1703,0.0117
1790164441515,2817,0.1673,0.0117
1790164441566,2818,0.3100,0.0159
1790164441616,2819,0.1852,0.0120
1790164441666,2820,0.2363,0.0127
1790164441716,2821,0.5073,0.3418
1790164441766,2822,0.1821,0.2806
1790164441815,2823,0.1766,0.0124
1790164441867,2824,1.2435,0.0124
1790164441916,2825,0.5455,0.4028
1790164441965,2826,0.1743,0.2409
1790164442016,2827,0.1719,0.0121
1790164442066,2828,0.1743,0.0123
1790164442115,2829,0.1765,0.0120
1790164442166,2830,0.1972,0.0117
1790164442215,2831,0.1880,0.0114
1790164442265,2832,0.1671,0.0124
1790164442315,2833,0.2181,0.0142
1790164442366,2834,0.2192,0.3074
1790164442416,2835,0.1702,0.2800
1790164442466,2836,0.1627,0.0114
1790164442515,2837,0.1551,0.0110
1790164442565,2838,0.1581,0.0111
1790164442615,2839,0.1617,0.0108
1790164442667,2840,0.2201,0.0166
1790164442715,2841,0.1673,0.0119
1790164442765,2842,0.1570,0.0102
1790164442815,2843,0.1575,0.0147
1790164442865,2844,0.2993,0.1347
1790164442916,2845,0.1821,0.0121
1790164442965,2846,0.1829,0.0119
1790164443015,2847,0.2924,0.0125
1790164443066,2848,0.2390,0.0847
1790164443115,2849,0.1654,0.0117
1790164443165,2850,0.3138,0.0525
1790164443216,2851,0.1657,0.0118
1790164443265,2852,0.1651,0.0119
1790164443315,2853,0.2007,0.0149
1790164443365,2854,0.1620,0.0114
1790164443416,2855,0.1660,0.3217
1790164443465,2856,0.1583,0.0104
1790164443515,2857,0.1477,0.0098
1790164443565,2858,0.2395,0.0943
1790164443615,2859,0.1531,0.0106
1790164443665,2860,0.1957,0.0130
1790164443715,2861,0.1767,0.0154
1790164443766,2862,0.2510,0.0903
1790164443815,2863,0.1688,0.0118
1790164443865,2864,0.1761,0.0119
1790164443916,2865,0.1761,0.0156
1790164443966,2866,0.1695,0.0127
1790164444015,2867,0.1476,0.0099
1790164444065,2868,0.1575,0.0115
1790164444115,2869,0.1618,0.0117
1790164444165,2870,0.1670,0.0109
1790164444216,2871,0.1417,0.0110
1790164444265,2872,0.1225,0.0098
1790164444315,2873,0.1276,0.0102
1790164444365,2874,0.2819,0.1222
1790164444415,2875,0.1410,0.0097
1790164444465,2876,0.2477,0.0810
1790164444515,2877,0.1515,0.0114
1790164444565,2878,0.1699,0.0107
1790164444616,2879,0.1242,0.0095
1790164444665,2880,0.1551,0.0094
1790164444716,2881,0.1400,0.0104
1790164444766,2882,0.1544,0.0107
1790164444815,2883,0.2685,0.1258
1790164444865,2884,0.1699,0.0203
1790164444915,2885,0.1522,0.4759
1790164444965,2886,0.2437,0.0873
1790164445015,2887,0.1408,0.0096
1790164445065,2888,0.1556,0.0119
1790164445116,2889,0.1559,0.0113
1790164445165,2890,0.2377,0.0801
1790164445215,2891,0.1583,0.0122
1790164445265,2892,0.1967,0.0109
1790164445315,2893,0.1705,0.0105
1790164445365,2894,0.1568,0.0106
1790164445415,2895,0.1256,0.0092
1790164445465,2896,0.1439,0.0110
1790164445516,2897,0.2579,0.1541
1790164445565,2898,0.1199,0.1644
1790164445615,2899,0.1399,0.0096
1790164445666,2900,0.1526,0.0091
1790164445715,2901,0.1382,0.0094
1790164445765,2902,0.2195,0.0783
1790164445815,2903,0.1529,0.0105
1790164445866,2904,0.1609,0.0111
1790164445915,2905,0.1787,0.0120
1790164445965,2906,0.1599,0.0118
1790164446015,2907,0.1532,0.0109
1790164446065,2908,0.1586,0.0117
1790164446115,2909,0.2205,0.0219
1790164446165,2910,0.1683,0.0111
1790164446215,2911,0.1625,0.0119
1790164446265,2912,0.1484,0.3584
1790164446315,2913,0.1217,0.0085
1790164446365,2914,0.2133,0.1085
1790164446416,2915,0.1589,0.0115
1790164446465,2916,0.1747,0.0109
1790164446516,2917,0.1253,0.0092
1790164446565,2918,0.2531,0.0991
1790164446616,2919,0.2738,0.0106
1790164446665,2920,0.1412,0.0087
1790164446716,2921,0.2122,0.1199
1790164446766,2922,0.1356,0.0105
1790164446816,2923,0.1272,0.0125
1790164446865,2924,0.1324,0.0098
1790164446916,2925,0.1681,0.0098
1790164446965,2926,0.1180,0.0097
1790164447015,2927,0.1166,0.0097
1790164447065,2928,0.1256,0.0103
1790164447115,2929,0.1677,0.0116
1790164447166,2930,0.2495,0.0951
1790164447215,2931,0.1524,0.0105
1790164447266,2932,0.1537,0.0109
1790164447315,2933,0.2617,0.1257
1790164447365,2934,0.2447,0.1108
1790164447415,2935,0.1536,0.0108
1790164447465,2936,0.1561,0.0106
1790164447515,2937,0.1706,0.0152
1790164447565,2938,0.1588,0.3194
1790164447616,2939,0.1634,0.0111
1790164447665,2940,0.1817,0.0111
1790164447715,2941,0.2139,0.0122
1790164447765,2942,0.1679,0.0121
1790164447816,2943,0.1753,0.0133
1790164447866,2944,0.1809,0.0123
1790164447915,2945,0.1745,0.0119
1790164447965,2946,0.2475,0.0854
1790164448016,2947,0.1765,0.0124
1790164448065,2948,0.2563,0.0843
1790164448115,2949,0.1804,0.0122
1790164448165,2950,0.1887,0.0121
1790164448215,2951,0.1542,0.0114
1790164448265,2952,0.1532,0.2692
1790164448315,2953,0.1497,0.0093
1790164448365,2954,0.2662,0.1265
1790164448415,2955,0.1553,0.2860
1790164448466,2956,0.1377,0.0088
1790164448515,2957,0.1651,0.0114
1790164448565,2958,0.2204,0.1300
1790164448615,2959,0.1152,0.0086
1790164448666,2960,0.1327,0.0084
1790164448715,2961,0.1208,0.0114
1790164448765,2962,0.1908,0.0753
1790164448815,2963,0.1316,0.0098
1790164448865,2964,0.1440,0.0092
1790164448915,2965,0.1418,0.0100
1790164448966,2966,0.1165,0.0087
1790164449015,2967,0.1070,0.0086
1790164449065,2968,0.1279,0.0083
1790164449117,2969,0.3000,0.1599
1790164449165,2970,0.1419,0.2170
1790164449215,2971,0.1388,0.0073
1790164449265,2972,0.1499,0.0102
1790164449315,2973,0.1634,0.0141
1790164449365,2974,0.1883,0.0136
1790164449415,2975,0.1283,0.0092
1790164449465,2976,0.2167,0.0891
1790164449515,2977,0.1298,0.0099
1790164449566,2978,0.1586,0.0103
1790164449615,2979,0.1630,0.0111
1790164449665,2980,0.1823,0.0117
1790164449715,2981,0.1630,0.0117
1790164449765,2982,0.1999,0.0123
1790164449815,2983,0.1582,0.0107
1790164449865,2984,0.2760,0.1230
1790164449915,2985,0.1766,0.0118
1790164449965,2986,0.2605,0.1150
1790164450015,2987,0.1580,0.0110
1790164450065,2988,0.1668,0.3784
1790164450116,2989,0.1643,0.0112
1790164450165,2990,0.2417,0.1197
1790164450216,2991,0.2412,0.0135
1790164450267,2992,0.1738,0.0115
1790164450316,2993,0.1615,0.0116
1790164450367,2994,0.1564,0.0138
1790164450415,2995,0.1524,0.0110
1790164450466,2996,0.1486,0.0107
1790164450515,2997,0.1644,0.0104
1790164450565,2998,0.1627,0.0115
1790164450615,2999,0.1612,0.0112
1790164450665,3000,0.1861,0.0116
1790164450716,3001,0.1591,0.0109
1790164450765,3002,0.2097,0.0114
1790164450816,3003,0.1561,0.0109
1790164450866,3004,0.1639,0.0115
1790164450915,3005,0.1753,0.0110
1790164450966,3006,0.1816,0.0154
1790164451015,3007,0.2562,0.0306
1790164451066,3008,0.1652,0.0116
1790164451115,3009,0.1768,0.0156
1790164451166,3010,0.1735,0.0123
1790164451216,3011,0.1653,0.0112
1790164451265,3012,0.1654,0.0112
1790164451315,3013,0.2108,0.0114
1790164451365,3014,0.2427,0.0931
1790164451416,3015,0.1759,0.0124
1790164451465,3016,0.2023,0.0138
1790164451516,3017,0.1616,0.0117
1790164451566,3018,0.2447,0.0920
1790164451616,3019,0.1607,0.0108
1790164451666,3020,0.3004,0.0124
1790164451715,3021,0.1778,0.0151
1790164451765,3022,0.1806,0.0123
1790164451816,3023,0.1641,0.0120
1790164451866,3024,0.5354,0.3152
1790164451915,3025,0.2315,0.0731
1790164451966,3026,0.3020,0.0132
1790164452016,3027,0.1798,0.0133
1790164452065,3028,0.1632,0.0123
1790164452115,3029,0.1628,0.0123
1790164452165,3030,0.2473,0.0975
1790164452215,3031,0.1304,0.0098
1790164452265,3032,0.1232,0.0091
1790164452316,3033,0.1019,0.0088
1790164452366,3034,0.0823,0.0076
1790164452415,3035,0.0829,0.0069
1790164452465,3036,0.1860,0.1156
1790164452515,3037,0.2856,0.2090
1790164452565,3038,0.1051,0.0068
1790164452616,3039,0.1451,0.0095
1790164452665,3040,0.1368,0.0087
1790164452715,3041,0.5265,0.3966
1790164452765,3042,0.2089,0.2406
1790164452815,3043,0.1420,0.0095
1790164452866,3044,0.1526,0.0107
1790164452916,3045,0.1659,0.0117
1790164452966,3046,0.2400,0.0835
1790164453016,3047,0.1670,0.0121
1790164453065,3048,0.2320,0.0744
1790164453116,3049,0.1660,0.0117
1790164453165,3050,0.1763,0.0122
1790164453215,3051,0.2805,0.1292
1790164453265,3052,0.1711,0.0127
1790164453315,3053,0.1756,0.0117
1790164453365,3054,0.3202,0.1279
1790164453415,3055,0.1771,0.0118
1790164453466,3056,0.1702,0.0134
1790164453515,3057,0.1719,0.0124
1790164453566,3058,0.1736,0.0121
1790164453616,3059,0.1750,0.0122
1790164453665,3060,0.1845,0.0123
1790164453715,3061,0.1790,0.0112
1790164453766,3062,0.2399,0.0842
1790164453815,3063,0.1744,0.0129
1790164453865,3064,0.1815,0.0119
1790164453915,3065,0.1812,0.0126
1790164453965,3066,0.1799,0.0122
1790164454015,3067,0.1701,0.0118
1790164454066,3068,0.1702,0.0119
1790164454115,3069,0.1711,0.0121
1790164454165,3070,0.1752,0.2819
1790164454215,3071,0.1604,0.3075
1790164454265,3072,0.1663,0.0115
1790164454315,3073,0.1618,0.0110
1790164454366,3074,0.2518,0.0957
1790164454416,3075,0.1838,0.0116
1790164454466,3076,0.2533,0.0930
1790164454515,3077,0.1625,0.0142
1790164454566,3078,0.1753,0.0144
1790164454615,3079,0.1717,0.0122
1790164454665,3080,0.1799,0.0118
1790164454715,3081,0.1636,0.0142
1790164454766,3082,0.1647,0.0108
1790164454815,3083,0.4119,0.0123
1790164454865,3084,0.1605,0.0112
1790164454916,3085,0.1691,0.0117
1790164454965,3086,0.2320,0.6652
1790164455015,3087,0.2716,0.1322
1790164455065,3088,0.1679,0.2602
1790164455115,3089,0.1740,0.0113
1790164455165,3090,0.2585,0.1041
1790164455215,3091,0.1616,0.0458
1790164455265,3092,0.1650,0.0096
1790164455315,3093,0.1296,0.3105
1790164455365,3094,0.1110,0.0105
1790164455415,3095,0.1119,0.0077
1790164455465,3096,0.1003,0.0078
1790164455515,3097,0.0847,0.0070
1790164455565,3098,0.0910,0.0065
1790164455615,3099,0.1299,0.0132
1790164455666,3100,0.1394,0.0087
1790164455715,3101,0.0983,0.0078
1790164455766,3102,0.1820,0.0970
1790164455816,3103,0.0829,0.0065
1790164455865,3104,0.0943,0.0067
1790164455915,3105,0.0916,0.0065
1790164455965,3106,0.1052,0.0073
1790164456015,3107,0.0861,0.0061
1790164456065,3108,0.0802,0.0055
1790164456115,3109,0.1405,0.0096
1790164456165,3110,0.1507,0.0104
1790164456215,3111,0.1755,0.0085
1790164456265,3112,0.0956,0.0081
1790164456315,3113,0.2386,0.1625
1790164456365,3114,0.1740,0.2932
1790164456415,3115,0.0990,0.0057
1790164456465,3116,0.1182,0.0079
1790164456515,3117,0.1094,0.0078
1790164456566,3118,0.1725,0.0864
1790164456615,3119,0.0830,0.0071
1790164456665,3120,0.1927,0.0128
1790164456716,3121,0.2791,0.0111
1790164456766,3122,0.1416,0.0105
1790164456815,3123,0.2406,0.1259
1790164456865,3124,0.1489,0.0113
1790164456916,3125,0.1546,0.0104
1790164456965,3126,0.1619,0.0116
1790164457015,3127,0.1643,0.0141
1790164457066,3128,0.1614,0.0110
1790164457115,3129,0.2168,0.0149
1790164457166,3130,0.2575,0.1299
1790164457215,3131,0.1516,0.3058
1790164457265,3132,0.1150,0.0080
1790164457316,3133,0.0919,0.0071
1790164457365,3134,0.0871,0.0068
1790164457415,3135,0.0822,0.0066
1790164457465,3136,0.1221,0.0084
1790164457515,3137,0.0892,0.0073
1790164457565,3138,0.0894,0.0070
1790164457616,3139,0.1335,0.0098
1790164457666,3140,0.1361,0.0082
1790164457716,3141,0.0961,0.0078
1790164457765,3142,0.0998,0.0073
1790164457816,3143,0.0937,0.0067
1790164457865,3144,0.1165,0.0085
1790164457915,3145,0.0960,0.0074
1790164457966,3146,0.2569,0.1016
1790164458015,3147,0.1016,0.0081
1790164458066,3148,0.2094,0.1063
1790164458115,3149,0.1906,0.0435
1790164458165,3150,0.1958,0.0379
1790164458215,3151,0.1086,0.0080
1790164458265,3152,0.0978,0.0069
1790164458315,3153,0.0913,0.0093
1790164458365,3154,0.0885,0.0073
1790164458416,3155,0.0965,0.0065
1790164458465,3156,0.0793,0.0061
1790164458515,3157,0.0934,0.0063
1790164458565,3158,0.3126,0.1620
1790164458616,3159,0.1582,0.0109
1790164458665,3160,0.1611,0.0090
1790164458715,3161,0.1415,0.0097
1790164458765,3162,0.1739,0.0754
1790164458815,3163,0.1023,0.0105
1790164458865,3164,0.1289,0.0086
1790164458915,3165,0.1015,0.0074
1790164458965,3166,0.1026,0.0077
1790164459016,3167,0.1109,0.0074
1790164459065,3168,0.1013,0.0070
1790164459116,3169,0.2165,0.0132
1790164459165,3170,0.2981,0.1453
1790164459215,3171,0.1600,0.0090
1790164459265,3172,0.1869,0.0116
1790164459315,3173,0.1645,0.0111
1790164459365,3174,0.2400,0.0911
1790164459416,3175,0.1423,0.2587
1790164459465,3176,0.1973,0.0650
1790164459516,3177,0.1031,0.0069
1790164459565,3178,0.1018,0.0064
1790164459616,3179,0.0883,0.0063
1790164459666,3180,0.1012,0.0067
1790164459715,3181,0.1414,0.0093
1790164459765,3182,0.1113,0.0079
1790164459815,3183,0.1386,0.0090
1790164459865,3184,0.1518,0.0096
1790164459915,3185,0.2664,0.1638
1790164459966,3186,0.1265,0.0443
1790164460015,3187,0.2840,0.1312
1790164460066,3188,0.1561,0.0099
1790164460115,3189,0.4092,0.0125
1790164460166,3190,0.4728,0.0767
1790164460216,3191,0.1587,0.2737
1790164460265,3192,0.2981,0.1288
1790164460316,3193,0.1694,0.0107
1790164460365,3194,0.6217,0.4236
1790164460415,3195,0.1684,0.0110
1790164460466,3196,0.1657,0.2787
1790164460515,3197,0.1663,0.0100
1790164460565,3198,0.1571,0.2688
1790164460615,3199,0.1532,0.0098
1790164460665,3200,0.1599,0.0104
1790164460715,3201,0.1645,0.0107
1790164460765,3202,0.2121,0.0691
1790164460815,3203,0.1900,0.0087
1790164460866,3204,0.2320,0.0122
1790164460915,3205,0.1724,0.0107
1790164460966,3206,0.1614,0.0101
1790164461016,3207,0.1645,0.0106
1790164461066,3208,0.1630,0.0108
1790164461116,3209,0.1680,0.0112
1790164461166,3210,0.1726,0.0141
1790164461215,3211,0.1528,0.0106
1790164461266,3212,0.1611,0.0106
1790164461315,3213,0.1505,0.0106
1790164461366,3214,0.2222,0.0845
1790164461415,3215,0.1559,0.0097
1790164461467,3216,0.1550,0.0103
1790164461516,3217,0.2575,0.1209
1790164461566,3218,0.2975,0.0953
1790164461615,3219,0.1408,0.5335
1790164461666,3220,0.1656,0.0090
1790164461716,3221,0.1573,0.0105
1790164461765,3222,0.2355,0.2532
1790164461816,3223,0.1211,0.0072
1790164461866,3224,0.1241,0.0074
1790164461916,3225,0.1297,0.0112
1790164461966,3226,0.1336,0.0083
1790164462016,3227,0.1421,0.0117
1790164462065,3228,0.1384,0.0096
1790164462115,3229,0.1713,0.0105
1790164462166,3230,0.3856,0.2191
1790164462215,3231,0.4374,0.0110
1790164462265,3232,0.2003,0.0166
1790164462315,3233,0.1740,0.0112
1790164462366,3234,0.2614,0.0140
1790164462416,3235,0.1662,0.0115
1790164462466,3236,0.1708,0.0104
1790164462515,3237,0.1700,0.0112
1790164462566,3238,0.1685,0.0472
1790164462616,3239,0.1849,0.0110
1790164462665,3240,0.1813,0.0109
1790164462715,3241,0.2194,0.0615
1790164462765,3242,0.1696,0.0104
1790164462815,3243,0.1822,0.0120
1790164462867,3244,0.1703,0.0109
1790164462915,3245,0.1613,0.0108
1790164462965,3246,0.1194,0.0092
1790164463016,3247,0.1283,0.0096
1790164463065,3248,0.1981,0.0684
1790164463115,3249,0.1573,0.0100
1790164463165,3250,0.2059,0.0102
1790164463216,3251,0.1629,0.0111
1790164463265,3252,0.1595,0.0099
1790164463315,3253,0.1787,0.0098
1790164463366,3254,0.1521,0.0104
1790164463415,3255,0.1433,0.0088
1790164463465,3256,0.1334,0.0093
1790164463515,3257,0.5105,0.3918
1790164463565,3258,0.2137,0.3410
1790164463615,3259,0.1219,0.0080
1790164463666,3260,0.1263,0.0071
1790164463715,3261,0.1599,0.0080
1790164463765,3262,0.1888,0.0698
1790164463815,3263,0.1183,0.0081
1790164463866,3264,0.2087,0.0110
1790164463915,3265,0.1718,0.0096
1790164463966,3266,0.1792,0.0111
1790164464015,3267,0.1544,0.0098
1790164464065,3268,0.1527,0.0106
1790164464116,3269,0.1608,0.0104
1790164464166,3270,0.1622,0.4390
1790164464215,3271,0.1576,0.0102
1790164464265,3272,0.1279,0.0098
1790164464316,3273,0.1175,0.0086
1790164464365,3274,0.2956,0.1902
1790164464415,3275,0.1465,0.0090
1790164464466,3276,0.2180,0.0712
1790164464515,3277,0.1527,0.0107
1790164464565,3278,0.1617,0.0107
1790164464615,3279,0.3800,0.0126
1790164464666,3280,0.1669,0.0099
1790164464716,3281,0.1575,0.0105
1790164464766,3282,0.1639,0.0100
1790164464816,3283,0.1534,0.3019
1790164464866,3284,0.1551,0.0096
1790164464915,3285,0.1834,0.0095
1790164464966,3286,0.2287,0.0865
1790164465016,3287,0.1507,0.0095
1790164465065,3288,0.1751,0.0107
1790164465115,3289,0.1652,0.0111
1790164465165,3290,0.4339,0.2327
1790164465216,3291,0.1626,0.0108
1790164465266,3292,0.1721,0.0107
1790164465315,3293,0.1668,0.0113
1790164465365,3294,0.1512,0.2669
1790164465415,3295,0.2673,0.1230
1790164465466,3296,0.1600,0.0098
1790164465515,3297,0.9092,0.0136
1790164465565,3298,0.1817,0.0111
1790164465615,3299,0.1688,0.2805
1790164465665,3300,0.1645,0.0090
1790164465716,3301,0.1576,0.0095
1790164465766,3302,0.2482,0.0894
1790164465815,3303,0.1622,0.0104
1790164465865,3304,0.1697,0.0106
1790164465916,3305,0.1671,0.0109
1790164465965,3306,0.1474,0.0099
1790164466015,3307,0.1667,0.0102
1790164466066,3308,0.1524,0.2574
1790164466115,3309,0.1756,0.0145
1790164466165,3310,0.1993,0.0115
1790164466215,3311,0.1912,0.0142
1790164466266,3312,0.1766,0.0118
1790164466315,3313,0.1665,0.0115
1790164466365,3314,0.2614,0.1009
1790164466416,3315,0.1732,0.0115
1790164466465,3316,0.1824,0.0117
1790164466515,3317,0.1670,0.0118
1790164466565,3318,0.3818,0.2165
1790164466615,3319,0.1672,0.0114
1790164466665,3320,0.2015,0.0111
1790164466716,3321,0.1991,0.0115
1790164466765,3322,0.4366,0.1284
1790164466815,3323,0.1654,0.0117
1790164466866,3324,0.1666,0.0110
1790164466916,3325,0.1689,0.0113
1790164466965,3326,0.1594,0.2906
1790164467016,3327,0.1681,0.0116
1790164467066,3328,0.1715,0.0114
1790164467116,3329,0.3217,0.1620
1790164467165,3330,0.2728,0.2943
1790164467216,3331,0.1532,0.0103
1790164467266,3332,0.1581,0.0105
1790164467315,3333,0.1445,0.0099
1790164467365,3334,0.1213,0.0088
1790164467415,3335,0.1286,0.0114
1790164467465,3336,0.1380,0.0100
1790164467515,3337,0.1169,0.0085
1790164467566,3338,0.1454,0.0103
1790164467615,3339,0.1578,0.0103
1790164467665,3340,0.1674,0.0100
1790164467716,3341,0.1752,0.0098
1790164467765,3342,0.1523,0.0097
1790164467816,3343,0.1572,0.0108
1790164467866,3344,0.1589,0.0102
1790164467916,3345,0.1654,0.0106
1790164467965,3346,0.3304,0.1850
1790164468015,3347,0.1738,0.0125
1790164468066,3348,0.2230,0.0665
1790164468115,3349,0.1649,0.0111
1790164468165,3350,0.1760,0.0100
1790164468216,3351,0.1358,0.0094
1790164468266,3352,0.1279,0.4025
1790164468316,3353,0.1416,0.0097
1790164468366,3354,0.1422,0.0094
1790164468415,3355,0.1380,0.0089
1790164468465,3356,0.1748,0.0105
1790164468515,3357,0.1210,0.0086
1790164468566,3358,0.2396,0.0863
1790164468616,3359,0.1278,0.0094
1790164468665,3360,0.1552,0.0092
1790164468715,3361,0.1380,0.0098
1790164468765,3362,0.2118,0.0749
1790164468815,3363,0.1712,0.0116
1790164468865,3364,0.2293,0.0131
1790164468915,3365,0.1727,0.0104
1790164468965,3366,0.1748,0.0114
1790164469015,3367,0.1649,0.0105
1790164469066,3368,0.1662,0.0107
1790164469116,3369,0.3241,0.1550
1790164469166,3370,0.1685,0.0107
1790164469216,3371,0.1582,0.0108
1790164469265,3372,0.1531,0.0101
1790164469315,3373,0.1578,0.0103
1790164469365,3374,0.1591,0.0102
1790164469416,3375,0.1651,0.0105
1790164469465,3376,0.2253,0.0754
1790164469515,3377,0.1501,0.2637
1790164469566,3378,0.1599,0.0092
1790164469615,3379,0.1516,0.0097
1790164469666,3380,0.1366,0.2548
1790164469716,3381,0.1186,0.0073
1790164469766,3382,0.3443,0.2512
1790164469816,3383,0.1256,0.0091
1790164469865,3384,0.1569,0.0094
1790164469915,3385,0.1659,0.0107
1790164469965,3386,0.2568,0.1083
1790164470015,3387,0.1815,0.0099
1790164470067,3388,0.1703,0.0105
1790164470115,3389,0.1829,0.0113
1790164470166,3390,0.2604,0.0720
1790164470215,3391,0.1642,0.0104
1790164470266,3392,0.1614,0.0104
1790164470315,3393,0.2570,0.1068
1790164470366,3394,0.1670,0.0108
1790164470415,3395,0.1673,0.0101
1790164470465,3396,0.1634,0.0106
1790164470515,3397,0.1532,0.3065
1790164470565,3398,0.2512,0.1034
1790164470615,3399,0.1638,0.0098
1790164470665,3400,0.1646,0.0108
1790164470715,3401,0.4352,0.2835
1790164470766,3402,0.1581,0.5386
1790164470815,3403,0.1662,0.0099
1790164470866,3404,0.1894,0.0109
1790164470915,3405,0.1666,0.0120
1790164470965,3406,0.1539,0.0103
1790164471015,3407,0.2368,0.1034
1790164471065,3408,0.1494,0.0105
1790164471115,3409,0.1690,0.0146
1790164471165,3410,0.1690,0.0108
1790164471215,3411,0.1574,0.2723
1790164471266,3412,0.1577,0.0093
1790164471315,3413,0.1571,0.0101
1790164471366,3414,0.2252,0.0852
1790164471416,3415,0.1522,0.0101
1790164471466,3416,0.1529,0.2531
1790164471515,3417,0.1059,0.0072
1790164471565,3418,0.1681,0.0784
1790164471615,3419,0.1024,0.0073
1790164471666,3420,0.1120,0.0073
1790164471715,3421,0.0896,0.0069
1790164471766,3422,0.2417,0.0095
1790164471815,3423,0.0889,0.0058
1790164471865,3424,0.1711,0.0119
1790164471915,3425,0.1504,0.0109
1790164471965,3426,0.1295,0.0092
1790164472015,3427,0.1019,0.0083
1790164472066,3428,0.1024,0.0082
1790164472115,3429,0.1519,0.0106
1790164472166,3430,0.2366,0.0904
1790164472215,3431,0.1475,0.0098
1790164472266,3432,0.1145,0.0083
1790164472315,3433,0.1239,0.0110
1790164472365,3434,0.0992,0.0076
1790164472417,3435,0.1001,0.0078
1790164472465,3436,0.1610,0.0111
1790164472516,3437,0.1210,0.0089
1790164472565,3438,0.1075,0.0106
1790164472615,3439,0.0921,0.0076
1790164472665,3440,0.0939,0.0064
1790164472716,3441,0.0828,0.0083
1790164472766,3442,0.0772,0.0053
1790164472815,3443,0.0805,0.0051
1790164472865,3444,0.0822,0.0053
1790164472916,3445,0.1604,0.0109
1790164472965,3446,0.2351,0.0850
1790164473016,3447,0.1120,0.0110
1790164473065,3448,0.1971,0.0730
1790164473116,3449,0.1808,0.0124
1790164473165,3450,0.2649,0.1022
1790164473215,3451,0.2598,0.1062
1790164473265,3452,0.1632,0.0105
1790164473315,3453,0.1568,0.0104
1790164473366,3454,0.1469,0.2908
1790164473417,3455,0.1774,0.0099
1790164473466,3456,0.1216,0.0083
1790164473515,3457,0.1274,0.0114
1790164473565,3458,0.2033,0.0783
1790164473615,3459,0.1331,0.0093
1790164473665,3460,0.1959,0.0103
1790164473715,3461,0.1445,0.0103
1790164473765,3462,0.1896,0.0690
1790164473815,3463,0.1209,0.0084
1790164473865,3464,0.1096,0.0081
1790164473916,3465,0.1434,0.0086
1790164473966,3466,0.1319,0.0087
1790164474015,3467,0.1120,0.0080
1790164474065,3468,0.1116,0.0078
1790164474115,3469,0.1414,0.0094
1790164474165,3470,0.1547,0.0092
1790164474215,3471,0.1432,0.0087
1790164474265,3472,0.1454,0.0100
1790164474315,3473,0.2644,0.1287
1790164474366,3474,0.2082,0.5431
1790164474416,3475,0.1320,0.0069
1790164474465,3476,0.3050,0.1468
1790164474516,3477,0.1592,0.0105
1790164474565,3478,0.1585,0.0104
1790164474615,3479,0.1543,0.0102
1790164474665,3480,0.1700,0.0101
1790164474716,3481,0.2067,0.0137
1790164474765,3482,0.1589,0.0104
1790164474815,3483,0.1572,0.0099
1790164474865,3484,0.1685,0.0110
1790164474916,3485,0.1524,0.5329
1790164474965,3486,0.2236,0.0805
1790164475016,3487,0.1277,0.0079
1790164475065,3488,0.1291,0.0080
1790164475115,3489,0.1521,0.0105
1790164475166,3490,0.2262,0.0848
1790164475215,3491,0.1153,0.0098
1790164475265,3492,0.1646,0.0113
1790164475316,3493,0.1173,0.0095
1790164475365,3494,0.1048,0.0083
1790164475415,3495,0.1079,0.0083
1790164475466,3496,0.1967,0.0985
1790164475515,3497,0.1397,0.0089
1790164475565,3498,0.1420,0.0097
1790164475616,3499,0.1473,0.0100
1790164475665,3500,0.1384,0.2597
1790164475715,3501,0.1761,0.0828
1790164475766,3502,0.1950,0.0822
1790164475815,3503,0.1729,0.0113
1790164475865,3504,0.2717,0.1062
1790164475916,3505,0.1795,0.2722
1790164475966,3506,0.1636,0.0111
1790164476016,3507,0.1656,0.0108
1790164476065,3508,0.2033,0.3208
1790164476115,3509,0.1733,0.0128
1790164476165,3510,0.2684,0.1090
1790164476216,3511,0.1599,0.0105
1790164476266,3512,0.1796,0.0118
1790164476316,3513,0.2115,0.0161
1790164476365,3514,0.3129,0.3680
1790164476416,3515,0.2569,0.1038
1790164476465,3516,0.1656,0.0124
1790164476516,3517,0.1541,0.0106
1790164476565,3518,0.2201,0.0889
1790164476616,3519,0.1183,0.0087
1790164476665,3520,0.1271,0.0091
1790164476715,3521,0.0981,0.0088
1790164476765,3522,0.0879,0.0081
1790164476815,3523,0.2178,0.0079
1790164476865,3524,0.1775,0.0116
1790164476915,3525,0.1969,0.0124
1790164476966,3526,0.1675,0.0112
1790164477015,3527,0.1622,0.0107
1790164477065,3528,0.1619,0.0107
1790164477115,3529,0.1708,0.0136
1790164477166,3530,0.9649,0.0842
1790164477216,3531,0.1877,0.0098
1790164477265,3532,0.1619,0.0105
1790164477315,3533,0.1569,0.0108
1790164477365,3534,0.1428,0.0092
1790164477416,3535,0.1257,0.0089
1790164477465,3536,0.1489,0.0129
1790164477516,3537,0.1400,0.0094
1790164477566,3538,0.1314,0.0176
1790164477615,3539,0.1032,0.0075
1790164477665,3540,0.1183,0.0074
1790164477715,3541,0.1139,0.0112
1790164477765,3542,0.1314,0.0092
1790164477815,3543,0.1336,0.0094
1790164477865,3544,0.1444,0.0118
1790164477915,3545,0.2894,0.1337
1790164477966,3546,0.2331,0.3238
1790164478015,3547,0.1566,0.0090
1790164478065,3548,0.2361,0.0717
1790164478115,3549,0.1982,0.2555
1790164478165,3550,0.1619,0.0123
1790164478216,3551,0.1581,0.0108
1790164478265,3552,0.1435,0.0099
1790164478315,3553,0.1388,0.0104
1790164478365,3554,0.1509,0.0091
1790164478416,3555,0.1270,0.0115
1790164478466,3556,0.1197,0.0093
1790164478515,3557,0.1067,0.0080
1790164478566,3558,0.0983,0.0078
1790164478615,3559,0.1007,0.0074
1790164478665,3560,0.0917,0.0052
1790164478715,3561,0.0730,0.0053
1790164478765,3562,0.1378,0.0714
1790164478816,3563,0.0939,0.0067
1790164478865,3564,0.1074,0.0063
1790164478915,3565,0.1008,0.0068
1790164478965,3566,0.1134,0.0080
1790164479015,3567,0.1261,0.0083
1790164479065,3568,0.1071,0.0068
1790164479115,3569,0.1728,0.0115
1790164479166,3570,0.1675,0.0109
1790164479215,3571,0.1518,0.0108
1790164479265,3572,0.1274,0.0096
1790164479315,3573,0.1309,0.0095
1790164479366,3574,0.2245,0.0876
1790164479416,3575,0.1183,0.0087
1790164479465,3576,0.2517,0.0839
1790164479515,3577,0.1484,0.0102
1790164479565,3578,0.2175,0.0992
1790164479615,3579,0.1249,0.0088
1790164479666,3580,0.1667,0.0091
1790164479715,3581,0.1337,0.0094
1790164479765,3582,0.1151,0.2628
1790164479816,3583,0.1127,0.0073
1790164479865,3584,0.2641,0.1032
1790164479915,3585,0.1796,0.0154
1790164479965,3586,0.1750,0.0121
1790164480015,3587,0.1678,0.0108
1790164480066,3588,0.1659,0.0110
1790164480115,3589,0.1703,0.0117
1790164480165,3590,0.2304,0.3391
1790164480215,3591,0.1838,0.0121
1790164480266,3592,0.1766,0.0118
1790164480315,3593,0.1696,0.0118
1790164480365,3594,0.1799,0.0119
1790164480415,3595,0.1826,0.0132
1790164480466,3596,0.1931,0.0143
1790164480515,3597,0.1622,0.0112
1790164480565,3598,0.1480,0.0108
1790164480615,3599,0.2358,0.0998
1790164480665,3600,0.1779,0.0116
1790164480716,3601,0.2068,0.0576
1790164480765,3602,0.2360,0.0875
1790164480815,3603,0.1435,0.2510
1790164480867,3604,0.2019,0.0869
1790164480916,3605,0.1691,0.0117
1790164480965,3606,0.1886,0.0112
1790164481015,3607,0.1631,0.0103
1790164481065,3608,0.1579,0.3088
1790164481115,3609,0.5652,0.4090
1790164481165,3610,0.1645,0.0650
1790164481215,3611,0.1454,0.0084
1790164481265,3612,0.1251,0.0080
1790164481315,3613,0.1949,0.1000
1790164481366,3614,0.2181,0.4385
1790164481416,3615,0.1437,0.0090
1790164481465,3616,0.1816,0.0158
1790164481516,3617,0.1495,0.2728
1790164481565,3618,0.2291,0.0867
1790164481615,3619,0.1604,0.0109
1790164481665,3620,0.1616,0.0092
1790164481715,3621,0.1343,0.0091
1790164481765,3622,0.1144,0.0082
1790164481816,3623,0.2442,0.0085
1790164481866,3624,0.1138,0.0104
1790164481916,3625,0.1531,0.0094
1790164481965,3626,0.1278,0.0089
1790164482015,3627,0.1414,0.0092
1790164482065,3628,0.1364,0.0093
1790164482115,3629,0.1635,0.0113
1790164482165,3630,0.2531,0.0938
1790164482215,3631,0.1568,0.0111
1790164482266,3632,0.2824,0.1266
1790164482315,3633,0.1643,0.0115
1790164482366,3634,0.1133,0.0088
1790164482416,3635,0.1473,0.0102
1790164482465,3636,0.1271,0.2536
1790164482515,3637,0.1110,0.0072
1790164482565,3638,0.1064,0.0072
1790164482615,3639,0.1004,0.0098
1790164482665,3640,0.0975,0.0065
1790164482715,3641,0.0749,0.0047
1790164482766,3642,0.0741,0.0048
1790164482815,3643,0.0730,0.0050
1790164482866,3644,0.1258,0.0101
1790164482916,3645,0.0958,0.0056
1790164482965,3646,0.1470,0.0713
1790164483015,3647,0.0785,0.0054
1790164483065,3648,0.2571,0.1780
1790164483115,3649,0.1713,0.0143
1790164483165,3650,0.1695,0.0108
1790164483215,3651,0.1563,0.0107
1790164483265,3652,0.1292,0.0087
1790164483315,3653,0.1175,0.0113
1790164483365,3654,0.1037,0.0080
1790164483416,3655,0.1226,0.0088
1790164483466,3656,0.1123,0.0088
1790164483516,3657,0.1203,0.0089
1790164483565,3658,0.1994,0.0809
1790164483615,3659,0.1306,0.0090
1790164483665,3660,0.1501,0.0088
1790164483715,3661,0.1365,0.0096
1790164483765,3662,0.2268,0.0682
1790164483815,3663,0.1361,0.0107
1790164483865,3664,0.1485,0.0104
1790164483915,3665,0.1467,0.0093
1790164483965,3666,0.1381,0.0098
1790164484015,3667,0.1619,0.0113
1790164484066,3668,0.1586,0.0101
1790164484115,3669,0.1754,0.0121
1790164484165,3670,0.1703,0.0113
1790164484216,3671,0.1554,0.0108
1790164484266,3672,0.1549,0.0138
1790164484316,3673,0.3230,0.1828
1790164484366,3674,0.2108,0.2723
1790164484416,3675,0.1494,0.0094
1790164484465,3676,0.2054,0.0675
1790164484515,3677,0.1477,0.0097
1790164484565,3678,0.1577,0.0102
1790164484615,3679,0.1454,0.0095
1790164484665,3680,0.1566,0.0088
1790164484715,3681,0.1400,0.0098
1790164484766,3682,0.1233,0.2602
1790164484815,3683,0.1009,0.0072
1790164484865,3684,0.0860,0.0059
1790164484915,3685,0.1113,0.0069
1790164484966,3686,0.1653,0.0840
1790164485015,3687,0.0979,0.0066
1790164485066,3688,0.1030,0.0097
1790164485115,3689,0.2205,0.0843
1790164485166,3690,0.2278,0.0706
1790164485215,3691,0.1640,0.0109
1790164485265,3692,0.1642,0.0103
1790164485315,3693,0.1453,0.0092
1790164485365,3694,0.1329,0.0089
1790164485415,3695,0.1624,0.0106
1790164485465,3696,0.1556,0.2799
1790164485516,3697,0.1588,0.0104
1790164485566,3698,0.1261,0.0089
1790164485615,3699,0.1200,0.0087
1790164485665,3700,0.1214,0.0080
1790164485716,3701,0.0987,0.0076
1790164485765,3702,0.2562,0.1622
1790164485816,3703,0.0906,0.0073
1790164485865,3704,0.0949,0.0076
1790164485916,3705,0.1001,0.0077
1790164485965,3706,0.1537,0.3070
1790164486016,3707,0.1856,0.0778
1790164486065,3708,0.1405,0.0088
1790164486115,3709,0.1704,0.0107
1790164486165,3710,0.1688,0.2731
1790164486215,3711,0.1405,0.2497
1790164486265,3712,0.1268,0.0078
1790164486315,3713,0.0987,0.0088
1790164486365,3714,0.1585,0.0800
1790164486415,3715,0.0873,0.0067
1790164486465,3716,0.2009,0.0847
1790164486515,3717,0.1351,0.0090
1790164486565,3718,0.1359,0.0089
1790164486616,3719,0.1399,0.0099
1790164486665,3720,0.1359,0.2651
1790164486715,3721,0.1033,0.0067
1790164486765,3722,0.0867,0.0065
1790164486815,3723,0.0838,0.0058
1790164486865,3724,0.2094,0.0060
1790164486915,3725,0.1039,0.0070
1790164486965,3726,0.1685,0.0119
1790164487015,3727,0.1711,0.0124
1790164487065,3728,0.1629,0.0107
1790164487115,3729,0.1665,0.0143
1790164487166,3730,0.2652,0.1039
1790164487215,3731,0.1704,0.0131
1790164487266,3732,0.1881,0.0114
1790164487316,3733,0.1053,0.0080
1790164487365,3734,0.0880,0.0072
1790164487416,3735,0.1637,0.0095
1790164487465,3736,0.1171,0.0094
1790164487515,3737,0.2361,0.1341
1790164487565,3738,0.1601,0.2492
1790164487615,3739,0.1093,0.0069
1790164487665,3740,0.1397,0.0080
1790164487715,3741,0.1383,0.0085
1790164487765,3742,0.1519,0.0119
1790164487815,3743,0.1418,0.0094
1790164487865,3744,0.1392,0.0089
1790164487915,3745,0.1435,0.0093
1790164487966,3746,0.1954,0.0727
1790164488015,3747,0.1496,0.0122
1790164488065,3748,0.2124,0.0691
1790164488116,3749,0.1641,0.0110
1790164488165,3750,0.1763,0.0106
1790164488217,3751,0.1712,0.0115
1790164488265,3752,0.1638,0.0104
1790164488316,3753,0.1706,0.0103
1790164488365,3754,0.1421,0.0099
1790164488416,3755,0.1499,0.0092
1790164488465,3756,0.1576,0.0132
1790164488515,3757,0.1842,0.0101
1790164488565,3758,0.2522,0.1047
1790164488616,3759,0.1625,0.0104
1790164488666,3760,0.2706,0.1075
1790164488715,3761,0.1474,0.0100
1790164488765,3762,0.2045,0.0741
1790164488815,3763,0.2190,0.0098
1790164488865,3764,0.4283,0.2816
1790164488916,3765,0.1553,0.0098
1790164488965,3766,0.1489,0.0103
1790164489015,3767,0.1449,0.0102
1790164489066,3768,0.1824,0.0100
1790164489115,3769,0.1702,0.0109
1790164489165,3770,0.1667,0.0105
1790164489216,3771,0.1650,0.0112
1790164489266,3772,0.1401,0.2651
1790164489315,3773,0.1117,0.0076
1790164489366,3774,0.1674,0.0793
1790164489416,3775,0.0906,0.0065
1790164489465,3776,0.2097,0.0750
1790164489516,3777,0.1146,0.0104
1790164489565,3778,0.1193,0.0099
1790164489615,3779,0.0850,0.0062
1790164489666,3780,0.0980,0.0065
1790164489715,3781,0.1683,0.0813
1790164489765,3782,0.1025,0.0067
1790164489816,3783,0.0956,0.0065
1790164489866,3784,0.0968,0.0062
1790164489915,3785,0.1171,0.0076
1790164489966,3786,0.1724,0.0852
1790164490015,3787,0.0934,0.0067
1790164490066,3788,1.1309,0.0109
1790164490115,3789,0.1641,0.0107
1790164490165,3790,0.2232,0.0698
1790164490216,3791,0.1533,0.0106
1790164490265,3792,0.1674,0.0103
1790164490315,3793,0.1331,0.0089
1790164490365,3794,0.1107,0.0084
1790164490415,3795,0.1899,0.0806
1790164490465,3796,0.1509,0.0091
1790164490515,3797,0.1799,0.0120
1790164490565,3798,0.1675,0.0114
1790164490616,3799,0.1670,0.0104
1790164490665,3800,0.1627,0.0122
1790164490715,3801,0.4609,0.3002
1790164490766,3802,0.1452,0.1852
1790164490815,3803,0.1424,0.2525
1790164490865,3804,0.1452,0.0081
1790164490915,3805,0.2323,0.0870
1790164490966,3806,0.1552,0.0098
1790164491015,3807,0.1465,0.2630
1790164491065,3808,0.1466,0.0092
1790164491115,3809,0.1578,0.2658
1790164491166,3810,0.2384,0.0875
1790164491216,3811,0.1616,0.0110
1790164491265,3812,0.1626,0.0112
1790164491316,3813,0.1905,0.0115
1790164491366,3814,0.1946,0.3589
1790164491415,3815,0.1118,0.0071
1790164491465,3816,0.1086,0.0068
1790164491515,3817,0.1071,0.0076
1790164491565,3818,0.1859,0.0831
1790164491615,3819,0.2134,0.0876
1790164491665,3820,0.1346,0.0078
1790164491715,3821,0.1002,0.0098
1790164491766,3822,0.0858,0.0067
1790164491816,3823,0.0807,0.2474
1790164491866,3824,0.1822,0.0048
1790164491916,3825,0.1688,0.0116
1790164491965,3826,0.1175,0.0085
1790164492016,3827,0.1216,0.0094
1790164492066,3828,0.1567,0.0110
1790164492115,3829,0.1660,0.0116
1790164492165,3830,0.2366,0.0871
1790164492216,3831,0.1593,0.0108
1790164492265,3832,0.1783,0.0113
1790164492315,3833,0.1225,0.0090
1790164492365,3834,0.1958,0.0920
1790164492415,3835,0.1258,0.0116
1790164492466,3836,0.1382,0.0090
1790164492516,3837,0.1322,0.0088
1790164492565,3838,0.1339,0.2651
1790164492615,3839,0.1142,0.0074
1790164492665,3840,0.1156,0.0069
1790164492715,3841,0.1026,0.0094
1790164492766,3842,0.1020,0.0062
1790164492815,3843,0.1044,0.0071
1790164492865,3844,0.0967,0.0060
1790164492915,3845,0.1047,0.0093
1790164492965,3846,0.1493,0.0724
1790164493015,3847,0.0800,0.0057
1790164493066,3848,0.2027,0.0753
1790164493115,3849,0.1907,0.0120
1790164493165,3850,0.1793,0.0147
1790164493215,3851,0.1243,0.0088
1790164493266,3852,0.1240,0.0086
1790164493315,3853,0.1416,0.0102
1790164493365,3854,0.1141,0.0083
1790164493415,3855,0.1074,0.0079
1790164493466,3856,0.1350,0.0102
1790164493515,3857,0.1131,0.0081
1790164493565,3858,0.2112,0.0931
1790164493615,3859,0.1208,0.0117
1790164493665,3860,0.1147,0.0067
1790164493715,3861,0.0875,0.0070
1790164493765,3862,0.2186,0.0897
1790164493815,3863,0.0843,0.0060
1790164493866,3864,0.0961,0.0064
1790164493916,3865,0.2093,0.1117
1790164493965,3866,0.1043,0.1705
1790164494016,3867,0.0930,0.0059
1790164494065,3868,0.0979,0.0060
1790164494115,3869,0.1536,0.0103
1790164494165,3870,0.1463,0.0099
1790164494215,3871,0.1211,0.0087
1790164494266,3872,0.1502,0.0106
1790164494315,3873,0.1634,0.0140
1790164494366,3874,0.1377,0.0126
1790164494415,3875,0.1245,0.0145
1790164494465,3876,0.1974,0.0747
1790164494515,3877,0.1119,0.0081
1790164494566,3878,0.1637,0.0105
1790164494615,3879,0.1735,0.0116
1790164494665,3880,0.1236,0.0079
1790164494715,3881,0.1474,0.0100
1790164494765,3882,0.1000,0.0074
1790164494815,3883,0.0907,0.0072
1790164494865,3884,0.0849,0.0067
1790164494915,3885,0.1060,0.0065
1790164494966,3886,0.0975,0.0072
1790164495015,3887,0.0893,0.0065
1790164495065,3888,0.1738,0.0850
1790164495116,3889,0.1623,0.0108
1790164495165,3890,0.2342,0.0748
1790164495215,3891,0.2033,0.0110
1790164495266,3892,0.1614,0.2700
1790164495315,3893,0.1541,0.0098
1790164495365,3894,0.1057,0.0080
1790164495415,3895,0.0986,0.0077
1790164495466,3896,0.2016,0.0904
1790164495516,3897,0.1284,0.0096
1790164495565,3898,0.1244,0.0093
1790164495615,3899,0.1534,0.0100
1790164495666,3900,0.1728,0.0103
1790164495715,3901,0.1703,0.0092
1790164495765,3902,0.2790,0.1519
1790164495815,3903,0.1410,0.0097
1790164495865,3904,0.1568,0.0106
1790164495915,3905,0.1782,0.0140
1790164495966,3906,0.1624,0.0104
1790164496015,3907,0.1807,0.0117
1790164496065,3908,0.2562,0.0958
1790164496115,3909,0.2405,0.0116
1790164496166,3910,0.1773,0.0110
1790164496215,3911,0.1757,0.0106
1790164496266,3912,0.1825,0.2935
1790164496315,3913,0.2543,0.0952
1790164496366,3914,0.2511,0.0876
1790164496415,3915,0.2319,0.0122
1790164496465,3916,0.1798,0.0114
1790164496515,3917,0.1823,0.2981
1790164496566,3918,0.2366,0.0883
1790164496615,3919,0.1792,0.0101
1790164496666,3920,0.2104,0.0103
1790164496715,3921,0.1729,0.0102
1790164496765,3922,0.2537,0.1190
1790164496815,3923,0.1616,0.0108
1790164496865,3924,0.1653,0.0108
1790164496915,3925,0.2923,0.0106
1790164496966,3926,0.1580,0.3202
1790164497016,3927,0.1824,0.0117
1790164497065,3928,0.1785,0.0146
1790164497116,3929,0.2951,0.1309
1790164497164,3930,0.4710,0.5197
1790164497215,3931,0.2278,0.0848
1790164497265,3932,0.2391,0.0110
1790164497317,3933,0.1766,0.0115
1790164497366,3934,0.1775,0.0127
1790164497416,3935,0.1769,0.0111
1790164497465,3936,0.1649,0.0127
1790164497516,3937,0.2438,0.0129
1790164497565,3938,0.1613,0.0105
1790164497616,3939,0.1671,0.0106
1790164497665,3940,0.1770,0.0114
1790164497716,3941,0.1592,0.2249
1790164497765,3942,0.1682,0.0137
1790164497815,3943,0.2033,0.0104
1790164497866,3944,0.1709,0.0109
1790164497915,3945,0.1662,0.0112
1790164497965,3946,0.2329,0.0821
1790164498015,3947,0.1642,0.0106
1790164498065,3948,0.2369,0.0717
1790164498115,3949,0.3521,0.0245
1790164498166,3950,0.1884,0.0104
1790164498215,3951,0.1689,0.0108
1790164498265,3952,0.1601,0.0104
1790164498315,3953,0.1665,0.0131
1790164498366,3954,0.1711,0.0110
1790164498415,3955,0.1712,0.0104
1790164498465,3956,0.1776,0.0109
1790164498516,3957,0.1732,0.0120
1790164498565,3958,0.1672,0.0113
1790164498616,3959,0.1756,0.0114
1790164498665,3960,0.1829,0.0116
1790164498717,3961,0.1709,0.0107
1790164498765,3962,0.3525,0.1950
1790164498816,3963,0.1740,0.0114
1790164498865,3964,0.1801,0.0113
1790164498915,3965,0.2535,0.0116
1790164498965,3966,0.1551,0.4429
1790164499015,3967,0.1502,0.0087
1790164499066,3968,0.1540,0.0104
1790164499116,3969,0.1762,0.0142
1790164499165,3970,0.1683,0.0104
1790164499216,3971,0.1687,0.0129
1790164499265,3972,0.1642,0.0101
1790164499315,3973,0.1519,0.0100
1790164499366,3974,0.2225,0.0846
1790164499415,3975,0.1522,0.2757
1790164499466,3976,0.2038,0.0714
1790164499516,3977,0.0998,0.0077
1790164499565,3978,0.0940,0.0071
1790164499616,3979,0.0863,0.0059
1790164499666,3980,0.1242,0.0108
1790164499715,3981,0.1026,0.0074
1790164499765,3982,0.0842,0.0057
1790164499815,3983,0.0791,0.0063
1790164499865,3984,0.0795,0.0048
1790164499916,3985,0.0928,0.0054
1790164499965,3986,0.1599,0.0812
1790164500016,3987,0.1717,0.0113
1790164500066,3988,0.1689,0.0105
1790164500115,3989,0.1677,0.0114
1790164500165,3990,0.2545,0.1008
1790164500215,3991,0.1625,0.0110
1790164500265,3992,0.1735,0.0113
1790164500316,3993,0.2766,0.1230
1790164500365,3994,0.1567,0.1828
1790164500416,3995,0.1643,0.0110
1790164500466,3996,0.1408,0.0096
1790164500515,3997,0.1048,0.0077
1790164500565,3998,0.1136,0.0082
1790164500616,3999,0.1547,0.0106
1790164500666,4000,0.1768,0.0109
1790164500715,4001,0.1603,0.0133
1790164500765,4002,0.2317,0.1107
1790164500816,4003,0.1029,0.0083
1790164500865,4004,0.0935,0.0071
1790164500916,4005,0.0998,0.0076
1790164500966,4006,0.0874,0.0067
1790164501016,4007,0.0838,0.0064
1790164501065,4008,0.0863,0.0068
1790164501115,4009,0.1578,0.0109
1790164501165,4010,0.1756,0.0109
1790164501215,4011,0.2398,0.0922
1790164501265,4012,0.1545,0.0098
1790164501315,4013,0.1603,0.0104
1790164501365,4014,0.1621,0.0110
1790164501415,4015,0.1604,0.2647
1790164501466,4016,0.2219,0.0993
1790164501516,4017,0.1409,0.0090
1790164501565,4018,0.2577,0.1019
1790164501615,4019,0.1833,0.0115
1790164501666,4020,0.1881,0.3255
1790164501715,4021,0.2040,0.0123
1790164501765,4022,0.1470,0.0095
1790164501815,4023,0.1071,0.0081
1790164501865,4024,0.0875,0.0076
1790164501915,4025,0.1895,0.0857
1790164501965,4026,0.2249,0.0084
1790164502016,4027,0.1249,0.0093
1790164502065,4028,0.1226,0.0090
1790164502115,4029,0.1479,0.2767
1790164502166,4030,0.2403,0.0927
1790164502215,4031,0.1501,0.0102
1790164502266,4032,0.1732,0.0113
1790164502315,4033,0.1273,0.0119
1790164502365,4034,0.1052,0.0079
1790164502415,4035,0.1358,0.0092
1790164502465,4036,0.1421,0.0101
1790164502516,4037,0.1052,0.0084
1790164502566,4038,0.0966,0.0076
1790164502615,4039,0.0916,0.0076
1790164502665,4040,0.1053,0.0076
1790164502716,4041,0.1068,0.0081
1790164502765,4042,0.1036,0.0071
1790164502815,4043,0.0861,0.0069
1790164502865,4044,0.1300,0.0082
1790164502915,4045,0.0959,0.0067
1790164502966,4046,0.1788,0.0917
1790164503017,4047,0.0736,0.0048
1790164503065,4048,0.1376,0.0592
1790164503115,4049,0.1435,0.0101
1790164503166,4050,0.1732,0.0112
1790164503215,4051,0.1176,0.0110
1790164503265,4052,0.0997,0.0073
1790164503315,4053,0.1005,0.0076
1790164503365,4054,0.2192,0.0883
1790164503415,4055,0.1440,0.0109
1790164503465,4056,0.1720,0.0138
1790164503515,4057,0.2410,0.1097
1790164503565,4058,0.2014,0.2722
1790164503615,4059,0.1484,0.0104
1790164503666,4060,0.1812,0.0102
1790164503715,4061,0.1536,0.0099
1790164503766,4062,0.2168,0.0757
1790164503815,4063,0.1636,0.0104
1790164503866,4064,0.1440,0.0078
1790164503915,4065,0.1317,0.0117
1790164503965,4066,0.1304,0.0093
1790164504015,4067,0.1318,0.0089
1790164504066,4068,0.1821,0.0093
1790164504115,4069,0.1543,0.0108
1790164504165,4070,0.1675,0.0107
1790164504215,4071,0.1345,0.0094
1790164504265,4072,0.1238,0.0090
1790164504315,4073,0.1178,0.0082
1790164504365,4074,0.2552,0.1563
1790164504415,4075,0.1194,0.0089
1790164504465,4076,0.2446,0.0714
1790164504515,4077,0.1468,0.0100
1790164504566,4078,0.1578,0.0093
1790164504615,4079,0.1522,0.0102
1790164504665,4080,0.2319,0.0142
1790164504716,4081,0.1823,0.0108
1790164504765,4082,0.1785,0.0110
1790164504816,4083,0.1602,0.0109
1790164504865,4084,0.1521,0.0104
1790164504915,4085,0.1581,0.0094
1790164504965,4086,0.1605,0.0101
1790164505015,4087,0.1579,0.0105
1790164505065,4088,0.1556,0.2893
1790164505115,4089,0.1643,0.0102
1790164505166,4090,0.3268,0.1632
1790164505215,4091,0.1561,0.2836
1790164505266,4092,0.1874,0.0111
1790164505316,4093,0.1989,0.0121
1790164505365,4094,0.1513,0.0437
1790164505415,4095,0.1604,0.0091
1790164505465,4096,0.1659,0.0107
1790164505515,4097,0.1621,0.0132
1790164505566,4098,0.1654,0.0104
1790164505615,4099,0.1550,0.0098
1790164505665,4100,0.1784,0.0105
1790164505715,4101,0.1625,0.0104
1790164505765,4102,0.1633,0.0106
1790164505815,4103,0.1704,0.0112
1790164505865,4104,0.1844,0.0102
1790164505915,4105,0.1485,0.0097
1790164505965,4106,0.1564,0.0113
1790164506015,4107,0.1555,0.0107
1790164506065,4108,0.1558,0.0102
1790164506115,4109,0.1661,0.0115
1790164506165,4110,0.1729,0.0113
1790164506215,4111,0.1544,0.0102
1790164506266,4112,0.1557,0.0106
1790164506315,4113,0.1501,0.0103
1790164506366,4114,0.3148,0.1643
1790164506416,4115,0.2067,0.0103
1790164506465,4116,0.1754,0.0102
1790164506515,4117,0.1466,0.0096
1790164506565,4118,0.2102,0.3294
1790164506617,4119,0.2051,0.0819
1790164506665,4120,0.1591,0.0094
1790164506715,4121,0.2336,0.1021
1790164506766,4122,0.1619,0.1841
1790164506815,4123,0.1706,0.2927
1790164506865,4124,0.1667,0.2960
1790164506915,4125,0.1754,0.0116
1790164506965,4126,0.3289,0.0117
1790164507016,4127,0.1743,0.0121
1790164507065,4128,0.2538,0.0980
1790164507116,4129,0.1732,0.0143
1790164507166,4130,0.2869,0.1022
1790164507215,4131,0.1738,0.0117
1790164507266,4132,0.1852,0.2646
1790164507315,4133,0.4299,0.0128
1790164507365,4134,0.1724,0.0123
1790164507415,4135,0.1676,0.0115
1790164507466,4136,0.1649,0.0117
1790164507515,4137,0.1649,0.0112
1790164507565,4138,0.1234,0.0095
1790164507615,4139,0.0936,0.0080
1790164507665,4140,0.1090,0.0078
1790164507716,4141,0.1014,0.0080
1790164507765,4142,0.0880,0.0070
1790164507817,4143,0.1252,0.0088
1790164507865,4144,0.1926,0.0848
1790164507915,4145,0.1230,0.0085
1790164507966,4146,0.2068,0.0864
1790164508015,4147,0.1101,0.0084
1790164508065,4148,0.1739,0.2969
1790164508116,4149,0.1546,0.0093
1790164508165,4150,0.1551,0.0096
1790164508215,4151,0.1275,0.0089
1790164508265,4152,0.1042,0.0078
1790164508315,4153,0.1499,0.0094
1790164508365,4154,0.1551,0.0136
1790164508416,4155,0.1655,0.0120
1790164508465,4156,0.1710,0.0118
1790164508515,4157,0.1422,0.0107
1790164508566,4158,0.1930,0.0890
1790164508616,4159,0.0948,0.0110
1790164508665,4160,0.1057,0.0074
1790164508715,4161,0.0866,0.0088
1790164508765,4162,0.1487,0.0674
1790164508816,4163,0.1061,0.0078
1790164508865,4164,0.1048,0.0067
1790164508915,4165,0.0983,0.0078
1790164508965,4166,0.0925,0.0069
1790164509015,4167,0.0900,0.0065
1790164509065,4168,0.0892,0.0098
1790164509115,4169,0.1462,0.0095
1790164509165,4170,0.1449,0.0103
1790164509215,4171,0.1551,0.0103
1790164509265,4172,0.1420,0.0093
1790164509315,4173,0.1535,0.0110
1790164509365,4174,0.2676,0.0955
1790164509416,4175,0.1577,0.0110
1790164509465,4176,0.2169,0.0726
1790164509517,4177,0.1410,0.0096
1790164509565,4178,0.1597,0.0097
1790164509615,4179,0.1246,0.0097
1790164509665,4180,0.1163,0.0080
1790164509715,4181,0.1265,0.0086
1790164509765,4182,0.1195,0.0087
1790164509815,4183,0.1208,0.0088
1790164509865,4184,0.1069,0.0107
1790164509915,4185,0.2218,0.1155
1790164509966,4186,0.1643,0.2590
1790164510016,4187,0.0942,0.0047
1790164510065,4188,0.0947,0.0046
1790164510115,4189,0.1450,0.0092
1790164510165,4190,0.2813,0.1435
1790164510215,4191,0.1486,0.0093
1790164510265,4192,0.1535,0.0097
1790164510315,4193,0.1499,0.0097
1790164510366,4194,0.1301,0.2888
1790164510416,4195,0.1528,0.0107
1790164510465,4196,0.1259,0.0095
1790164510515,4197,0.1113,0.0083
1790164510566,4198,0.1408,0.0103
1790164510615,4199,0.1196,0.0091
1790164510665,4200,0.1081,0.0076
1790164510715,4201,0.1634,0.0121
1790164510765,4202,0.2559,0.0934
1790164510816,4203,0.1585,0.0114
1790164510865,4204,0.1679,0.0106
1790164510916,4205,0.1460,0.0098
1790164510965,4206,0.1190,0.0087
1790164511016,4207,0.1093,0.0078
1790164511066,4208,0.0949,0.0070
1790164511116,4209,0.1528,0.0106
1790164511165,4210,0.1567,0.0110
1790164511216,4211,0.1491,0.0109
1790164511265,4212,0.1948,0.0887
1790164511316,4213,0.1002,0.0079
1790164511365,4214,0.2518,0.0949
1790164511416,4215,0.1829,0.0116
1790164511465,4216,0.1717,0.2663
1790164511515,4217,0.1929,0.0781
1790164511565,4218,0.2418,0.0852
1790164511616,4219,0.1615,0.0111
1790164511665,4220,0.1544,0.0096
1790164511715,4221,0.1141,0.2429
1790164511765,4222,0.1662,0.0713
1790164511815,4223,0.1053,0.0070
1790164511866,4224,0.1330,0.0098
1790164511915,4225,0.1260,0.0136
1790164511966,4226,0.2811,0.2443
1790164512015,4227,0.1025,0.0072
1790164512065,4228,0.0991,0.0073
1790164512116,4229,0.1482,0.0109
1790164512165,4230,0.2371,0.0983
1790164512215,4231,0.2414,0.0913
1790164512265,4232,0.1455,0.0098
1790164512315,4233,0.1181,0.0093
1790164512366,4234,0.1462,0.0099
1790164512416,4235,0.1566,0.2395
1790164512465,4236,0.1686,0.0117
1790164512516,4237,0.1614,0.0111
1790164512565,4238,0.1640,0.0109
1790164512615,4239,0.1120,0.0088
1790164512666,4240,0.1110,0.0078
1790164512715,4241,0.0886,0.0073
1790164512765,4242,0.1969,0.1094
1790164512815,4243,0.0906,0.1567
1790164512865,4244,0.1076,0.0057
1790164512916,4245,0.1240,0.0060
1790164512966,4246,0.1784,0.0857
1790164513015,4247,0.0934,0.0055
1790164513065,4248,0.2332,0.1482
1790164513115,4249,0.1744,0.0102
1790164513165,4250,0.2656,0.0129
1790164513216,4251,0.2376,0.0148
1790164513265,4252,0.1614,0.0451
1790164513316,4253,0.1358,0.0085
1790164513365,4254,0.1509,0.0093
1790164513416,4255,0.1359,0.0093
1790164513465,4256,0.1610,0.0114
1790164513515,4257,0.1942,0.0138
1790164513565,4258,0.1627,0.0106
1790164513615,4259,0.1509,0.0101
1790164513665,4260,0.1618,0.0098
1790164513715,4261,0.1515,0.0105
1790164513765,4262,0.2108,0.0728
1790164513815,4263,0.1563,0.0106
1790164513866,4264,0.1650,0.0105
1790164513915,4265,0.1582,0.0097
1790164513965,4266,0.1580,0.0102
1790164514016,4267,0.1739,0.0107
1790164514066,4268,0.1563,0.0107
1790164514115,4269,0.1569,0.2959
1790164514165,4270,0.1612,0.0112
1790164514215,4271,0.1265,0.0115
1790164514266,4272,0.2168,0.0896
1790164514315,4273,0.1238,0.0089
1790164514365,4274,0.1404,0.0098
1790164514415,4275,0.1690,0.0104
1790164514466,4276,0.2350,0.3432
1790164514515,4277,0.1714,0.0121
1790164514565,4278,0.1835,0.0124
1790164514616,4279,0.1799,0.0120
1790164514666,4280,0.1870,0.0120
1790164514715,4281,0.1695,0.0111
1790164514766,4282,0.1773,0.0145
1790164514816,4283,0.1756,0.0117
1790164514865,4284,0.1759,0.0122
1790164514915,4285,0.2116,0.0135
1790164514966,4286,0.2595,0.0932
1790164515015,4287,0.1712,0.0115
1790164515065,4288,0.1853,0.0144
1790164515116,4289,0.1694,0.0115
1790164515165,4290,0.2377,0.0757
1790164515215,4291,0.1772,0.0107
1790164515265,4292,0.1712,0.0114
1790164515315,4293,0.2395,0.0962
1790164515365,4294,0.1610,0.0129
1790164515416,4295,0.1615,0.0113
1790164515465,4296,0.1533,0.0112
1790164515515,4297,0.2007,0.0095
1790164515565,4298,0.1375,0.0102
1790164515616,4299,0.2662,0.1086
1790164515666,4300,0.1552,0.1954
1790164515716,4301,0.1449,0.0099
1790164515765,4302,0.2473,0.0918
1790164515816,4303,0.1661,0.0115
1790164515866,4304,0.1820,0.0117
1790164515915,4305,0.1765,0.0109
1790164515965,4306,0.1903,0.0216
1790164516015,4307,0.1673,0.0108
1790164516066,4308,0.2131,0.0112
1790164516115,4309,0.1723,0.0111
1790164516165,4310,0.1784,0.0106
1790164516215,4311,0.1537,0.0101
1790164516266,4312,0.1700,0.0129
1790164516315,4313,0.1643,0.0109
1790164516365,4314,0.2530,0.0939
1790164516415,4315,0.1692,0.0112
1790164516465,4316,0.1760,0.0117
1790164516516,4317,0.1709,0.0112
1790164516565,4318,0.2320,0.0806
1790164516615,4319,0.1681,0.0111
1790164516665,4320,0.2941,0.1001
1790164516716,4321,0.2046,0.0508
1790164516765,4322,0.1624,0.0098
1790164516815,4323,0.1701,0.0101
1790164516865,4324,0.2217,0.2824
1790164516916,4325,0.2580,0.0912
1790164516965,4326,0.1648,0.0095
1790164517016,4327,0.2773,0.2655
1790164517065,4328,0.1595,0.0093
1790164517115,4329,0.1651,0.5731
1790164517165,4330,0.2397,0.0898
1790164517215,4331,0.1496,0.0111
1790164517265,4332,0.1869,0.0126
1790164517315,4333,0.1721,0.0152
1790164517365,4334,0.2453,0.0958
1790164517416,4335,0.1739,0.0112
1790164517465,4336,0.1751,0.0113
1790164517515,4337,0.1677,0.0107
1790164517566,4338,0.1386,0.2465
1790164517615,4339,0.1255,0.0114
1790164517666,4340,0.1909,0.0116
1790164517715,4341,0.1801,0.0138
1790164517766,4342,0.1758,0.0119
1790164517815,4343,0.1728,0.0118
1790164517865,4344,0.1789,0.0126
1790164517916,4345,0.1769,0.0118
1790164517965,4346,0.2589,0.0980
1790164518015,4347,0.1721,0.0117
1790164518065,4348,0.2501,0.0815
1790164518115,4349,0.1717,0.0117
1790164518166,4350,0.1878,0.0119
1790164518215,4351,0.2091,0.0129
1790164518265,4352,0.1851,0.0113
1790164518315,4353,0.1881,0.0106
1790164518365,4354,0.1764,0.0121
1790164518416,4355,0.1267,0.0093
1790164518465,4356,0.4717,0.3367
1790164518516,4357,0.1530,0.2017
1790164518566,4358,0.2122,0.0906
1790164518616,4359,0.1413,0.0106
1790164518665,4360,0.1977,0.0145
1790164518715,4361,0.1451,0.0112
1790164518765,4362,0.1609,0.0711
1790164518816,4363,0.0926,0.0072
1790164518866,4364,0.0920,0.0069
1790164518915,4365,0.1701,0.0168
1790164518965,4366,0.1563,0.0116
1790164519015,4367,0.1129,0.0089
1790164519065,4368,0.1007,0.0089
1790164519115,4369,0.1465,0.0114
1790164519165,4370,0.1443,0.0108
1790164519215,4371,0.1184,0.0097
1790164519265,4372,0.2004,0.0887
1790164519315,4373,0.1415,0.0101
1790164519365,4374,0.2607,0.1003
1790164519416,4375,0.1535,0.0108
1790164519466,4376,0.2692,0.3163
1790164519515,4377,0.1639,0.0124
1790164519566,4378,0.1643,0.0116
1790164519615,4379,0.1838,0.0128
1790164519666,4380,0.1837,0.0118
1790164519715,4381,0.1848,0.0127
1790164519765,4382,0.0995,0.0087
1790164519816,4383,0.1238,0.0094
1790164519865,4384,0.1325,0.0105
1790164519915,4385,0.1582,0.0125
1790164519966,4386,0.2178,0.0896
1790164520015,4387,0.0968,0.0088
1790164520065,4388,0.1097,0.0084
1790164520115,4389,0.1383,0.0104
1790164520165,4390,0.2328,0.0791
1790164520215,4391,0.1838,0.0113
1790164520266,4392,0.1696,0.0124
1790164520316,4393,0.2268,0.1042
1790164520366,4394,0.1474,0.0097
1790164520415,4395,0.1349,0.0097
1790164520465,4396,0.1607,0.0151
1790164520515,4397,0.1414,0.2994
1790164520565,4398,0.1201,0.0072
1790164520615,4399,0.1007,0.0069
1790164520666,4400,0.2042,0.0828
1790164520715,4401,0.1652,0.0122
1790164520765,4402,0.2197,0.0842
1790164520815,4403,0.1634,0.0118
1790164520865,4404,0.1784,0.2742
1790164520916,4405,0.1642,0.0125
1790164520965,4406,0.1669,0.0126
1790164521015,4407,0.1565,0.0118
1790164521066,4408,0.1323,0.0108
1790164521115,4409,0.1539,0.0115
1790164521165,4410,0.1558,0.0120
1790164521215,4411,0.1085,0.0092
1790164521265,4412,0.0956,0.0113
1790164521315,4413,0.2428,0.1167
1790164521365,4414,0.1786,0.2602
1790164521415,4415,0.1047,0.0070
1790164521466,4416,0.1334,0.0095
1790164521515,4417,0.1342,0.0096
1790164521565,4418,0.2047,0.1066
1790164521615,4419,0.0962,0.0078
1790164521666,4420,0.1417,0.0084
1790164521716,4421,0.1624,0.0127
1790164521765,4422,0.1700,0.0124
1790164521816,4423,0.2080,0.0901
1790164521865,4424,0.1388,0.0103
1790164521915,4425,0.1480,0.0096
1790164521966,4426,0.2303,0.0899
1790164522017,4427,0.3214,0.2575
1790164522065,4428,0.1969,0.0780
1790164522116,4429,0.1534,0.0111
1790164522165,4430,0.2077,0.0115
1790164522216,4431,0.1614,0.0108
1790164522265,4432,0.1517,0.2524
1790164522315,4433,0.1639,0.0142
1790164522366,4434,0.1555,0.0110
1790164522415,4435,0.1611,0.0111
1790164522466,4436,0.1556,0.0108
1790164522515,4437,0.2547,0.1018
1790164522566,4438,0.1606,0.0106
1790164522616,4439,0.1602,0.0103
1790164522665,4440,0.1710,0.0132
1790164522715,4441,0.1362,0.4209
1790164522766,4442,0.1457,0.0098
1790164522816,4443,0.1255,0.0091
1790164522865,4444,0.1083,0.0082
1790164522915,4445,0.0971,0.0077
1790164522966,4446,0.1820,0.0874
1790164523015,4447,0.1216,0.0100
1790164523065,4448,0.2117,0.0981
1790164523116,4449,0.1637,0.0333
1790164523166,4450,0.1807,0.0304
1790164523216,4451,0.1120,0.0084
1790164523265,4452,0.0926,0.0075
1790164523315,4453,0.1379,0.0126
1790164523366,4454,0.1150,0.0090
1790164523416,4455,0.1359,0.0094
1790164523465,4456,0.1334,0.0104
1790164523515,4457,0.1652,0.0123
1790164523566,4458,0.2209,0.0866
1790164523615,4459,0.1076,0.0086
1790164523665,4460,0.1117,0.0075
1790164523716,4461,0.0928,0.0074
1790164523765,4462,0.1984,0.0790
1790164523815,4463,0.1209,0.0115
1790164523865,4464,0.1098,0.0078
1790164523915,4465,0.1862,0.0152
1790164523966,4466,0.4073,0.0149
1790164524016,4467,0.1687,0.0120
1790164524066,4468,0.1575,0.0151
1790164524115,4469,0.1600,0.0120
1790164524165,4470,0.3153,0.1469
1790164524215,4471,0.1343,0.1555
1790164524265,4472,0.0990,0.0072
1790164524316,4473,0.1372,0.0102
1790164524366,4474,0.1930,0.0880
1790164524415,4475,0.1662,0.0097
1790164524465,4476,0.2108,0.0732
1790164524516,4477,0.1510,0.0146
1790164524565,4478,0.1415,0.0096
1790164524615,4479,0.1008,0.0082
1790164524666,4480,0.1080,0.0074
1790164524715,4481,0.1407,0.0229
1790164524766,4482,0.1627,0.0314
1790164524816,4483,0.1521,0.0264
1790164524865,4484,0.1113,0.0089
1790164524917,4485,0.1102,0.0080
1790164524965,4486,0.1116,0.0084
1790164525016,4487,0.1219,0.0096
1790164525066,4488,0.1098,0.0081
1790164525115,4489,0.1465,0.0108
1790164525165,4490,0.2143,0.0776
1790164525215,4491,0.1395,0.0095
1790164525265,4492,0.1349,0.0088
1790164525315,4493,0.1449,0.0112
1790164525365,4494,0.1031,0.0078
1790164525415,4495,0.1284,0.0090
1790164525466,4496,0.1125,0.0094
1790164525515,4497,0.1341,0.0105
1790164525565,4498,0.1512,0.0117
1790164525615,4499,0.1728,0.0115
1790164525665,4500,0.1437,0.0095
1790164525715,4501,0.1174,0.0096
1790164525765,4502,0.1422,0.0097
1790164525815,4503,0.0984,0.0079
1790164525865,4504,0.1090,0.0085
1790164525915,4505,0.1077,0.0079
1790164525966,4506,0.1186,0.0092
1790164526015,4507,0.1124,0.0083
1790164526065,4508,0.1476,0.0112
1790164526116,4509,0.1558,0.0124
1790164526165,4510,0.1608,0.0142
1790164526215,4511,0.1489,0.0110
1790164526265,4512,0.1517,0.0114
1790164526315,4513,0.1075,0.0088
1790164526365,4514,0.1672,0.0853
1790164526416,4515,0.1107,0.0080
1790164526465,4516,0.1508,0.0105
1790164526515,4517,0.1203,0.0089
1790164526565,4518,0.2342,0.0901
1790164526616,4519,0.1349,0.0101
1790164526665,4520,0.1196,0.0071
1790164526715,4521,0.2022,0.1200
1790164526766,4522,0.1247,0.0092
1790164526815,4523,0.1613,0.0129
1790164526865,4524,0.1567,0.0108
1790164526916,4525,0.1614,0.0425
1790164526966,4526,0.2365,0.0922
1790164527015,4527,0.4748,0.3251
1790164527065,4528,0.3984,0.3090
1790164527115,4529,0.2237,0.0114
1790164527166,4530,0.2291,0.3297
1790164527215,4531,0.2424,0.0950
1790164527266,4532,0.2491,0.3325
1790164527315,4533,0.1926,0.0324
1790164527366,4534,0.1775,0.0303
1790164527415,4535,0.1845,0.2778
1790164527465,4536,0.1603,0.2548
1790164527516,4537,0.1541,0.0091
1790164527565,4538,0.1598,0.0114
1790164527615,4539,0.1603,0.0114
1790164527665,4540,0.2918,0.1317
1790164527716,4541,0.1526,0.0100
1790164527765,4542,0.1643,0.0102
1790164527816,4543,0.1651,0.0105
1790164527865,4544,0.1599,0.3087
1790164527916,4545,0.1504,0.0077
1790164527965,4546,0.2606,0.1102
1790164528016,4547,0.1550,0.0100
1790164528065,4548,0.3172,0.1540
1790164528116,4549,0.1583,0.0103
1790164528165,4550,0.1764,0.0110
1790164528215,4551,0.1550,0.0093
1790164528265,4552,0.1466,0.0100
1790164528315,4553,0.1537,0.0102
1790164528365,4554,0.1669,0.0105
1790164528415,4555,0.1752,0.0124
1790164528465,4556,0.1626,0.0124
1790164528515,4557,0.1544,0.0095
1790164528566,4558,0.2159,0.3753
1790164528615,4559,0.1070,0.0074
1790164528665,4560,0.1697,0.0101
1790164528716,4561,0.1210,0.0113
1790164528766,4562,0.1697,0.0655
1790164528815,4563,0.1518,0.0105
1790164528865,4564,0.1578,0.0103
1790164528915,4565,0.1177,0.0084
1790164528965,4566,0.1158,0.0109
1790164529015,4567,0.0962,0.0094
1790164529065,4568,0.1073,0.0100
1790164529116,4569,0.1469,0.0112
1790164529165,4570,0.1455,0.0104
1790164529216,4571,0.1130,0.0104
1790164529265,4572,0.0923,0.0096
1790164529316,4573,0.0863,0.0074
1790164529365,4574,0.1563,0.0810
1790164529416,4575,0.0807,0.0056
1790164529466,4576,0.1988,0.0738
1790164529516,4577,0.0939,0.0068
1790164529566,4578,0.1344,0.0085
1790164529615,4579,0.1448,0.0102
1790164529665,4580,0.1654,0.0115
1790164529716,4581,0.0912,0.0076
1790164529765,4582,0.0909,0.0077
1790164529816,4583,0.1382,0.0099
1790164529866,4584,0.2359,0.1132
1790164529916,4585,0.1237,0.1376
1790164529966,4586,0.2134,0.0821
1790164530015,4587,0.1104,0.0077
1790164530066,4588,0.1153,0.0076
1790164530116,4589,0.1537,0.0111
1790164530165,4590,0.2230,0.0727
1790164530216,4591,0.1228,0.0095
1790164530265,4592,0.1039,0.0076
1790164530315,4593,0.0873,0.0065
1790164530365,4594,0.1336,0.0101
1790164530415,4595,0.1152,0.0083
1790164530465,4596,0.1548,0.0114
1790164530516,4597,0.1475,0.0104
1790164530565,4598,0.1547,0.0114
1790164530615,4599,0.1208,0.0096
1790164530665,4600,0.1143,0.0078
1790164530715,4601,0.0924,0.0072
1790164530765,4602,0.1657,0.0816
1790164530816,4603,0.0990,0.0073
1790164530865,4604,0.1494,0.0094
1790164530916,4605,0.1590,0.0117
1790164530965,4606,0.1646,0.0111
1790164531015,4607,0.1174,0.0089
1790164531065,4608,0.1127,0.0113
1790164531115,4609,0.1819,0.0109
1790164531166,4610,0.1511,0.0106
1790164531215,4611,0.1335,0.0089
1790164531265,4612,0.1334,0.0097
1790164531315,4613,0.1080,0.0112
1790164531365,4614,0.2114,0.0869
1790164531416,4615,0.0971,0.0079
1790164531465,4616,0.1224,0.0092
1790164531516,4617,0.1034,0.0080
1790164531566,4618,0.2330,0.0891
1790164531615,4619,0.1342,0.0095
1790164531665,4620,0.1721,0.0097
1790164531716,4621,0.1476,0.0110
1790164531765,4622,0.1302,0.0096
1790164531815,4623,0.1087,0.0085
1790164531866,4624,0.1457,0.0129
1790164531916,4625,0.1275,0.0088
1790164531965,4626,0.1284,0.0092
1790164532015,4627,0.1441,0.0090
1790164532066,4628,0.2315,0.0076
1790164532115,4629,0.2345,0.0927
1790164532166,4630,0.2681,0.1191
1790164532215,4631,0.1457,0.0093
1790164532266,4632,0.1517,0.0094
1790164532316,4633,0.1282,0.2456
1790164532365,4634,0.1908,0.0806
1790164532415,4635,0.1146,0.0076
1790164532465,4636,0.1171,0.0079
1790164532515,4637,0.1156,0.0081
1790164532565,4638,0.1026,0.2252
1790164532615,4639,0.1344,0.0100
1790164532665,4640,0.1517,0.0098
1790164532715,4641,0.2170,0.1114
1790164532766,4642,0.0926,0.1162
1790164532815,4643,0.1695,0.0785
1790164532865,4644,0.1463,0.0089
1790164532916,4645,0.1543,0.0096
1790164532967,4646,0.1559,0.0095
1790164533016,4647,0.1486,0.0430
1790164533066,4648,0.2229,0.3639
1790164533115,4649,0.1502,0.0105
1790164533165,4650,0.1634,0.0111
1790164533215,4651,0.1234,0.0090
1790164533265,4652,0.1131,0.0084
1790164533315,4653,0.0935,0.0077
1790164533365,4654,0.0922,0.0071
1790164533417,4655,0.1323,0.0086
1790164533465,4656,0.1813,0.0869
1790164533515,4657,0.1270,0.0086
1790164533566,4658,0.1341,0.0095
1790164533615,4659,0.1467,0.0091
1790164533665,4660,0.1871,0.2622
1790164533715,4661,0.1035,0.0064
1790164533766,4662,0.2749,0.0949
1790164533815,4663,0.1976,0.0121
1790164533866,4664,0.1677,0.0116
1790164533915,4665,0.1674,0.0118
1790164533965,4666,0.1582,0.0121
1790164534015,4667,0.1692,0.0118
1790164534065,4668,0.1645,0.0119
1790164534115,4669,0.1744,0.0166
1790164534165,4670,0.1590,0.0145
1790164534215,4671,0.1669,0.0127
1790164534266,4672,0.1615,0.0116
1790164534316,4673,0.1992,0.0116
1790164534365,4674,0.2414,0.0983
1790164534415,4675,0.1542,0.0117
1790164534466,4676,0.2163,0.0706
1790164534515,4677,0.1549,0.0111
1790164534565,4678,0.1444,0.0111
1790164534615,4679,0.1375,0.0098
1790164534665,4680,0.1699,0.0101
1790164534716,4681,0.1580,0.0139
1790164534765,4682,0.2405,0.1026
1790164534815,4683,0.1613,0.0137
1790164534866,4684,0.2070,0.0134
1790164534915,4685,0.1670,0.0108
1790164534965,4686,0.1568,0.0435
1790164535015,4687,0.1621,0.0102
1790164535066,4688,0.1499,0.0098
1790164535115,4689,0.1758,0.0098
1790164535166,4690,0.2166,0.0681
1790164535215,4691,0.1417,0.0086
1790164535265,4692,0.2324,0.0865
1790164535315,4693,0.1562,0.0093
1790164535365,4694,0.1402,0.0090
1790164535416,4695,0.2061,0.0114
1790164535465,4696,0.1576,0.2677
1790164535516,4697,0.1569,0.0103
1790164535566,4698,0.2458,0.1125
1790164535615,4699,0.1488,0.1256
1790164535665,4700,0.1809,0.0111
1790164535715,4701,0.2067,0.0146
1790164535765,4702,0.1356,0.0098
1790164535816,4703,0.1795,0.0126
1790164535865,4704,0.1534,0.0096
1790164535916,4705,0.1650,0.0118
1790164535965,4706,0.1628,0.0111
1790164536015,4707,0.1492,0.0094
1790164536066,4708,0.1438,0.0097
1790164536115,4709,0.1600,0.0109
1790164536166,4710,0.1500,0.2877
1790164536215,4711,0.1474,0.0092
1790164536265,4712,0.1604,0.0095
1790164536315,4713,0.0944,0.0074
1790164536366,4714,0.1506,0.0776
1790164536415,4715,0.1180,0.0085
1790164536465,4716,0.1024,0.0072
1790164536515,4717,0.1184,0.0080
1790164536566,4718,0.1811,0.0786
1790164536615,4719,0.1426,0.0106
1790164536666,4720,0.1394,0.0083
1790164536715,4721,0.0914,0.0074
1790164536766,4722,0.0831,0.0097
1790164536816,4723,0.0938,0.0063
1790164536865,4724,0.0895,0.0063
1790164536916,4725,0.1302,0.0083
1790164536965,4726,0.0973,0.0066
1790164537015,4727,0.1769,0.0760
1790164537067,4728,0.2306,0.0066
1790164537115,4729,0.1587,0.0106
1790164537165,4730,0.2328,0.0858
1790164537216,4731,0.1385,0.0095
1790164537265,4732,0.2059,0.0872
1790164537315,4733,0.1221,0.0083
1790164537366,4734,0.1186,0.0081
1790164537416,4735,0.1787,0.0127
1790164537465,4736,0.1711,0.3007
1790164537516,4737,0.2508,0.0955
1790164537565,4738,0.1640,0.0149
1790164537615,4739,0.1643,0.0105
1790164537666,4740,0.1739,0.0105
1790164537715,4741,0.1538,0.2491
1790164537766,4742,0.1592,0.0116
1790164537815,4743,0.1646,0.0120
1790164537866,4744,0.1624,0.0117
1790164537916,4745,0.1684,0.0117
1790164537965,4746,0.2408,0.0893
1790164538015,4747,0.3869,0.2411
1790164538066,4748,0.2333,0.0815
1790164538115,4749,0.1796,0.0296
1790164538166,4750,0.1804,0.0276
1790164538215,4751,0.1638,0.0617
1790164538265,4752,0.1531,0.0097
1790164538315,4753,0.1380,0.0090
1790164538365,4754,0.1455,0.0089
1790164538415,4755,0.4935,0.3395
1790164538466,4756,0.1452,0.1927
1790164538515,4757,0.1429,0.0088
1790164538565,4758,0.2090,0.0759
1790164538616,4759,0.1334,0.0082
1790164538666,4760,0.1913,0.0100
1790164538715,4761,0.1559,0.0096
1790164538766,4762,0.2059,0.0691
1790164538815,4763,0.1454,0.0099
1790164538865,4764,0.2028,0.0113
1790164538915,4765,0.1409,0.0094
1790164538965,4766,0.1488,0.0096
1790164539016,4767,0.1108,0.0081
1790164539065,4768,0.1066,0.0082
1790164539116,4769,0.1565,0.0096
1790164539166,4770,0.1490,0.0096
1790164539215,4771,0.1356,0.0091
1790164539265,4772,0.1389,0.0118
1790164539316,4773,0.1155,0.0079
1790164539365,4774,0.1000,0.0081
1790164539415,4775,0.1050,0.3108
1790164539465,4776,0.1752,0.0655
1790164539516,4777,0.1408,0.0114
1790164539565,4778,0.1238,0.0087
1790164539615,4779,0.1507,0.0109
1790164539666,4780,0.1568,0.0108
1790164539715,4781,0.1295,0.0095
1790164539765,4782,0.0968,0.0077
1790164539815,4783,0.0869,0.0072
1790164539865,4784,0.1557,0.0825
1790164539915,4785,0.0978,0.0072
1790164539966,4786,0.2263,0.0830
1790164540015,4787,0.1189,0.0108
1790164540065,4788,0.1126,0.2838
1790164540115,4789,0.1520,0.0107
1790164540165,4790,0.2188,0.0748
1790164540215,4791,0.1288,0.0094
1790164540265,4792,0.1374,0.0086
1790164540315,4793,0.1076,0.0080
1790164540365,4794,0.1015,0.0071
1790164540415,4795,0.0827,0.0100
1790164540466,4796,0.1190,0.0085
1790164540515,4797,0.0896,0.0069
1790164540565,4798,0.1011,0.0069
1790164540615,4799,0.1340,0.0078
1790164540665,4800,0.1426,0.0082
1790164540715,4801,0.1113,0.0077
1790164540766,4802,0.1566,0.0741
1790164540815,4803,0.1514,0.0109
1790164540866,4804,0.1298,0.0082
1790164540915,4805,0.1162,0.0078
1790164540965,4806,0.2861,0.1225
1790164541016,4807,0.1584,0.1110
1790164541065,4808,0.2305,0.0107
1790164541115,4809,0.1642,0.0115
1790164541165,4810,0.1579,0.0112
1790164541215,4811,0.1138,0.0080
1790164541265,4812,0.1556,0.0113
1790164541315,4813,0.1080,0.0081
1790164541366,4814,0.1710,0.0809
1790164541415,4815,0.0944,0.0075
1790164541466,4816,0.1655,0.0112
1790164541516,4817,0.1545,0.0112
1790164541565,4818,0.2250,0.0837
1790164541615,4819,0.1444,0.0108
1790164541665,4820,0.1654,0.0100
1790164541716,4821,0.1212,0.0090
1790164541765,4822,0.1471,0.0106
1790164541816,4823,0.1503,0.0103
1790164541865,4824,0.1435,0.0138
1790164541915,4825,0.1277,0.0089
1790164541966,4826,0.1323,0.0098
1790164542015,4827,0.1415,0.0104
1790164542066,4828,0.1637,0.0106
1790164542115,4829,0.2844,0.0092
1790164542165,4830,0.2307,0.0865
1790164542215,4831,0.1434,0.0095
1790164542265,4832,0.1544,0.0093
1790164542315,4833,0.1198,0.0087
1790164542365,4834,0.1948,0.0991
1790164542415,4835,0.2372,0.0887
1790164542466,4836,0.1572,0.0102
1790164542515,4837,0.1579,0.0101
1790164542566,4838,0.1484,0.2950
1790164542615,4839,0.1417,0.2195
1790164542665,4840,0.2737,0.0966
1790164542716,4841,0.1672,0.0107
1790164542765,4842,0.1438,0.0091
1790164542816,4843,0.1394,0.0094
1790164542865,4844,0.1260,0.2148
1790164542915,4845,0.0990,0.0067
1790164542966,4846,0.1771,0.0771
1790164543015,4847,0.1401,0.0100
1790164543065,4848,0.1851,0.0714
1790164543115,4849,0.1724,0.0119
1790164543166,4850,0.1613,0.0106
1790164543215,4851,0.1235,0.0090
1790164543266,4852,0.1810,0.0856
1790164543316,4853,0.1227,0.0085
1790164543365,4854,0.1037,0.0087
1790164543415,4855,0.1060,0.0086
1790164543466,4856,0.1175,0.2078
1790164543516,4857,0.1765,0.0971
1790164543565,4858,0.1818,0.2003
1790164543615,4859,0.0996,0.0060
1790164543665,4860,0.1739,0.0109
1790164543715,4861,0.1218,0.0093
1790164543765,4862,0.1671,0.0744
1790164543815,4863,0.1100,0.0089
1790164543865,4864,0.1461,0.0096
1790164543915,4865,0.1248,0.0082
1790164543966,4866,0.1242,0.0095
1790164544015,4867,0.0912,0.0068
1790164544066,4868,0.1446,0.0105
1790164544115,4869,0.2064,0.0137
1790164544166,4870,0.1510,0.0106
1790164544215,4871,0.1274,0.0094
1790164544265,4872,0.1094,0.0081
1790164544315,4873,0.1197,0.0085
1790164544365,4874,0.2721,0.1666
1790164544416,4875,0.1147,0.0094
1790164544465,4876,0.1920,0.0655
1790164544515,4877,0.1291,0.0086
1790164544565,4878,0.1276,0.2952
1790164544616,4879,0.1105,0.0064
1790164544665,4880,0.1208,0.0091
1790164544715,4881,0.0864,0.0064
1790164544765,4882,0.1082,0.0073
1790164544816,4883,0.1278,0.0090
1790164544865,4884,0.1086,0.0076
1790164544916,4885,0.0914,0.0061
1790164544966,4886,0.1818,0.0805
1790164545015,4887,0.1070,0.0079
1790164545065,4888,0.1347,0.0088
1790164545115,4889,0.1924,0.0108
1790164545165,4890,0.1979,0.0694
1790164545215,4891,0.1067,0.0077
1790164545266,4892,0.1096,0.0114
1790164545316,4893,0.1061,0.0076
1790164545366,4894,0.1003,0.0073
1790164545416,4895,0.1077,0.0069
1790164545465,4896,0.1145,0.0085
1790164545515,4897,0.1075,0.0106
1790164545565,4898,0.0954,0.0072
1790164545616,4899,0.1393,0.0097
1790164545666,4900,0.1542,0.0092
1790164545715,4901,0.1579,0.0123
1790164545765,4902,0.2122,0.0812
1790164545816,4903,0.0995,0.0068
1790164545866,4904,0.0905,0.0070
1790164545915,4905,0.0794,0.0062
1790164545966,4906,0.2121,0.0137
1790164546015,4907,0.1337,0.0083
1790164546065,4908,0.2587,0.1148
1790164546115,4909,0.1514,0.1390
1790164546165,4910,0.1591,0.0110
1790164546215,4911,0.1128,0.0079
1790164546265,4912,0.2178,0.0871
1790164546316,4913,0.1716,0.0098
1790164546365,4914,0.2249,0.0798
1790164546416,4915,0.1437,0.0091
1790164546465,4916,0.1280,0.2301
1790164546516,4917,0.1383,0.0094
1790164546565,4918,0.1815,0.0796
1790164546615,4919,0.1133,0.0086
1790164546666,4920,0.1556,0.0088
1790164546715,4921,0.1344,0.0102
1790164546766,4922,0.1020,0.0076
1790164546815,4923,0.0892,0.0073
1790164546866,4924,0.1254,0.0091
1790164546915,4925,0.1398,0.0102
1790164546965,4926,0.1409,0.0102
1790164547015,4927,0.1078,0.0084
1790164547066,4928,0.1671,0.0110
1790164547116,4929,0.2909,0.0105
1790164547166,4930,0.2345,0.0850
1790164547215,4931,0.1319,0.0089
1790164547265,4932,0.1190,0.0091
1790164547315,4933,0.1159,0.0087
1790164547365,4934,0.1071,0.0084
1790164547416,4935,0.1147,0.0084
1790164547465,4936,0.0981,0.0077
1790164547516,4937,0.1280,0.0089
1790164547565,4938,0.2508,0.1104
1790164547615,4939,0.1620,0.0102
1790164547666,4940,0.1638,0.0100
1790164547716,4941,0.1547,0.0105
1790164547765,4942,0.1548,0.2257
1790164547816,4943,0.2283,0.0936
1790164547865,4944,0.1545,0.0104
1790164547915,4945,0.1395,0.0089
1790164547966,4946,0.2048,0.0758
1790164548015,4947,0.1313,0.2181
1790164548065,4948,0.1773,0.0634
1790164548115,4949,0.1617,0.0117
1790164548165,4950,0.1578,0.0179
1790164548215,4951,0.1187,0.0086
1790164548265,4952,0.1095,0.0106
1790164548315,4953,0.0851,0.0068
1790164548366,4954,0.1238,0.0094
1790164548416,4955,0.1429,0.0507
1790164548465,4956,0.1149,0.0082
1790164548516,4957,0.1250,0.0101
1790164548565,4958,0.0980,0.0067
1790164548615,4959,0.4535,0.3522
1790164548666,4960,0.1198,0.1409
1790164548716,4961,0.1877,0.0488
1790164548766,4962,0.2984,0.1607
1790164548815,4963,0.1855,0.0411
1790164548865,4964,0.1760,0.0204
1790164548916,4965,0.1555,0.0061
1790164548965,4966,0.1528,0.0863
1790164549016,4967,0.1493,0.0065
1790164549065,4968,0.1489,0.0067
1790164549115,4969,0.1496,0.0068
1790164549166,4970,0.1641,0.0064
1790164549216,4971,0.1442,0.0066
1790164549265,4972,0.1504,0.0066
1790164549315,4973,0.1408,0.0061
1790164549365,4974,0.2054,0.0706
1790164549415,4975,0.1212,0.0053
1790164549465,4976,0.1731,0.0562
1790164549515,4977,0.2172,0.0890
1790164549565,4978,0.1447,0.0080
1790164549615,4979,0.1427,0.0058
1790164549665,4980,0.1587,0.0063
1790164549716,4981,0.9089,0.0339
1790164549765,4982,0.1524,0.0062
1790164549815,4983,0.1517,0.0092
1790164549865,4984,0.1493,0.0060
1790164549915,4985,0.1701,0.0073
1790164549965,4986,0.1510,0.0067
1790164550016,4987,0.1506,0.0068
1790164550065,4988,0.1503,0.0065
1790164550115,4989,0.1581,0.0065
1790164550166,4990,0.2207,0.0697
1790164550215,4991,0.1507,0.0064
1790164550266,4992,0.1610,0.0067
1790164550315,4993,0.1517,0.0064
1790164550365,4994,0.1554,0.0065
1790164550415,4995,0.1569,0.0058
1790164550465,4996,0.1495,0.2667
1790164550516,4997,0.1419,0.0054
1790164550566,4998,0.1379,0.0055
1790164550615,4999,0.1698,0.0082
1790164550666,5000,0.1540,0.0059
1790164550715,5001,0.1525,0.0068
1790164550765,5002,0.2138,0.0799
1790164550816,5003,0.1733,0.0072
1790164550865,5004,0.1630,0.0070
1790164550916,5005,0.1404,0.2493
1790164550965,5006,0.1388,0.0049
1790164551016,5007,0.1103,0.0056
1790164551065,5008,0.1330,0.0062
1790164551115,5009,0.1625,0.0075
1790164551166,5010,0.2593,0.1091
1790164551215,5011,0.1293,0.1450
1790164551265,5012,0.1450,0.0538
1790164551316,5013,0.1205,0.0052
1790164551365,5014,0.1936,0.0766
1790164551415,5015,0.1652,0.0069
1790164551465,5016,0.1288,0.2194
1790164551516,5017,0.1038,0.0070
1790164551565,5018,0.1902,0.0761
1790164551615,5019,0.1047,0.0050
1790164551665,5020,0.1640,0.0061
1790164551716,5021,0.1458,0.0069
1790164551766,5022,0.1463,0.0069
1790164551816,5023,0.0969,0.0046
1790164551866,5024,0.0786,0.0043
1790164551916,5025,0.0812,0.0043
1790164551966,5026,0.0991,0.0048
1790164552015,5027,0.0926,0.0047
1790164552066,5028,0.0903,0.0043
1790164552116,5029,0.1506,0.0075
1790164552165,5030,0.3450,0.0774
1790164552215,5031,0.1263,0.0053
1790164552265,5032,0.1177,0.0050
1790164552315,5033,0.0936,0.0044
1790164552366,5034,0.0926,0.0042
1790164552415,5035,0.1223,0.0052
1790164552466,5036,0.1019,0.0050
1790164552515,5037,0.0840,0.0042
1790164552566,5038,0.1294,0.0063
1790164552615,5039,0.1200,0.0055
1790164552666,5040,0.2090,0.0797
1790164552715,5041,0.1998,0.0776
1790164552766,5042,0.1547,0.0066
1790164552815,5043,0.1476,0.0061
1790164552866,5044,0.1385,0.2159
1790164552915,5045,0.1090,0.2039
1790164552966,5046,0.3010,0.1549
1790164553015,5047,0.1477,0.0063
1790164553065,5048,0.2162,0.0636
1790164553115,5049,0.1544,0.0058
1790164553165,5050,0.1612,0.2572
1790164553215,5051,0.1479,0.0064
1790164553265,5052,0.1558,0.0087
1790164553316,5053,0.1028,0.0045
1790164553366,5054,0.0884,0.0049
1790164553416,5055,0.1137,0.0057
1790164553465,5056,0.1038,0.0052
1790164553515,5057,0.1002,0.0049
1790164553565,5058,0.1690,0.0784
1790164553615,5059,0.0887,0.0043
1790164553665,5060,0.1127,0.0044
1790164553715,5061,0.2121,0.1237
1790164553766,5062,0.1285,0.1786
1790164553815,5063,0.0741,0.0032
1790164553865,5064,0.0778,0.0032
1790164553915,5065,0.1408,0.0056
1790164553965,5066,0.1390,0.0061
1790164554015,5067,0.1368,0.0063
1790164554065,5068,0.1377,0.0062
1790164554115,5069,0.1669,0.0068
1790164554165,5070,0.1569,0.0064
1790164554215,5071,0.1375,0.0063
1790164554265,5072,0.1210,0.0056
1790164554316,5073,0.1425,0.0054
1790164554366,5074,0.1559,0.0738
1790164554415,5075,0.0865,0.0040
1790164554465,5076,0.1971,0.0650
1790164554515,5077,0.0908,0.0042
1790164554565,5078,0.1370,0.0064
1790164554615,5079,0.1111,0.0056
1790164554665,5080,0.1467,0.0089
1790164554716,5081,0.1316,0.0088
1790164554765,5082,0.1505,0.0071
1790164554815,5083,0.1465,0.0067
1790164554865,5084,0.1445,0.0067
1790164554915,5085,0.1403,0.0059
1790164554965,5086,0.2104,0.0840
1790164555016,5087,0.1043,0.0050
1790164555066,5088,0.1090,0.0052
1790164555115,5089,0.1670,0.0068
1790164555165,5090,0.2107,0.0673
1790164555215,5091,0.1437,0.0065
1790164555265,5092,0.1295,0.0057
1790164555315,5093,0.0969,0.0054
1790164555366,5094,0.0845,0.0045
1790164555416,5095,0.0921,0.0043
1790164555465,5096,0.1442,0.0067
1790164555515,5097,0.1003,0.0047
1790164555565,5098,0.1265,0.0058
1790164555615,5099,0.1040,0.0048
1790164555665,5100,0.1074,0.0043
1790164555715,5101,0.1199,0.0079
1790164555765,5102,0.1282,0.0055
1790164555816,5103,0.1093,0.0051
1790164555866,5104,0.2159,0.1254
1790164555915,5105,0.1311,0.0055
1790164555965,5106,0.1530,0.0057
1790164556015,5107,0.1502,0.0055
1790164556065,5108,0.1493,0.0336
1790164556115,5109,0.1523,0.0067
1790164556165,5110,0.1583,0.0061
1790164556215,5111,0.1517,0.0067
1790164556265,5112,0.4232,0.2834
1790164556315,5113,0.1502,0.1752
1790164556365,5114,0.2003,0.0707
1790164556415,5115,0.1431,0.0056
1790164556465,5116,0.1457,0.0062
1790164556515,5117,0.1511,0.0060
1790164556565,5118,0.1473,0.0071
1790164556615,5119,0.1365,0.0063
1790164556665,5120,0.2346,0.0896
1790164556715,5121,0.1492,0.0062
1790164556766,5122,0.1443,0.0061
1790164556815,5123,0.1530,0.0103
1790164556866,5124,0.1458,0.0390
1790164556915,5125,0.1521,0.0059
1790164556965,5126,0.1515,0.0066
1790164557015,5127,0.1518,0.0065
1790164557065,5128,0.1944,0.0076
1790164557115,5129,0.1575,0.0070
1790164557165,5130,0.4117,0.0777
1790164557215,5131,0.1497,0.0061
1790164557265,5132,0.1663,0.0069
1790164557315,5133,0.1498,0.0065
1790164557365,5134,0.1497,0.0065
1790164557415,5135,0.1534,0.0067
1790164557466,5136,0.1518,0.0070
1790164557515,5137,0.1509,0.0058
1790164557565,5138,0.1502,0.0069
1790164557615,5139,0.1485,0.3419
1790164557665,5140,0.1672,0.0071
1790164557715,5141,0.1568,0.0066
1790164557766,5142,0.1510,0.0065
1790164557816,5143,0.1535,0.0064
1790164557865,5144,0.2391,0.0816
1790164557915,5145,0.1600,0.0063
1790164557966,5146,0.3856,0.0779
1790164558015,5147,0.1673,0.0062
1790164558066,5148,0.2105,0.2743
1790164558115,5149,0.2300,0.0830
1790164558165,5150,0.1650,0.0062
1790164558215,5151,0.1457,0.0061
1790164558265,5152,0.1597,0.0093
1790164558316,5153,0.1433,0.4668
1790164558365,5154,0.1240,0.2230
1790164558416,5155,0.0934,0.0039
1790164558465,5156,0.0847,0.0040
1790164558516,5157,0.1004,0.0048
1790164558565,5158,0.1652,0.0741
1790164558615,5159,0.1006,0.0075
1790164558665,5160,0.1069,0.0063
1790164558715,5161,0.0925,0.0042
1790164558765,5162,0.1624,0.0653
1790164558815,5163,0.2300,0.1120
1790164558865,5164,0.1522,0.2047
1790164558915,5165,0.1156,0.0046
1790164558965,5166,0.1015,0.0047
1790164559016,5167,0.0858,0.0042
1790164559065,5168,0.2143,0.0840
1790164559115,5169,0.1527,0.0069
1790164559166,5170,0.1562,0.0061
1790164559215,5171,0.1241,0.0057
1790164559265,5172,0.2006,0.2887
1790164559315,5173,0.1515,0.0068
1790164559365,5174,0.2110,0.0805
1790164559415,5175,0.1062,0.0051
1790164559465,5176,0.1493,0.2481
1790164559516,5177,0.0948,0.0046
1790164559567,5178,0.1508,0.0056
1790164559615,5179,0.0965,0.0044
1790164559665,5180,0.0935,0.0039
1790164559715,5181,0.0771,0.0039
1790164559765,5182,0.0822,0.0040
1790164559815,5183,0.0804,0.0038
1790164559865,5184,0.0804,0.0063
1790164559915,5185,0.0758,0.0030
1790164559965,5186,0.1926,0.0791
1790164560015,5187,0.1559,0.0070
1790164560067,5188,0.1419,0.0067
1790164560116,5189,0.1613,0.0106
1790164560166,5190,0.2667,0.0840
1790164560216,5191,0.1186,0.0053
1790164560265,5192,0.1079,0.0048
1790164560316,5193,0.1237,0.0055
1790164560365,5194,0.1007,0.0053
1790164560415,5195,0.0939,0.0048
1790164560466,5196,0.0873,0.0044
1790164560515,5197,0.0922,0.0046
1790164560565,5198,0.1227,0.0055
1790164560615,5199,0.1005,0.0049
1790164560665,5200,0.1044,0.0040
1790164560716,5201,0.1035,0.0044
1790164560765,5202,0.1661,0.0758
1790164560815,5203,0.1411,0.0093
1790164560866,5204,0.1467,0.0064
1790164560916,5205,0.1183,0.0052
1790164560965,5206,0.1115,0.0058
1790164561016,5207,0.0898,0.0048
1790164561066,5208,0.0856,0.0077
1790164561115,5209,0.1248,0.0057
1790164561165,5210,0.1616,0.0092
1790164561215,5211,0.1643,0.0080
1790164561265,5212,0.1536,0.0102
1790164561315,5213,0.1489,0.0062
1790164561365,5214,0.2703,0.1753
1790164561415,5215,0.0940,0.1319
1790164561466,5216,0.0993,0.0042
1790164561515,5217,0.0858,0.0046
1790164561566,5218,0.2221,0.0829
1790164561615,5219,0.1433,0.0058
1790164561665,5220,0.1189,0.0045
1790164561715,5221,0.0927,0.0045
1790164561766,5222,0.1475,0.0067
1790164561815,5223,0.1537,0.0066
1790164561865,5224,0.1477,0.0066
1790164561916,5225,0.1129,0.0047
1790164561965,5226,0.1486,0.0061
1790164562015,5227,0.1185,0.0067
1790164562065,5228,0.1105,0.0051
1790164562115,5229,0.1535,0.0071
1790164562165,5230,0.2288,0.0813
1790164562216,5231,0.2433,0.0057
1790164562265,5232,0.1215,0.0060
1790164562315,5233,0.1537,0.0069
1790164562365,5234,0.1453,0.0063
1790164562415,5235,0.1337,0.0052
1790164562465,5236,0.1526,0.0068
1790164562515,5237,0.1539,0.0070
1790164562566,5238,0.2637,0.1188
1790164562615,5239,0.1531,0.0063
1790164562664,5240,0.1573,0.0054
1790164562716,5241,0.1482,0.0056
1790164562766,5242,0.1443,0.0385
1790164562815,5243,0.1406,0.0052
1790164562865,5244,0.1373,0.0056
1790164562915,5245,0.1344,0.0051
1790164562965,5246,0.1306,0.0055
1790164563015,5247,0.2512,0.1125
1790164563065,5248,0.2075,0.0646
1790164563115,5249,0.1500,0.0067
1790164563165,5250,0.1639,0.0066
1790164563216,5251,0.1460,0.2228
1790164563265,5252,0.2053,0.0741
1790164563316,5253,0.1546,0.0067
1790164563365,5254,0.1511,0.0087
1790164563416,5255,0.1395,0.0060
1790164563466,5256,0.1234,0.2298
1790164563515,5257,0.1046,0.0046
1790164563565,5258,0.1251,0.0058
1790164563615,5259,0.1430,0.0057
1790164563665,5260,0.1638,0.0065
1790164563716,5261,0.1429,0.0086
1790164563765,5262,0.2167,0.0626
1790164563815,5263,0.1484,0.0056
1790164563865,5264,0.1535,0.0064
1790164563915,5265,0.2646,0.1168
1790164563966,5266,0.1626,0.1252
1790164564015,5267,0.1508,0.0064
1790164564065,5268,0.1535,0.0072
1790164564115,5269,0.1801,0.0063
1790164564166,5270,0.1550,0.0072
1790164564215,5271,0.1525,0.0072
1790164564265,5272,0.1359,0.2600
1790164564315,5273,0.1215,0.0049
1790164564366,5274,0.1298,0.0060
1790164564415,5275,0.0945,0.0048
1790164564466,5276,0.1849,0.0839
1790164564516,5277,0.0798,0.0042
1790164564566,5278,0.2003,0.1181
1790164564616,5279,0.1364,0.0059
1790164564666,5280,0.1610,0.0067
1790164564715,5281,0.1459,0.0065
1790164564766,5282,0.1410,0.0344
1790164564815,5283,0.1388,0.0056
1790164564865,5284,0.1494,0.0067
1790164564915,5285,0.1454,0.0063
1790164564965,5286,0.1404,0.0061
1790164565015,5287,0.1436,0.0093
1790164565066,5288,0.1368,0.0062
1790164565115,5289,0.1597,0.0064
1790164565166,5290,0.2085,0.0631
1790164565216,5291,0.1628,0.0070
1790164565265,5292,0.1741,0.0092
1790164565315,5293,0.1723,0.0066
1790164565366,5294,0.1528,0.0074
1790164565416,5295,0.1557,0.0064
1790164565465,5296,0.2153,0.0801
1790164565515,5297,0.1413,0.0065
1790164565565,5298,0.1486,0.0065
1790164565615,5299,0.1717,0.0067
1790164565665,5300,0.1685,0.2223
1790164565716,5301,0.1285,0.0047
1790164565766,5302,0.1279,0.0054
1790164565815,5303,0.1355,0.0055
1790164565866,5304,0.1284,0.0059
1790164565915,5305,0.1413,0.0089
1790164565965,5306,0.1300,0.0054
1790164566015,5307,0.1376,0.0059
1790164566065,5308,0.1479,0.0068
1790164566116,5309,0.1519,0.0070
1790164566165,5310,0.2649,0.1096
1790164566215,5311,0.1464,0.0837
1790164566267,5312,0.3493,0.2341
1790164566315,5313,0.1555,0.0057
1790164566365,5314,0.2312,0.0821
1790164566415,5315,0.1209,0.0055
1790164566465,5316,0.1004,0.0043
1790164566515,5317,0.0812,0.0044
1790164566565,5318,0.1522,0.0771
1790164566615,5319,0.0878,0.0045
1790164566665,5320,0.1674,0.0061
1790164566716,5321,0.1008,0.0051
1790164566765,5322,0.1286,0.0058
1790164566816,5323,0.1100,0.0061
1790164566865,5324,0.1446,0.0064
1790164566915,5325,0.1486,0.0079
1790164566965,5326,0.1118,0.0048
1790164567015,5327,0.1188,0.0058
1790164567066,5328,0.1032,0.0051
1790164567115,5329,0.1380,0.0067
1790164567165,5330,0.2221,0.0815
1790164567215,5331,0.1454,0.0071
1790164567266,5332,0.2891,0.0782
1790164567315,5333,0.1072,0.0060
1790164567365,5334,0.1062,0.0049
1790164567415,5335,0.1540,0.0066
1790164567466,5336,0.1299,0.2114
1790164567515,5337,0.0931,0.0040
1790164567565,5338,0.0827,0.0041
1790164567615,5339,0.0835,0.0044
1790164567665,5340,0.1460,0.0060
1790164567716,5341,0.1149,0.0049
1790164567765,5342,0.1486,0.0066
1790164567815,5343,0.1534,0.0068
1790164567865,5344,0.1541,0.0068
1790164567915,5345,0.1308,0.0053
1790164567965,5346,0.1731,0.0789
1790164568015,5347,0.1106,0.0052
1790164568066,5348,0.1646,0.0638
1790164568115,5349,0.1367,0.0066
1790164568166,5350,0.2454,0.0863
1790164568215,5351,0.1487,0.0062
1790164568265,5352,0.1332,0.0060
1790164568316,5353,0.1146,0.0053
1790164568365,5354,0.0967,0.2109
1790164568415,5355,0.2720,0.1169
1790164568465,5356,0.1436,0.0336
1790164568515,5357,0.1410,0.0054
1790164568565,5358,0.2185,0.0844
1790164568615,5359,0.1237,0.2819
1790164568666,5360,0.1427,0.0048
1790164568716,5361,0.1067,0.0048
1790164568765,5362,0.1450,0.0623
1790164568816,5363,0.0895,0.0048
1790164568866,5364,0.0954,0.0042
1790164568915,5365,0.0837,0.0040
1790164568966,5366,0.0729,0.0035
1790164569016,5367,0.1013,0.0047
1790164569066,5368,0.0778,0.0040
1790164569115,5369,0.1569,0.0068
1790164569166,5370,0.1459,0.0060
1790164569215,5371,0.2238,0.1008
1790164569265,5372,0.1262,0.0077
1790164569315,5373,0.1429,0.0062
1790164569365,5374,0.2053,0.0720
1790164569416,5375,0.1532,0.0334
1790164569465,5376,0.2188,0.0627
1790164569516,5377,0.1487,0.0064
1790164569566,5378,0.1527,0.0057
1790164569615,5379,0.1459,0.0064
1790164569665,5380,0.1705,0.0067
1790164569716,5381,0.1502,0.0068
1790164569766,5382,0.1335,0.0054
1790164569816,5383,0.1452,0.0061
1790164569865,5384,0.1444,0.0070
1790164569915,5385,0.1605,0.0069
1790164569965,5386,0.2301,0.0827
1790164570015,5387,0.1496,0.0064
1790164570065,5388,0.1470,0.0057
1790164570115,5389,0.1555,0.0072
1790164570165,5390,0.2649,0.1106
1790164570215,5391,0.1339,0.0056
1790164570266,5392,0.1256,0.0052
1790164570316,5393,0.1219,0.0055
1790164570366,5394,0.1250,0.0057
1790164570415,5395,0.1392,0.0076
1790164570466,5396,0.1409,0.0063
1790164570515,5397,0.1056,0.0053
1790164570565,5398,0.0999,0.0051
1790164570616,5399,0.0922,0.0049
1790164570666,5400,0.1941,0.3287
1790164570715,5401,0.1412,0.0878
1790164570765,5402,0.1895,0.0766
1790164570815,5403,0.1134,0.0058
1790164570866,5404,0.1275,0.0060
1790164570915,5405,0.1354,0.0058
1790164570966,5406,0.0996,0.0044
1790164571015,5407,0.1040,0.0048
1790164571065,5408,0.0896,0.0046
1790164571115,5409,0.1289,0.0050
1790164571166,5410,0.1303,0.0050
1790164571215,5411,0.1559,0.0092
1790164571265,5412,0.1511,0.0070
1790164571315,5413,0.1542,0.0067
1790164571365,5414,0.2100,0.0827
1790164571415,5415,0.1097,0.0052
1790164571465,5416,0.1699,0.0071
1790164571516,5417,0.1330,0.0062
1790164571565,5418,0.2129,0.1007
1790164571615,5419,0.1368,0.0066
1790164571665,5420,0.1355,0.0051
1790164571716,5421,0.1189,0.0052
1790164571766,5422,0.1351,0.0062
1790164571816,5423,0.1178,0.0048
1790164571865,5424,0.2686,0.0995
1790164571915,5425,0.1631,0.0065
1790164571965,5426,0.1586,0.0063
1790164572015,5427,0.2570,0.0069
1790164572065,5428,0.1522,0.2328
1790164572116,5429,0.1576,0.0068
1790164572165,5430,0.2587,0.1046
1790164572215,5431,0.1425,0.0063
1790164572265,5432,0.1213,0.0059
1790164572315,5433,0.2004,0.0045
1790164572366,5434,0.0790,0.0046
1790164572416,5435,0.0822,0.0037
1790164572465,5436,0.2046,0.1002
1790164572515,5437,0.1384,0.0060
1790164572566,5438,0.1419,0.0065
1790164572615,5439,0.1441,0.0058
1790164572665,5440,0.1586,0.0359
1790164572715,5441,0.1394,0.2443
1790164572765,5442,0.1111,0.0049
1790164572815,5443,0.1269,0.0057
1790164572865,5444,0.1137,0.0052
1790164572916,5445,0.2615,0.1102
1790164572965,5446,0.2759,0.1939
1790164573015,5447,0.1315,0.0064
1790164573065,5448,0.1746,0.0625
1790164573116,5449,0.1381,0.0061
1790164573166,5450,0.1430,0.0055
1790164573215,5451,0.1249,0.0059
1790164573266,5452,0.1150,0.0051
1790164573315,5453,0.1757,0.0825
1790164573365,5454,0.1081,0.0053
1790164573415,5455,0.1198,0.0056
1790164573466,5456,0.1213,0.0059
1790164573515,5457,0.1295,0.2188
1790164573565,5458,0.2287,0.1331
1790164573615,5459,0.1166,0.0060
1790164573665,5460,0.1454,0.0050
1790164573716,5461,0.1449,0.0062
1790164573765,5462,0.1736,0.2699
1790164573815,5463,0.1254,0.0055
1790164573865,5464,0.1317,0.0084
1790164573915,5465,0.1513,0.0095
1790164573965,5466,0.1387,0.0063
1790164574015,5467,0.1477,0.0060
1790164574065,5468,0.1056,0.0048
1790164574115,5469,0.1336,0.0058
1790164574165,5470,0.1393,0.0059
1790164574215,5471,0.1026,0.0048
1790164574265,5472,0.1587,0.0058
1790164574315,5473,0.1305,0.0058
1790164574366,5474,0.1623,0.0792
1790164574415,5475,0.0926,0.0044
1790164574466,5476,0.1895,0.0692
1790164574515,5477,0.1544,0.0066
1790164574565,5478,0.1150,0.0052
1790164574616,5479,0.0875,0.0049
1790164574665,5480,0.0961,0.0044
1790164574716,5481,0.0914,0.0046
1790164574766,5482,0.0948,0.0052
1790164574815,5483,0.1118,0.0047
1790164574865,5484,0.0906,0.0043
1790164574915,5485,0.0968,0.0064
1790164574965,5486,0.0789,0.0040
1790164575016,5487,0.0916,0.0045
1790164575065,5488,0.0926,0.0043
1790164575116,5489,0.1392,0.0061
1790164575166,5490,0.3317,0.1813
1790164575215,5491,0.1437,0.1015
1790164575266,5492,0.2372,0.1041
1790164575315,5493,0.1319,0.0081
1790164575365,5494,0.1204,0.0051
1790164575416,5495,1.0997,0.0053
1790164575466,5496,0.1000,0.2130
1790164575515,5497,0.0847,0.0041
1790164575565,5498,0.1318,0.0086
1790164575616,5499,0.2167,0.1161
1790164575666,5500,0.3955,0.0058
1790164575715,5501,0.1498,0.0061
1790164575766,5502,0.2281,0.0763
1790164575815,5503,0.1687,0.2664
1790164575866,5504,0.1806,0.0053
1790164575915,5505,0.1526,0.0068
1790164575965,5506,0.1340,0.0065
1790164576015,5507,0.1295,0.0062
1790164576065,5508,0.0971,0.0052
1790164576115,5509,0.1205,0.0061
1790164576166,5510,0.2118,0.0094
1790164576215,5511,0.0911,0.0050
1790164576265,5512,0.0886,0.0057
1790164576315,5513,0.0882,0.0050
1790164576365,5514,0.1476,0.0758
1790164576415,5515,0.0715,0.0037
1790164576466,5516,0.1200,0.0055
1790164576516,5517,0.0859,0.0042
1790164576565,5518,0.1861,0.0771
1790164576615,5519,0.0903,0.0047
1790164576665,5520,0.1219,0.0046
1790164576716,5521,0.1132,0.0058
1790164576765,5522,0.0924,0.0047
1790164576815,5523,0.1281,0.0056
1790164576865,5524,0.1204,0.0061
1790164576915,5525,0.1308,0.0055
1790164576965,5526,0.1146,0.0056
1790164577015,5527,0.1175,0.0060
1790164577065,5528,0.0982,0.0049
1790164577115,5529,0.1363,0.0067
1790164577165,5530,0.2151,0.0877
1790164577215,5531,0.0983,0.0054
1790164577265,5532,0.1146,0.0083
1790164577315,5533,0.2465,0.0062
1790164577366,5534,0.1025,0.0043
1790164577415,5535,0.1853,0.1045
1790164577465,5536,0.0798,0.0781
1790164577516,5537,0.1267,0.0062
1790164577566,5538,0.1439,0.0065
1790164577615,5539,0.1352,0.0092
1790164577666,5540,0.1330,0.0055
1790164577715,5541,0.1109,0.0062
1790164577765,5542,0.1068,0.0058
1790164577815,5543,0.1090,0.0061
1790164577865,5544,0.1594,0.0067
1790164577916,5545,0.1589,0.0069
1790164577965,5546,0.2788,0.1075
1790164578015,5547,0.1306,0.0058
1790164578065,5548,0.1798,0.0668
1790164578116,5549,0.1343,0.0067
1790164578165,5550,0.1509,0.0061
1790164578216,5551,0.2663,0.1255
1790164578266,5552,0.2196,0.0859
1790164578316,5553,0.1303,0.0058
1790164578365,5554,0.1005,0.0058
1790164578415,5555,0.1432,0.0468
1790164578465,5556,0.1395,0.2490
1790164578516,5557,0.0912,0.0042
1790164578565,5558,0.1158,0.0067
1790164578615,5559,0.0995,0.0056
1790164578665,5560,0.1023,0.2035
1790164578715,5561,0.1342,0.0621
1790164578765,5562,0.1731,0.0639
1790164578815,5563,0.1168,0.0050
1790164578865,5564,0.1384,0.0064
1790164578915,5565,0.2482,0.2813
1790164578965,5566,0.1478,0.0060
1790164579015,5567,0.1441,0.0066
1790164579065,5568,0.1130,0.0060
1790164579115,5569,0.1374,0.2105
1790164579165,5570,0.1418,0.0060
1790164579216,5571,0.1126,0.0056
1790164579265,5572,0.0941,0.0050
1790164579315,5573,0.0952,0.0044
1790164579365,5574,0.1537,0.0772
1790164579415,5575,0.0761,0.0064
1790164579465,5576,0.1393,0.0568
1790164579516,5577,0.0698,0.0036
1790164579565,5578,0.0820,0.0040
1790164579615,5579,0.1320,0.0051
1790164579665,5580,0.4427,0.3413
1790164579715,5581,0.0830,0.1187
1790164579765,5582,0.1244,0.0052
1790164579816,5583,0.1219,0.0065
1790164579865,5584,0.1209,0.0054
1790164579915,5585,0.1176,0.0057
1790164579967,5586,0.2448,0.1128
1790164580016,5587,0.1357,0.0063
1790164580066,5588,0.1235,0.0063
1790164580115,5589,0.1197,0.0059
1790164580165,5590,0.2029,0.0668
1790164580215,5591,0.0996,0.0049
1790164580265,5592,0.1053,0.0078
1790164580315,5593,0.1341,0.0066
1790164580366,5594,0.1187,0.0061
1790164580416,5595,0.1226,0.0057
1790164580465,5596,0.1138,0.0118
1790164580515,5597,0.1667,0.0834
1790164580565,5598,0.1362,0.0069
1790164580616,5599,0.1429,0.0061
1790164580665,5600,0.1220,0.0052
1790164580716,5601,0.1229,0.0091
1790164580766,5602,0.2491,0.3360
1790164580816,5603,0.1338,0.0055
1790164580865,5604,0.1484,0.0060
1790164580915,5605,0.1484,0.0085
1790164580965,5606,0.1351,0.0358
1790164581015,5607,0.1494,0.0070
1790164581065,5608,0.1391,0.0059
1790164581115,5609,0.1423,0.0068
1790164581165,5610,0.1569,0.0057
1790164581215,5611,0.1121,0.0055
1790164581265,5612,0.1307,0.0063
1790164581315,5613,0.1427,0.0064
1790164581365,5614,0.2275,0.0821
1790164581416,5615,0.1483,0.0070
1790164581466,5616,0.1533,0.0063
1790164581515,5617,0.1359,0.0069
1790164581565,5618,0.1277,0.0060
1790164581615,5619,0.1326,0.0067
1790164581665,5620,0.1621,0.0092
1790164581715,5621,0.1294,0.0055
1790164581765,5622,0.1365,0.0060
1790164581815,5623,0.1371,0.0067
1790164581865,5624,0.1371,0.0078
1790164581915,5625,0.3938,0.2533
1790164581965,5626,0.1570,0.1275
1790164582015,5627,0.1669,0.0205
1790164582065,5628,0.1674,0.0074
1790164582115,5629,0.1529,0.0073
1790164582165,5630,0.2241,0.0724
1790164582216,5631,0.1411,0.2357
1790164582265,5632,0.1075,0.0111
1790164582315,5633,0.1252,0.0207
1790164582365,5634,0.1796,0.0022
1790164582415,5635,0.0794,0.0018
1790164582465,5636,0.0730,0.0017
1790164582515,5637,0.0819,0.0051
1790164582565,5638,0.0663,0.0020
1790164582615,5639,0.0588,0.0015
1790164582665,5640,0.1429,0.0065
1790164582715,5641,0.0887,0.0023
1790164582765,5642,0.1227,0.0063
1790164582815,5643,0.1090,0.0037
1790164582865,5644,0.1191,0.0032
1790164582915,5645,0.1111,0.0030
1790164582965,5646,0.2246,0.1016
1790164583015,5647,0.1343,0.0039
1790164583066,5648,0.1738,0.0661
1790164583116,5649,0.1250,0.0035
1790164583165,5650,0.1465,0.0038
1790164583216,5651,0.0934,0.0029
1790164583265,5652,0.1895,0.0985
1790164583315,5653,0.1067,0.0033
1790164583365,5654,0.1413,0.0038
1790164583415,5655,0.1496,0.0041
1790164583465,5656,0.1401,0.2212
1790164583515,5657,0.0956,0.0028
1790164583565,5658,0.1862,0.0848
1790164583615,5659,0.2632,0.0889
1790164583665,5660,0.1709,0.0035
1790164583715,5661,0.1135,0.0033
1790164583765,5662,0.1601,0.0597
1790164583815,5663,0.0963,0.1957
1790164583865,5664,0.1731,0.0683
1790164583915,5665,0.1193,0.0052
1790164583965,5666,0.1220,0.0034
1790164584015,5667,0.1561,0.0036
1790164584065,5668,0.1099,0.2132
1790164584115,5669,0.1251,0.0032
1790164584165,5670,0.2315,0.1064
1790164584216,5671,0.1086,0.0983
1790164584265,5672,0.0795,0.0019
1790164584316,5673,0.1399,0.0042
1790164584365,5674,0.1437,0.0040
1790164584415,5675,0.1456,0.0042
1790164584466,5676,0.1659,0.0655
1790164584516,5677,0.0883,0.0029
1790164584565,5678,0.0919,0.0030
1790164584615,5679,0.0791,0.0028
1790164584666,5680,0.1973,0.0873
1790164584715,5681,0.1082,0.0032
1790164584765,5682,0.1239,0.0034
1790164584815,5683,0.1454,0.0046
1790164584866,5684,0.1274,0.2436
1790164584915,5685,0.1386,0.0039
1790164584965,5686,0.2018,0.0839
1790164585016,5687,0.1443,0.0046
1790164585065,5688,0.1467,0.0041
1790164585116,5689,0.1425,0.0042
1790164585165,5690,0.2047,0.0676
1790164585215,5691,0.1155,0.0028
1790164585266,5692,0.1063,0.0063
1790164585316,5693,0.1716,0.0790
1790164585365,5694,0.1210,0.0034
1790164585416,5695,0.1046,0.0021
1790164585465,5696,0.1489,0.0035
1790164585515,5697,0.0936,0.2100
1790164585566,5698,0.0774,0.0018
1790164585616,5699,0.0730,0.0045
1790164585665,5700,0.0895,0.0018
1790164585716,5701,0.1130,0.0032
1790164585766,5702,0.0800,0.0026
1790164585816,5703,0.1135,0.0032
1790164585865,5704,0.1380,0.0073
1790164585915,5705,0.1166,0.0036
1790164585966,5706,0.0886,0.0030
1790164586015,5707,0.1492,0.0044
1790164586066,5708,0.1265,0.0045
1790164586115,5709,0.1265,0.0039
1790164586166,5710,0.1486,0.0071
1790164586215,5711,0.0903,0.0030
1790164586266,5712,0.0761,0.0024
1790164586316,5713,0.0702,0.0022
1790164586365,5714,0.1654,0.0838
1790164586415,5715,0.2617,0.1140
1790164586465,5716,0.1401,0.0963
1790164586516,5717,0.0875,0.0027
1790164586566,5718,0.1810,0.0852
1790164586615,5719,0.1205,0.0036
1790164586665,5720,0.1550,0.0067
1790164586715,5721,0.1332,0.0039
1790164586765,5722,0.0838,0.0027
1790164586815,5723,0.0891,0.0032
1790164586865,5724,0.0812,0.0027
1790164586916,5725,0.0945,0.0027
1790164586965,5726,0.0815,0.0025
1790164587016,5727,0.3770,0.0045
1790164587065,5728,0.1013,0.0033
1790164587116,5729,0.1407,0.0040
1790164587165,5730,0.3117,0.1622
1790164587215,5731,0.1297,0.0027
1790164587265,5732,0.1347,0.0033
1790164587315,5733,0.1484,0.0062
1790164587365,5734,0.2535,0.2585
1790164587416,5735,0.1578,0.0027
1790164587465,5736,0.0984,0.0029
1790164587515,5737,0.0765,0.0026
1790164587565,5738,0.0784,0.0027
1790164587616,5739,0.1253,0.0028
1790164587665,5740,0.0916,0.0023
1790164587715,5741,0.0642,0.0018
1790164587765,5742,0.1140,0.0033
1790164587815,5743,0.1306,0.0037
1790164587865,5744,0.0944,0.0022
1790164587916,5745,0.1269,0.0033
1790164587965,5746,0.2298,0.0850
1790164588015,5747,0.1708,0.0089
1790164588065,5748,0.2155,0.0654
1790164588115,5749,0.1330,0.0038
1790164588166,5750,0.1582,0.0045
1790164588215,5751,0.1059,0.0032
1790164588265,5752,0.1019,0.0031
1790164588316,5753,0.0703,0.0021
1790164588365,5754,0.0797,0.0028
1790164588415,5755,0.1731,0.1004
1790164588465,5756,0.0771,0.0656
1790164588515,5757,0.0858,0.0028
1790164588565,5758,0.2182,0.1417
1790164588617,5759,0.0871,0.0024
1790164588665,5760,0.1589,0.0030
1790164588716,5761,0.1226,0.0030
1790164588765,5762,0.2620,0.1326
1790164588815,5763,0.1335,0.0035
1790164588865,5764,0.1302,0.0034
1790164588916,5765,0.1227,0.0030
1790164588965,5766,0.1242,0.2172
1790164589015,5767,0.2073,0.0797
1790164589065,5768,0.1330,0.0027
1790164589115,5769,0.1464,0.0038
1790164589166,5770,0.1565,0.0067
1790164589216,5771,0.1336,0.2116
1790164589265,5772,0.1296,0.0028
1790164589315,5773,0.1267,0.0031
1790164589365,5774,0.2018,0.0791
1790164589415,5775,0.1464,0.0039
1790164589465,5776,0.2053,0.0644
1790164589516,5777,0.1340,0.0035
1790164589566,5778,0.1777,0.0038
1790164589615,5779,0.1241,0.0039
1790164589666,5780,0.1651,0.0059
1790164589716,5781,0.1317,0.0033
1790164589766,5782,0.1314,0.0030
1790164589815,5783,0.1599,0.0027
1790164589865,5784,0.1027,0.0029
1790164589915,5785,0.0911,0.0027
1790164589965,5786,0.0922,0.0027
1790164590015,5787,0.1253,0.0032
1790164590065,5788,0.1229,0.0034
1790164590116,5789,0.1390,0.0037
1790164590166,5790,0.2148,0.0612
1790164590216,5791,0.1491,0.0041
1790164590266,5792,0.1554,0.2288
1790164590315,5793,0.1396,0.0037
1790164590366,5794,0.1388,0.0041
1790164590415,5795,0.2465,0.1019
1790164590465,5796,0.1565,0.1196
1790164590515,5797,0.1078,0.0021
1790164590566,5798,0.1023,0.0046
1790164590615,5799,0.0797,0.0020
1790164590665,5800,0.1018,0.0017
1790164590716,5801,0.0773,0.0024
1790164590765,5802,0.1354,0.0728
1790164590816,5803,0.1391,0.0040
1790164590865,5804,0.0917,0.0029
1790164590916,5805,0.0787,0.0021
1790164590965,5806,0.0988,0.0031
1790164591016,5807,0.1401,0.0065
1790164591065,5808,0.2293,0.0913
1790164591115,5809,0.1390,0.0037
1790164591166,5810,0.1585,0.0037
1790164591215,5811,0.1424,0.0038
1790164591265,5812,0.1936,0.2928
1790164591315,5813,0.1307,0.0026
1790164591365,5814,0.1972,0.0749
1790164591415,5815,0.1304,0.0030
1790164591465,5816,0.1614,0.2179
1790164591515,5817,0.1493,0.0041
1790164591565,5818,0.1945,0.0762
1790164591615,5819,0.0925,0.0027
1790164591666,5820,0.1147,0.0029
1790164591715,5821,0.1544,0.0779
1790164591766,5822,0.0982,0.0029
1790164591815,5823,0.1428,0.0039
1790164591866,5824,0.1413,0.0040
1790164591917,5825,0.2344,0.3237
1790164591965,5826,0.1026,0.0028
1790164592016,5827,0.1289,0.0040
1790164592066,5828,0.1425,0.0045
1790164592115,5829,0.1418,0.0041
1790164592165,5830,0.2205,0.0765
1790164592216,5831,0.1054,0.0034
1790164592265,5832,0.0853,0.0026
1790164592316,5833,0.3068,0.2350
1790164592365,5834,0.1231,0.0024
1790164592415,5835,0.5948,0.3152
1790164592465,5836,0.1395,0.1147
1790164592515,5837,0.1283,0.2506
1790164592565,5838,0.1327,0.0026
1790164592615,5839,0.1009,0.0018
1790164592665,5840,0.1080,0.0017
1790164592716,5841,0.1377,0.0039
1790164592766,5842,0.1224,0.0038
1790164592815,5843,0.0874,0.0027
1790164592866,5844,0.1183,0.0035
1790164592916,5845,0.0879,0.0024
1790164592966,5846,0.1614,0.0791
1790164593015,5847,0.1180,0.0032
1790164593066,5848,0.1715,0.0671
1790164593116,5849,0.1398,0.0038
1790164593166,5850,0.1614,0.0039
1790164593215,5851,0.1075,0.0031
1790164593266,5852,0.1521,0.0075
1790164593315,5853,0.0756,0.0021
1790164593365,5854,0.0730,0.0023
1790164593415,5855,0.1269,0.0038
1790164593466,5856,0.1194,0.0035
1790164593515,5857,0.0895,0.0025
1790164593566,5858,0.1650,0.0782
1790164593615,5859,0.0901,0.0028
1790164593666,5860,0.1311,0.0024
1790164593715,5861,0.0780,0.0051
1790164593766,5862,0.1353,0.0630
1790164593816,5863,0.0689,0.0019
1790164593865,5864,0.1512,0.0042
1790164593915,5865,0.1832,0.0808
1790164593965,5866,0.1267,0.0039
1790164594015,5867,0.1333,0.0040
1790164594065,5868,0.1786,0.0045
1790164594115,5869,0.1601,0.2095
1790164594166,5870,0.2304,0.0803
1790164594215,5871,0.1181,0.0031
1790164594266,5872,0.1101,0.0029
1790164594316,5873,0.1017,0.0058
1790164594365,5874,0.1957,0.2770
1790164594416,5875,0.1875,0.0902
1790164594465,5876,0.1305,0.1430
1790164594515,5877,0.0749,0.0019
1790164594565,5878,0.0820,0.0019
1790164594615,5879,0.0792,0.0024
1790164594666,5880,0.0948,0.0022
1790164594716,5881,0.0713,0.0022
1790164594765,5882,0.0667,0.0021
1790164594815,5883,0.0750,0.0015
1790164594865,5884,0.1362,0.0037
1790164594915,5885,0.1060,0.0029
1790164594966,5886,0.1674,0.0763
1790164595015,5887,0.1032,0.0031
1790164595065,5888,0.1897,0.0046
1790164595115,5889,0.1399,0.0042
1790164595166,5890,0.2115,0.0699
1790164595215,5891,0.0907,0.0031
1790164595265,5892,0.0824,0.0028
1790164595315,5893,0.0796,0.0030
1790164595365,5894,0.1325,0.0039
1790164595416,5895,0.1474,0.0038
1790164595465,5896,0.1776,0.0047
1790164595516,5897,0.1460,0.0041
1790164595565,5898,0.1031,0.0033
1790164595615,5899,0.0899,0.0030
1790164595666,5900,0.1042,0.0023
1790164595715,5901,0.0930,0.0027
1790164595766,5902,0.1303,0.0040
1790164595815,5903,0.1067,0.0028
1790164595865,5904,0.1054,0.0030
1790164595915,5905,0.1257,0.0052
1790164595966,5906,0.0939,0.0028
1790164596015,5907,0.1228,0.0037
1790164596065,5908,0.1242,0.0035
1790164596116,5909,0.1353,0.0039
1790164596165,5910,0.1446,0.0065
1790164596216,5911,0.1012,0.0032
1790164596265,5912,0.0876,0.0025
1790164596316,5913,0.0801,0.0029
1790164596365,5914,0.1462,0.0789
1790164596416,5915,0.1843,0.1000
1790164596465,5916,0.1469,0.1387
1790164596515,5917,0.1110,0.0033
1790164596565,5918,0.1651,0.0806
1790164596615,5919,0.0822,0.0029
1790164596665,5920,0.1114,0.0024
1790164596715,5921,0.0801,0.0025
1790164596766,5922,0.0746,0.0022
1790164596815,5923,0.0697,0.0021
1790164596865,5924,0.1213,0.0034
1790164596915,5925,0.1324,0.0035
1790164596965,5926,0.1423,0.0038
1790164597015,5927,0.1455,0.0039
1790164597065,5928,0.1515,0.0044
1790164597115,5929,0.1472,0.0044
1790164597165,5930,0.2418,0.0809
1790164597215,5931,0.1178,0.0032
1790164597265,5932,0.1025,0.0031
1790164597315,5933,0.1046,0.0031
1790164597365,5934,0.0686,0.0022
1790164597415,5935,0.2089,0.0022
1790164597467,5936,0.1962,0.0999
1790164597515,5937,0.1300,0.0029
1790164597565,5938,0.1428,0.0035
1790164597615,5939,0.1421,0.0035
1790164597665,5940,0.1573,0.2757
1790164597715,5941,0.1029,0.0018
1790164597765,5942,0.0811,0.0014
1790164597815,5943,0.0843,0.0013
1790164597865,5944,0.1075,0.0035
1790164597915,5945,0.1115,0.0032
1790164597965,5946,0.1787,0.0780
1790164598015,5947,0.1170,0.0037
1790164598065,5948,0.3431,0.1448
1790164598115,5949,0.2271,0.0856
1790164598165,5950,0.1656,0.0040
1790164598215,5951,0.1383,0.0034
1790164598266,5952,0.1402,0.0037
1790164598315,5953,0.1383,0.2226
1790164598365,5954,0.1288,0.0030
1790164598415,5955,0.2703,0.1270
1790164598465,5956,0.1292,0.0891
1790164598515,5957,0.1301,0.0035
1790164598565,5958,0.2221,0.0805
1790164598615,5959,0.1339,0.0039
1790164598666,5960,0.1671,0.0040
1790164598715,5961,0.1299,0.0042
1790164598765,5962,0.1922,0.0609
1790164598815,5963,0.1378,0.0037
1790164598866,5964,0.1447,0.0037
1790164598915,5965,0.1313,0.0029
1790164598966,5966,0.1394,0.0037
1790164599015,5967,0.1361,0.0031
1790164599065,5968,0.1778,0.2824
1790164599115,5969,0.1444,0.0038
1790164599165,5970,0.1538,0.0038
1790164599216,5971,0.1304,0.0038
1790164599265,5972,0.2044,0.2695
1790164599315,5973,0.1660,0.0638
1790164599365,5974,0.2096,0.0865
1790164599415,5975,0.1318,0.0032
1790164599466,5976,0.2017,0.2751
1790164599515,5977,0.1357,0.2218
1790164599565,5978,0.1281,0.0029
1790164599615,5979,0.0945,0.0020
1790164599665,5980,0.1103,0.0024
1790164599715,5981,0.0732,0.0024
1790164599766,5982,0.0715,0.0022
1790164599816,5983,0.0783,0.0019
1790164599866,5984,0.0810,0.0020
1790164599916,5985,0.0793,0.0013
1790164599965,5986,0.1874,0.0777
1790164600016,5987,0.1200,0.0034
1790164600065,5988,0.1310,0.0063
1790164600115,5989,0.1465,0.0074
1790164600165,5990,0.2138,0.0647
1790164600215,5991,0.1178,0.0035
1790164600266,5992,0.0979,0.0026
1790164600315,5993,0.0843,0.0027
1790164600365,5994,0.0678,0.0025
1790164600415,5995,0.1754,0.1024
1790164600466,5996,0.0714,0.0762
1790164600515,5997,0.0667,0.0012
1790164600566,5998,0.0650,0.0014
1790164600615,5999,0.0636,0.0014
1790164600734,6000,69.5918,0.0035
1790164600734,6001,0.1272,0.0017
1790164600765,6002,0.2382,0.0869
1790164600815,6003,0.1498,0.0037
1790164600865,6004,0.1228,0.0035
1790164600915,6005,0.1414,0.0040
1790164600965,6006,0.1418,0.0044
1790164601016,6007,0.1565,0.0041
1790164601065,6008,0.1242,0.0073
1790164601116,6009,0.1372,0.0042
1790164601165,6010,0.1656,0.0040
1790164601215,6011,0.1212,0.0037
1790164601265,6012,0.0970,0.0058
1790164601316,6013,0.0935,0.0053
1790164601365,6014,0.1576,0.0753
1790164601415,6015,0.0979,0.0029
1790164601465,6016,0.1642,0.0044
1790164601515,6017,0.1458,0.0041
1790164601565,6018,0.2368,0.0850
1790164601615,6019,0.1419,0.0041
1790164601666,6020,0.1677,0.0038
1790164601715,6021,0.1198,0.0037
1790164601766,6022,0.1795,0.0053
1790164601815,6023,0.1781,0.0042
1790164601867,6024,0.1198,0.0037
1790164601915,6025,0.1200,0.0044
1790164601965,6026,0.1235,0.0039
1790164602015,6027,0.1915,0.0045
1790164602066,6028,0.1240,0.0037
1790164602115,6029,0.1910,0.0039
1790164602166,6030,0.2238,0.0792
1790164602215,6031,0.1223,0.0037
1790164602265,6032,0.1387,0.0037
1790164602315,6033,0.1144,0.0032
1790164602365,6034,0.0840,0.0028
1790164602415,6035,0.4485,0.3418
1790164602465,6036,0.2316,0.1002
1790164602515,6037,0.1340,0.0036
1790164602565,6038,0.1363,0.0038
1790164602615,6039,0.1898,0.0937
1790164602665,6040,0.1294,0.0026
1790164602715,6041,0.1310,0.0034
1790164602765,6042,0.1353,0.0034
1790164602815,6043,0.1285,0.2817
1790164602866,6044,0.1104,0.0022
1790164602915,6045,0.1211,0.0033
1790164602966,6046,0.1604,0.0758
1790164603016,6047,0.1284,0.0040
1790164603066,6048,0.2121,0.0792
1790164603115,6049,0.1392,0.0045
1790164603167,6050,0.1572,0.0039
1790164603216,6051,0.1316,0.0042
1790164603265,6052,0.1055,0.0034
1790164603316,6053,0.1104,0.0032
1790164603365,6054,0.0785,0.0021
1790164603415,6055,0.0878,0.0029
1790164603466,6056,0.0787,0.0028
1790164603516,6057,0.0699,0.0021
1790164603565,6058,0.0621,0.0016
1790164603615,6059,0.0702,0.0015
1790164603665,6060,0.0834,0.0014
1790164603715,6061,0.0708,0.0016
1790164603766,6062,0.1505,0.0666
1790164603816,6063,0.0688,0.0019
1790164603865,6064,0.1439,0.0762
1790164603916,6065,0.1254,0.0039
1790164603965,6066,0.1055,0.0033
1790164604017,6067,0.1329,0.0037
1790164604066,6068,0.1163,0.2180
1790164604116,6069,0.1551,0.0041
1790164604165,6070,0.1491,0.0042
1790164604215,6071,0.2206,0.0892
1790164604266,6072,0.1295,0.0035
1790164604315,6073,0.1317,0.0038
1790164604365,6074,0.1977,0.0741
1790164604416,6075,0.1893,0.2922
1790164604466,6076,0.2040,0.2245
1790164604516,6077,0.1410,0.0530
1790164604567,6078,0.0953,0.0025
1790164604615,6079,0.1378,0.0063
1790164604665,6080,0.1554,0.2532
1790164604715,6081,0.1115,0.2098
1790164604765,6082,0.0961,0.0026
1790164604815,6083,0.0859,0.0025
1790164604865,6084,0.1329,0.0044
1790164604915,6085,0.1206,0.0028
1790164604966,6086,0.0800,0.0028
1790164605015,6087,0.0895,0.0033
1790164605065,6088,0.1150,0.0037
1790164605115,6089,0.1336,0.0046
1790164605166,6090,0.2063,0.0652
1790164605216,6091,0.1112,0.0033
1790164605265,6092,0.1133,0.0031
1790164605315,6093,0.0984,0.0028
1790164605366,6094,0.0800,0.0020
1790164605416,6095,0.0877,0.0024
1790164605466,6096,0.0862,0.0026
1790164605515,6097,0.0729,0.0030
1790164605566,6098,0.1260,0.0037
1790164605617,6099,0.1200,0.0037
1790164605665,6100,0.1165,0.0024
1790164605716,6101,0.0765,0.0026
1790164605765,6102,0.0802,0.0026
1790164605815,6103,0.0732,0.0023
1790164605865,6104,0.0676,0.0051
1790164605915,6105,0.1107,0.0033
1790164605965,6106,0.0781,0.0025
1790164606015,6107,0.1218,0.0037
1790164606065,6108,0.1385,0.0042
1790164606115,6109,0.1880,0.0077
1790164606165,6110,0.1524,0.0043
1790164606216,6111,0.1355,0.0064
1790164606266,6112,0.1008,0.0034
1790164606316,6113,0.0982,0.0036
1790164606366,6114,0.1688,0.0868
1790164606415,6115,0.1893,0.1149
1790164606465,6116,0.1248,0.0719
1790164606515,6117,0.1230,0.0060
1790164606565,6118,0.1748,0.0923
1790164606615,6119,0.0713,0.0021
1790164606665,6120,0.0965,0.0021
1790164606715,6121,0.0709,0.0024
1790164606765,6122,0.0747,0.0026
1790164606815,6123,0.0831,0.0024
1790164606865,6124,0.1493,0.0763
1790164606916,6125,0.1383,0.0040
1790164606965,6126,0.1272,0.0033
1790164607015,6127,0.1146,0.0036
1790164607065,6128,0.1278,0.0037
1790164607115,6129,0.1410,0.0040
1790164607165,6130,0.2225,0.0738
1790164607215,6131,0.1299,0.0035
1790164607265,6132,0.1840,0.0763
1790164607316,6133,0.1288,0.0037
1790164607365,6134,0.3399,0.0040
1790164607415,6135,0.3663,0.0032
1790164607465,6136,0.1217,0.2145
1790164607515,6137,0.2312,0.0032
1790164607566,6138,0.1035,0.0029
1790164607615,6139,0.1042,0.0033
1790164607665,6140,0.1659,0.0040
1790164607716,6141,0.1338,0.0036
1790164607765,6142,0.2189,0.0947
1790164607815,6143,0.1296,0.0032
1790164607865,6144,0.1422,0.0036
1790164607916,6145,0.1462,0.0034
1790164607965,6146,0.1848,0.3200
1790164608015,6147,0.1339,0.0031
1790164608066,6148,0.1978,0.0582
1790164608115,6149,0.1394,0.0041
1790164608165,6150,0.1603,0.0039
1790164608215,6151,0.2316,0.3187
1790164608265,6152,0.1121,0.0585
1790164608315,6153,0.0995,0.0025
1790164608367,6154,0.0889,0.0027
1790164608415,6155,0.0841,0.0046
1790164608465,6156,0.1135,0.0024
1790164608515,6157,0.0829,0.0028
1790164608565,6158,0.1511,0.0814
1790164608616,6159,0.1267,0.0040
1790164608666,6160,0.1446,0.0035
1790164608715,6161,0.0924,0.0025
1790164608766,6162,0.1316,0.0640
1790164608815,6163,0.0720,0.0024
1790164608865,6164,0.0856,0.0048
1790164608916,6165,0.0717,0.0020
1790164608966,6166,0.1205,0.0039
1790164609015,6167,0.1262,0.0034
1790164609066,6168,0.3871,0.0037
1790164609115,6169,0.1666,0.0045
1790164609166,6170,0.1685,0.0041
1790164609215,6171,0.1074,0.0030
1790164609265,6172,0.1302,0.0065
1790164609315,6173,0.0956,0.0030
1790164609366,6174,0.1658,0.0795
1790164609415,6175,0.0948,0.0032
1790164609466,6176,0.1637,0.0659
1790164609515,6177,0.1012,0.0032
1790164609565,6178,0.1231,0.2100
1790164609615,6179,0.1314,0.0626
1790164609665,6180,0.1265,0.0027
1790164609715,6181,0.1091,0.0031
1790164609765,6182,0.1180,0.0054
1790164609816,6183,0.1004,0.2012
1790164609865,6184,0.0881,0.0025
1790164609915,6185,0.0944,0.0018
1790164609966,6186,0.1898,0.0771
1790164610016,6187,0.2141,0.1044
1790164610065,6188,0.1296,0.0749
1790164610115,6189,0.1390,0.0044
1790164610165,6190,0.2423,0.0938
1790164610215,6191,0.1361,0.0083
1790164610265,6192,0.2019,0.0822
1790164610315,6193,0.1417,0.0040
1790164610366,6194,0.1666,0.0039
1790164610415,6195,0.1465,0.0033
1790164610465,6196,0.1263,0.2187
1790164610515,6197,0.1008,0.0024
1790164610565,6198,0.0982,0.0027
1790164610616,6199,0.0826,0.0028
1790164610665,6200,0.1052,0.0024
1790164610716,6201,0.1491,0.0047
1790164610765,6202,0.2048,0.0863
1790164610816,6203,0.0934,0.0022
1790164610866,6204,0.0920,0.0021
1790164610915,6205,0.2167,0.0827
1790164610965,6206,0.1322,0.0032
1790164611017,6207,0.1382,0.0039
1790164611065,6208,0.1361,0.0036
1790164611115,6209,0.1353,0.2155
1790164611165,6210,0.1570,0.0042
1790164611215,6211,0.0983,0.0028
1790164611265,6212,0.0782,0.0029
1790164611315,6213,0.1042,0.0037
1790164611365,6214,0.1571,0.0836
1790164611415,6215,0.1046,0.0031
1790164611465,6216,0.0903,0.0025
1790164611515,6217,0.0722,0.0025
1790164611565,6218,0.1456,0.0790
1790164611615,6219,0.0748,0.0052
1790164611666,6220,0.1779,0.0047
1790164611715,6221,0.1340,0.0042
1790164611765,6222,0.0997,0.0032
1790164611815,6223,0.1944,0.1035
1790164611866,6224,0.0895,0.0977
1790164611915,6225,0.0886,0.0018
1790164611965,6226,0.1172,0.0035
1790164612015,6227,0.1069,0.0066
1790164612065,6228,0.1169,0.0039
1790164612115,6229,0.1380,0.0041
1790164612166,6230,0.2324,0.0817
1790164612216,6231,0.1632,0.0042
1790164612266,6232,0.1553,0.0068
1790164612316,6233,0.1511,0.0044
1790164612365,6234,0.0895,0.0028
1790164612415,6235,0.0896,0.0054
1790164612466,6236,0.1515,0.0040
1790164612516,6237,0.2067,0.0029
1790164612565,6238,0.0839,0.0025
1790164612615,6239,0.0675,0.0022
1790164612665,6240,0.0905,0.0022
1790164612715,6241,0.0732,0.0019
1790164612765,6242,0.0649,0.0024
1790164612815,6243,0.0769,0.0027
1790164612865,6244,0.0909,0.0018
1790164612916,6245,0.1815,0.0940
1790164612965,6246,0.1391,0.0035
1790164613016,6247,0.1421,0.0034
1790164613065,6248,0.2066,0.0701
1790164613116,6249,0.1365,0.2565
1790164613165,6250,0.1735,0.0045
1790164613215,6251,0.1155,0.0037
1790164613265,6252,0.0797,0.0029
1790164613316,6253,0.1176,0.0032
1790164613365,6254,0.0853,0.0028
1790164613416,6255,0.0899,0.0025
1790164613466,6256,0.0903,0.0025
1790164613515,6257,0.0812,0.0028
1790164613565,6258,0.1607,0.0830
1790164613615,6259,0.1752,0.0984
1790164613666,6260,0.0974,0.0849
1790164613715,6261,0.0594,0.0012
1790164613766,6262,0.1958,0.0740
1790164613816,6263,0.1056,0.0064
1790164613865,6264,0.0900,0.0030
1790164613916,6265,0.0960,0.0031
1790164613966,6266,0.1216,0.0038
1790164614015,6267,0.1398,0.0043
1790164614065,6268,0.1008,0.0035
1790164614116,6269,0.1648,0.0041
1790164614165,6270,0.1413,0.0040
1790164614215,6271,0.1258,0.0039
1790164614266,6272,0.1075,0.0035
1790164614315,6273,0.0916,0.0032
1790164614365,6274,0.1781,0.0812
1790164614415,6275,0.1125,0.0065
1790164614465,6276,0.1743,0.0636
1790164614515,6277,0.1756,0.0820
1790164614565,6278,0.1083,0.0033
1790164614616,6279,0.1126,0.0026
1790164614665,6280,0.1260,0.0032
1790164614716,6281,0.1280,0.2170
1790164614765,6282,0.1942,0.0802
1790164614816,6283,0.1730,0.0042
1790164614865,6284,0.1287,0.0033
1790164614915,6285,0.1524,0.0065
1790164614965,6286,0.1386,0.2187
1790164615016,6287,0.1177,0.0034
1790164615066,6288,0.1129,0.0033
1790164615115,6289,0.1454,0.0043
1790164615166,6290,0.2453,0.0667
1790164615216,6291,0.1456,0.0047
1790164615265,6292,0.2007,0.0839
1790164615316,6293,0.1263,0.0035
1790164615366,6294,0.1299,0.0038
1790164615415,6295,0.3689,0.2519
1790164615465,6296,0.1136,0.2813
1790164615515,6297,0.1303,0.0044
1790164615565,6298,0.1378,0.0041
1790164615616,6299,0.1724,0.0082
1790164615665,6300,0.1145,0.0022
1790164615715,6301,0.0902,0.0028
1790164615766,6302,0.0695,0.0025
1790164615815,6303,0.0662,0.0022
1790164615865,6304,0.0695,0.0019
1790164615915,6305,0.0741,0.0020
1790164615965,6306,0.1115,0.0036
1790164616015,6307,0.1892,0.0866
1790164616065,6308,0.1181,0.0037
1790164616116,6309,0.1287,0.0038
1790164616165,6310,0.1542,0.0036
1790164616215,6311,0.1279,0.2197
1790164616266,6312,0.1457,0.0035
1790164616315,6313,0.1019,0.0031
1790164616365,6314,0.1808,0.0752
1790164616415,6315,0.1204,0.0057
1790164616466,6316,0.1432,0.0036
1790164616516,6317,0.1027,0.0057
1790164616565,6318,0.1682,0.0804
1790164616615,6319,0.0795,0.0020
1790164616665,6320,0.1757,0.0793
1790164616716,6321,0.0738,0.0016
1790164616766,6322,0.0951,0.0050
1790164616816,6323,0.1262,0.0036
1790164616865,6324,0.0927,0.2055
1790164616916,6325,0.1013,0.0022
1790164616965,6326,0.1072,0.0033
1790164617015,6327,0.1308,0.0046
1790164617065,6328,0.1352,0.0041
1790164617116,6329,0.1364,0.0043
1790164617165,6330,0.2218,0.0806
1790164617215,6331,0.1951,0.0984
1790164617265,6332,0.1294,0.0967
1790164617316,6333,0.1639,0.0720
1790164617365,6334,0.1087,0.0026
1790164617416,6335,0.1271,0.0061
1790164617465,6336,0.1094,0.0031
1790164617515,6337,0.1893,0.2104
1790164617565,6338,0.2502,0.0037
1790164617615,6339,0.1116,0.0032
1790164617666,6340,0.1059,0.0026
1790164617715,6341,0.1083,0.0031
1790164617765,6342,0.1173,0.0036
1790164617815,6343,0.1006,0.0032
1790164617866,6344,0.0883,0.0029
1790164617915,6345,0.4348,0.0031
1790164617965,6346,0.1737,0.0866
1790164618016,6347,0.1279,0.0069
1790164618065,6348,0.2899,0.1591
1790164618116,6349,0.1373,0.0038
1790164618166,6350,0.1625,0.0031
1790164618217,6351,0.1485,0.0054
1790164618265,6352,0.1426,0.2865
1790164618315,6353,0.1523,0.0045
1790164618365,6354,0.0874,0.0031
1790164618416,6355,0.1041,0.0027
1790164618465,6356,0.0845,0.0025
1790164618516,6357,0.0813,0.0029
1790164618566,6358,0.1637,0.0809
1790164618615,6359,0.1104,0.0024
1790164618665,6360,0.1168,0.0059
1790164618715,6361,0.0740,0.0020
1790164618765,6362,0.1275,0.0596
1790164618815,6363,0.0945,0.0021
1790164618866,6364,0.0766,0.0022
1790164618915,6365,0.0671,0.0019
1790164618966,6366,0.0841,0.0022
1790164619015,6367,0.2301,0.1128
1790164619065,6368,0.1395,0.0728
1790164619115,6369,0.1335,0.0040
1790164619165,6370,0.1688,0.0039
1790164619215,6371,0.1594,0.0070
1790164619265,6372,0.1428,0.0044
1790164619315,6373,0.1101,0.0065
1790164619365,6374,0.1603,0.0787
1790164619415,6375,0.0961,0.0028
1790164619465,6376,0.1492,0.0618
1790164619516,6377,0.0787,0.0023
1790164619565,6378,0.1040,0.0033
1790164619615,6379,0.0888,0.0030
1790164619665,6380,0.1650,0.0778
1790164619716,6381,0.0962,0.0029
1790164619765,6382,0.1769,0.0035
1790164619815,6383,0.1280,0.0039
1790164619866,6384,0.1371,0.2050
1790164619915,6385,0.1665,0.0652
1790164619965,6386,0.2606,0.1013
1790164620016,6387,0.1438,0.0073
1790164620066,6388,0.1461,0.0059
1790164620115,6389,0.1480,0.2094
1790164620166,6390,0.1928,0.0605
1790164620215,6391,0.0996,0.0030
1790164620266,6392,0.0888,0.0021
1790164620315,6393,0.1371,0.0041
1790164620365,6394,0.1355,0.0038
1790164620415,6395,0.1161,0.0031
1790164620466,6396,0.1167,0.0033
1790164620515,6397,0.0929,0.0028
1790164620566,6398,0.1303,0.0037
1790164620615,6399,0.0954,0.0029
1790164620665,6400,0.1189,0.0029
1790164620715,6401,0.1373,0.0031
1790164620766,6402,0.2015,0.0856
1790164620815,6403,0.2275,0.1054
1790164620865,6404,0.1125,0.0677
1790164620915,6405,0.0970,0.0027
1790164620965,6406,0.0870,0.0029
1790164621015,6407,0.0805,0.0051
1790164621066,6408,0.0933,0.0026
1790164621115,6409,0.1177,0.0034
1790164621165,6410,0.1432,0.0055
1790164621215,6411,0.1290,0.0039
1790164621266,6412,0.1237,0.0038
1790164621315,6413,0.1433,0.0040
1790164621366,6414,0.1751,0.0835
1790164621415,6415,0.0906,0.0029
1790164621466,6416,0.1314,0.0040
1790164621516,6417,0.0888,0.0026
1790164621565,6418,0.1718,0.0766
1790164621616,6419,0.0780,0.0026
1790164621665,6420,0.1025,0.0058
1790164621715,6421,0.0778,0.0018
1790164621765,6422,0.1394,0.0047
1790164621815,6423,0.1391,0.0073
1790164621865,6424,0.1046,0.0037
1790164621915,6425,0.1468,0.0075
1790164621965,6426,0.0947,0.0027
1790164622015,6427,0.1692,0.0041
1790164622065,6428,0.1136,0.0039
1790164622116,6429,0.1365,0.0041
1790164622166,6430,0.2193,0.0818
1790164622216,6431,0.1129,0.0035
1790164622266,6432,0.1327,0.0041
1790164622315,6433,0.1022,0.0036
1790164622365,6434,0.1293,0.0042
1790164622415,6435,0.1337,0.0039
1790164622466,6436,0.1406,0.0043
1790164622515,6437,0.0993,0.0031
1790164622565,6438,0.0862,0.0027
1790164622616,6439,0.3732,0.1009
1790164622665,6440,0.1215,0.0980
1790164622716,6441,0.0831,0.0018
1790164622765,6442,0.0675,0.0013
1790164622816,6443,0.0746,0.0042
1790164622865,6444,0.1356,0.0042
1790164622916,6445,0.1269,0.0031
1790164622965,6446,0.1845,0.0860
1790164623015,6447,0.1090,0.0035
1790164623065,6448,0.2739,0.1477
1790164623116,6449,0.1620,0.0039
1790164623165,6450,0.1614,0.0040
1790164623215,6451,0.2139,0.0865
1790164623265,6452,0.1951,0.2787
1790164623316,6453,0.1227,0.0022
1790164623366,6454,0.1344,0.0034
1790164623415,6455,0.1738,0.2486
1790164623465,6456,0.1150,0.1958
1790164623516,6457,0.0903,0.0023
1790164623565,6458,0.0903,0.0021
1790164623615,6459,0.0913,0.0049
1790164623666,6460,0.0988,0.0021
1790164623715,6461,0.1532,0.0749
1790164623765,6462,0.1331,0.0583
1790164623815,6463,0.1285,0.0040
1790164623866,6464,0.1207,0.0025
1790164623915,6465,0.0893,0.2041
1790164623965,6466,0.0757,0.0022
1790164624015,6467,0.1905,0.0872
1790164624065,6468,0.1342,0.0038
1790164624116,6469,0.1297,0.0034
1790164624166,6470,0.1360,0.0034
1790164624215,6471,0.1142,0.2078
1790164624266,6472,0.1318,0.0041
1790164624315,6473,0.1273,0.0037
1790164624365,6474,0.2000,0.0868
1790164624416,6475,0.2039,0.1061
1790164624465,6476,0.1516,0.1490
1790164624515,6477,0.0949,0.0022
1790164624565,6478,0.0911,0.0016
1790164624615,6479,0.0810,0.0046
1790164624666,6480,0.1095,0.0026
1790164624715,6481,0.0746,0.0022
1790164624765,6482,0.0684,0.0016
1790164624815,6483,0.1508,0.0763
1790164624865,6484,0.0825,0.0021
1790164624915,6485,0.0966,0.0027
1790164624965,6486,0.1464,0.0728
1790164625015,6487,0.0678,0.2021
1790164625065,6488,0.2855,0.0865
1790164625115,6489,0.1444,0.0041
1790164625165,6490,0.1975,0.0658
1790164625215,6491,0.1206,0.0066
1790164625266,6492,0.1389,0.2180
1790164625316,6493,0.1236,0.0032
1790164625366,6494,0.0900,0.0027
1790164625415,6495,0.1703,0.0496
1790164625465,6496,0.0910,0.0022
1790164625516,6497,0.1031,0.0033
1790164625565,6498,0.0921,0.0029
1790164625615,6499,0.0845,0.0030
1790164625665,6500,0.1013,0.0024
1790164625715,6501,0.0831,0.0057
1790164625765,6502,0.1387,0.0779
1790164625816,6503,0.0650,0.0017
1790164625865,6504,0.0714,0.0024
1790164625916,6505,0.1301,0.0038
1790164625965,6506,0.1148,0.0032
1790164626015,6507,0.3906,0.3102
1790164626066,6508,0.1087,0.0771
1790164626115,6509,0.1495,0.0044
1790164626166,6510,0.2063,0.0047
1790164626215,6511,0.1147,0.0036
1790164626265,6512,0.1039,0.0032
1790164626315,6513,0.1000,0.0030
1790164626365,6514,0.1460,0.0809
1790164626416,6515,0.1247,0.0069
1790164626465,6516,0.1019,0.0030
1790164626515,6517,0.1109,0.0032
1790164626565,6518,0.2003,0.0754
1790164626615,6519,0.0981,0.0033
1790164626666,6520,0.1258,0.0030
1790164626715,6521,0.0778,0.0028
1790164626765,6522,0.0641,0.0022
1790164626815,6523,0.0783,0.0076
1790164626865,6524,0.1205,0.0037
1790164626915,6525,0.1155,0.0030
1790164626965,6526,0.0818,0.0028
1790164627015,6527,0.0774,0.0027
1790164627066,6528,0.1890,0.0071
1790164627115,6529,0.1853,0.0044
1790164627165,6530,0.2388,0.0771
1790164627215,6531,0.1310,0.0034
1790164627265,6532,0.1411,0.0038
1790164627315,6533,0.1221,0.0039
1790164627366,6534,0.0962,0.0029
1790164627415,6535,0.1012,0.0034
1790164627466,6536,0.0868,0.0022
1790164627515,6537,0.0865,0.0032
1790164627565,6538,0.0790,0.0025
1790164627615,6539,0.1805,0.1146
1790164627665,6540,0.2062,0.0737
1790164627716,6541,0.1004,0.0026
1790164627766,6542,0.0739,0.0021
1790164627815,6543,0.0691,0.0025
1790164627865,6544,0.0698,0.0021
1790164627915,6545,0.0700,0.0016
1790164627965,6546,0.1403,0.0788
1790164628015,6547,0.0639,0.0048
1790164628066,6548,0.2125,0.0690
1790164628115,6549,0.1393,0.0043
1790164628165,6550,0.1490,0.0040
1790164628216,6551,0.1075,0.0033
1790164628265,6552,0.1294,0.0042
1790164628315,6553,0.1318,0.0042
1790164628366,6554,0.2298,0.1070
1790164628415,6555,0.1777,0.0027
1790164628465,6556,0.1338,0.0034
1790164628515,6557,0.1276,0.0035
1790164628565,6558,0.1855,0.3234
1790164628615,6559,0.1093,0.0024
1790164628665,6560,0.0995,0.0017
1790164628716,6561,0.0766,0.0019
1790164628766,6562,0.1323,0.0580
1790164628815,6563,0.0673,0.0016
1790164628865,6564,0.0647,0.0015
1790164628916,6565,0.1152,0.0034
1790164628965,6566,0.1291,0.0042
1790164629015,6567,0.1034,0.0033
1790164629065,6568,0.1009,0.0032
1790164629115,6569,0.1347,0.0043
1790164629165,6570,0.1395,0.0040
1790164629215,6571,0.2352,0.1065
1790164629265,6572,0.1031,0.0889
1790164629315,6573,0.0828,0.0015
1790164629365,6574,0.0746,0.0019
1790164629415,6575,0.0770,0.0017
1790164629465,6576,0.2601,0.1334
1790164629515,6577,0.1177,0.0032
1790164629565,6578,0.1296,0.0030
1790164629615,6579,0.1308,0.0066
1790164629666,6580,0.1210,0.2211
1790164629716,6581,0.0990,0.0025
1790164629765,6582,0.0726,0.0017
1790164629815,6583,0.0797,0.0022
1790164629866,6584,0.0851,0.0027
1790164629915,6585,0.1299,0.0038
1790164629965,6586,0.2160,0.0905
1790164630016,6587,0.1783,0.0038
1790164630065,6588,0.1349,0.0039
1790164630116,6589,0.2196,0.0894
1790164630166,6590,0.2042,0.2742
1790164630216,6591,0.2161,0.0872
1790164630266,6592,0.1409,0.0040
1790164630316,6593,0.1357,0.2111
1790164630366,6594,0.1334,0.0066
1790164630415,6595,0.1050,0.2075
1790164630466,6596,0.1101,0.0029
1790164630516,6597,0.0880,0.0024
1790164630566,6598,0.0985,0.0032
1790164630615,6599,0.0956,0.0031
1790164630666,6600,0.0927,0.0028
1790164630715,6601,0.1016,0.0030
1790164630765,6602,0.0790,0.0021
1790164630816,6603,0.1866,0.1108
1790164630866,6604,0.0797,0.0825
1790164630915,6605,0.0724,0.0018
1790164630965,6606,0.0667,0.0019
1790164631016,6607,0.0610,0.0018
1790164631065,6608,0.1234,0.0048
1790164631116,6609,0.1311,0.0044
1790164631165,6610,0.1478,0.0047
1790164631215,6611,0.1086,0.0062
1790164631265,6612,0.1877,0.0832
1790164631315,6613,0.1209,0.0035
1790164631365,6614,0.1911,0.0782
1790164631415,6615,0.1525,0.0029
1790164631465,6616,0.1174,0.3041
1790164631515,6617,0.1117,0.0032
1790164631565,6618,0.1917,0.0768
1790164631615,6619,0.0849,0.0026
1790164631666,6620,0.1055,0.0028
1790164631715,6621,0.0883,0.0023
1790164631765,6622,0.0739,0.0025
1790164631815,6623,0.0809,0.0023
1790164631865,6624,0.1274,0.0044
1790164631915,6625,0.1362,0.0038
1790164631965,6626,0.1300,0.0073
1790164632016,6627,0.2088,0.0883
1790164632065,6628,0.1241,0.0031
1790164632116,6629,0.1363,0.0066
1790164632165,6630,0.2163,0.0755
1790164632215,6631,0.1382,0.2287
1790164632265,6632,0.1027,0.0028
1790164632315,6633,0.0837,0.0019
1790164632365,6634,0.0658,0.0026
1790164632416,6635,0.1688,0.0976
1790164632465,6636,0.0976,0.0902
1790164632516,6637,0.1140,0.0032
1790164632565,6638,0.1068,0.0035
1790164632615,6639,0.0947,0.0032
1790164632665,6640,0.2073,0.0026
1790164632715,6641,0.0662,0.0027
1790164632766,6642,0.1078,0.0037
1790164632815,6643,0.0809,0.0054
1790164632865,6644,0.0661,0.0022
1790164632915,6645,0.1890,0.0048
1790164632966,6646,0.2137,0.0910
1790164633017,6647,0.0991,0.0035
1790164633065,6648,0.1708,0.0632
1790164633115,6649,0.1456,0.0053
1790164633165,6650,0.1488,0.0041
1790164633215,6651,0.1273,0.0044
1790164633266,6652,0.1146,0.0078
1790164633315,6653,0.1302,0.0039
1790164633366,6654,0.1124,0.0036
1790164633415,6655,0.0933,0.0030
1790164633466,6656,0.0901,0.0244
1790164633515,6657,0.2665,0.1433
1790164633565,6658,0.2070,0.0933
1790164633616,6659,0.1222,0.0030
1790164633665,6660,0.1964,0.0032
1790164633717,6661,0.1099,0.2229
1790164633765,6662,0.1445,0.0542
1790164633815,6663,0.0886,0.0021
1790164633865,6664,0.0845,0.0017
1790164633916,6665,0.0768,0.0016
1790164633965,6666,0.0603,0.0014
1790164634016,6667,0.1679,0.1009
1790164634066,6668,0.1437,0.0769
1790164634116,6669,0.1394,0.0047
1790164634165,6670,0.1505,0.0037
1790164634216,6671,0.0881,0.0027
1790164634265,6672,0.0913,0.0025
1790164634315,6673,0.1282,0.0039
1790164634365,6674,0.1832,0.0769
1790164634416,6675,0.0959,0.0050
1790164634465,6676,0.1456,0.0626
1790164634516,6677,0.0681,0.0019
1790164634566,6678,0.1248,0.0024
1790164634616,6679,0.0952,0.0028
1790164634665,6680,0.1086,0.0025
1790164634716,6681,0.0637,0.0021
1790164634765,6682,0.0671,0.0020
1790164634815,6683,0.0720,0.0019
1790164634866,6684,0.0765,0.0023
1790164634915,6685,0.0684,0.0019
1790164634965,6686,0.1334,0.0734
1790164635015,6687,0.1232,0.0037
1790164635065,6688,0.1248,0.0038
1790164635116,6689,0.2230,0.0884
1790164635166,6690,0.1913,0.0603
1790164635215,6691,0.1332,0.0031
1790164635266,6692,0.1373,0.0036
1790164635315,6693,0.1197,0.1912
1790164635366,6694,0.1459,0.0667
1790164635415,6695,0.0950,0.0021
1790164635466,6696,0.1381,0.0025
1790164635515,6697,0.1137,0.0230
1790164635566,6698,0.1178,0.1886
1790164635615,6699,0.2158,0.1018
1790164635665,6700,0.1174,0.0692
1790164635716,6701,0.0763,0.0022
1790164635765,6702,0.1349,0.0677
1790164635815,6703,0.0757,0.0023
1790164635866,6704,0.1996,0.0912
1790164635915,6705,0.0685,0.0019
1790164635966,6706,0.1252,0.0024
1790164636015,6707,0.1243,0.0060
1790164636066,6708,0.1091,0.1945
1790164636115,6709,0.1279,0.0035
1790164636165,6710,0.1367,0.0035
1790164636216,6711,0.1175,0.0034
1790164636266,6712,0.1037,0.0029
1790164636315,6713,0.1126,0.0030
1790164636365,6714,0.2009,0.0798
1790164636415,6715,0.1036,0.0020
1790164636465,6716,0.1105,0.0024
1790164636515,6717,0.1657,0.0843
1790164636565,6718,0.1937,0.0782
1790164636615,6719,0.1215,0.0027
1790164636666,6720,0.1430,0.0027
1790164636716,6721,0.1073,0.1903
1790164636766,6722,0.0887,0.0019
1790164636815,6723,0.0730,0.0014
1790164636865,6724,0.0829,0.0022
1790164636915,6725,0.0814,0.0019
1790164636965,6726,0.0697,0.0021
1790164637015,6727,0.0609,0.0014
1790164637065,6728,0.0796,0.0017
1790164637115,6729,0.1356,0.0077
1790164637166,6730,0.2108,0.0754
1790164637215,6731,0.2207,0.1077
1790164637265,6732,0.1566,0.1329
1790164637315,6733,0.1089,0.0023
1790164637366,6734,0.1193,0.0066
1790164637415,6735,0.0905,0.0023
1790164637466,6736,0.0747,0.0024
1790164637515,6737,0.0660,0.0033
1790164637565,6738,0.0704,0.0017
1790164637615,6739,0.0901,0.0064
1790164637666,6740,0.2043,0.0017
1790164637715,6741,0.0752,0.0023
1790164637766,6742,0.0727,0.0016
1790164637815,6743,0.0728,0.0019
1790164637865,6744,0.1154,0.0059
1790164637915,6745,0.0776,0.0025
1790164637965,6746,0.1511,0.0789
1790164638015,6747,0.0771,0.0021
1790164638066,6748,0.2026,0.0743
1790164638115,6749,0.1614,0.0038
1790164638165,6750,0.1373,0.0034
1790164638215,6751,0.1006,0.0029
1790164638265,6752,0.1301,0.0036
1790164638315,6753,0.1154,0.0034
1790164638365,6754,0.0908,0.0028
1790164638415,6755,0.1182,0.0034
1790164638465,6756,0.1365,0.0036
1790164638515,6757,0.1144,0.0065
1790164638565,6758,0.1652,0.0763
1790164638615,6759,0.1167,0.0104
1790164638665,6760,0.2221,0.0944
1790164638715,6761,0.3673,0.0025
1790164638765,6762,0.4479,0.3393
1790164638815,6763,0.4231,0.3080
1790164638865,6764,0.1264,0.2925
1790164638915,6765,0.0891,0.0015
1790164638965,6766,0.0815,0.0018
1790164639015,6767,0.1250,0.0035
1790164639065,6768,0.1269,0.0038
1790164639115,6769,0.1375,0.0037
1790164639165,6770,0.1538,0.0039
1790164639215,6771,0.1130,0.0070
1790164639265,6772,0.2070,0.0931
1790164639315,6773,0.1190,0.0029
1790164639366,6774,0.2044,0.0807
1790164639415,6775,0.1304,0.0027
1790164639465,6776,0.1494,0.2423
1790164639515,6777,0.0802,0.0014
1790164639566,6778,0.0819,0.0017
1790164639615,6779,0.1020,0.0025
1790164639665,6780,0.1193,0.0026
1790164639715,6781,0.0768,0.0024
1790164639766,6782,0.0837,0.0019
1790164639815,6783,0.0681,0.0017
1790164639865,6784,0.0732,0.0016
1790164639915,6785,0.0731,0.0020
1790164639965,6786,0.1394,0.0734
1790164640015,6787,0.1428,0.0821
1790164640066,6788,0.1084,0.0026
1790164640115,6789,0.1205,0.0032
1790164640165,6790,0.2287,0.0682
1790164640215,6791,0.0980,0.1896
1790164640265,6792,0.1943,0.0811
1790164640315,6793,0.1075,0.0028
1790164640365,6794,0.1260,0.0025
1790164640415,6795,0.2206,0.1016
1790164640466,6796,0.1088,0.2665
1790164640516,6797,0.1312,0.0524
1790164640565,6798,0.0751,0.0011
1790164640615,6799,0.1058,0.0022
1790164640666,6800,0.1347,0.0051
1790164640715,6801,0.0789,0.1466
1790164640765,6802,0.1899,0.0733
1790164640816,6803,0.0964,0.0063
1790164640865,6804,0.1449,0.0029
1790164640915,6805,0.0919,0.0021
1790164640965,6806,0.0807,0.0025
1790164641015,6807,0.0715,0.0019
1790164641065,6808,0.1146,0.0031
1790164641115,6809,0.1313,0.0037
1790164641166,6810,0.1376,0.0035
1790164641215,6811,0.0871,0.0030
1790164641266,6812,0.0910,0.0064
1790164641315,6813,0.1218,0.0032
1790164641365,6814,0.1968,0.0776
1790164641416,6815,0.0872,0.0021
1790164641465,6816,0.0896,0.0024
1790164641515,6817,0.0681,0.0022
1790164641566,6818,0.1424,0.0719
1790164641615,6819,0.0713,0.0018
1790164641665,6820,0.1548,0.0035
1790164641715,6821,0.0855,0.0020
1790164641765,6822,0.0791,0.0021
1790164641816,6823,0.1894,0.1207
1790164641865,6824,0.0747,0.0507
1790164641916,6825,0.1083,0.0023
1790164641965,6826,0.1400,0.0032
1790164642015,6827,0.1722,0.0077
1790164642065,6828,0.1316,0.0037
1790164642115,6829,0.1266,0.0037
1790164642166,6830,0.2124,0.0758
1790164642215,6831,0.0992,0.0028
1790164642265,6832,0.2055,0.0840
1790164642315,6833,0.1176,0.0033
1790164642365,6834,0.1334,0.0033
1790164642416,6835,0.1409,0.0066
1790164642465,6836,0.1187,0.1980
1790164642516,6837,0.1029,0.0041
1790164642566,6838,0.0942,0.0025
1790164642615,6839,0.0666,0.0016
1790164642665,6840,0.1326,0.0033
1790164642715,6841,0.2015,0.0026
1790164642767,6842,0.0777,0.0020
1790164642815,6843,0.0909,0.0024
1790164642866,6844,0.0812,0.0017
1790164642916,6845,0.1962,0.0786
1790164642966,6846,0.1935,0.0927
1790164643015,6847,0.1161,0.0028
1790164643065,6848,0.2262,0.0909
1790164643115,6849,0.1248,0.1923
1790164643165,6850,0.1485,0.0030
1790164643215,6851,0.2094,0.1122
1790164643265,6852,0.1138,0.0831
1790164643315,6853,0.1228,0.0030
1790164643365,6854,0.1119,0.0030
1790164643415,6855,0.1244,0.0034
1790164643465,6856,0.1539,0.0035
1790164643515,6857,0.0842,0.0019
1790164643565,6858,0.1520,0.0778
1790164643616,6859,0.0715,0.0021
1790164643666,6860,0.1394,0.0031
1790164643716,6861,0.0909,0.0029
1790164643765,6862,0.1369,0.0604
1790164643815,6863,0.1769,0.0921
1790164643866,6864,0.0957,0.0021
1790164643915,6865,0.1113,0.0027
1790164643965,6866,0.1222,0.0029
1790164644015,6867,0.1434,0.2258
1790164644066,6868,0.1097,0.0028
1790164644115,6869,0.1432,0.0037
1790164644165,6870,0.1349,0.0032
1790164644215,6871,0.0954,0.0026
1790164644265,6872,0.0886,0.0058
1790164644316,6873,0.1041,0.0030
1790164644365,6874,0.1988,0.0802
1790164644416,6875,0.1064,0.0027
1790164644466,6876,0.1552,0.0631
1790164644515,6877,0.0744,0.0021
1790164644565,6878,0.0839,0.0022
1790164644615,6879,0.1690,0.1021
1790164644666,6880,0.1310,0.0720
1790164644716,6881,0.0943,0.0027
1790164644765,6882,0.0783,0.0018
1790164644816,6883,0.0782,0.0026
1790164644865,6884,0.0776,0.0022
1790164644915,6885,0.0857,0.0046
1790164644965,6886,0.0802,0.0020
1790164645015,6887,0.0714,0.0018
1790164645065,6888,0.1305,0.0035
1790164645115,6889,0.1270,0.0038
1790164645165,6890,0.1965,0.0593
1790164645215,6891,0.1176,0.0064
1790164645265,6892,0.3118,0.0080
1790164645316,6893,0.1230,0.0036
1790164645365,6894,0.1140,0.0034
1790164645415,6895,0.2077,0.0798
1790164645465,6896,0.1255,0.0032
1790164645516,6897,0.1171,0.0029
1790164645566,6898,0.1949,0.0035
1790164645615,6899,0.0974,0.1980
1790164645666,6900,0.1678,0.0656
1790164645715,6901,0.1271,0.0034
1790164645766,6902,0.1245,0.0021
1790164645815,6903,0.1342,0.0063
1790164645865,6904,0.1500,0.1893
1790164645915,6905,0.0964,0.0018
1790164645966,6906,0.0839,0.0021
1790164646015,6907,0.1804,0.1017
1790164646066,6908,0.0961,0.0733
1790164646115,6909,0.1178,0.0033
1790164646165,6910,0.1823,0.0037
1790164646215,6911,0.0948,0.0021
1790164646265,6912,0.1424,0.0036
1790164646315,6913,0.0989,0.0027
1790164646366,6914,0.1743,0.0738
1790164646416,6915,0.1426,0.0036
1790164646465,6916,0.1347,0.0032
1790164646515,6917,0.1324,0.0039
1790164646566,6918,0.1673,0.0776
1790164646615,6919,0.1171,0.0061
1790164646666,6920,0.1433,0.0033
1790164646715,6921,0.1434,0.0034
1790164646766,6922,0.1045,0.0029
1790164646816,6923,0.0799,0.0024
1790164646867,6924,0.1272,0.0030
1790164646915,6925,0.0737,0.0023
1790164646965,6926,0.0744,0.0022
1790164647016,6927,0.0933,0.0028
1790164647066,6928,0.0999,0.0029
1790164647115,6929,0.1352,0.0041
1790164647165,6930,0.2518,0.0835
1790164647215,6931,0.1256,0.0058
1790164647265,6932,0.1643,0.0807
1790164647316,6933,0.1207,0.0032
1790164647366,6934,0.1237,0.0030
1790164647415,6935,0.2433,0.1031
1790164647465,6936,0.1469,0.2994
1790164647515,6937,0.0818,0.0022
1790164647566,6938,0.0794,0.0027
1790164647615,6939,0.0881,0.0025
1790164647666,6940,0.0917,0.0048
1790164647715,6941,0.2243,0.0031
1790164647765,6942,0.0973,0.0025
1790164647815,6943,0.0894,0.0025
1790164647866,6944,0.0942,0.0025
1790164647915,6945,0.0748,0.0019
1790164647965,6946,0.1328,0.0697
1790164648016,6947,0.1865,0.0885
1790164648065,6948,0.1657,0.0566
1790164648116,6949,0.1382,0.0035
1790164648165,6950,0.1452,0.0028
1790164648215,6951,0.1035,0.1897
1790164648265,6952,0.0731,0.0015
1790164648316,6953,0.1162,0.0028
1790164648365,6954,0.1195,0.0032
1790164648416,6955,0.1388,0.0032
1790164648465,6956,0.1222,0.0032
1790164648515,6957,0.1395,0.0038
1790164648566,6958,0.1288,0.0039
1790164648616,6959,0.1114,0.0027
1790164648666,6960,0.2049,0.0791
1790164648715,6961,0.1243,0.0027
1790164648765,6962,0.1853,0.0636
1790164648816,6963,0.2644,0.1466
1790164648865,6964,0.1074,0.2710
1790164648915,6965,0.0965,0.0020
1790164648966,6966,0.1475,0.0757
1790164649015,6967,0.1083,0.0027
1790164649066,6968,0.1223,0.0029
1790164649115,6969,0.1310,0.0033
1790164649165,6970,0.1473,0.2245
1790164649215,6971,0.0866,0.0013
1790164649266,6972,0.0714,0.0034
1790164649316,6973,0.1807,0.0778
1790164649366,6974,0.1988,0.0775
1790164649415,6975,0.1806,0.0074
1790164649465,6976,0.2037,0.0604
1790164649515,6977,0.1166,0.1960
1790164649565,6978,0.0953,0.0022
1790164649615,6979,0.0696,0.0020
1790164649665,6980,0.0789,0.0016
1790164649716,6981,0.0565,0.0012
1790164649765,6982,0.1156,0.0028
1790164649815,6983,0.0741,0.0026
1790164649865,6984,0.0713,0.0022
1790164649915,6985,0.0770,0.0026
1790164649965,6986,0.1400,0.0690
1790164650015,6987,0.0858,0.0055
1790164650066,6988,0.1017,0.0026
1790164650116,6989,0.1138,0.0027
1790164650165,6990,0.1709,0.0593
1790164650215,6991,0.2316,0.1175
1790164650266,6992,0.1132,0.0879
1790164650315,6993,0.1069,0.0020
1790164650365,6994,0.0950,0.0021
1790164650415,6995,0.1222,0.0032
1790164650466,6996,0.1271,0.0031
1790164650516,6997,0.0909,0.0029
1790164650565,6998,0.1725,0.0837
1790164650615,6999,0.0883,0.0026
1790164650665,7000,0.1247,0.0057
1790164650715,7001,0.1084,0.0030
1790164650765,7002,0.1666,0.2434
1790164650816,7003,0.1924,0.0829
1790164650866,7004,0.1203,0.0026
1790164650915,7005,0.1267,0.0026
1790164650965,7006,0.0983,0.0049
1790164651015,7007,0.0989,0.2017
1790164651065,7008,0.1104,0.0021
1790164651116,7009,0.1103,0.0033
1790164651165,7010,0.1433,0.0037
1790164651215,7011,0.1104,0.0034
1790164651266,7012,0.1106,0.0027
1790164651315,7013,0.1166,0.0066
1790164651366,7014,0.1699,0.0744
1790164651415,7015,0.1203,0.0034
1790164651466,7016,0.1212,0.0029
1790164651516,7017,0.0932,0.0027
1790164651565,7018,0.1686,0.0964
1790164651615,7019,0.1667,0.1030
1790164651666,7020,0.0863,0.1120
1790164651715,7021,0.0744,0.0019
1790164651766,7022,0.1122,0.0031
1790164651815,7023,0.1093,0.0030
1790164651866,7024,0.0810,0.0023
1790164651915,7025,0.0836,0.0024
1790164651966,7026,0.0964,0.0027
1790164652015,7027,0.1178,0.0028
1790164652066,7028,0.1267,0.0038
1790164652116,7029,0.1353,0.0036
1790164652166,7030,0.2174,0.0835
1790164652215,7031,0.0947,0.0065
1790164652265,7032,0.0913,0.0019
1790164652315,7033,0.0982,0.0028
1790164652366,7034,0.0982,0.0028
1790164652416,7035,0.1319,0.0034
1790164652466,7036,0.1318,0.0036
1790164652515,7037,0.1336,0.0035
1790164652565,7038,0.1222,0.0072
1790164652616,7039,0.0863,0.0022
1790164652666,7040,0.0846,0.0023
1790164652715,7041,0.1777,0.0020
1790164652766,7042,0.0674,0.0018
1790164652816,7043,0.0890,0.0057
1790164652866,7044,0.0791,0.0019
1790164652915,7045,0.0806,0.0020
1790164652966,7046,0.1363,0.0764
1790164653016,7047,0.1714,0.1067
1790164653066,7048,0.2261,0.1498
1790164653115,7049,0.1305,0.0036
1790164653165,7050,0.1395,0.0034
1790164653215,7051,0.0848,0.0023
1790164653265,7052,0.1301,0.0035
1790164653315,7053,0.1123,0.0034
1790164653365,7054,0.0836,0.0028
1790164653416,7055,0.1035,0.0026
1790164653465,7056,0.1370,0.0031
1790164653515,7057,0.0993,0.0027
1790164653565,7058,0.1664,0.0764
1790164653615,7059,0.1028,0.0064
1790164653666,7060,0.1298,0.0030
1790164653716,7061,0.0944,0.0023
1790164653765,7062,0.1530,0.0713
1790164653816,7063,0.0836,0.0026
1790164653866,7064,0.1230,0.0028
1790164653915,7065,0.0893,0.0027
1790164653965,7066,0.0773,0.0018
1790164654015,7067,0.1012,0.0029
1790164654065,7068,0.1019,0.0026
1790164654115,7069,0.2318,0.1043
1790164654165,7070,0.1420,0.0026
1790164654215,7071,0.1886,0.0026
1790164654265,7072,0.1285,0.0027
1790164654315,7073,0.1521,0.2400
1790164654365,7074,0.1107,0.0020
1790164654415,7075,0.1951,0.0966
1790164654465,7076,0.1940,0.1278
1790164654515,7077,0.1025,0.0026
1790164654565,7078,0.0852,0.0024
1790164654615,7079,0.0659,0.0022
1790164654665,7080,0.0839,0.0018
1790164654715,7081,0.0646,0.0018
1790164654766,7082,0.0693,0.0020
1790164654815,7083,0.0719,0.0017
1790164654866,7084,0.1319,0.0033
1790164654915,7085,0.0885,0.0026
1790164654966,7086,0.0696,0.0022
1790164655015,7087,0.0759,0.0049
1790164655065,7088,0.1648,0.0887
1790164655116,7089,0.1245,0.0034
1790164655165,7090,0.1934,0.0559
1790164655215,7091,0.1269,0.0028
1790164655265,7092,0.1843,0.2632
1790164655315,7093,0.1216,0.0028
1790164655365,7094,0.1209,0.0030
1790164655415,7095,0.1152,0.0030
1790164655466,7096,0.1252,0.2088
1790164655515,7097,0.1366,0.0030
1790164655566,7098,0.1166,0.0029
1790164655616,7099,0.0874,0.0023
1790164655665,7100,0.2082,0.1052
1790164655715,7101,0.1420,0.1152
1790164655765,7102,0.1173,0.0032
1790164655815,7103,0.1318,0.0032
1790164655866,7104,0.2458,0.0032
1790164655915,7105,0.1187,0.2295
1790164655966,7106,0.1517,0.0539
1790164656015,7107,0.1645,0.0697
1790164656065,7108,0.4936,0.0035
1790164656115,7109,0.1551,0.0057
1790164656165,7110,0.1363,0.2019
1790164656216,7111,0.1356,0.1830
1790164656265,7112,0.1061,0.0022
1790164656315,7113,0.1326,0.0037
1790164656366,7114,0.1728,0.0796
1790164656415,7115,0.1073,0.0049
1790164656465,7116,0.1026,0.0022
1790164656515,7117,0.1220,0.0032
1790164656566,7118,0.1788,0.0717
1790164656615,7119,0.0808,0.0027
1790164656665,7120,0.0886,0.0018
1790164656716,7121,0.0648,0.0016
1790164656765,7122,0.0581,0.0013
1790164656816,7123,0.0701,0.0022
1790164656865,7124,0.0743,0.0018
1790164656915,7125,0.2030,0.1067
1790164656966,7126,0.0780,0.0723
1790164657015,7127,0.0702,0.0021
1790164657065,7128,0.1291,0.0068
1790164657116,7129,0.1435,0.0034
1790164657165,7130,0.2013,0.0738
1790164657215,7131,0.1303,0.0036
1790164657265,7132,0.1282,0.0068
1790164657316,7133,0.1152,0.0031
1790164657365,7134,0.1149,0.0035
1790164657415,7135,0.1196,0.0026
1790164657466,7136,0.1303,0.0039
1790164657515,7137,0.1397,0.0033
1790164657566,7138,0.1284,0.0036
1790164657615,7139,0.0872,0.0023
1790164657666,7140,0.0932,0.0047
1790164657715,7141,0.1828,0.0040
1790164657766,7142,0.1014,0.0027
1790164657815,7143,0.0696,0.0022
1790164657866,7144,0.0949,0.0022
1790164657915,7145,0.1102,0.0028
1790164657966,7146,0.2176,0.0960
1790164658015,7147,0.0896,0.0049
1790164658066,7148,0.1777,0.0691
1790164658115,7149,0.1295,0.0036
1790164658166,7150,0.2511,0.1117
1790164658216,7151,0.0960,0.0846
1790164658266,7152,0.0818,0.0020
1790164658316,7153,0.0759,0.0024
1790164658366,7154,0.1233,0.0035
1790164658415,7155,0.1157,0.0033
1790164658466,7156,0.1272,0.0034
1790164658515,7157,0.1232,0.0032
1790164658566,7158,0.2287,0.0840
1790164658615,7159,0.1374,0.0037
1790164658665,7160,0.1573,0.0034
1790164658715,7161,0.1013,0.0030
1790164658766,7162,0.1339,0.0665
1790164658815,7163,0.1148,0.0494
1790164658865,7164,0.0801,0.0026
1790164658916,7165,0.1378,0.0053
1790164658966,7166,0.1176,0.0023
1790164659016,7167,0.0776,0.0017
1790164659065,7168,0.1046,0.0033
1790164659115,7169,0.1394,0.0037
1790164659165,7170,0.1237,0.0034
1790164659216,7171,0.1081,0.0026
1790164659265,7172,0.3130,0.2373
1790164659315,7173,0.1193,0.0030
1790164659365,7174,0.2672,0.0907
1790164659415,7175,0.4794,0.3434
1790164659466,7176,0.1898,0.4076
1790164659515,7177,0.1164,0.0021
1790164659566,7178,0.1313,0.0033
1790164659615,7179,0.1538,0.0036
1790164659666,7180,0.0949,0.0018
1790164659715,7181,0.0704,0.0020
1790164659767,7182,0.0885,0.0021
1790164659815,7183,0.0815,0.0027
1790164659866,7184,0.0678,0.0021
1790164659916,7185,0.1076,0.0025
1790164659965,7186,0.1712,0.0939
1790164660015,7187,0.0727,0.0023
1790164660065,7188,0.0987,0.0026
1790164660116,7189,0.1222,0.0037
1790164660166,7190,0.1817,0.0619
1790164660215,7191,0.1013,0.0030
1790164660265,7192,0.1347,0.0035
1790164660315,7193,0.1204,0.0032
1790164660365,7194,0.0939,0.0025
1790164660415,7195,0.1118,0.0032
1790164660465,7196,0.1045,0.0031
1790164660515,7197,0.1109,0.0032
1790164660565,7198,0.1122,0.0028
1790164660615,7199,0.0798,0.0023
1790164660666,7200,0.2414,0.1394
1790164660715,7201,0.0808,0.0791
1790164660766,7202,0.1283,0.0604
1790164660815,7203,0.0944,0.0023
1790164660865,7204,0.1556,0.0734
1790164660915,7205,0.1250,0.0024
1790164660966,7206,0.1141,0.0030
1790164661016,7207,0.1143,0.0021
1790164661065,7208,0.1080,0.1929
1790164661115,7209,0.2031,0.0849
1790164661165,7210,0.1437,0.0031
1790164661216,7211,0.1285,0.0035
1790164661265,7212,0.1274,0.0063
1790164661315,7213,0.1079,0.1998
1790164661365,7214,0.1572,0.0648
1790164661415,7215,0.1048,0.0046
1790164661465,7216,0.2344,0.0874
1790164661515,7217,0.1305,0.0034
1790164661565,7218,0.2039,0.0724
1790164661615,7219,0.1351,0.0034
1790164661666,7220,0.1508,0.2463
1790164661715,7221,0.0990,0.0023
1790164661766,7222,0.1048,0.0023
1790164661815,7223,0.0959,0.0028
1790164661865,7224,0.0967,0.0021
1790164661916,7225,0.2482,0.1169
1790164661965,7226,0.0896,0.0753
1790164662015,7227,0.0799,0.0018
1790164662066,7228,0.0947,0.0028
1790164662116,7229,0.2735,0.1092
1790164662165,7230,0.2253,0.0727
1790164662215,7231,0.1306,0.0034
1790164662265,7232,0.1443,0.0029
1790164662316,7233,0.1141,0.2316
1790164662366,7234,0.1286,0.0031
1790164662415,7235,0.1250,0.0031
1790164662465,7236,0.1064,0.0030
1790164662515,7237,0.0981,0.0032
1790164662566,7238,0.1096,0.0032
1790164662615,7239,0.1124,0.0035
1790164662665,7240,0.1428,0.0054
1790164662716,7241,0.1812,0.0023
1790164662765,7242,0.0645,0.0020
1790164662816,7243,0.0571,0.0014
1790164662866,7244,0.1072,0.0054
1790164662915,7245,0.0942,0.0025
1790164662965,7246,0.1675,0.0773
1790164663015,7247,0.0756,0.0022
1790164663066,7248,0.1578,0.0560
1790164663115,7249,0.1291,0.0070
1790164663165,7250,0.2481,0.1054
1790164663215,7251,0.1056,0.0893
1790164663266,7252,0.2017,0.0843
1790164663316,7253,0.1296,0.0034
1790164663366,7254,0.1220,0.0028
1790164663415,7255,0.1363,0.0029
1790164663466,7256,0.1370,0.1955
1790164663515,7257,0.1318,0.0030
1790164663565,7258,0.1955,0.0792
1790164663615,7259,0.0808,0.0022
1790164663665,7260,0.1575,0.0037
1790164663716,7261,0.1277,0.0038
1790164663765,7262,0.1910,0.0651
1790164663815,7263,0.1292,0.0032
1790164663865,7264,0.1026,0.0021
1790164663915,7265,0.0849,0.0043
1790164663966,7266,0.1085,0.0029
1790164664015,7267,0.1856,0.0822
1790164664066,7268,0.1300,0.0029
1790164664115,7269,0.1462,0.0068
1790164664165,7270,0.1399,0.0029
1790164664216,7271,0.1004,0.1985
1790164664265,7272,0.0948,0.0021
1790164664315,7273,0.1002,0.0018
1790164664365,7274,0.1454,0.0737
1790164664416,7275,0.2280,0.1118
1790164664466,7276,0.1819,0.0767
1790164664516,7277,0.1306,0.0022
1790164664566,7278,0.1896,0.0028
1790164664616,7279,0.1341,0.2824
1790164664665,7280,0.1013,0.0015
1790164664715,7281,0.0763,0.0017
1790164664765,7282,0.0673,0.0014
1790164664816,7283,0.0701,0.0014
1790164664865,7284,0.0656,0.0021
1790164664915,7285,0.0664,0.0016
1790164664965,7286,0.1519,0.0766
1790164665016,7287,0.0721,0.0020
1790164665066,7288,0.1008,0.0029
1790164665116,7289,0.1147,0.0033
1790164665166,7290,0.1812,0.0618
1790164665216,7291,0.0885,0.0021
1790164665265,7292,0.1017,0.0059
1790164665315,7293,0.0925,0.0028
1790164665365,7294,0.0699,0.0020
1790164665416,7295,0.1304,0.0034
1790164665465,7296,0.1090,0.0034
1790164665516,7297,0.1097,0.0030
1790164665565,7298,0.0916,0.0029
1790164665615,7299,0.1248,0.0036
1790164665665,7300,0.2308,0.1074
1790164665715,7301,0.0909,0.0995
1790164665765,7302,0.1349,0.0575
1790164665815,7303,0.0714,0.0012
1790164665865,7304,0.0875,0.0016
1790164665915,7305,0.0689,0.0018
1790164665965,7306,0.0663,0.0016
1790164666016,7307,0.2320,0.0889
1790164666066,7308,0.1105,0.0031
1790164666115,7309,0.1409,0.0037
1790164666166,7310,0.1383,0.0029
1790164666215,7311,0.1173,0.1903
1790164666265,7312,0.1550,0.0689
1790164666315,7313,0.1247,0.0034
1790164666366,7314,0.2024,0.0739
1790164666415,7315,0.1450,0.0053
1790164666466,7316,0.1234,0.1957
1790164666516,7317,0.0929,0.0020
1790164666565,7318,0.2100,0.0755
1790164666616,7319,0.1122,0.0031
1790164666665,7320,0.1423,0.0033
1790164666715,7321,0.1209,0.0035
1790164666765,7322,0.1306,0.0040
1790164666816,7323,0.1348,0.0039
1790164667171,7324,1.6802,0.0385
1790164667173,7325,1.8261,1.1293
1790164667174,7326,0.8706,0.0380
1790164667175,7327,0.8410,0.0181
1790164667176,7328,0.6967,0.0200
1790164667177,7329,0.5618,0.0190
1790164667181,7330,4.0114,2.3953
1790164667216,7331,1.3942,1.3760
1790164667267,7332,1.5633,0.0496
1790164667315,7333,1.2990,0.0722
1790164667365,7334,0.7325,0.0368
1790164667416,7335,0.7875,0.1064
1790164667466,7336,1.0376,0.0311
1790164667515,7337,0.7024,0.0308
1790164667566,7338,0.5399,0.0300
1790164667615,7339,0.5676,0.0473
1790164667665,7340,0.6156,0.0390
1790164667715,7341,0.5234,0.0319
1790164667766,7342,1.1275,0.0357
1790164667815,7343,0.5138,0.0337
1790164667868,7344,1.4751,0.7078
1790164667917,7345,0.8520,0.0302
1790164667967,7346,2.0661,1.3133
1790164668017,7347,1.3009,0.7128
1790164668066,7348,1.4125,1.7828
1790164668115,7349,0.6079,0.0383
1790164668166,7350,0.6264,0.0380
1790164668215,7351,0.6244,1.2761
1790164668265,7352,0.7116,0.0599
1790164668315,7353,0.4856,0.0356
1790164668365,7354,0.4559,0.0331
1790164668416,7355,0.4842,0.0480
1790164668465,7356,0.4919,0.0466
1790164668517,7357,1.0167,0.5940
1790164668566,7358,0.5310,0.0377
1790164668616,7359,0.5532,0.1632
1790164668665,7360,0.6384,0.0404
1790164668716,7361,0.3956,0.0541
1790164668766,7362,0.9949,1.5326
1790164668815,7363,0.5276,0.0370
1790164668865,7364,0.4178,0.0301
1790164668915,7365,0.5335,0.0430
1790164668966,7366,1.0129,0.0321
1790164669015,7367,0.4195,0.0342
1790164669066,7368,0.2969,0.0318
1790164669116,7369,1.3579,1.1561
1790164669165,7370,0.2974,0.5372
1790164669215,7371,0.3155,0.0600
1790164669266,7372,0.2652,0.0330
1790164669315,7373,0.2397,0.0308
1790164669365,7374,0.7911,0.5552
1790164669415,7375,0.2814,0.0513
1790164669465,7376,0.7557,0.4450
1790164669515,7377,0.2404,0.0285
1790164669566,7378,0.7111,0.4824
1790164669616,7379,0.2401,0.0322
1790164669665,7380,0.5071,0.0605
1790164669715,7381,0.3331,0.0371
1790164669765,7382,0.4950,0.1032
1790164669816,7383,0.3961,1.3263
1790164669865,7384,0.3285,0.0366
1790164669916,7385,0.2857,0.0276
1790164669965,7386,0.2213,0.0222
1790164670016,7387,0.2904,0.0348
1790164670065,7388,0.2803,0.0265
1790164670115,7389,0.3112,0.0427
1790164670165,7390,0.5878,0.3493
1790164670215,7391,0.7391,0.5091
1790164670265,7392,0.3718,0.5952
1790164670315,7393,0.2504,0.0270
1790164670366,7394,0.2200,0.0250
1790164670415,7395,0.2023,0.0186
1790164670465,7396,0.2182,0.0253
1790164670516,7397,0.1595,0.0260
1790164670565,7398,0.3361,0.0336
1790164670616,7399,0.2219,0.0281
1790164670666,7400,0.3515,0.0293
1790164670715,7401,0.2951,0.0253
1790164670765,7402,0.2001,0.0215
1790164670816,7403,0.2287,0.0266
1790164670865,7404,0.2140,0.0177
1790164670916,7405,0.1349,0.0136
1790164670965,7406,0.1543,0.0113
1790164671015,7407,0.1215,0.0106
1790164671065,7408,0.1741,0.0206
1790164671115,7409,0.2807,0.0492
1790164671166,7410,0.4255,0.1933
1790164671215,7411,0.2268,0.0239
1790164671265,7412,0.5221,0.2168
1790164671315,7413,0.4466,0.2348
1790164671365,7414,0.5193,1.2750
1790164671415,7415,0.4339,0.1846
1790164671466,7416,0.2753,0.5691
1790164671515,7417,0.2296,0.0243
1790164671565,7418,0.5308,0.3387
1790164671615,7419,0.1889,0.8707
1790164671665,7420,0.2704,0.0128
1790164671715,7421,0.2301,0.0210
1790164671765,7422,0.1562,0.0166
1790164671815,7423,0.2181,0.0228
1790164671866,7424,0.2816,0.0322
1790164671915,7425,0.1779,0.0161
1790164671966,7426,0.1246,0.0128
1790164672015,7427,0.2667,0.1677
1790164672065,7428,0.2122,0.0239
1790164672115,7429,0.2260,0.0217
1790164672166,7430,0.5774,0.2626
1790164672216,7431,0.2945,0.6373
1790164672265,7432,0.3896,0.0968
1790164672316,7433,0.2740,0.0296
1790164672365,7434,0.2677,0.0154
1790164672416,7435,0.5624,0.2718
1790164672466,7436,0.2626,0.4899
1790164672515,7437,0.2166,0.0119
1790164672566,7438,0.2637,0.0151
1790164672615,7439,0.2846,0.0158
1790164672665,7440,0.3824,0.0147
1790164672716,7441,0.1729,0.0115
1790164672765,7442,0.4237,0.0075
1790164672815,7443,0.1371,0.0084
1790164672865,7444,0.2544,0.0145
1790164672916,7445,0.2928,0.0149
1790164672966,7446,0.3957,0.2615
1790164673015,7447,0.1301,0.0072
1790164673065,7448,0.4459,0.2109
1790164673115,7449,0.2183,0.0141
1790164673165,7450,0.4831,0.0194
1790164673215,7451,0.3938,0.0444
1790164673265,7452,0.5680,0.0715
1790164673315,7453,0.1863,0.0089
1790164673365,7454,0.1144,0.0038
1790164673415,7455,0.2301,0.0089
1790164673466,7456,0.1483,0.0054
1790164673515,7457,0.4087,0.2506
1790164673565,7458,0.4425,0.6492
1790164673615,7459,0.1831,0.0056
1790164673666,7460,0.2622,0.0055
1790164673715,7461,0.1774,0.0055
1790164673765,7462,0.3709,0.2060
1790164673816,7463,0.1412,0.0054
1790164673865,7464,0.1658,0.0043
1790164673915,7465,0.1938,0.0058
1790164673965,7466,0.1465,0.0048
1790164674015,7467,0.0967,0.0080
1790164674065,7468,0.1502,0.0081
1790164674115,7469,0.1810,0.0058
1790164674165,7470,0.1731,0.0052
1790164674215,7471,0.1264,0.0049
1790164674266,7472,0.1631,0.0048
1790164674315,7473,0.1450,0.0054
1790164674365,7474,0.1094,0.0044
1790164674415,7475,0.3089,0.1463
1790164674465,7476,0.3042,0.1434
1790164674516,7477,0.1622,0.0049
1790164674566,7478,0.2133,0.0055
1790164674615,7479,0.3112,0.6342
1790164674665,7480,0.1922,0.3140
1790164674715,7481,0.1321,0.0039
1790164674765,7482,0.4970,0.3554
1790164674816,7483,0.1412,0.0043
1790164674866,7484,0.1442,0.0041
1790164674915,7485,0.1979,0.0056
1790164674965,7486,0.3937,1.0809
1790164675015,7487,0.1530,0.0059
1790164675065,7488,0.2250,0.0059
1790164675116,7489,0.1625,0.0054
1790164675166,7490,0.2635,0.6249
1790164675216,7491,0.1524,0.0040
1790164675266,7492,0.1672,0.0051
1790164675316,7493,0.1434,0.0047
1790164675365,7494,0.1207,0.0043
1790164675415,7495,0.1073,0.0039
1790164675466,7496,0.2153,0.0064
1790164675516,7497,0.1947,0.0105
1790164675566,7498,0.1600,0.0055
1790164675615,7499,0.1606,0.0064
1790164675666,7500,0.2315,0.0065
1790164675715,7501,0.3423,0.2336
1790164675765,7502,0.2840,0.3545
1790164675815,7503,0.1484,0.0046
1790164675866,7504,0.1744,0.0042
1790164675915,7505,0.1123,0.0041
1790164675965,7506,0.2224,0.0054
1790164676015,7507,0.1459,0.0052
1790164676066,7508,0.1456,0.0053
1790164676116,7509,0.1665,0.0064
1790164676165,7510,0.1748,0.0058
1790164676216,7511,0.1126,0.0044
1790164676265,7512,0.1533,0.0056
1790164676316,7513,0.2663,0.1435
1790164676365,7514,0.1481,0.0047
1790164676416,7515,0.1974,0.0265
1790164676465,7516,0.1620,0.0050
1790164676516,7517,0.1555,0.5844
1790164676566,7518,0.4741,0.3246
1790164676615,7519,0.1659,0.0209
1790164676666,7520,0.2946,0.0072
1790164676716,7521,0.1682,0.0063
1790164676765,7522,0.1800,0.8498
1790164676815,7523,0.3192,0.1444
1790164676865,7524,0.1792,0.2962
1790164676915,7525,0.1745,0.0065
1790164676966,7526,0.1929,0.0105
1790164677015,7527,0.1918,0.0068
1790164677067,7528,0.1794,0.0063
1790164677115,7529,0.1650,0.0056
1790164677166,7530,0.3699,0.1750
1790164677215,7531,0.1650,0.0059
1790164677265,7532,0.2189,0.0057
1790164677316,7533,0.1188,0.0048
1790164677365,7534,0.1364,0.0049
1790164677415,7535,0.1299,0.0039
1790164677465,7536,0.1296,0.0045
1790164677516,7537,0.1078,0.0043
1790164677566,7538,0.1583,0.0052
1790164677616,7539,0.2224,0.0052
1790164677665,7540,0.1415,0.0042
1790164677716,7541,0.0935,0.0067
1790164677766,7542,0.6186,0.0049
1790164677815,7543,0.1451,0.0056
1790164677866,7544,0.1277,0.0042
1790164677917,7545,0.2715,0.1442
1790164677965,7546,0.2590,0.4122
1790164678016,7547,0.1026,0.0040
1790164678066,7548,0.3555,0.1085
1790164678116,7549,0.1753,0.0064
1790164678166,7550,0.3004,0.0064
1790164678215,7551,0.1696,0.0054
1790164678266,7552,0.1796,0.0046
1790164678315,7553,0.1478,0.0084
1790164678365,7554,0.0931,0.0039
1790164678415,7555,0.1865,0.0058
1790164678465,7556,0.1807,0.0053
1790164678516,7557,0.2074,0.0063
1790164678566,7558,0.3394,0.1809
1790164678616,7559,0.1265,0.0053
1790164678665,7560,0.2180,0.0054
1790164678715,7561,0.1356,0.0047
1790164678765,7562,0.2199,0.1282
1790164678815,7563,0.1369,0.0066
1790164678865,7564,0.2010,0.0065
1790164678915,7565,0.3699,0.2108
1790164678966,7566,0.1499,0.3270
1790164679015,7567,0.1525,0.0038
1790164679066,7568,0.1370,0.0093
1790164679115,7569,0.1843,0.0314
1790164679165,7570,0.1921,0.0053
1790164679215,7571,0.1670,0.0062
1790164679265,7572,0.2624,0.1524
1790164679316,7573,0.1750,0.0052
1790164679365,7574,0.2835,0.1390
1790164679415,7575,0.1788,0.0052
1790164679465,7576,0.2482,0.4988
1790164679515,7577,0.1757,0.0057
1790164679565,7578,0.1888,0.0044
1790164679616,7579,0.1386,0.0044
1790164679666,7580,0.2089,0.0057
1790164679715,7581,0.1554,0.0058
1790164679765,7582,0.1915,0.0065
1790164679815,7583,0.1348,0.0047
1790164679866,7584,0.0885,0.0039
1790164679915,7585,0.3720,0.2660
1790164679966,7586,0.2742,0.1431
1790164680015,7587,0.2860,0.1182
1790164680065,7588,0.1992,0.0053
1790164680115,7589,0.1625,0.7628
1790164680165,7590,0.3269,0.1555
1790164680215,7591,0.1666,0.3836
1790164680265,7592,0.1720,0.0049
1790164680316,7593,0.2036,0.0068
1790164680365,7594,0.1254,0.0048
1790164680415,7595,0.1296,0.0046
1790164680466,7596,0.1254,0.0043
1790164680516,7597,0.0976,0.0043
1790164680565,7598,0.1564,0.0055
1790164680615,7599,0.1677,0.0065
1790164680665,7600,0.1805,0.0063
1790164680715,7601,0.1586,0.0052
1790164680765,7602,0.2859,0.1390
1790164680815,7603,0.6434,0.2750
1790164680865,7604,0.4463,0.0051
1790164680915,7605,0.2791,0.1561
1790164680965,7606,0.1493,0.1751
1790164681015,7607,0.1571,0.5890
1790164681065,7608,0.2040,0.0066
1790164681115,7609,0.2468,0.0061
1790164681166,7610,0.2126,0.0062
1790164681216,7611,0.1552,0.0066
1790164681266,7612,0.1807,0.0081
1790164681316,7613,0.2003,0.0085
1790164681366,7614,0.3938,0.2430
1790164681415,7615,0.1842,0.0054
1790164681466,7616,0.2915,0.1137
1790164681515,7617,0.1630,0.0057
1790164681565,7618,0.2917,0.6084
1790164681615,7619,0.1443,0.0057
1790164681666,7620,0.1899,0.3418
1790164681716,7621,0.1997,0.0822
1790164681765,7622,0.1527,0.0050
1790164681816,7623,0.1431,0.0048
1790164681865,7624,0.1439,0.0048
1790164681915,7625,0.2564,0.4048
1790164681965,7626,0.1559,0.2731
1790164682015,7627,0.1086,0.0046
1790164682066,7628,0.0974,0.0032
1790164682115,7629,0.1530,0.0057
1790164682165,7630,0.3589,0.1685
1790164682215,7631,0.1763,0.0064
1790164682265,7632,0.2055,0.0055
1790164682315,7633,0.1867,0.0063
1790164682365,7634,0.2106,0.0060
1790164682415,7635,0.1733,0.0053
1790164682465,7636,0.1605,0.0055
1790164682515,7637,0.1316,0.0047
1790164682566,7638,0.1776,0.0062
1790164682615,7639,0.1468,0.0051
1790164682665,7640,0.2141,0.0061
1790164682715,7641,0.1706,0.0058
1790164682765,7642,0.1792,0.0065
1790164682815,7643,0.3712,0.0108
1790164682865,7644,0.1564,0.0050
1790164682915,7645,0.2824,0.1667
1790164682965,7646,0.2199,0.2774
1790164683015,7647,0.1372,0.0034
1790164683065,7648,0.1847,0.0619
1790164683116,7649,0.1969,0.0059
1790164683165,7650,0.2318,0.0059
1790164683215,7651,0.1367,0.0046
1790164683265,7652,0.1775,0.0065
1790164683315,7653,0.2031,0.0067
1790164683366,7654,0.1569,0.0073
1790164683415,7655,0.1422,0.0037
1790164683465,7656,0.0974,0.0060
1790164683515,7657,0.0828,0.0034
1790164683566,7658,0.2889,0.1261
1790164683615,7659,0.1511,0.0054
1790164683665,7660,0.2296,0.0057
1790164683715,7661,0.1788,0.0084
1790164683765,7662,0.2242,0.1151
1790164683815,7663,0.0945,0.0039
1790164683865,7664,0.1899,0.0061
1790164683916,7665,0.3365,0.1686
1790164683965,7666,0.1398,0.1637
1790164684015,7667,0.1185,0.0039
1790164684065,7668,0.1025,0.0037
1790164684116,7669,0.1648,0.0056
1790164684165,7670,0.2082,0.0054
1790164684215,7671,0.1460,0.0050
1790164684265,7672,0.1126,0.0038
1790164684315,7673,0.1840,0.0065
1790164684366,7674,0.2925,0.1196
1790164684416,7675,0.1548,0.0053
1790164684465,7676,0.2453,0.1055
1790164684515,7677,0.1505,0.0051
1790164684565,7678,0.2038,0.0055
1790164684615,7679,0.1665,0.0060
1790164684666,7680,0.2122,0.0051
1790164684716,7681,0.1345,0.0045
1790164684765,7682,0.1285,0.0041
1790164684816,7683,0.1106,0.0040
1790164684865,7684,0.1250,0.0045
1790164684915,7685,0.2943,0.1383
1790164684966,7686,0.1752,0.2872
1790164685016,7687,0.1775,0.0081
1790164685065,7688,0.2870,0.1147
1790164685115,7689,0.1671,0.0057
1790164685165,7690,0.3048,0.0994
1790164685215,7691,0.1795,0.0057
1790164685266,7692,0.1643,0.4012
1790164685315,7693,0.1775,0.0066
1790164685365,7694,0.1663,0.0048
1790164685416,7695,0.1246,0.0046
1790164685465,7696,0.1068,0.0044
1790164685515,7697,0.0938,0.0037
1790164685565,7698,0.1661,0.0066
1790164685615,7699,0.1350,0.0047
1790164685665,7700,0.2030,0.0045
1790164685715,7701,0.1711,0.0063
1790164685765,7702,0.1719,0.0063
1790164685815,7703,0.1730,0.0065
1790164685865,7704,0.1448,0.0049
1790164685915,7705,0.2734,0.1634
1790164685966,7706,0.1372,0.1924
1790164686016,7707,0.1551,0.0045
1790164686065,7708,0.1227,0.0041
1790164686115,7709,0.1659,0.0055
1790164686165,7710,0.1729,0.0050
1790164686215,7711,0.1416,0.0049
1790164686265,7712,0.1213,0.0048
1790164686315,7713,0.1638,0.0059
1790164686366,7714,0.2905,0.1114
1790164686416,7715,0.1709,0.0056
1790164686465,7716,0.2057,0.0062
1790164686515,7717,0.1678,0.0064
1790164686565,7718,0.2335,0.1127
1790164686616,7719,0.2900,0.1242
1790164686666,7720,0.2483,0.0054
1790164686716,7721,0.1512,0.0054
1790164686766,7722,0.1625,0.0058
1790164686815,7723,0.1529,0.3713
1790164686866,7724,0.1813,0.0890
1790164686915,7725,0.2874,0.1366
1790164686965,7726,0.1473,0.1912
1790164687015,7727,0.1196,0.0044
1790164687066,7728,0.1438,0.3792
1790164687115,7729,0.1886,0.0064
1790164687166,7730,0.2889,0.1298
1790164687215,7731,0.2628,0.1152
1790164687265,7732,0.2436,0.0915
1790164687316,7733,0.1708,0.0051
1790164687366,7734,0.1655,0.0055
1790164687416,7735,0.1643,0.4235
1790164687465,7736,0.1455,0.3887
1790164687515,7737,0.1135,0.0036
1790164687565,7738,0.1066,0.0038
1790164687616,7739,0.1894,0.0063
1790164687665,7740,0.1956,0.0060
1790164687716,7741,0.1248,0.0053
1790164687765,7742,0.1924,0.1005
1790164687816,7743,0.3199,0.0046
1790164687865,7744,0.1735,0.0063
1790164687916,7745,0.2849,0.1230
1790164687965,7746,0.2603,0.6612
1790164688015,7747,0.2084,0.0664
1790164688065,7748,0.2846,0.1260
1790164688116,7749,0.1783,0.0059
1790164688166,7750,0.1892,0.0055
1790164688216,7751,0.1359,0.2739
1790164688265,7752,0.1021,0.0035
1790164688316,7753,0.0956,0.0034
1790164688365,7754,0.1727,0.0065
1790164688416,7755,0.2195,0.0075
1790164688465,7756,0.1474,0.0053
1790164688515,7757,0.1273,0.0050
1790164688565,7758,0.2393,0.1259
1790164688615,7759,0.1595,0.0085
1790164688666,7760,0.2289,0.0059
1790164688716,7761,0.1682,0.0062
1790164688766,7762,0.3025,0.1179
1790164688815,7763,0.1155,0.0046
1790164688865,7764,0.1335,0.0070
1790164688916,7765,0.3012,0.1482
1790164688965,7766,0.1839,0.1472
1790164689016,7767,0.1713,0.0065
1790164689066,7768,0.1746,0.0064
1790164689115,7769,0.1598,0.0066
1790164689165,7770,0.1672,0.0062
1790164689215,7771,0.1686,0.0089
1790164689265,7772,0.1721,0.0080
1790164689315,7773,0.1856,0.0073
1790164689366,7774,0.3060,0.1228
1790164689415,7775,0.1668,0.0063
1790164689465,7776,0.2889,0.0882
1790164689515,7777,0.1560,0.0065
1790164689565,7778,0.1940,0.0055
1790164689615,7779,0.1777,0.0062
1790164689666,7780,0.1957,0.0059
1790164689716,7781,0.1846,0.0062
1790164689765,7782,0.1971,0.0095
1790164689816,7783,0.1788,0.0047
1790164689865,7784,0.1006,0.0042
1790164689915,7785,0.3806,0.2609
1790164689965,7786,0.3082,0.3408
1790164690015,7787,0.1736,0.0090
1790164690066,7788,0.1379,0.0045
1790164690115,7789,0.1870,0.0066
1790164690165,7790,0.2768,0.1053
1790164690216,7791,0.2520,0.1084
1790164690265,7792,0.1631,0.0052
1790164690316,7793,0.1675,0.0056
1790164690366,7794,0.1700,0.0050
1790164690415,7795,0.1704,0.4028
1790164690465,7796,0.1466,0.0035
1790164690515,7797,0.1521,0.0053
1790164690565,7798,0.2043,0.0060
1790164690615,7799,0.1194,0.0042
1790164690665,7800,0.2074,0.0060
1790164690716,7801,0.1546,0.0049
1790164690765,7802,0.2268,0.1267
1790164690815,7803,0.1235,0.0041
1790164690865,7804,0.1242,0.0039
1790164690915,7805,0.2541,0.1715
1790164690965,7806,0.1688,0.1469
1790164691015,7807,0.2613,0.0060
1790164691065,7808,0.1607,0.0061
1790164691115,7809,0.1831,0.0062
1790164691165,7810,0.2052,0.0065
1790164691215,7811,0.1479,0.0054
1790164691265,7812,0.1406,0.0052
1790164691315,7813,0.2345,0.0050
1790164691365,7814,0.2180,0.1051
1790164691416,7815,0.1753,0.0055
1790164691465,7816,0.1603,0.0048
1790164691515,7817,0.1172,0.0041
1790164691565,7818,0.3104,0.1348
1790164691615,7819,0.1519,0.0065
1790164691665,7820,0.2506,0.0062
1790164691716,7821,0.1773,0.0075
1790164691766,7822,0.3047,0.1288
1790164691816,7823,0.2044,0.0075
1790164691865,7824,0.2789,0.0069
1790164691916,7825,0.4819,0.2991
1790164691965,7826,0.2036,0.4497
1790164692015,7827,0.2804,0.0858
1790164692065,7828,0.2111,0.0062
1790164692115,7829,0.1505,0.0053
1790164692165,7830,0.1733,0.0054
1790164692215,7831,0.1520,0.2943
1790164692265,7832,0.1069,0.0036
1790164692315,7833,0.1134,0.0039
1790164692365,7834,0.0991,0.0039
1790164692415,7835,0.1829,0.0055
1790164692465,7836,0.1700,0.0065
1790164692515,7837,0.1417,0.0058
1790164692565,7838,0.1049,0.0043
1790164692615,7839,0.1704,0.0065
1790164692665,7840,0.1318,0.0037
1790164692715,7841,0.1671,0.0060
1790164692765,7842,0.1215,0.0051
1790164692815,7843,0.1466,0.0057
1790164692865,7844,0.4169,0.0048
1790164692915,7845,0.2495,0.1159
1790164692966,7846,0.3589,0.2774
1790164693015,7847,0.1528,0.0063
1790164693065,7848,0.3098,0.1159
1790164693115,7849,0.2110,0.0057
1790164693165,7850,0.1763,0.0052
1790164693215,7851,0.1443,0.0062
1790164693265,7852,0.1127,0.0039
1790164693315,7853,0.1104,0.0042
1790164693365,7854,0.0906,0.0038
1790164693415,7855,0.1511,0.0063
1790164693465,7856,0.1342,0.0051
1790164693515,7857,0.1104,0.0034
1790164693565,7858,0.0982,0.0038
1790164693616,7859,0.2695,0.1199
1790164693665,7860,0.1768,0.0062
1790164693716,7861,0.1549,0.0061
1790164693766,7862,0.2622,0.0948
1790164693815,7863,0.1617,0.3338
1790164693865,7864,0.1996,0.0042
1790164693915,7865,0.2162,0.1236
1790164693965,7866,0.1592,0.2553
1790164694015,7867,0.1545,0.0193
1790164694066,7868,0.1209,0.0043
1790164694115,7869,0.1723,0.0059
1790164694166,7870,0.2798,0.1340
1790164694215,7871,0.1551,0.0057
1790164694266,7872,0.1490,0.0050
1790164694316,7873,0.1665,0.0060
1790164694365,7874,0.2708,0.4268
1790164694415,7875,0.1700,0.0051
1790164694466,7876,0.2730,0.0846
1790164694516,7877,0.1324,0.0042
1790164694565,7878,0.1751,0.0049
1790164694615,7879,0.1064,0.0033
1790164694665,7880,0.1804,0.0061
1790164694715,7881,0.1694,0.0061
1790164694765,7882,0.1755,0.0062
1790164694815,7883,0.1848,0.0066
1790164694866,7884,0.1795,0.0064
1790164694915,7885,0.2464,0.1295
1790164694966,7886,0.1063,0.1012
1790164695015,7887,0.1092,0.0037
1790164695065,7888,0.1333,0.0036
1790164695116,7889,0.1747,0.0064
1790164695165,7890,0.2564,0.0919
1790164695216,7891,0.1175,0.0046
1790164695266,7892,0.2324,0.0764
1790164695315,7893,0.1550,0.0053
1790164695365,7894,0.2187,0.0833
1790164695415,7895,0.2276,0.0061
1790164695466,7896,0.1562,0.3441
1790164695515,7897,0.1834,0.0051
1790164695565,7898,0.1663,0.4870
1790164695615,7899,0.1369,0.0060
1790164695665,7900,0.1727,0.0042
1790164695715,7901,0.1781,0.0057
1790164695766,7902,0.1512,0.0055
1790164695815,7903,0.1624,0.0055
1790164695866,7904,0.1389,0.0058
1790164695916,7905,0.2760,0.1568
1790164695966,7906,0.1030,0.1187
1790164696016,7907,0.2427,0.0782
1790164696065,7908,0.2304,0.0054
1790164696115,7909,0.1478,0.0054
1790164696166,7910,0.1638,0.0088
1790164696216,7911,0.1486,0.3050
1790164696266,7912,0.1206,0.0038
1790164696316,7913,0.1031,0.0036
1790164696365,7914,0.2039,0.1095
1790164696416,7915,0.1633,0.0045
1790164696465,7916,0.2116,0.0059
1790164696515,7917,0.1223,0.0041
1790164696565,7918,0.2177,0.1157
1790164696616,7919,0.1129,0.0038
1790164696665,7920,0.1721,0.0037
1790164696715,7921,0.2212,0.0060
1790164696766,7922,0.2265,0.0057
1790164696815,7923,0.1224,0.0047
1790164696865,7924,0.0995,0.0040
1790164696915,7925,0.2764,0.1486
1790164696966,7926,0.1673,0.0267
1790164697015,7927,0.1507,0.0063
1790164697066,7928,0.1410,0.0051
1790164697115,7929,0.1575,0.7562
1790164697165,7930,0.3753,0.2151
1790164697217,7931,0.1433,0.0051
1790164697265,7932,0.1503,0.0081
1790164697315,7933,0.1274,0.0050
1790164697366,7934,0.1600,0.3280
1790164697415,7935,0.1578,0.0055
1790164697687,7936,0.4476,0.0196
1790164697687,7937,0.0113,0.0004
1790164697687,7938,0.0120,0.0002
1790164697687,7939,0.0068,0.0001
1790164697687,7940,0.1048,0.0002
1790164697715,7941,0.1823,0.0064
1790164697765,7942,0.1834,0.0053
1790164697815,7943,0.1546,0.0063
1790164697865,7944,0.1622,0.0059
1790164697915,7945,0.7804,0.2502
1790164697966,7946,0.3271,0.3838
1790164698015,7947,0.1563,0.0088
1790164698065,7948,0.2756,0.1247
1790164698116,7949,0.1528,0.0060
1790164698166,7950,0.1919,0.0054
1790164698215,7951,0.1195,0.0050
1790164698266,7952,0.0960,0.0038
1790164698316,7953,0.0851,0.0039
1790164698365,7954,0.0833,0.0039
1790164698415,7955,0.0869,0.0065
1790164698465,7956,0.1314,0.0054
1790164698515,7957,0.1468,0.0063
1790164698566,7958,0.2547,0.1000
1790164698615,7959,0.1601,0.0062
1790164698676,7960,0.3710,0.0188
1790164698715,7961,0.1846,0.0060
1790164698765,7962,0.3745,0.2071
